"RELATIVE_PATH","RELEASE_TAG","ASSET_NAME","SIZE_BYTES","REMOTE_URL"
"core/BLOCK_001/index/index_metadata.rds","runtime-core-block_001-v1","core__BLOCK_001__index__index_metadata.rds",1353,"https://github.com/JamilRamirez/FABDEM-Watershed-Runtime/releases/download/runtime-core-block_001-v1/core__BLOCK_001__index__index_metadata.rds"
"core/BLOCK_001/index/reverse_stripes/reverse_00001.tif","runtime-core-block_001-v1","core__BLOCK_001__index__reverse_stripes__reverse_00001.tif",2067984,"https://github.com/JamilRamirez/FABDEM-Watershed-Runtime/releases/download/runtime-core-block_001-v1/core__BLOCK_001__index__reverse_stripes__reverse_00001.tif"
"core/BLOCK_001/index/reverse_stripes/reverse_00002.tif","runtime-core-block_001-v1","core__BLOCK_001__index__reverse_stripes__reverse_00002.tif",2067766,"https://github.com/JamilRamirez/FABDEM-Watershed-Runtime/releases/download/runtime-core-block_001-v1/core__BLOCK_001__index__reverse_stripes__reverse_00002.tif"
"core/BLOCK_001/index/reverse_stripes/reverse_00003.tif","runtime-core-block_001-v1","core__BLOCK_001__index__reverse_stripes__reverse_00003.tif",2067384,"https://github.com/JamilRamirez/FABDEM-Watershed-Runtime/releases/download/runtime-core-block_001-v1/core__BLOCK_001__index__reverse_stripes__reverse_00003.tif"
"core/BLOCK_001/index/reverse_stripes/reverse_00004.tif","runtime-core-block_001-v1","core__BLOCK_001__index__reverse_stripes__reverse_00004.tif",2067664,"https://github.com/JamilRamirez/FABDEM-Watershed-Runtime/releases/download/runtime-core-block_001-v1/core__BLOCK_001__index__reverse_stripes__reverse_00004.tif"
"core/BLOCK_001/index/reverse_stripes/reverse_00005.tif","runtime-core-block_001-v1","core__BLOCK_001__index__reverse_stripes__reverse_00005.tif",2067072,"https://github.com/JamilRamirez/FABDEM-Watershed-Runtime/releases/download/runtime-core-block_001-v1/core__BLOCK_001__index__reverse_stripes__reverse_00005.tif"
"core/BLOCK_001/index/reverse_stripes/reverse_00006.tif","runtime-core-block_001-v1","core__BLOCK_001__index__reverse_stripes__reverse_00006.tif",2079282,"https://github.com/JamilRamirez/FABDEM-Watershed-Runtime/releases/download/runtime-core-block_001-v1/core__BLOCK_001__index__reverse_stripes__reverse_00006.tif"
"core/BLOCK_001/index/reverse_stripes/reverse_00007.tif","runtime-core-block_001-v1","core__BLOCK_001__index__reverse_stripes__reverse_00007.tif",2079514,"https://github.com/JamilRamirez/FABDEM-Watershed-Runtime/releases/download/runtime-core-block_001-v1/core__BLOCK_001__index__reverse_stripes__reverse_00007.tif"
"core/BLOCK_001/index/reverse_stripes/reverse_00008.tif","runtime-core-block_001-v1","core__BLOCK_001__index__reverse_stripes__reverse_00008.tif",2084238,"https://github.com/JamilRamirez/FABDEM-Watershed-Runtime/releases/download/runtime-core-block_001-v1/core__BLOCK_001__index__reverse_stripes__reverse_00008.tif"
"core/BLOCK_001/index/reverse_stripes/reverse_00009.tif","runtime-core-block_001-v1","core__BLOCK_001__index__reverse_stripes__reverse_00009.tif",2082682,"https://github.com/JamilRamirez/FABDEM-Watershed-Runtime/releases/download/runtime-core-block_001-v1/core__BLOCK_001__index__reverse_stripes__reverse_00009.tif"
"core/BLOCK_001/index/reverse_stripes/reverse_00010.tif","runtime-core-block_001-v1","core__BLOCK_001__index__reverse_stripes__reverse_00010.tif",2076504,"https://github.com/JamilRamirez/FABDEM-Watershed-Runtime/releases/download/runtime-core-block_001-v1/core__BLOCK_001__index__reverse_stripes__reverse_00010.tif"
"core/BLOCK_001/index/reverse_stripes/reverse_00011.tif","runtime-core-block_001-v1","core__BLOCK_001__index__reverse_stripes__reverse_00011.tif",2089468,"https://github.com/JamilRamirez/FABDEM-Watershed-Runtime/releases/download/runtime-core-block_001-v1/core__BLOCK_001__index__reverse_stripes__reverse_00011.tif"
"core/BLOCK_001/index/reverse_stripes/reverse_00012.tif","runtime-core-block_001-v1","core__BLOCK_001__index__reverse_stripes__reverse_00012.tif",2062712,"https://github.com/JamilRamirez/FABDEM-Watershed-Runtime/releases/download/runtime-core-block_001-v1/core__BLOCK_001__index__reverse_stripes__reverse_00012.tif"
"core/BLOCK_001/index/reverse_stripes/reverse_00013.tif","runtime-core-block_001-v1","core__BLOCK_001__index__reverse_stripes__reverse_00013.tif",2039848,"https://github.com/JamilRamirez/FABDEM-Watershed-Runtime/releases/download/runtime-core-block_001-v1/core__BLOCK_001__index__reverse_stripes__reverse_00013.tif"
"core/BLOCK_001/index/reverse_stripes/reverse_00014.tif","runtime-core-block_001-v1","core__BLOCK_001__index__reverse_stripes__reverse_00014.tif",2016000,"https://github.com/JamilRamirez/FABDEM-Watershed-Runtime/releases/download/runtime-core-block_001-v1/core__BLOCK_001__index__reverse_stripes__reverse_00014.tif"
"core/BLOCK_001/index/reverse_stripes/reverse_00015.tif","runtime-core-block_001-v1","core__BLOCK_001__index__reverse_stripes__reverse_00015.tif",2757102,"https://github.com/JamilRamirez/FABDEM-Watershed-Runtime/releases/download/runtime-core-block_001-v1/core__BLOCK_001__index__reverse_stripes__reverse_00015.tif"
"core/BLOCK_001/index/reverse_stripes/reverse_00016.tif","runtime-core-block_001-v1","core__BLOCK_001__index__reverse_stripes__reverse_00016.tif",2835450,"https://github.com/JamilRamirez/FABDEM-Watershed-Runtime/releases/download/runtime-core-block_001-v1/core__BLOCK_001__index__reverse_stripes__reverse_00016.tif"
"core/BLOCK_001/index/reverse_stripes/reverse_00017.tif","runtime-core-block_001-v1","core__BLOCK_001__index__reverse_stripes__reverse_00017.tif",2837448,"https://github.com/JamilRamirez/FABDEM-Watershed-Runtime/releases/download/runtime-core-block_001-v1/core__BLOCK_001__index__reverse_stripes__reverse_00017.tif"
"core/BLOCK_001/index/reverse_stripes/reverse_00018.tif","runtime-core-block_001-v1","core__BLOCK_001__index__reverse_stripes__reverse_00018.tif",2830050,"https://github.com/JamilRamirez/FABDEM-Watershed-Runtime/releases/download/runtime-core-block_001-v1/core__BLOCK_001__index__reverse_stripes__reverse_00018.tif"
"core/BLOCK_001/index/reverse_stripes/reverse_00019.tif","runtime-core-block_001-v1","core__BLOCK_001__index__reverse_stripes__reverse_00019.tif",2817578,"https://github.com/JamilRamirez/FABDEM-Watershed-Runtime/releases/download/runtime-core-block_001-v1/core__BLOCK_001__index__reverse_stripes__reverse_00019.tif"
"core/BLOCK_001/index/reverse_stripes/reverse_00020.tif","runtime-core-block_001-v1","core__BLOCK_001__index__reverse_stripes__reverse_00020.tif",2854692,"https://github.com/JamilRamirez/FABDEM-Watershed-Runtime/releases/download/runtime-core-block_001-v1/core__BLOCK_001__index__reverse_stripes__reverse_00020.tif"
"core/BLOCK_001/index/reverse_stripes/reverse_00021.tif","runtime-core-block_001-v1","core__BLOCK_001__index__reverse_stripes__reverse_00021.tif",2833186,"https://github.com/JamilRamirez/FABDEM-Watershed-Runtime/releases/download/runtime-core-block_001-v1/core__BLOCK_001__index__reverse_stripes__reverse_00021.tif"
"core/BLOCK_001/index/reverse_stripes/reverse_00022.tif","runtime-core-block_001-v1","core__BLOCK_001__index__reverse_stripes__reverse_00022.tif",2846288,"https://github.com/JamilRamirez/FABDEM-Watershed-Runtime/releases/download/runtime-core-block_001-v1/core__BLOCK_001__index__reverse_stripes__reverse_00022.tif"
"core/BLOCK_001/index/reverse_stripes/reverse_00023.tif","runtime-core-block_001-v1","core__BLOCK_001__index__reverse_stripes__reverse_00023.tif",2841692,"https://github.com/JamilRamirez/FABDEM-Watershed-Runtime/releases/download/runtime-core-block_001-v1/core__BLOCK_001__index__reverse_stripes__reverse_00023.tif"
"core/BLOCK_001/index/reverse_stripes/reverse_00024.tif","runtime-core-block_001-v1","core__BLOCK_001__index__reverse_stripes__reverse_00024.tif",2870440,"https://github.com/JamilRamirez/FABDEM-Watershed-Runtime/releases/download/runtime-core-block_001-v1/core__BLOCK_001__index__reverse_stripes__reverse_00024.tif"
"core/BLOCK_001/index/reverse_stripes/reverse_00025.tif","runtime-core-block_001-v1","core__BLOCK_001__index__reverse_stripes__reverse_00025.tif",2877420,"https://github.com/JamilRamirez/FABDEM-Watershed-Runtime/releases/download/runtime-core-block_001-v1/core__BLOCK_001__index__reverse_stripes__reverse_00025.tif"
"core/BLOCK_001/index/reverse_stripes/reverse_00026.tif","runtime-core-block_001-v1","core__BLOCK_001__index__reverse_stripes__reverse_00026.tif",2855736,"https://github.com/JamilRamirez/FABDEM-Watershed-Runtime/releases/download/runtime-core-block_001-v1/core__BLOCK_001__index__reverse_stripes__reverse_00026.tif"
"core/BLOCK_001/index/reverse_stripes/reverse_00027.tif","runtime-core-block_001-v1","core__BLOCK_001__index__reverse_stripes__reverse_00027.tif",2844354,"https://github.com/JamilRamirez/FABDEM-Watershed-Runtime/releases/download/runtime-core-block_001-v1/core__BLOCK_001__index__reverse_stripes__reverse_00027.tif"
"core/BLOCK_001/index/reverse_stripes/reverse_00028.tif","runtime-core-block_001-v1","core__BLOCK_001__index__reverse_stripes__reverse_00028.tif",2813430,"https://github.com/JamilRamirez/FABDEM-Watershed-Runtime/releases/download/runtime-core-block_001-v1/core__BLOCK_001__index__reverse_stripes__reverse_00028.tif"
"core/BLOCK_001/index/reverse_stripes/reverse_00029.tif","runtime-core-block_001-v1","core__BLOCK_001__index__reverse_stripes__reverse_00029.tif",2441530,"https://github.com/JamilRamirez/FABDEM-Watershed-Runtime/releases/download/runtime-core-block_001-v1/core__BLOCK_001__index__reverse_stripes__reverse_00029.tif"
"core/BLOCK_001/index/reverse_stripes/reverse_00030.tif","runtime-core-block_001-v1","core__BLOCK_001__index__reverse_stripes__reverse_00030.tif",2411488,"https://github.com/JamilRamirez/FABDEM-Watershed-Runtime/releases/download/runtime-core-block_001-v1/core__BLOCK_001__index__reverse_stripes__reverse_00030.tif"
"core/BLOCK_001/index/reverse_stripes/reverse_00031.tif","runtime-core-block_001-v1","core__BLOCK_001__index__reverse_stripes__reverse_00031.tif",2411370,"https://github.com/JamilRamirez/FABDEM-Watershed-Runtime/releases/download/runtime-core-block_001-v1/core__BLOCK_001__index__reverse_stripes__reverse_00031.tif"
"core/BLOCK_001/index/reverse_stripes/reverse_00032.tif","runtime-core-block_001-v1","core__BLOCK_001__index__reverse_stripes__reverse_00032.tif",2351022,"https://github.com/JamilRamirez/FABDEM-Watershed-Runtime/releases/download/runtime-core-block_001-v1/core__BLOCK_001__index__reverse_stripes__reverse_00032.tif"
"core/BLOCK_001/index/reverse_stripes/reverse_00033.tif","runtime-core-block_001-v1","core__BLOCK_001__index__reverse_stripes__reverse_00033.tif",2348642,"https://github.com/JamilRamirez/FABDEM-Watershed-Runtime/releases/download/runtime-core-block_001-v1/core__BLOCK_001__index__reverse_stripes__reverse_00033.tif"
"core/BLOCK_001/index/reverse_stripes/reverse_00034.tif","runtime-core-block_001-v1","core__BLOCK_001__index__reverse_stripes__reverse_00034.tif",2305714,"https://github.com/JamilRamirez/FABDEM-Watershed-Runtime/releases/download/runtime-core-block_001-v1/core__BLOCK_001__index__reverse_stripes__reverse_00034.tif"
"core/BLOCK_001/index/reverse_stripes/reverse_00035.tif","runtime-core-block_001-v1","core__BLOCK_001__index__reverse_stripes__reverse_00035.tif",2286338,"https://github.com/JamilRamirez/FABDEM-Watershed-Runtime/releases/download/runtime-core-block_001-v1/core__BLOCK_001__index__reverse_stripes__reverse_00035.tif"
"core/BLOCK_001/index/reverse_stripes/reverse_00036.tif","runtime-core-block_001-v1","core__BLOCK_001__index__reverse_stripes__reverse_00036.tif",2265194,"https://github.com/JamilRamirez/FABDEM-Watershed-Runtime/releases/download/runtime-core-block_001-v1/core__BLOCK_001__index__reverse_stripes__reverse_00036.tif"
"core/BLOCK_001/index/reverse_stripes/reverse_00037.tif","runtime-core-block_001-v1","core__BLOCK_001__index__reverse_stripes__reverse_00037.tif",2239142,"https://github.com/JamilRamirez/FABDEM-Watershed-Runtime/releases/download/runtime-core-block_001-v1/core__BLOCK_001__index__reverse_stripes__reverse_00037.tif"
"core/BLOCK_001/index/reverse_stripes/reverse_00038.tif","runtime-core-block_001-v1","core__BLOCK_001__index__reverse_stripes__reverse_00038.tif",2228950,"https://github.com/JamilRamirez/FABDEM-Watershed-Runtime/releases/download/runtime-core-block_001-v1/core__BLOCK_001__index__reverse_stripes__reverse_00038.tif"
"core/BLOCK_001/index/reverse_stripes/reverse_00039.tif","runtime-core-block_001-v1","core__BLOCK_001__index__reverse_stripes__reverse_00039.tif",2199410,"https://github.com/JamilRamirez/FABDEM-Watershed-Runtime/releases/download/runtime-core-block_001-v1/core__BLOCK_001__index__reverse_stripes__reverse_00039.tif"
"core/BLOCK_001/index/reverse_stripes/reverse_00040.tif","runtime-core-block_001-v1","core__BLOCK_001__index__reverse_stripes__reverse_00040.tif",2197058,"https://github.com/JamilRamirez/FABDEM-Watershed-Runtime/releases/download/runtime-core-block_001-v1/core__BLOCK_001__index__reverse_stripes__reverse_00040.tif"
"core/BLOCK_001/index/reverse_stripes/reverse_00041.tif","runtime-core-block_001-v1","core__BLOCK_001__index__reverse_stripes__reverse_00041.tif",2151860,"https://github.com/JamilRamirez/FABDEM-Watershed-Runtime/releases/download/runtime-core-block_001-v1/core__BLOCK_001__index__reverse_stripes__reverse_00041.tif"
"core/BLOCK_001/index/reverse_stripes/reverse_00042.tif","runtime-core-block_001-v1","core__BLOCK_001__index__reverse_stripes__reverse_00042.tif",2133534,"https://github.com/JamilRamirez/FABDEM-Watershed-Runtime/releases/download/runtime-core-block_001-v1/core__BLOCK_001__index__reverse_stripes__reverse_00042.tif"
"core/BLOCK_001/index/reverse_stripes/reverse_00043.tif","runtime-core-block_001-v1","core__BLOCK_001__index__reverse_stripes__reverse_00043.tif",1630386,"https://github.com/JamilRamirez/FABDEM-Watershed-Runtime/releases/download/runtime-core-block_001-v1/core__BLOCK_001__index__reverse_stripes__reverse_00043.tif"
"core/BLOCK_001/index/reverse_stripes/reverse_00044.tif","runtime-core-block_001-v1","core__BLOCK_001__index__reverse_stripes__reverse_00044.tif",1472090,"https://github.com/JamilRamirez/FABDEM-Watershed-Runtime/releases/download/runtime-core-block_001-v1/core__BLOCK_001__index__reverse_stripes__reverse_00044.tif"
"core/BLOCK_001/index/reverse_stripes/reverse_00045.tif","runtime-core-block_001-v1","core__BLOCK_001__index__reverse_stripes__reverse_00045.tif",1461494,"https://github.com/JamilRamirez/FABDEM-Watershed-Runtime/releases/download/runtime-core-block_001-v1/core__BLOCK_001__index__reverse_stripes__reverse_00045.tif"
"core/BLOCK_001/index/reverse_stripes/reverse_00046.tif","runtime-core-block_001-v1","core__BLOCK_001__index__reverse_stripes__reverse_00046.tif",1464086,"https://github.com/JamilRamirez/FABDEM-Watershed-Runtime/releases/download/runtime-core-block_001-v1/core__BLOCK_001__index__reverse_stripes__reverse_00046.tif"
"core/BLOCK_001/index/reverse_stripes/reverse_00047.tif","runtime-core-block_001-v1","core__BLOCK_001__index__reverse_stripes__reverse_00047.tif",1462644,"https://github.com/JamilRamirez/FABDEM-Watershed-Runtime/releases/download/runtime-core-block_001-v1/core__BLOCK_001__index__reverse_stripes__reverse_00047.tif"
"core/BLOCK_001/index/reverse_stripes/reverse_00048.tif","runtime-core-block_001-v1","core__BLOCK_001__index__reverse_stripes__reverse_00048.tif",1431128,"https://github.com/JamilRamirez/FABDEM-Watershed-Runtime/releases/download/runtime-core-block_001-v1/core__BLOCK_001__index__reverse_stripes__reverse_00048.tif"
"core/BLOCK_001/index/reverse_stripes/reverse_00049.tif","runtime-core-block_001-v1","core__BLOCK_001__index__reverse_stripes__reverse_00049.tif",1427512,"https://github.com/JamilRamirez/FABDEM-Watershed-Runtime/releases/download/runtime-core-block_001-v1/core__BLOCK_001__index__reverse_stripes__reverse_00049.tif"
"core/BLOCK_001/index/reverse_stripes/reverse_00050.tif","runtime-core-block_001-v1","core__BLOCK_001__index__reverse_stripes__reverse_00050.tif",1409790,"https://github.com/JamilRamirez/FABDEM-Watershed-Runtime/releases/download/runtime-core-block_001-v1/core__BLOCK_001__index__reverse_stripes__reverse_00050.tif"
"core/BLOCK_001/index/reverse_stripes/reverse_00051.tif","runtime-core-block_001-v1","core__BLOCK_001__index__reverse_stripes__reverse_00051.tif",1373944,"https://github.com/JamilRamirez/FABDEM-Watershed-Runtime/releases/download/runtime-core-block_001-v1/core__BLOCK_001__index__reverse_stripes__reverse_00051.tif"
"core/BLOCK_001/index/reverse_stripes/reverse_00052.tif","runtime-core-block_001-v1","core__BLOCK_001__index__reverse_stripes__reverse_00052.tif",1339230,"https://github.com/JamilRamirez/FABDEM-Watershed-Runtime/releases/download/runtime-core-block_001-v1/core__BLOCK_001__index__reverse_stripes__reverse_00052.tif"
"core/BLOCK_001/index/reverse_stripes/reverse_00053.tif","runtime-core-block_001-v1","core__BLOCK_001__index__reverse_stripes__reverse_00053.tif",1335354,"https://github.com/JamilRamirez/FABDEM-Watershed-Runtime/releases/download/runtime-core-block_001-v1/core__BLOCK_001__index__reverse_stripes__reverse_00053.tif"
"core/BLOCK_001/index/reverse_stripes/reverse_00054.tif","runtime-core-block_001-v1","core__BLOCK_001__index__reverse_stripes__reverse_00054.tif",1306872,"https://github.com/JamilRamirez/FABDEM-Watershed-Runtime/releases/download/runtime-core-block_001-v1/core__BLOCK_001__index__reverse_stripes__reverse_00054.tif"
"core/BLOCK_001/index/reverse_stripes/reverse_00055.tif","runtime-core-block_001-v1","core__BLOCK_001__index__reverse_stripes__reverse_00055.tif",1309618,"https://github.com/JamilRamirez/FABDEM-Watershed-Runtime/releases/download/runtime-core-block_001-v1/core__BLOCK_001__index__reverse_stripes__reverse_00055.tif"
"core/BLOCK_001/index/reverse_stripes/reverse_00056.tif","runtime-core-block_001-v1","core__BLOCK_001__index__reverse_stripes__reverse_00056.tif",1305742,"https://github.com/JamilRamirez/FABDEM-Watershed-Runtime/releases/download/runtime-core-block_001-v1/core__BLOCK_001__index__reverse_stripes__reverse_00056.tif"
"core/BLOCK_001/index/reverse_stripes/reverse_00057.tif","runtime-core-block_001-v1","core__BLOCK_001__index__reverse_stripes__reverse_00057.tif",1076692,"https://github.com/JamilRamirez/FABDEM-Watershed-Runtime/releases/download/runtime-core-block_001-v1/core__BLOCK_001__index__reverse_stripes__reverse_00057.tif"
"core/BLOCK_001/index/reverse_stripes/reverse_00058.tif","runtime-core-block_001-v1","core__BLOCK_001__index__reverse_stripes__reverse_00058.tif",995786,"https://github.com/JamilRamirez/FABDEM-Watershed-Runtime/releases/download/runtime-core-block_001-v1/core__BLOCK_001__index__reverse_stripes__reverse_00058.tif"
"core/BLOCK_001/index/reverse_stripes/reverse_00059.tif","runtime-core-block_001-v1","core__BLOCK_001__index__reverse_stripes__reverse_00059.tif",970720,"https://github.com/JamilRamirez/FABDEM-Watershed-Runtime/releases/download/runtime-core-block_001-v1/core__BLOCK_001__index__reverse_stripes__reverse_00059.tif"
"core/BLOCK_001/index/reverse_stripes/reverse_00060.tif","runtime-core-block_001-v1","core__BLOCK_001__index__reverse_stripes__reverse_00060.tif",962488,"https://github.com/JamilRamirez/FABDEM-Watershed-Runtime/releases/download/runtime-core-block_001-v1/core__BLOCK_001__index__reverse_stripes__reverse_00060.tif"
"core/BLOCK_001/index/reverse_stripes/reverse_00061.tif","runtime-core-block_001-v1","core__BLOCK_001__index__reverse_stripes__reverse_00061.tif",953734,"https://github.com/JamilRamirez/FABDEM-Watershed-Runtime/releases/download/runtime-core-block_001-v1/core__BLOCK_001__index__reverse_stripes__reverse_00061.tif"
"core/BLOCK_001/index/reverse_stripes/reverse_00062.tif","runtime-core-block_001-v1","core__BLOCK_001__index__reverse_stripes__reverse_00062.tif",948948,"https://github.com/JamilRamirez/FABDEM-Watershed-Runtime/releases/download/runtime-core-block_001-v1/core__BLOCK_001__index__reverse_stripes__reverse_00062.tif"
"core/BLOCK_001/index/reverse_stripes/reverse_00063.tif","runtime-core-block_001-v1","core__BLOCK_001__index__reverse_stripes__reverse_00063.tif",940478,"https://github.com/JamilRamirez/FABDEM-Watershed-Runtime/releases/download/runtime-core-block_001-v1/core__BLOCK_001__index__reverse_stripes__reverse_00063.tif"
"core/BLOCK_001/index/reverse_stripes/reverse_00064.tif","runtime-core-block_001-v1","core__BLOCK_001__index__reverse_stripes__reverse_00064.tif",938578,"https://github.com/JamilRamirez/FABDEM-Watershed-Runtime/releases/download/runtime-core-block_001-v1/core__BLOCK_001__index__reverse_stripes__reverse_00064.tif"
"core/BLOCK_001/index/reverse_stripes/reverse_00065.tif","runtime-core-block_001-v1","core__BLOCK_001__index__reverse_stripes__reverse_00065.tif",940312,"https://github.com/JamilRamirez/FABDEM-Watershed-Runtime/releases/download/runtime-core-block_001-v1/core__BLOCK_001__index__reverse_stripes__reverse_00065.tif"
"core/BLOCK_001/index/reverse_stripes/reverse_00066.tif","runtime-core-block_001-v1","core__BLOCK_001__index__reverse_stripes__reverse_00066.tif",966842,"https://github.com/JamilRamirez/FABDEM-Watershed-Runtime/releases/download/runtime-core-block_001-v1/core__BLOCK_001__index__reverse_stripes__reverse_00066.tif"
"core/BLOCK_001/index/reverse_stripes/reverse_00067.tif","runtime-core-block_001-v1","core__BLOCK_001__index__reverse_stripes__reverse_00067.tif",953370,"https://github.com/JamilRamirez/FABDEM-Watershed-Runtime/releases/download/runtime-core-block_001-v1/core__BLOCK_001__index__reverse_stripes__reverse_00067.tif"
"core/BLOCK_001/index/reverse_stripes/reverse_00068.tif","runtime-core-block_001-v1","core__BLOCK_001__index__reverse_stripes__reverse_00068.tif",933494,"https://github.com/JamilRamirez/FABDEM-Watershed-Runtime/releases/download/runtime-core-block_001-v1/core__BLOCK_001__index__reverse_stripes__reverse_00068.tif"
"core/BLOCK_001/index/reverse_stripes/reverse_00069.tif","runtime-core-block_001-v1","core__BLOCK_001__index__reverse_stripes__reverse_00069.tif",931762,"https://github.com/JamilRamirez/FABDEM-Watershed-Runtime/releases/download/runtime-core-block_001-v1/core__BLOCK_001__index__reverse_stripes__reverse_00069.tif"
"core/BLOCK_001/index/reverse_stripes/reverse_00070.tif","runtime-core-block_001-v1","core__BLOCK_001__index__reverse_stripes__reverse_00070.tif",902766,"https://github.com/JamilRamirez/FABDEM-Watershed-Runtime/releases/download/runtime-core-block_001-v1/core__BLOCK_001__index__reverse_stripes__reverse_00070.tif"
"core/BLOCK_001/index/reverse_stripes/reverse_00071.tif","runtime-core-block_001-v1","core__BLOCK_001__index__reverse_stripes__reverse_00071.tif",307754,"https://github.com/JamilRamirez/FABDEM-Watershed-Runtime/releases/download/runtime-core-block_001-v1/core__BLOCK_001__index__reverse_stripes__reverse_00071.tif"
"core/BLOCK_001/index/stream_stripes/stream_00001.tif","runtime-core-block_001-v1","core__BLOCK_001__index__stream_stripes__stream_00001.tif",47860,"https://github.com/JamilRamirez/FABDEM-Watershed-Runtime/releases/download/runtime-core-block_001-v1/core__BLOCK_001__index__stream_stripes__stream_00001.tif"
"core/BLOCK_001/index/stream_stripes/stream_00002.tif","runtime-core-block_001-v1","core__BLOCK_001__index__stream_stripes__stream_00002.tif",53022,"https://github.com/JamilRamirez/FABDEM-Watershed-Runtime/releases/download/runtime-core-block_001-v1/core__BLOCK_001__index__stream_stripes__stream_00002.tif"
"core/BLOCK_001/index/stream_stripes/stream_00003.tif","runtime-core-block_001-v1","core__BLOCK_001__index__stream_stripes__stream_00003.tif",48042,"https://github.com/JamilRamirez/FABDEM-Watershed-Runtime/releases/download/runtime-core-block_001-v1/core__BLOCK_001__index__stream_stripes__stream_00003.tif"
"core/BLOCK_001/index/stream_stripes/stream_00004.tif","runtime-core-block_001-v1","core__BLOCK_001__index__stream_stripes__stream_00004.tif",53148,"https://github.com/JamilRamirez/FABDEM-Watershed-Runtime/releases/download/runtime-core-block_001-v1/core__BLOCK_001__index__stream_stripes__stream_00004.tif"
"core/BLOCK_001/index/stream_stripes/stream_00005.tif","runtime-core-block_001-v1","core__BLOCK_001__index__stream_stripes__stream_00005.tif",51614,"https://github.com/JamilRamirez/FABDEM-Watershed-Runtime/releases/download/runtime-core-block_001-v1/core__BLOCK_001__index__stream_stripes__stream_00005.tif"
"core/BLOCK_001/index/stream_stripes/stream_00006.tif","runtime-core-block_001-v1","core__BLOCK_001__index__stream_stripes__stream_00006.tif",50692,"https://github.com/JamilRamirez/FABDEM-Watershed-Runtime/releases/download/runtime-core-block_001-v1/core__BLOCK_001__index__stream_stripes__stream_00006.tif"
"core/BLOCK_001/index/stream_stripes/stream_00007.tif","runtime-core-block_001-v1","core__BLOCK_001__index__stream_stripes__stream_00007.tif",47124,"https://github.com/JamilRamirez/FABDEM-Watershed-Runtime/releases/download/runtime-core-block_001-v1/core__BLOCK_001__index__stream_stripes__stream_00007.tif"
"core/BLOCK_001/index/stream_stripes/stream_00008.tif","runtime-core-block_001-v1","core__BLOCK_001__index__stream_stripes__stream_00008.tif",49068,"https://github.com/JamilRamirez/FABDEM-Watershed-Runtime/releases/download/runtime-core-block_001-v1/core__BLOCK_001__index__stream_stripes__stream_00008.tif"
"core/BLOCK_001/index/stream_stripes/stream_00009.tif","runtime-core-block_001-v1","core__BLOCK_001__index__stream_stripes__stream_00009.tif",45480,"https://github.com/JamilRamirez/FABDEM-Watershed-Runtime/releases/download/runtime-core-block_001-v1/core__BLOCK_001__index__stream_stripes__stream_00009.tif"
"core/BLOCK_001/index/stream_stripes/stream_00010.tif","runtime-core-block_001-v1","core__BLOCK_001__index__stream_stripes__stream_00010.tif",52934,"https://github.com/JamilRamirez/FABDEM-Watershed-Runtime/releases/download/runtime-core-block_001-v1/core__BLOCK_001__index__stream_stripes__stream_00010.tif"
"core/BLOCK_001/index/stream_stripes/stream_00011.tif","runtime-core-block_001-v1","core__BLOCK_001__index__stream_stripes__stream_00011.tif",48952,"https://github.com/JamilRamirez/FABDEM-Watershed-Runtime/releases/download/runtime-core-block_001-v1/core__BLOCK_001__index__stream_stripes__stream_00011.tif"
"core/BLOCK_001/index/stream_stripes/stream_00012.tif","runtime-core-block_001-v1","core__BLOCK_001__index__stream_stripes__stream_00012.tif",50294,"https://github.com/JamilRamirez/FABDEM-Watershed-Runtime/releases/download/runtime-core-block_001-v1/core__BLOCK_001__index__stream_stripes__stream_00012.tif"
"core/BLOCK_001/index/stream_stripes/stream_00013.tif","runtime-core-block_001-v1","core__BLOCK_001__index__stream_stripes__stream_00013.tif",50582,"https://github.com/JamilRamirez/FABDEM-Watershed-Runtime/releases/download/runtime-core-block_001-v1/core__BLOCK_001__index__stream_stripes__stream_00013.tif"
"core/BLOCK_001/index/stream_stripes/stream_00014.tif","runtime-core-block_001-v1","core__BLOCK_001__index__stream_stripes__stream_00014.tif",47042,"https://github.com/JamilRamirez/FABDEM-Watershed-Runtime/releases/download/runtime-core-block_001-v1/core__BLOCK_001__index__stream_stripes__stream_00014.tif"
"core/BLOCK_001/index/stream_stripes/stream_00015.tif","runtime-core-block_001-v1","core__BLOCK_001__index__stream_stripes__stream_00015.tif",70204,"https://github.com/JamilRamirez/FABDEM-Watershed-Runtime/releases/download/runtime-core-block_001-v1/core__BLOCK_001__index__stream_stripes__stream_00015.tif"
"core/BLOCK_001/index/stream_stripes/stream_00016.tif","runtime-core-block_001-v1","core__BLOCK_001__index__stream_stripes__stream_00016.tif",67224,"https://github.com/JamilRamirez/FABDEM-Watershed-Runtime/releases/download/runtime-core-block_001-v1/core__BLOCK_001__index__stream_stripes__stream_00016.tif"
"core/BLOCK_001/index/stream_stripes/stream_00017.tif","runtime-core-block_001-v1","core__BLOCK_001__index__stream_stripes__stream_00017.tif",60430,"https://github.com/JamilRamirez/FABDEM-Watershed-Runtime/releases/download/runtime-core-block_001-v1/core__BLOCK_001__index__stream_stripes__stream_00017.tif"
"core/BLOCK_001/index/stream_stripes/stream_00018.tif","runtime-core-block_001-v1","core__BLOCK_001__index__stream_stripes__stream_00018.tif",68580,"https://github.com/JamilRamirez/FABDEM-Watershed-Runtime/releases/download/runtime-core-block_001-v1/core__BLOCK_001__index__stream_stripes__stream_00018.tif"
"core/BLOCK_001/index/stream_stripes/stream_00019.tif","runtime-core-block_001-v1","core__BLOCK_001__index__stream_stripes__stream_00019.tif",71904,"https://github.com/JamilRamirez/FABDEM-Watershed-Runtime/releases/download/runtime-core-block_001-v1/core__BLOCK_001__index__stream_stripes__stream_00019.tif"
"core/BLOCK_001/index/stream_stripes/stream_00020.tif","runtime-core-block_001-v1","core__BLOCK_001__index__stream_stripes__stream_00020.tif",67166,"https://github.com/JamilRamirez/FABDEM-Watershed-Runtime/releases/download/runtime-core-block_001-v1/core__BLOCK_001__index__stream_stripes__stream_00020.tif"
"core/BLOCK_001/index/stream_stripes/stream_00021.tif","runtime-core-block_001-v1","core__BLOCK_001__index__stream_stripes__stream_00021.tif",70330,"https://github.com/JamilRamirez/FABDEM-Watershed-Runtime/releases/download/runtime-core-block_001-v1/core__BLOCK_001__index__stream_stripes__stream_00021.tif"
"core/BLOCK_001/index/stream_stripes/stream_00022.tif","runtime-core-block_001-v1","core__BLOCK_001__index__stream_stripes__stream_00022.tif",62020,"https://github.com/JamilRamirez/FABDEM-Watershed-Runtime/releases/download/runtime-core-block_001-v1/core__BLOCK_001__index__stream_stripes__stream_00022.tif"
"core/BLOCK_001/index/stream_stripes/stream_00023.tif","runtime-core-block_001-v1","core__BLOCK_001__index__stream_stripes__stream_00023.tif",72298,"https://github.com/JamilRamirez/FABDEM-Watershed-Runtime/releases/download/runtime-core-block_001-v1/core__BLOCK_001__index__stream_stripes__stream_00023.tif"
"core/BLOCK_001/index/stream_stripes/stream_00024.tif","runtime-core-block_001-v1","core__BLOCK_001__index__stream_stripes__stream_00024.tif",67080,"https://github.com/JamilRamirez/FABDEM-Watershed-Runtime/releases/download/runtime-core-block_001-v1/core__BLOCK_001__index__stream_stripes__stream_00024.tif"
"core/BLOCK_001/index/stream_stripes/stream_00025.tif","runtime-core-block_001-v1","core__BLOCK_001__index__stream_stripes__stream_00025.tif",62038,"https://github.com/JamilRamirez/FABDEM-Watershed-Runtime/releases/download/runtime-core-block_001-v1/core__BLOCK_001__index__stream_stripes__stream_00025.tif"
"core/BLOCK_001/index/stream_stripes/stream_00026.tif","runtime-core-block_001-v1","core__BLOCK_001__index__stream_stripes__stream_00026.tif",71002,"https://github.com/JamilRamirez/FABDEM-Watershed-Runtime/releases/download/runtime-core-block_001-v1/core__BLOCK_001__index__stream_stripes__stream_00026.tif"
"core/BLOCK_001/index/stream_stripes/stream_00027.tif","runtime-core-block_001-v1","core__BLOCK_001__index__stream_stripes__stream_00027.tif",71916,"https://github.com/JamilRamirez/FABDEM-Watershed-Runtime/releases/download/runtime-core-block_001-v1/core__BLOCK_001__index__stream_stripes__stream_00027.tif"
"core/BLOCK_001/index/stream_stripes/stream_00028.tif","runtime-core-block_001-v1","core__BLOCK_001__index__stream_stripes__stream_00028.tif",65098,"https://github.com/JamilRamirez/FABDEM-Watershed-Runtime/releases/download/runtime-core-block_001-v1/core__BLOCK_001__index__stream_stripes__stream_00028.tif"
"core/BLOCK_001/index/stream_stripes/stream_00029.tif","runtime-core-block_001-v1","core__BLOCK_001__index__stream_stripes__stream_00029.tif",59212,"https://github.com/JamilRamirez/FABDEM-Watershed-Runtime/releases/download/runtime-core-block_001-v1/core__BLOCK_001__index__stream_stripes__stream_00029.tif"
"core/BLOCK_001/index/stream_stripes/stream_00030.tif","runtime-core-block_001-v1","core__BLOCK_001__index__stream_stripes__stream_00030.tif",56288,"https://github.com/JamilRamirez/FABDEM-Watershed-Runtime/releases/download/runtime-core-block_001-v1/core__BLOCK_001__index__stream_stripes__stream_00030.tif"
"core/BLOCK_001/index/stream_stripes/stream_00031.tif","runtime-core-block_001-v1","core__BLOCK_001__index__stream_stripes__stream_00031.tif",57976,"https://github.com/JamilRamirez/FABDEM-Watershed-Runtime/releases/download/runtime-core-block_001-v1/core__BLOCK_001__index__stream_stripes__stream_00031.tif"
"core/BLOCK_001/index/stream_stripes/stream_00032.tif","runtime-core-block_001-v1","core__BLOCK_001__index__stream_stripes__stream_00032.tif",58082,"https://github.com/JamilRamirez/FABDEM-Watershed-Runtime/releases/download/runtime-core-block_001-v1/core__BLOCK_001__index__stream_stripes__stream_00032.tif"
"core/BLOCK_001/index/stream_stripes/stream_00033.tif","runtime-core-block_001-v1","core__BLOCK_001__index__stream_stripes__stream_00033.tif",58924,"https://github.com/JamilRamirez/FABDEM-Watershed-Runtime/releases/download/runtime-core-block_001-v1/core__BLOCK_001__index__stream_stripes__stream_00033.tif"
"core/BLOCK_001/index/stream_stripes/stream_00034.tif","runtime-core-block_001-v1","core__BLOCK_001__index__stream_stripes__stream_00034.tif",61030,"https://github.com/JamilRamirez/FABDEM-Watershed-Runtime/releases/download/runtime-core-block_001-v1/core__BLOCK_001__index__stream_stripes__stream_00034.tif"
"core/BLOCK_001/index/stream_stripes/stream_00035.tif","runtime-core-block_001-v1","core__BLOCK_001__index__stream_stripes__stream_00035.tif",60644,"https://github.com/JamilRamirez/FABDEM-Watershed-Runtime/releases/download/runtime-core-block_001-v1/core__BLOCK_001__index__stream_stripes__stream_00035.tif"
"core/BLOCK_001/index/stream_stripes/stream_00036.tif","runtime-core-block_001-v1","core__BLOCK_001__index__stream_stripes__stream_00036.tif",62274,"https://github.com/JamilRamirez/FABDEM-Watershed-Runtime/releases/download/runtime-core-block_001-v1/core__BLOCK_001__index__stream_stripes__stream_00036.tif"
"core/BLOCK_001/index/stream_stripes/stream_00037.tif","runtime-core-block_001-v1","core__BLOCK_001__index__stream_stripes__stream_00037.tif",67344,"https://github.com/JamilRamirez/FABDEM-Watershed-Runtime/releases/download/runtime-core-block_001-v1/core__BLOCK_001__index__stream_stripes__stream_00037.tif"
"core/BLOCK_001/index/stream_stripes/stream_00038.tif","runtime-core-block_001-v1","core__BLOCK_001__index__stream_stripes__stream_00038.tif",63388,"https://github.com/JamilRamirez/FABDEM-Watershed-Runtime/releases/download/runtime-core-block_001-v1/core__BLOCK_001__index__stream_stripes__stream_00038.tif"
"core/BLOCK_001/index/stream_stripes/stream_00039.tif","runtime-core-block_001-v1","core__BLOCK_001__index__stream_stripes__stream_00039.tif",62330,"https://github.com/JamilRamirez/FABDEM-Watershed-Runtime/releases/download/runtime-core-block_001-v1/core__BLOCK_001__index__stream_stripes__stream_00039.tif"
"core/BLOCK_001/index/stream_stripes/stream_00040.tif","runtime-core-block_001-v1","core__BLOCK_001__index__stream_stripes__stream_00040.tif",63230,"https://github.com/JamilRamirez/FABDEM-Watershed-Runtime/releases/download/runtime-core-block_001-v1/core__BLOCK_001__index__stream_stripes__stream_00040.tif"
"core/BLOCK_001/index/stream_stripes/stream_00041.tif","runtime-core-block_001-v1","core__BLOCK_001__index__stream_stripes__stream_00041.tif",62936,"https://github.com/JamilRamirez/FABDEM-Watershed-Runtime/releases/download/runtime-core-block_001-v1/core__BLOCK_001__index__stream_stripes__stream_00041.tif"
"core/BLOCK_001/index/stream_stripes/stream_00042.tif","runtime-core-block_001-v1","core__BLOCK_001__index__stream_stripes__stream_00042.tif",59778,"https://github.com/JamilRamirez/FABDEM-Watershed-Runtime/releases/download/runtime-core-block_001-v1/core__BLOCK_001__index__stream_stripes__stream_00042.tif"
"core/BLOCK_001/index/stream_stripes/stream_00043.tif","runtime-core-block_001-v1","core__BLOCK_001__index__stream_stripes__stream_00043.tif",50880,"https://github.com/JamilRamirez/FABDEM-Watershed-Runtime/releases/download/runtime-core-block_001-v1/core__BLOCK_001__index__stream_stripes__stream_00043.tif"
"core/BLOCK_001/index/stream_stripes/stream_00044.tif","runtime-core-block_001-v1","core__BLOCK_001__index__stream_stripes__stream_00044.tif",44926,"https://github.com/JamilRamirez/FABDEM-Watershed-Runtime/releases/download/runtime-core-block_001-v1/core__BLOCK_001__index__stream_stripes__stream_00044.tif"
"core/BLOCK_001/index/stream_stripes/stream_00045.tif","runtime-core-block_001-v1","core__BLOCK_001__index__stream_stripes__stream_00045.tif",47946,"https://github.com/JamilRamirez/FABDEM-Watershed-Runtime/releases/download/runtime-core-block_001-v1/core__BLOCK_001__index__stream_stripes__stream_00045.tif"
"core/BLOCK_001/index/stream_stripes/stream_00046.tif","runtime-core-block_001-v1","core__BLOCK_001__index__stream_stripes__stream_00046.tif",49586,"https://github.com/JamilRamirez/FABDEM-Watershed-Runtime/releases/download/runtime-core-block_001-v1/core__BLOCK_001__index__stream_stripes__stream_00046.tif"
"core/BLOCK_001/index/stream_stripes/stream_00047.tif","runtime-core-block_001-v1","core__BLOCK_001__index__stream_stripes__stream_00047.tif",46152,"https://github.com/JamilRamirez/FABDEM-Watershed-Runtime/releases/download/runtime-core-block_001-v1/core__BLOCK_001__index__stream_stripes__stream_00047.tif"
"core/BLOCK_001/index/stream_stripes/stream_00048.tif","runtime-core-block_001-v1","core__BLOCK_001__index__stream_stripes__stream_00048.tif",46642,"https://github.com/JamilRamirez/FABDEM-Watershed-Runtime/releases/download/runtime-core-block_001-v1/core__BLOCK_001__index__stream_stripes__stream_00048.tif"
"core/BLOCK_001/index/stream_stripes/stream_00049.tif","runtime-core-block_001-v1","core__BLOCK_001__index__stream_stripes__stream_00049.tif",47164,"https://github.com/JamilRamirez/FABDEM-Watershed-Runtime/releases/download/runtime-core-block_001-v1/core__BLOCK_001__index__stream_stripes__stream_00049.tif"
"core/BLOCK_001/index/stream_stripes/stream_00050.tif","runtime-core-block_001-v1","core__BLOCK_001__index__stream_stripes__stream_00050.tif",43274,"https://github.com/JamilRamirez/FABDEM-Watershed-Runtime/releases/download/runtime-core-block_001-v1/core__BLOCK_001__index__stream_stripes__stream_00050.tif"
"core/BLOCK_001/index/stream_stripes/stream_00051.tif","runtime-core-block_001-v1","core__BLOCK_001__index__stream_stripes__stream_00051.tif",44208,"https://github.com/JamilRamirez/FABDEM-Watershed-Runtime/releases/download/runtime-core-block_001-v1/core__BLOCK_001__index__stream_stripes__stream_00051.tif"
"core/BLOCK_001/index/stream_stripes/stream_00052.tif","runtime-core-block_001-v1","core__BLOCK_001__index__stream_stripes__stream_00052.tif",46878,"https://github.com/JamilRamirez/FABDEM-Watershed-Runtime/releases/download/runtime-core-block_001-v1/core__BLOCK_001__index__stream_stripes__stream_00052.tif"
"core/BLOCK_001/index/stream_stripes/stream_00053.tif","runtime-core-block_001-v1","core__BLOCK_001__index__stream_stripes__stream_00053.tif",40804,"https://github.com/JamilRamirez/FABDEM-Watershed-Runtime/releases/download/runtime-core-block_001-v1/core__BLOCK_001__index__stream_stripes__stream_00053.tif"
"core/BLOCK_001/index/stream_stripes/stream_00054.tif","runtime-core-block_001-v1","core__BLOCK_001__index__stream_stripes__stream_00054.tif",40320,"https://github.com/JamilRamirez/FABDEM-Watershed-Runtime/releases/download/runtime-core-block_001-v1/core__BLOCK_001__index__stream_stripes__stream_00054.tif"
"core/BLOCK_001/index/stream_stripes/stream_00055.tif","runtime-core-block_001-v1","core__BLOCK_001__index__stream_stripes__stream_00055.tif",40012,"https://github.com/JamilRamirez/FABDEM-Watershed-Runtime/releases/download/runtime-core-block_001-v1/core__BLOCK_001__index__stream_stripes__stream_00055.tif"
"core/BLOCK_001/index/stream_stripes/stream_00056.tif","runtime-core-block_001-v1","core__BLOCK_001__index__stream_stripes__stream_00056.tif",42104,"https://github.com/JamilRamirez/FABDEM-Watershed-Runtime/releases/download/runtime-core-block_001-v1/core__BLOCK_001__index__stream_stripes__stream_00056.tif"
"core/BLOCK_001/index/stream_stripes/stream_00057.tif","runtime-core-block_001-v1","core__BLOCK_001__index__stream_stripes__stream_00057.tif",32696,"https://github.com/JamilRamirez/FABDEM-Watershed-Runtime/releases/download/runtime-core-block_001-v1/core__BLOCK_001__index__stream_stripes__stream_00057.tif"
"core/BLOCK_001/index/stream_stripes/stream_00058.tif","runtime-core-block_001-v1","core__BLOCK_001__index__stream_stripes__stream_00058.tif",34230,"https://github.com/JamilRamirez/FABDEM-Watershed-Runtime/releases/download/runtime-core-block_001-v1/core__BLOCK_001__index__stream_stripes__stream_00058.tif"
"core/BLOCK_001/index/stream_stripes/stream_00059.tif","runtime-core-block_001-v1","core__BLOCK_001__index__stream_stripes__stream_00059.tif",31602,"https://github.com/JamilRamirez/FABDEM-Watershed-Runtime/releases/download/runtime-core-block_001-v1/core__BLOCK_001__index__stream_stripes__stream_00059.tif"
"core/BLOCK_001/index/stream_stripes/stream_00060.tif","runtime-core-block_001-v1","core__BLOCK_001__index__stream_stripes__stream_00060.tif",34018,"https://github.com/JamilRamirez/FABDEM-Watershed-Runtime/releases/download/runtime-core-block_001-v1/core__BLOCK_001__index__stream_stripes__stream_00060.tif"
"core/BLOCK_001/index/stream_stripes/stream_00061.tif","runtime-core-block_001-v1","core__BLOCK_001__index__stream_stripes__stream_00061.tif",36164,"https://github.com/JamilRamirez/FABDEM-Watershed-Runtime/releases/download/runtime-core-block_001-v1/core__BLOCK_001__index__stream_stripes__stream_00061.tif"
"core/BLOCK_001/index/stream_stripes/stream_00062.tif","runtime-core-block_001-v1","core__BLOCK_001__index__stream_stripes__stream_00062.tif",33454,"https://github.com/JamilRamirez/FABDEM-Watershed-Runtime/releases/download/runtime-core-block_001-v1/core__BLOCK_001__index__stream_stripes__stream_00062.tif"
"core/BLOCK_001/index/stream_stripes/stream_00063.tif","runtime-core-block_001-v1","core__BLOCK_001__index__stream_stripes__stream_00063.tif",32150,"https://github.com/JamilRamirez/FABDEM-Watershed-Runtime/releases/download/runtime-core-block_001-v1/core__BLOCK_001__index__stream_stripes__stream_00063.tif"
"core/BLOCK_001/index/stream_stripes/stream_00064.tif","runtime-core-block_001-v1","core__BLOCK_001__index__stream_stripes__stream_00064.tif",31078,"https://github.com/JamilRamirez/FABDEM-Watershed-Runtime/releases/download/runtime-core-block_001-v1/core__BLOCK_001__index__stream_stripes__stream_00064.tif"
"core/BLOCK_001/index/stream_stripes/stream_00065.tif","runtime-core-block_001-v1","core__BLOCK_001__index__stream_stripes__stream_00065.tif",34474,"https://github.com/JamilRamirez/FABDEM-Watershed-Runtime/releases/download/runtime-core-block_001-v1/core__BLOCK_001__index__stream_stripes__stream_00065.tif"
"core/BLOCK_001/index/stream_stripes/stream_00066.tif","runtime-core-block_001-v1","core__BLOCK_001__index__stream_stripes__stream_00066.tif",28882,"https://github.com/JamilRamirez/FABDEM-Watershed-Runtime/releases/download/runtime-core-block_001-v1/core__BLOCK_001__index__stream_stripes__stream_00066.tif"
"core/BLOCK_001/index/stream_stripes/stream_00067.tif","runtime-core-block_001-v1","core__BLOCK_001__index__stream_stripes__stream_00067.tif",33112,"https://github.com/JamilRamirez/FABDEM-Watershed-Runtime/releases/download/runtime-core-block_001-v1/core__BLOCK_001__index__stream_stripes__stream_00067.tif"
"core/BLOCK_001/index/stream_stripes/stream_00068.tif","runtime-core-block_001-v1","core__BLOCK_001__index__stream_stripes__stream_00068.tif",36182,"https://github.com/JamilRamirez/FABDEM-Watershed-Runtime/releases/download/runtime-core-block_001-v1/core__BLOCK_001__index__stream_stripes__stream_00068.tif"
"core/BLOCK_001/index/stream_stripes/stream_00069.tif","runtime-core-block_001-v1","core__BLOCK_001__index__stream_stripes__stream_00069.tif",34234,"https://github.com/JamilRamirez/FABDEM-Watershed-Runtime/releases/download/runtime-core-block_001-v1/core__BLOCK_001__index__stream_stripes__stream_00069.tif"
"core/BLOCK_001/index/stream_stripes/stream_00070.tif","runtime-core-block_001-v1","core__BLOCK_001__index__stream_stripes__stream_00070.tif",35136,"https://github.com/JamilRamirez/FABDEM-Watershed-Runtime/releases/download/runtime-core-block_001-v1/core__BLOCK_001__index__stream_stripes__stream_00070.tif"
"core/BLOCK_001/index/stream_stripes/stream_00071.tif","runtime-core-block_001-v1","core__BLOCK_001__index__stream_stripes__stream_00071.tif",16200,"https://github.com/JamilRamirez/FABDEM-Watershed-Runtime/releases/download/runtime-core-block_001-v1/core__BLOCK_001__index__stream_stripes__stream_00071.tif"
"core/BLOCK_002/index/index_metadata.rds","runtime-core-block_002-v1","core__BLOCK_002__index__index_metadata.rds",1358,"https://github.com/JamilRamirez/FABDEM-Watershed-Runtime/releases/download/runtime-core-block_002-v1/core__BLOCK_002__index__index_metadata.rds"
"core/BLOCK_002/index/reverse_stripes/reverse_00001.tif","runtime-core-block_002-v1","core__BLOCK_002__index__reverse_stripes__reverse_00001.tif",1686576,"https://github.com/JamilRamirez/FABDEM-Watershed-Runtime/releases/download/runtime-core-block_002-v1/core__BLOCK_002__index__reverse_stripes__reverse_00001.tif"
"core/BLOCK_002/index/reverse_stripes/reverse_00002.tif","runtime-core-block_002-v1","core__BLOCK_002__index__reverse_stripes__reverse_00002.tif",1688938,"https://github.com/JamilRamirez/FABDEM-Watershed-Runtime/releases/download/runtime-core-block_002-v1/core__BLOCK_002__index__reverse_stripes__reverse_00002.tif"
"core/BLOCK_002/index/reverse_stripes/reverse_00003.tif","runtime-core-block_002-v1","core__BLOCK_002__index__reverse_stripes__reverse_00003.tif",1689736,"https://github.com/JamilRamirez/FABDEM-Watershed-Runtime/releases/download/runtime-core-block_002-v1/core__BLOCK_002__index__reverse_stripes__reverse_00003.tif"
"core/BLOCK_002/index/reverse_stripes/reverse_00004.tif","runtime-core-block_002-v1","core__BLOCK_002__index__reverse_stripes__reverse_00004.tif",1688600,"https://github.com/JamilRamirez/FABDEM-Watershed-Runtime/releases/download/runtime-core-block_002-v1/core__BLOCK_002__index__reverse_stripes__reverse_00004.tif"
"core/BLOCK_002/index/reverse_stripes/reverse_00005.tif","runtime-core-block_002-v1","core__BLOCK_002__index__reverse_stripes__reverse_00005.tif",1690664,"https://github.com/JamilRamirez/FABDEM-Watershed-Runtime/releases/download/runtime-core-block_002-v1/core__BLOCK_002__index__reverse_stripes__reverse_00005.tif"
"core/BLOCK_002/index/reverse_stripes/reverse_00006.tif","runtime-core-block_002-v1","core__BLOCK_002__index__reverse_stripes__reverse_00006.tif",1683780,"https://github.com/JamilRamirez/FABDEM-Watershed-Runtime/releases/download/runtime-core-block_002-v1/core__BLOCK_002__index__reverse_stripes__reverse_00006.tif"
"core/BLOCK_002/index/reverse_stripes/reverse_00007.tif","runtime-core-block_002-v1","core__BLOCK_002__index__reverse_stripes__reverse_00007.tif",1685942,"https://github.com/JamilRamirez/FABDEM-Watershed-Runtime/releases/download/runtime-core-block_002-v1/core__BLOCK_002__index__reverse_stripes__reverse_00007.tif"
"core/BLOCK_002/index/reverse_stripes/reverse_00008.tif","runtime-core-block_002-v1","core__BLOCK_002__index__reverse_stripes__reverse_00008.tif",1684228,"https://github.com/JamilRamirez/FABDEM-Watershed-Runtime/releases/download/runtime-core-block_002-v1/core__BLOCK_002__index__reverse_stripes__reverse_00008.tif"
"core/BLOCK_002/index/reverse_stripes/reverse_00009.tif","runtime-core-block_002-v1","core__BLOCK_002__index__reverse_stripes__reverse_00009.tif",1677076,"https://github.com/JamilRamirez/FABDEM-Watershed-Runtime/releases/download/runtime-core-block_002-v1/core__BLOCK_002__index__reverse_stripes__reverse_00009.tif"
"core/BLOCK_002/index/reverse_stripes/reverse_00010.tif","runtime-core-block_002-v1","core__BLOCK_002__index__reverse_stripes__reverse_00010.tif",1676094,"https://github.com/JamilRamirez/FABDEM-Watershed-Runtime/releases/download/runtime-core-block_002-v1/core__BLOCK_002__index__reverse_stripes__reverse_00010.tif"
"core/BLOCK_002/index/reverse_stripes/reverse_00011.tif","runtime-core-block_002-v1","core__BLOCK_002__index__reverse_stripes__reverse_00011.tif",1677522,"https://github.com/JamilRamirez/FABDEM-Watershed-Runtime/releases/download/runtime-core-block_002-v1/core__BLOCK_002__index__reverse_stripes__reverse_00011.tif"
"core/BLOCK_002/index/reverse_stripes/reverse_00012.tif","runtime-core-block_002-v1","core__BLOCK_002__index__reverse_stripes__reverse_00012.tif",1659354,"https://github.com/JamilRamirez/FABDEM-Watershed-Runtime/releases/download/runtime-core-block_002-v1/core__BLOCK_002__index__reverse_stripes__reverse_00012.tif"
"core/BLOCK_002/index/reverse_stripes/reverse_00013.tif","runtime-core-block_002-v1","core__BLOCK_002__index__reverse_stripes__reverse_00013.tif",1669362,"https://github.com/JamilRamirez/FABDEM-Watershed-Runtime/releases/download/runtime-core-block_002-v1/core__BLOCK_002__index__reverse_stripes__reverse_00013.tif"
"core/BLOCK_002/index/reverse_stripes/reverse_00014.tif","runtime-core-block_002-v1","core__BLOCK_002__index__reverse_stripes__reverse_00014.tif",1660674,"https://github.com/JamilRamirez/FABDEM-Watershed-Runtime/releases/download/runtime-core-block_002-v1/core__BLOCK_002__index__reverse_stripes__reverse_00014.tif"
"core/BLOCK_002/index/reverse_stripes/reverse_00015.tif","runtime-core-block_002-v1","core__BLOCK_002__index__reverse_stripes__reverse_00015.tif",2035198,"https://github.com/JamilRamirez/FABDEM-Watershed-Runtime/releases/download/runtime-core-block_002-v1/core__BLOCK_002__index__reverse_stripes__reverse_00015.tif"
"core/BLOCK_002/index/reverse_stripes/reverse_00016.tif","runtime-core-block_002-v1","core__BLOCK_002__index__reverse_stripes__reverse_00016.tif",2070436,"https://github.com/JamilRamirez/FABDEM-Watershed-Runtime/releases/download/runtime-core-block_002-v1/core__BLOCK_002__index__reverse_stripes__reverse_00016.tif"
"core/BLOCK_002/index/reverse_stripes/reverse_00017.tif","runtime-core-block_002-v1","core__BLOCK_002__index__reverse_stripes__reverse_00017.tif",2084062,"https://github.com/JamilRamirez/FABDEM-Watershed-Runtime/releases/download/runtime-core-block_002-v1/core__BLOCK_002__index__reverse_stripes__reverse_00017.tif"
"core/BLOCK_002/index/reverse_stripes/reverse_00018.tif","runtime-core-block_002-v1","core__BLOCK_002__index__reverse_stripes__reverse_00018.tif",2090730,"https://github.com/JamilRamirez/FABDEM-Watershed-Runtime/releases/download/runtime-core-block_002-v1/core__BLOCK_002__index__reverse_stripes__reverse_00018.tif"
"core/BLOCK_002/index/reverse_stripes/reverse_00019.tif","runtime-core-block_002-v1","core__BLOCK_002__index__reverse_stripes__reverse_00019.tif",2093142,"https://github.com/JamilRamirez/FABDEM-Watershed-Runtime/releases/download/runtime-core-block_002-v1/core__BLOCK_002__index__reverse_stripes__reverse_00019.tif"
"core/BLOCK_002/index/reverse_stripes/reverse_00020.tif","runtime-core-block_002-v1","core__BLOCK_002__index__reverse_stripes__reverse_00020.tif",2089424,"https://github.com/JamilRamirez/FABDEM-Watershed-Runtime/releases/download/runtime-core-block_002-v1/core__BLOCK_002__index__reverse_stripes__reverse_00020.tif"
"core/BLOCK_002/index/reverse_stripes/reverse_00021.tif","runtime-core-block_002-v1","core__BLOCK_002__index__reverse_stripes__reverse_00021.tif",2077684,"https://github.com/JamilRamirez/FABDEM-Watershed-Runtime/releases/download/runtime-core-block_002-v1/core__BLOCK_002__index__reverse_stripes__reverse_00021.tif"
"core/BLOCK_002/index/reverse_stripes/reverse_00022.tif","runtime-core-block_002-v1","core__BLOCK_002__index__reverse_stripes__reverse_00022.tif",2084570,"https://github.com/JamilRamirez/FABDEM-Watershed-Runtime/releases/download/runtime-core-block_002-v1/core__BLOCK_002__index__reverse_stripes__reverse_00022.tif"
"core/BLOCK_002/index/reverse_stripes/reverse_00023.tif","runtime-core-block_002-v1","core__BLOCK_002__index__reverse_stripes__reverse_00023.tif",2070984,"https://github.com/JamilRamirez/FABDEM-Watershed-Runtime/releases/download/runtime-core-block_002-v1/core__BLOCK_002__index__reverse_stripes__reverse_00023.tif"
"core/BLOCK_002/index/reverse_stripes/reverse_00024.tif","runtime-core-block_002-v1","core__BLOCK_002__index__reverse_stripes__reverse_00024.tif",2073482,"https://github.com/JamilRamirez/FABDEM-Watershed-Runtime/releases/download/runtime-core-block_002-v1/core__BLOCK_002__index__reverse_stripes__reverse_00024.tif"
"core/BLOCK_002/index/reverse_stripes/reverse_00025.tif","runtime-core-block_002-v1","core__BLOCK_002__index__reverse_stripes__reverse_00025.tif",2069736,"https://github.com/JamilRamirez/FABDEM-Watershed-Runtime/releases/download/runtime-core-block_002-v1/core__BLOCK_002__index__reverse_stripes__reverse_00025.tif"
"core/BLOCK_002/index/reverse_stripes/reverse_00026.tif","runtime-core-block_002-v1","core__BLOCK_002__index__reverse_stripes__reverse_00026.tif",2066802,"https://github.com/JamilRamirez/FABDEM-Watershed-Runtime/releases/download/runtime-core-block_002-v1/core__BLOCK_002__index__reverse_stripes__reverse_00026.tif"
"core/BLOCK_002/index/reverse_stripes/reverse_00027.tif","runtime-core-block_002-v1","core__BLOCK_002__index__reverse_stripes__reverse_00027.tif",2066396,"https://github.com/JamilRamirez/FABDEM-Watershed-Runtime/releases/download/runtime-core-block_002-v1/core__BLOCK_002__index__reverse_stripes__reverse_00027.tif"
"core/BLOCK_002/index/reverse_stripes/reverse_00028.tif","runtime-core-block_002-v1","core__BLOCK_002__index__reverse_stripes__reverse_00028.tif",2064378,"https://github.com/JamilRamirez/FABDEM-Watershed-Runtime/releases/download/runtime-core-block_002-v1/core__BLOCK_002__index__reverse_stripes__reverse_00028.tif"
"core/BLOCK_002/index/reverse_stripes/reverse_00029.tif","runtime-core-block_002-v1","core__BLOCK_002__index__reverse_stripes__reverse_00029.tif",2429292,"https://github.com/JamilRamirez/FABDEM-Watershed-Runtime/releases/download/runtime-core-block_002-v1/core__BLOCK_002__index__reverse_stripes__reverse_00029.tif"
"core/BLOCK_002/index/reverse_stripes/reverse_00030.tif","runtime-core-block_002-v1","core__BLOCK_002__index__reverse_stripes__reverse_00030.tif",2483216,"https://github.com/JamilRamirez/FABDEM-Watershed-Runtime/releases/download/runtime-core-block_002-v1/core__BLOCK_002__index__reverse_stripes__reverse_00030.tif"
"core/BLOCK_002/index/reverse_stripes/reverse_00031.tif","runtime-core-block_002-v1","core__BLOCK_002__index__reverse_stripes__reverse_00031.tif",2481542,"https://github.com/JamilRamirez/FABDEM-Watershed-Runtime/releases/download/runtime-core-block_002-v1/core__BLOCK_002__index__reverse_stripes__reverse_00031.tif"
"core/BLOCK_002/index/reverse_stripes/reverse_00032.tif","runtime-core-block_002-v1","core__BLOCK_002__index__reverse_stripes__reverse_00032.tif",2483926,"https://github.com/JamilRamirez/FABDEM-Watershed-Runtime/releases/download/runtime-core-block_002-v1/core__BLOCK_002__index__reverse_stripes__reverse_00032.tif"
"core/BLOCK_002/index/reverse_stripes/reverse_00033.tif","runtime-core-block_002-v1","core__BLOCK_002__index__reverse_stripes__reverse_00033.tif",2485014,"https://github.com/JamilRamirez/FABDEM-Watershed-Runtime/releases/download/runtime-core-block_002-v1/core__BLOCK_002__index__reverse_stripes__reverse_00033.tif"
"core/BLOCK_002/index/reverse_stripes/reverse_00034.tif","runtime-core-block_002-v1","core__BLOCK_002__index__reverse_stripes__reverse_00034.tif",2494018,"https://github.com/JamilRamirez/FABDEM-Watershed-Runtime/releases/download/runtime-core-block_002-v1/core__BLOCK_002__index__reverse_stripes__reverse_00034.tif"
"core/BLOCK_002/index/reverse_stripes/reverse_00035.tif","runtime-core-block_002-v1","core__BLOCK_002__index__reverse_stripes__reverse_00035.tif",2498584,"https://github.com/JamilRamirez/FABDEM-Watershed-Runtime/releases/download/runtime-core-block_002-v1/core__BLOCK_002__index__reverse_stripes__reverse_00035.tif"
"core/BLOCK_002/index/reverse_stripes/reverse_00036.tif","runtime-core-block_002-v1","core__BLOCK_002__index__reverse_stripes__reverse_00036.tif",2507454,"https://github.com/JamilRamirez/FABDEM-Watershed-Runtime/releases/download/runtime-core-block_002-v1/core__BLOCK_002__index__reverse_stripes__reverse_00036.tif"
"core/BLOCK_002/index/reverse_stripes/reverse_00037.tif","runtime-core-block_002-v1","core__BLOCK_002__index__reverse_stripes__reverse_00037.tif",2490594,"https://github.com/JamilRamirez/FABDEM-Watershed-Runtime/releases/download/runtime-core-block_002-v1/core__BLOCK_002__index__reverse_stripes__reverse_00037.tif"
"core/BLOCK_002/index/reverse_stripes/reverse_00038.tif","runtime-core-block_002-v1","core__BLOCK_002__index__reverse_stripes__reverse_00038.tif",2484738,"https://github.com/JamilRamirez/FABDEM-Watershed-Runtime/releases/download/runtime-core-block_002-v1/core__BLOCK_002__index__reverse_stripes__reverse_00038.tif"
"core/BLOCK_002/index/reverse_stripes/reverse_00039.tif","runtime-core-block_002-v1","core__BLOCK_002__index__reverse_stripes__reverse_00039.tif",2494642,"https://github.com/JamilRamirez/FABDEM-Watershed-Runtime/releases/download/runtime-core-block_002-v1/core__BLOCK_002__index__reverse_stripes__reverse_00039.tif"
"core/BLOCK_002/index/reverse_stripes/reverse_00040.tif","runtime-core-block_002-v1","core__BLOCK_002__index__reverse_stripes__reverse_00040.tif",2506246,"https://github.com/JamilRamirez/FABDEM-Watershed-Runtime/releases/download/runtime-core-block_002-v1/core__BLOCK_002__index__reverse_stripes__reverse_00040.tif"
"core/BLOCK_002/index/reverse_stripes/reverse_00041.tif","runtime-core-block_002-v1","core__BLOCK_002__index__reverse_stripes__reverse_00041.tif",2504024,"https://github.com/JamilRamirez/FABDEM-Watershed-Runtime/releases/download/runtime-core-block_002-v1/core__BLOCK_002__index__reverse_stripes__reverse_00041.tif"
"core/BLOCK_002/index/reverse_stripes/reverse_00042.tif","runtime-core-block_002-v1","core__BLOCK_002__index__reverse_stripes__reverse_00042.tif",2496926,"https://github.com/JamilRamirez/FABDEM-Watershed-Runtime/releases/download/runtime-core-block_002-v1/core__BLOCK_002__index__reverse_stripes__reverse_00042.tif"
"core/BLOCK_002/index/reverse_stripes/reverse_00043.tif","runtime-core-block_002-v1","core__BLOCK_002__index__reverse_stripes__reverse_00043.tif",2154956,"https://github.com/JamilRamirez/FABDEM-Watershed-Runtime/releases/download/runtime-core-block_002-v1/core__BLOCK_002__index__reverse_stripes__reverse_00043.tif"
"core/BLOCK_002/index/reverse_stripes/reverse_00044.tif","runtime-core-block_002-v1","core__BLOCK_002__index__reverse_stripes__reverse_00044.tif",2071080,"https://github.com/JamilRamirez/FABDEM-Watershed-Runtime/releases/download/runtime-core-block_002-v1/core__BLOCK_002__index__reverse_stripes__reverse_00044.tif"
"core/BLOCK_002/index/reverse_stripes/reverse_00045.tif","runtime-core-block_002-v1","core__BLOCK_002__index__reverse_stripes__reverse_00045.tif",2071246,"https://github.com/JamilRamirez/FABDEM-Watershed-Runtime/releases/download/runtime-core-block_002-v1/core__BLOCK_002__index__reverse_stripes__reverse_00045.tif"
"core/BLOCK_002/index/reverse_stripes/reverse_00046.tif","runtime-core-block_002-v1","core__BLOCK_002__index__reverse_stripes__reverse_00046.tif",2055844,"https://github.com/JamilRamirez/FABDEM-Watershed-Runtime/releases/download/runtime-core-block_002-v1/core__BLOCK_002__index__reverse_stripes__reverse_00046.tif"
"core/BLOCK_002/index/reverse_stripes/reverse_00047.tif","runtime-core-block_002-v1","core__BLOCK_002__index__reverse_stripes__reverse_00047.tif",2043208,"https://github.com/JamilRamirez/FABDEM-Watershed-Runtime/releases/download/runtime-core-block_002-v1/core__BLOCK_002__index__reverse_stripes__reverse_00047.tif"
"core/BLOCK_002/index/reverse_stripes/reverse_00048.tif","runtime-core-block_002-v1","core__BLOCK_002__index__reverse_stripes__reverse_00048.tif",2077630,"https://github.com/JamilRamirez/FABDEM-Watershed-Runtime/releases/download/runtime-core-block_002-v1/core__BLOCK_002__index__reverse_stripes__reverse_00048.tif"
"core/BLOCK_002/index/reverse_stripes/reverse_00049.tif","runtime-core-block_002-v1","core__BLOCK_002__index__reverse_stripes__reverse_00049.tif",2062684,"https://github.com/JamilRamirez/FABDEM-Watershed-Runtime/releases/download/runtime-core-block_002-v1/core__BLOCK_002__index__reverse_stripes__reverse_00049.tif"
"core/BLOCK_002/index/reverse_stripes/reverse_00050.tif","runtime-core-block_002-v1","core__BLOCK_002__index__reverse_stripes__reverse_00050.tif",2072402,"https://github.com/JamilRamirez/FABDEM-Watershed-Runtime/releases/download/runtime-core-block_002-v1/core__BLOCK_002__index__reverse_stripes__reverse_00050.tif"
"core/BLOCK_002/index/reverse_stripes/reverse_00051.tif","runtime-core-block_002-v1","core__BLOCK_002__index__reverse_stripes__reverse_00051.tif",2061658,"https://github.com/JamilRamirez/FABDEM-Watershed-Runtime/releases/download/runtime-core-block_002-v1/core__BLOCK_002__index__reverse_stripes__reverse_00051.tif"
"core/BLOCK_002/index/reverse_stripes/reverse_00052.tif","runtime-core-block_002-v1","core__BLOCK_002__index__reverse_stripes__reverse_00052.tif",2060038,"https://github.com/JamilRamirez/FABDEM-Watershed-Runtime/releases/download/runtime-core-block_002-v1/core__BLOCK_002__index__reverse_stripes__reverse_00052.tif"
"core/BLOCK_002/index/reverse_stripes/reverse_00053.tif","runtime-core-block_002-v1","core__BLOCK_002__index__reverse_stripes__reverse_00053.tif",2075056,"https://github.com/JamilRamirez/FABDEM-Watershed-Runtime/releases/download/runtime-core-block_002-v1/core__BLOCK_002__index__reverse_stripes__reverse_00053.tif"
"core/BLOCK_002/index/reverse_stripes/reverse_00054.tif","runtime-core-block_002-v1","core__BLOCK_002__index__reverse_stripes__reverse_00054.tif",2052832,"https://github.com/JamilRamirez/FABDEM-Watershed-Runtime/releases/download/runtime-core-block_002-v1/core__BLOCK_002__index__reverse_stripes__reverse_00054.tif"
"core/BLOCK_002/index/reverse_stripes/reverse_00055.tif","runtime-core-block_002-v1","core__BLOCK_002__index__reverse_stripes__reverse_00055.tif",2051460,"https://github.com/JamilRamirez/FABDEM-Watershed-Runtime/releases/download/runtime-core-block_002-v1/core__BLOCK_002__index__reverse_stripes__reverse_00055.tif"
"core/BLOCK_002/index/reverse_stripes/reverse_00056.tif","runtime-core-block_002-v1","core__BLOCK_002__index__reverse_stripes__reverse_00056.tif",2017948,"https://github.com/JamilRamirez/FABDEM-Watershed-Runtime/releases/download/runtime-core-block_002-v1/core__BLOCK_002__index__reverse_stripes__reverse_00056.tif"
"core/BLOCK_002/index/reverse_stripes/reverse_00057.tif","runtime-core-block_002-v1","core__BLOCK_002__index__reverse_stripes__reverse_00057.tif",537552,"https://github.com/JamilRamirez/FABDEM-Watershed-Runtime/releases/download/runtime-core-block_002-v1/core__BLOCK_002__index__reverse_stripes__reverse_00057.tif"
"core/BLOCK_002/index/stream_stripes/stream_00001.tif","runtime-core-block_002-v1","core__BLOCK_002__index__stream_stripes__stream_00001.tif",39096,"https://github.com/JamilRamirez/FABDEM-Watershed-Runtime/releases/download/runtime-core-block_002-v1/core__BLOCK_002__index__stream_stripes__stream_00001.tif"
"core/BLOCK_002/index/stream_stripes/stream_00002.tif","runtime-core-block_002-v1","core__BLOCK_002__index__stream_stripes__stream_00002.tif",44176,"https://github.com/JamilRamirez/FABDEM-Watershed-Runtime/releases/download/runtime-core-block_002-v1/core__BLOCK_002__index__stream_stripes__stream_00002.tif"
"core/BLOCK_002/index/stream_stripes/stream_00003.tif","runtime-core-block_002-v1","core__BLOCK_002__index__stream_stripes__stream_00003.tif",43436,"https://github.com/JamilRamirez/FABDEM-Watershed-Runtime/releases/download/runtime-core-block_002-v1/core__BLOCK_002__index__stream_stripes__stream_00003.tif"
"core/BLOCK_002/index/stream_stripes/stream_00004.tif","runtime-core-block_002-v1","core__BLOCK_002__index__stream_stripes__stream_00004.tif",41010,"https://github.com/JamilRamirez/FABDEM-Watershed-Runtime/releases/download/runtime-core-block_002-v1/core__BLOCK_002__index__stream_stripes__stream_00004.tif"
"core/BLOCK_002/index/stream_stripes/stream_00005.tif","runtime-core-block_002-v1","core__BLOCK_002__index__stream_stripes__stream_00005.tif",39360,"https://github.com/JamilRamirez/FABDEM-Watershed-Runtime/releases/download/runtime-core-block_002-v1/core__BLOCK_002__index__stream_stripes__stream_00005.tif"
"core/BLOCK_002/index/stream_stripes/stream_00006.tif","runtime-core-block_002-v1","core__BLOCK_002__index__stream_stripes__stream_00006.tif",44126,"https://github.com/JamilRamirez/FABDEM-Watershed-Runtime/releases/download/runtime-core-block_002-v1/core__BLOCK_002__index__stream_stripes__stream_00006.tif"
"core/BLOCK_002/index/stream_stripes/stream_00007.tif","runtime-core-block_002-v1","core__BLOCK_002__index__stream_stripes__stream_00007.tif",41310,"https://github.com/JamilRamirez/FABDEM-Watershed-Runtime/releases/download/runtime-core-block_002-v1/core__BLOCK_002__index__stream_stripes__stream_00007.tif"
"core/BLOCK_002/index/stream_stripes/stream_00008.tif","runtime-core-block_002-v1","core__BLOCK_002__index__stream_stripes__stream_00008.tif",41672,"https://github.com/JamilRamirez/FABDEM-Watershed-Runtime/releases/download/runtime-core-block_002-v1/core__BLOCK_002__index__stream_stripes__stream_00008.tif"
"core/BLOCK_002/index/stream_stripes/stream_00009.tif","runtime-core-block_002-v1","core__BLOCK_002__index__stream_stripes__stream_00009.tif",42848,"https://github.com/JamilRamirez/FABDEM-Watershed-Runtime/releases/download/runtime-core-block_002-v1/core__BLOCK_002__index__stream_stripes__stream_00009.tif"
"core/BLOCK_002/index/stream_stripes/stream_00010.tif","runtime-core-block_002-v1","core__BLOCK_002__index__stream_stripes__stream_00010.tif",44388,"https://github.com/JamilRamirez/FABDEM-Watershed-Runtime/releases/download/runtime-core-block_002-v1/core__BLOCK_002__index__stream_stripes__stream_00010.tif"
"core/BLOCK_002/index/stream_stripes/stream_00011.tif","runtime-core-block_002-v1","core__BLOCK_002__index__stream_stripes__stream_00011.tif",42688,"https://github.com/JamilRamirez/FABDEM-Watershed-Runtime/releases/download/runtime-core-block_002-v1/core__BLOCK_002__index__stream_stripes__stream_00011.tif"
"core/BLOCK_002/index/stream_stripes/stream_00012.tif","runtime-core-block_002-v1","core__BLOCK_002__index__stream_stripes__stream_00012.tif",43350,"https://github.com/JamilRamirez/FABDEM-Watershed-Runtime/releases/download/runtime-core-block_002-v1/core__BLOCK_002__index__stream_stripes__stream_00012.tif"
"core/BLOCK_002/index/stream_stripes/stream_00013.tif","runtime-core-block_002-v1","core__BLOCK_002__index__stream_stripes__stream_00013.tif",43042,"https://github.com/JamilRamirez/FABDEM-Watershed-Runtime/releases/download/runtime-core-block_002-v1/core__BLOCK_002__index__stream_stripes__stream_00013.tif"
"core/BLOCK_002/index/stream_stripes/stream_00014.tif","runtime-core-block_002-v1","core__BLOCK_002__index__stream_stripes__stream_00014.tif",39512,"https://github.com/JamilRamirez/FABDEM-Watershed-Runtime/releases/download/runtime-core-block_002-v1/core__BLOCK_002__index__stream_stripes__stream_00014.tif"
"core/BLOCK_002/index/stream_stripes/stream_00015.tif","runtime-core-block_002-v1","core__BLOCK_002__index__stream_stripes__stream_00015.tif",51832,"https://github.com/JamilRamirez/FABDEM-Watershed-Runtime/releases/download/runtime-core-block_002-v1/core__BLOCK_002__index__stream_stripes__stream_00015.tif"
"core/BLOCK_002/index/stream_stripes/stream_00016.tif","runtime-core-block_002-v1","core__BLOCK_002__index__stream_stripes__stream_00016.tif",60600,"https://github.com/JamilRamirez/FABDEM-Watershed-Runtime/releases/download/runtime-core-block_002-v1/core__BLOCK_002__index__stream_stripes__stream_00016.tif"
"core/BLOCK_002/index/stream_stripes/stream_00017.tif","runtime-core-block_002-v1","core__BLOCK_002__index__stream_stripes__stream_00017.tif",53056,"https://github.com/JamilRamirez/FABDEM-Watershed-Runtime/releases/download/runtime-core-block_002-v1/core__BLOCK_002__index__stream_stripes__stream_00017.tif"
"core/BLOCK_002/index/stream_stripes/stream_00018.tif","runtime-core-block_002-v1","core__BLOCK_002__index__stream_stripes__stream_00018.tif",49350,"https://github.com/JamilRamirez/FABDEM-Watershed-Runtime/releases/download/runtime-core-block_002-v1/core__BLOCK_002__index__stream_stripes__stream_00018.tif"
"core/BLOCK_002/index/stream_stripes/stream_00019.tif","runtime-core-block_002-v1","core__BLOCK_002__index__stream_stripes__stream_00019.tif",54300,"https://github.com/JamilRamirez/FABDEM-Watershed-Runtime/releases/download/runtime-core-block_002-v1/core__BLOCK_002__index__stream_stripes__stream_00019.tif"
"core/BLOCK_002/index/stream_stripes/stream_00020.tif","runtime-core-block_002-v1","core__BLOCK_002__index__stream_stripes__stream_00020.tif",49166,"https://github.com/JamilRamirez/FABDEM-Watershed-Runtime/releases/download/runtime-core-block_002-v1/core__BLOCK_002__index__stream_stripes__stream_00020.tif"
"core/BLOCK_002/index/stream_stripes/stream_00021.tif","runtime-core-block_002-v1","core__BLOCK_002__index__stream_stripes__stream_00021.tif",51648,"https://github.com/JamilRamirez/FABDEM-Watershed-Runtime/releases/download/runtime-core-block_002-v1/core__BLOCK_002__index__stream_stripes__stream_00021.tif"
"core/BLOCK_002/index/stream_stripes/stream_00022.tif","runtime-core-block_002-v1","core__BLOCK_002__index__stream_stripes__stream_00022.tif",52362,"https://github.com/JamilRamirez/FABDEM-Watershed-Runtime/releases/download/runtime-core-block_002-v1/core__BLOCK_002__index__stream_stripes__stream_00022.tif"
"core/BLOCK_002/index/stream_stripes/stream_00023.tif","runtime-core-block_002-v1","core__BLOCK_002__index__stream_stripes__stream_00023.tif",53092,"https://github.com/JamilRamirez/FABDEM-Watershed-Runtime/releases/download/runtime-core-block_002-v1/core__BLOCK_002__index__stream_stripes__stream_00023.tif"
"core/BLOCK_002/index/stream_stripes/stream_00024.tif","runtime-core-block_002-v1","core__BLOCK_002__index__stream_stripes__stream_00024.tif",53544,"https://github.com/JamilRamirez/FABDEM-Watershed-Runtime/releases/download/runtime-core-block_002-v1/core__BLOCK_002__index__stream_stripes__stream_00024.tif"
"core/BLOCK_002/index/stream_stripes/stream_00025.tif","runtime-core-block_002-v1","core__BLOCK_002__index__stream_stripes__stream_00025.tif",51324,"https://github.com/JamilRamirez/FABDEM-Watershed-Runtime/releases/download/runtime-core-block_002-v1/core__BLOCK_002__index__stream_stripes__stream_00025.tif"
"core/BLOCK_002/index/stream_stripes/stream_00026.tif","runtime-core-block_002-v1","core__BLOCK_002__index__stream_stripes__stream_00026.tif",49866,"https://github.com/JamilRamirez/FABDEM-Watershed-Runtime/releases/download/runtime-core-block_002-v1/core__BLOCK_002__index__stream_stripes__stream_00026.tif"
"core/BLOCK_002/index/stream_stripes/stream_00027.tif","runtime-core-block_002-v1","core__BLOCK_002__index__stream_stripes__stream_00027.tif",52284,"https://github.com/JamilRamirez/FABDEM-Watershed-Runtime/releases/download/runtime-core-block_002-v1/core__BLOCK_002__index__stream_stripes__stream_00027.tif"
"core/BLOCK_002/index/stream_stripes/stream_00028.tif","runtime-core-block_002-v1","core__BLOCK_002__index__stream_stripes__stream_00028.tif",51734,"https://github.com/JamilRamirez/FABDEM-Watershed-Runtime/releases/download/runtime-core-block_002-v1/core__BLOCK_002__index__stream_stripes__stream_00028.tif"
"core/BLOCK_002/index/stream_stripes/stream_00029.tif","runtime-core-block_002-v1","core__BLOCK_002__index__stream_stripes__stream_00029.tif",58486,"https://github.com/JamilRamirez/FABDEM-Watershed-Runtime/releases/download/runtime-core-block_002-v1/core__BLOCK_002__index__stream_stripes__stream_00029.tif"
"core/BLOCK_002/index/stream_stripes/stream_00030.tif","runtime-core-block_002-v1","core__BLOCK_002__index__stream_stripes__stream_00030.tif",63278,"https://github.com/JamilRamirez/FABDEM-Watershed-Runtime/releases/download/runtime-core-block_002-v1/core__BLOCK_002__index__stream_stripes__stream_00030.tif"
"core/BLOCK_002/index/stream_stripes/stream_00031.tif","runtime-core-block_002-v1","core__BLOCK_002__index__stream_stripes__stream_00031.tif",58822,"https://github.com/JamilRamirez/FABDEM-Watershed-Runtime/releases/download/runtime-core-block_002-v1/core__BLOCK_002__index__stream_stripes__stream_00031.tif"
"core/BLOCK_002/index/stream_stripes/stream_00032.tif","runtime-core-block_002-v1","core__BLOCK_002__index__stream_stripes__stream_00032.tif",61110,"https://github.com/JamilRamirez/FABDEM-Watershed-Runtime/releases/download/runtime-core-block_002-v1/core__BLOCK_002__index__stream_stripes__stream_00032.tif"
"core/BLOCK_002/index/stream_stripes/stream_00033.tif","runtime-core-block_002-v1","core__BLOCK_002__index__stream_stripes__stream_00033.tif",58414,"https://github.com/JamilRamirez/FABDEM-Watershed-Runtime/releases/download/runtime-core-block_002-v1/core__BLOCK_002__index__stream_stripes__stream_00033.tif"
"core/BLOCK_002/index/stream_stripes/stream_00034.tif","runtime-core-block_002-v1","core__BLOCK_002__index__stream_stripes__stream_00034.tif",61298,"https://github.com/JamilRamirez/FABDEM-Watershed-Runtime/releases/download/runtime-core-block_002-v1/core__BLOCK_002__index__stream_stripes__stream_00034.tif"
"core/BLOCK_002/index/stream_stripes/stream_00035.tif","runtime-core-block_002-v1","core__BLOCK_002__index__stream_stripes__stream_00035.tif",51682,"https://github.com/JamilRamirez/FABDEM-Watershed-Runtime/releases/download/runtime-core-block_002-v1/core__BLOCK_002__index__stream_stripes__stream_00035.tif"
"core/BLOCK_002/index/stream_stripes/stream_00036.tif","runtime-core-block_002-v1","core__BLOCK_002__index__stream_stripes__stream_00036.tif",57882,"https://github.com/JamilRamirez/FABDEM-Watershed-Runtime/releases/download/runtime-core-block_002-v1/core__BLOCK_002__index__stream_stripes__stream_00036.tif"
"core/BLOCK_002/index/stream_stripes/stream_00037.tif","runtime-core-block_002-v1","core__BLOCK_002__index__stream_stripes__stream_00037.tif",58404,"https://github.com/JamilRamirez/FABDEM-Watershed-Runtime/releases/download/runtime-core-block_002-v1/core__BLOCK_002__index__stream_stripes__stream_00037.tif"
"core/BLOCK_002/index/stream_stripes/stream_00038.tif","runtime-core-block_002-v1","core__BLOCK_002__index__stream_stripes__stream_00038.tif",58502,"https://github.com/JamilRamirez/FABDEM-Watershed-Runtime/releases/download/runtime-core-block_002-v1/core__BLOCK_002__index__stream_stripes__stream_00038.tif"
"core/BLOCK_002/index/stream_stripes/stream_00039.tif","runtime-core-block_002-v1","core__BLOCK_002__index__stream_stripes__stream_00039.tif",60672,"https://github.com/JamilRamirez/FABDEM-Watershed-Runtime/releases/download/runtime-core-block_002-v1/core__BLOCK_002__index__stream_stripes__stream_00039.tif"
"core/BLOCK_002/index/stream_stripes/stream_00040.tif","runtime-core-block_002-v1","core__BLOCK_002__index__stream_stripes__stream_00040.tif",49756,"https://github.com/JamilRamirez/FABDEM-Watershed-Runtime/releases/download/runtime-core-block_002-v1/core__BLOCK_002__index__stream_stripes__stream_00040.tif"
"core/BLOCK_002/index/stream_stripes/stream_00041.tif","runtime-core-block_002-v1","core__BLOCK_002__index__stream_stripes__stream_00041.tif",58658,"https://github.com/JamilRamirez/FABDEM-Watershed-Runtime/releases/download/runtime-core-block_002-v1/core__BLOCK_002__index__stream_stripes__stream_00041.tif"
"core/BLOCK_002/index/stream_stripes/stream_00042.tif","runtime-core-block_002-v1","core__BLOCK_002__index__stream_stripes__stream_00042.tif",55558,"https://github.com/JamilRamirez/FABDEM-Watershed-Runtime/releases/download/runtime-core-block_002-v1/core__BLOCK_002__index__stream_stripes__stream_00042.tif"
"core/BLOCK_002/index/stream_stripes/stream_00043.tif","runtime-core-block_002-v1","core__BLOCK_002__index__stream_stripes__stream_00043.tif",56030,"https://github.com/JamilRamirez/FABDEM-Watershed-Runtime/releases/download/runtime-core-block_002-v1/core__BLOCK_002__index__stream_stripes__stream_00043.tif"
"core/BLOCK_002/index/stream_stripes/stream_00044.tif","runtime-core-block_002-v1","core__BLOCK_002__index__stream_stripes__stream_00044.tif",52482,"https://github.com/JamilRamirez/FABDEM-Watershed-Runtime/releases/download/runtime-core-block_002-v1/core__BLOCK_002__index__stream_stripes__stream_00044.tif"
"core/BLOCK_002/index/stream_stripes/stream_00045.tif","runtime-core-block_002-v1","core__BLOCK_002__index__stream_stripes__stream_00045.tif",42526,"https://github.com/JamilRamirez/FABDEM-Watershed-Runtime/releases/download/runtime-core-block_002-v1/core__BLOCK_002__index__stream_stripes__stream_00045.tif"
"core/BLOCK_002/index/stream_stripes/stream_00046.tif","runtime-core-block_002-v1","core__BLOCK_002__index__stream_stripes__stream_00046.tif",49772,"https://github.com/JamilRamirez/FABDEM-Watershed-Runtime/releases/download/runtime-core-block_002-v1/core__BLOCK_002__index__stream_stripes__stream_00046.tif"
"core/BLOCK_002/index/stream_stripes/stream_00047.tif","runtime-core-block_002-v1","core__BLOCK_002__index__stream_stripes__stream_00047.tif",58276,"https://github.com/JamilRamirez/FABDEM-Watershed-Runtime/releases/download/runtime-core-block_002-v1/core__BLOCK_002__index__stream_stripes__stream_00047.tif"
"core/BLOCK_002/index/stream_stripes/stream_00048.tif","runtime-core-block_002-v1","core__BLOCK_002__index__stream_stripes__stream_00048.tif",49164,"https://github.com/JamilRamirez/FABDEM-Watershed-Runtime/releases/download/runtime-core-block_002-v1/core__BLOCK_002__index__stream_stripes__stream_00048.tif"
"core/BLOCK_002/index/stream_stripes/stream_00049.tif","runtime-core-block_002-v1","core__BLOCK_002__index__stream_stripes__stream_00049.tif",52936,"https://github.com/JamilRamirez/FABDEM-Watershed-Runtime/releases/download/runtime-core-block_002-v1/core__BLOCK_002__index__stream_stripes__stream_00049.tif"
"core/BLOCK_002/index/stream_stripes/stream_00050.tif","runtime-core-block_002-v1","core__BLOCK_002__index__stream_stripes__stream_00050.tif",47428,"https://github.com/JamilRamirez/FABDEM-Watershed-Runtime/releases/download/runtime-core-block_002-v1/core__BLOCK_002__index__stream_stripes__stream_00050.tif"
"core/BLOCK_002/index/stream_stripes/stream_00051.tif","runtime-core-block_002-v1","core__BLOCK_002__index__stream_stripes__stream_00051.tif",51804,"https://github.com/JamilRamirez/FABDEM-Watershed-Runtime/releases/download/runtime-core-block_002-v1/core__BLOCK_002__index__stream_stripes__stream_00051.tif"
"core/BLOCK_002/index/stream_stripes/stream_00052.tif","runtime-core-block_002-v1","core__BLOCK_002__index__stream_stripes__stream_00052.tif",51128,"https://github.com/JamilRamirez/FABDEM-Watershed-Runtime/releases/download/runtime-core-block_002-v1/core__BLOCK_002__index__stream_stripes__stream_00052.tif"
"core/BLOCK_002/index/stream_stripes/stream_00053.tif","runtime-core-block_002-v1","core__BLOCK_002__index__stream_stripes__stream_00053.tif",44704,"https://github.com/JamilRamirez/FABDEM-Watershed-Runtime/releases/download/runtime-core-block_002-v1/core__BLOCK_002__index__stream_stripes__stream_00053.tif"
"core/BLOCK_002/index/stream_stripes/stream_00054.tif","runtime-core-block_002-v1","core__BLOCK_002__index__stream_stripes__stream_00054.tif",53302,"https://github.com/JamilRamirez/FABDEM-Watershed-Runtime/releases/download/runtime-core-block_002-v1/core__BLOCK_002__index__stream_stripes__stream_00054.tif"
"core/BLOCK_002/index/stream_stripes/stream_00055.tif","runtime-core-block_002-v1","core__BLOCK_002__index__stream_stripes__stream_00055.tif",54298,"https://github.com/JamilRamirez/FABDEM-Watershed-Runtime/releases/download/runtime-core-block_002-v1/core__BLOCK_002__index__stream_stripes__stream_00055.tif"
"core/BLOCK_002/index/stream_stripes/stream_00056.tif","runtime-core-block_002-v1","core__BLOCK_002__index__stream_stripes__stream_00056.tif",48850,"https://github.com/JamilRamirez/FABDEM-Watershed-Runtime/releases/download/runtime-core-block_002-v1/core__BLOCK_002__index__stream_stripes__stream_00056.tif"
"core/BLOCK_002/index/stream_stripes/stream_00057.tif","runtime-core-block_002-v1","core__BLOCK_002__index__stream_stripes__stream_00057.tif",15022,"https://github.com/JamilRamirez/FABDEM-Watershed-Runtime/releases/download/runtime-core-block_002-v1/core__BLOCK_002__index__stream_stripes__stream_00057.tif"
"core/BLOCK_003/index/index_metadata.rds","runtime-core-block_003-v1","core__BLOCK_003__index__index_metadata.rds",1355,"https://github.com/JamilRamirez/FABDEM-Watershed-Runtime/releases/download/runtime-core-block_003-v1/core__BLOCK_003__index__index_metadata.rds"
"core/BLOCK_003/index/reverse_stripes/reverse_00001.tif","runtime-core-block_003-v1","core__BLOCK_003__index__reverse_stripes__reverse_00001.tif",427396,"https://github.com/JamilRamirez/FABDEM-Watershed-Runtime/releases/download/runtime-core-block_003-v1/core__BLOCK_003__index__reverse_stripes__reverse_00001.tif"
"core/BLOCK_003/index/reverse_stripes/reverse_00002.tif","runtime-core-block_003-v1","core__BLOCK_003__index__reverse_stripes__reverse_00002.tif",425544,"https://github.com/JamilRamirez/FABDEM-Watershed-Runtime/releases/download/runtime-core-block_003-v1/core__BLOCK_003__index__reverse_stripes__reverse_00002.tif"
"core/BLOCK_003/index/reverse_stripes/reverse_00003.tif","runtime-core-block_003-v1","core__BLOCK_003__index__reverse_stripes__reverse_00003.tif",424988,"https://github.com/JamilRamirez/FABDEM-Watershed-Runtime/releases/download/runtime-core-block_003-v1/core__BLOCK_003__index__reverse_stripes__reverse_00003.tif"
"core/BLOCK_003/index/reverse_stripes/reverse_00004.tif","runtime-core-block_003-v1","core__BLOCK_003__index__reverse_stripes__reverse_00004.tif",427102,"https://github.com/JamilRamirez/FABDEM-Watershed-Runtime/releases/download/runtime-core-block_003-v1/core__BLOCK_003__index__reverse_stripes__reverse_00004.tif"
"core/BLOCK_003/index/reverse_stripes/reverse_00005.tif","runtime-core-block_003-v1","core__BLOCK_003__index__reverse_stripes__reverse_00005.tif",426644,"https://github.com/JamilRamirez/FABDEM-Watershed-Runtime/releases/download/runtime-core-block_003-v1/core__BLOCK_003__index__reverse_stripes__reverse_00005.tif"
"core/BLOCK_003/index/reverse_stripes/reverse_00006.tif","runtime-core-block_003-v1","core__BLOCK_003__index__reverse_stripes__reverse_00006.tif",428330,"https://github.com/JamilRamirez/FABDEM-Watershed-Runtime/releases/download/runtime-core-block_003-v1/core__BLOCK_003__index__reverse_stripes__reverse_00006.tif"
"core/BLOCK_003/index/reverse_stripes/reverse_00007.tif","runtime-core-block_003-v1","core__BLOCK_003__index__reverse_stripes__reverse_00007.tif",417480,"https://github.com/JamilRamirez/FABDEM-Watershed-Runtime/releases/download/runtime-core-block_003-v1/core__BLOCK_003__index__reverse_stripes__reverse_00007.tif"
"core/BLOCK_003/index/reverse_stripes/reverse_00008.tif","runtime-core-block_003-v1","core__BLOCK_003__index__reverse_stripes__reverse_00008.tif",352570,"https://github.com/JamilRamirez/FABDEM-Watershed-Runtime/releases/download/runtime-core-block_003-v1/core__BLOCK_003__index__reverse_stripes__reverse_00008.tif"
"core/BLOCK_003/index/reverse_stripes/reverse_00009.tif","runtime-core-block_003-v1","core__BLOCK_003__index__reverse_stripes__reverse_00009.tif",340828,"https://github.com/JamilRamirez/FABDEM-Watershed-Runtime/releases/download/runtime-core-block_003-v1/core__BLOCK_003__index__reverse_stripes__reverse_00009.tif"
"core/BLOCK_003/index/reverse_stripes/reverse_00010.tif","runtime-core-block_003-v1","core__BLOCK_003__index__reverse_stripes__reverse_00010.tif",390044,"https://github.com/JamilRamirez/FABDEM-Watershed-Runtime/releases/download/runtime-core-block_003-v1/core__BLOCK_003__index__reverse_stripes__reverse_00010.tif"
"core/BLOCK_003/index/reverse_stripes/reverse_00011.tif","runtime-core-block_003-v1","core__BLOCK_003__index__reverse_stripes__reverse_00011.tif",393560,"https://github.com/JamilRamirez/FABDEM-Watershed-Runtime/releases/download/runtime-core-block_003-v1/core__BLOCK_003__index__reverse_stripes__reverse_00011.tif"
"core/BLOCK_003/index/reverse_stripes/reverse_00012.tif","runtime-core-block_003-v1","core__BLOCK_003__index__reverse_stripes__reverse_00012.tif",409706,"https://github.com/JamilRamirez/FABDEM-Watershed-Runtime/releases/download/runtime-core-block_003-v1/core__BLOCK_003__index__reverse_stripes__reverse_00012.tif"
"core/BLOCK_003/index/reverse_stripes/reverse_00013.tif","runtime-core-block_003-v1","core__BLOCK_003__index__reverse_stripes__reverse_00013.tif",421190,"https://github.com/JamilRamirez/FABDEM-Watershed-Runtime/releases/download/runtime-core-block_003-v1/core__BLOCK_003__index__reverse_stripes__reverse_00013.tif"
"core/BLOCK_003/index/reverse_stripes/reverse_00014.tif","runtime-core-block_003-v1","core__BLOCK_003__index__reverse_stripes__reverse_00014.tif",424596,"https://github.com/JamilRamirez/FABDEM-Watershed-Runtime/releases/download/runtime-core-block_003-v1/core__BLOCK_003__index__reverse_stripes__reverse_00014.tif"
"core/BLOCK_003/index/reverse_stripes/reverse_00015.tif","runtime-core-block_003-v1","core__BLOCK_003__index__reverse_stripes__reverse_00015.tif",1958474,"https://github.com/JamilRamirez/FABDEM-Watershed-Runtime/releases/download/runtime-core-block_003-v1/core__BLOCK_003__index__reverse_stripes__reverse_00015.tif"
"core/BLOCK_003/index/reverse_stripes/reverse_00016.tif","runtime-core-block_003-v1","core__BLOCK_003__index__reverse_stripes__reverse_00016.tif",2049372,"https://github.com/JamilRamirez/FABDEM-Watershed-Runtime/releases/download/runtime-core-block_003-v1/core__BLOCK_003__index__reverse_stripes__reverse_00016.tif"
"core/BLOCK_003/index/reverse_stripes/reverse_00017.tif","runtime-core-block_003-v1","core__BLOCK_003__index__reverse_stripes__reverse_00017.tif",2031748,"https://github.com/JamilRamirez/FABDEM-Watershed-Runtime/releases/download/runtime-core-block_003-v1/core__BLOCK_003__index__reverse_stripes__reverse_00017.tif"
"core/BLOCK_003/index/reverse_stripes/reverse_00018.tif","runtime-core-block_003-v1","core__BLOCK_003__index__reverse_stripes__reverse_00018.tif",2010372,"https://github.com/JamilRamirez/FABDEM-Watershed-Runtime/releases/download/runtime-core-block_003-v1/core__BLOCK_003__index__reverse_stripes__reverse_00018.tif"
"core/BLOCK_003/index/reverse_stripes/reverse_00019.tif","runtime-core-block_003-v1","core__BLOCK_003__index__reverse_stripes__reverse_00019.tif",2029326,"https://github.com/JamilRamirez/FABDEM-Watershed-Runtime/releases/download/runtime-core-block_003-v1/core__BLOCK_003__index__reverse_stripes__reverse_00019.tif"
"core/BLOCK_003/index/reverse_stripes/reverse_00020.tif","runtime-core-block_003-v1","core__BLOCK_003__index__reverse_stripes__reverse_00020.tif",2040616,"https://github.com/JamilRamirez/FABDEM-Watershed-Runtime/releases/download/runtime-core-block_003-v1/core__BLOCK_003__index__reverse_stripes__reverse_00020.tif"
"core/BLOCK_003/index/reverse_stripes/reverse_00021.tif","runtime-core-block_003-v1","core__BLOCK_003__index__reverse_stripes__reverse_00021.tif",2016646,"https://github.com/JamilRamirez/FABDEM-Watershed-Runtime/releases/download/runtime-core-block_003-v1/core__BLOCK_003__index__reverse_stripes__reverse_00021.tif"
"core/BLOCK_003/index/reverse_stripes/reverse_00022.tif","runtime-core-block_003-v1","core__BLOCK_003__index__reverse_stripes__reverse_00022.tif",2010374,"https://github.com/JamilRamirez/FABDEM-Watershed-Runtime/releases/download/runtime-core-block_003-v1/core__BLOCK_003__index__reverse_stripes__reverse_00022.tif"
"core/BLOCK_003/index/reverse_stripes/reverse_00023.tif","runtime-core-block_003-v1","core__BLOCK_003__index__reverse_stripes__reverse_00023.tif",2042652,"https://github.com/JamilRamirez/FABDEM-Watershed-Runtime/releases/download/runtime-core-block_003-v1/core__BLOCK_003__index__reverse_stripes__reverse_00023.tif"
"core/BLOCK_003/index/reverse_stripes/reverse_00024.tif","runtime-core-block_003-v1","core__BLOCK_003__index__reverse_stripes__reverse_00024.tif",2045264,"https://github.com/JamilRamirez/FABDEM-Watershed-Runtime/releases/download/runtime-core-block_003-v1/core__BLOCK_003__index__reverse_stripes__reverse_00024.tif"
"core/BLOCK_003/index/reverse_stripes/reverse_00025.tif","runtime-core-block_003-v1","core__BLOCK_003__index__reverse_stripes__reverse_00025.tif",2065200,"https://github.com/JamilRamirez/FABDEM-Watershed-Runtime/releases/download/runtime-core-block_003-v1/core__BLOCK_003__index__reverse_stripes__reverse_00025.tif"
"core/BLOCK_003/index/reverse_stripes/reverse_00026.tif","runtime-core-block_003-v1","core__BLOCK_003__index__reverse_stripes__reverse_00026.tif",2062050,"https://github.com/JamilRamirez/FABDEM-Watershed-Runtime/releases/download/runtime-core-block_003-v1/core__BLOCK_003__index__reverse_stripes__reverse_00026.tif"
"core/BLOCK_003/index/reverse_stripes/reverse_00027.tif","runtime-core-block_003-v1","core__BLOCK_003__index__reverse_stripes__reverse_00027.tif",2054504,"https://github.com/JamilRamirez/FABDEM-Watershed-Runtime/releases/download/runtime-core-block_003-v1/core__BLOCK_003__index__reverse_stripes__reverse_00027.tif"
"core/BLOCK_003/index/reverse_stripes/reverse_00028.tif","runtime-core-block_003-v1","core__BLOCK_003__index__reverse_stripes__reverse_00028.tif",2070686,"https://github.com/JamilRamirez/FABDEM-Watershed-Runtime/releases/download/runtime-core-block_003-v1/core__BLOCK_003__index__reverse_stripes__reverse_00028.tif"
"core/BLOCK_003/index/reverse_stripes/reverse_00029.tif","runtime-core-block_003-v1","core__BLOCK_003__index__reverse_stripes__reverse_00029.tif",2066776,"https://github.com/JamilRamirez/FABDEM-Watershed-Runtime/releases/download/runtime-core-block_003-v1/core__BLOCK_003__index__reverse_stripes__reverse_00029.tif"
"core/BLOCK_003/index/reverse_stripes/reverse_00030.tif","runtime-core-block_003-v1","core__BLOCK_003__index__reverse_stripes__reverse_00030.tif",2075536,"https://github.com/JamilRamirez/FABDEM-Watershed-Runtime/releases/download/runtime-core-block_003-v1/core__BLOCK_003__index__reverse_stripes__reverse_00030.tif"
"core/BLOCK_003/index/reverse_stripes/reverse_00031.tif","runtime-core-block_003-v1","core__BLOCK_003__index__reverse_stripes__reverse_00031.tif",2082158,"https://github.com/JamilRamirez/FABDEM-Watershed-Runtime/releases/download/runtime-core-block_003-v1/core__BLOCK_003__index__reverse_stripes__reverse_00031.tif"
"core/BLOCK_003/index/reverse_stripes/reverse_00032.tif","runtime-core-block_003-v1","core__BLOCK_003__index__reverse_stripes__reverse_00032.tif",2080038,"https://github.com/JamilRamirez/FABDEM-Watershed-Runtime/releases/download/runtime-core-block_003-v1/core__BLOCK_003__index__reverse_stripes__reverse_00032.tif"
"core/BLOCK_003/index/reverse_stripes/reverse_00033.tif","runtime-core-block_003-v1","core__BLOCK_003__index__reverse_stripes__reverse_00033.tif",2086406,"https://github.com/JamilRamirez/FABDEM-Watershed-Runtime/releases/download/runtime-core-block_003-v1/core__BLOCK_003__index__reverse_stripes__reverse_00033.tif"
"core/BLOCK_003/index/reverse_stripes/reverse_00034.tif","runtime-core-block_003-v1","core__BLOCK_003__index__reverse_stripes__reverse_00034.tif",2078040,"https://github.com/JamilRamirez/FABDEM-Watershed-Runtime/releases/download/runtime-core-block_003-v1/core__BLOCK_003__index__reverse_stripes__reverse_00034.tif"
"core/BLOCK_003/index/reverse_stripes/reverse_00035.tif","runtime-core-block_003-v1","core__BLOCK_003__index__reverse_stripes__reverse_00035.tif",2079232,"https://github.com/JamilRamirez/FABDEM-Watershed-Runtime/releases/download/runtime-core-block_003-v1/core__BLOCK_003__index__reverse_stripes__reverse_00035.tif"
"core/BLOCK_003/index/reverse_stripes/reverse_00036.tif","runtime-core-block_003-v1","core__BLOCK_003__index__reverse_stripes__reverse_00036.tif",2078246,"https://github.com/JamilRamirez/FABDEM-Watershed-Runtime/releases/download/runtime-core-block_003-v1/core__BLOCK_003__index__reverse_stripes__reverse_00036.tif"
"core/BLOCK_003/index/reverse_stripes/reverse_00037.tif","runtime-core-block_003-v1","core__BLOCK_003__index__reverse_stripes__reverse_00037.tif",2080578,"https://github.com/JamilRamirez/FABDEM-Watershed-Runtime/releases/download/runtime-core-block_003-v1/core__BLOCK_003__index__reverse_stripes__reverse_00037.tif"
"core/BLOCK_003/index/reverse_stripes/reverse_00038.tif","runtime-core-block_003-v1","core__BLOCK_003__index__reverse_stripes__reverse_00038.tif",2069428,"https://github.com/JamilRamirez/FABDEM-Watershed-Runtime/releases/download/runtime-core-block_003-v1/core__BLOCK_003__index__reverse_stripes__reverse_00038.tif"
"core/BLOCK_003/index/reverse_stripes/reverse_00039.tif","runtime-core-block_003-v1","core__BLOCK_003__index__reverse_stripes__reverse_00039.tif",2062690,"https://github.com/JamilRamirez/FABDEM-Watershed-Runtime/releases/download/runtime-core-block_003-v1/core__BLOCK_003__index__reverse_stripes__reverse_00039.tif"
"core/BLOCK_003/index/reverse_stripes/reverse_00040.tif","runtime-core-block_003-v1","core__BLOCK_003__index__reverse_stripes__reverse_00040.tif",2055664,"https://github.com/JamilRamirez/FABDEM-Watershed-Runtime/releases/download/runtime-core-block_003-v1/core__BLOCK_003__index__reverse_stripes__reverse_00040.tif"
"core/BLOCK_003/index/reverse_stripes/reverse_00041.tif","runtime-core-block_003-v1","core__BLOCK_003__index__reverse_stripes__reverse_00041.tif",2057766,"https://github.com/JamilRamirez/FABDEM-Watershed-Runtime/releases/download/runtime-core-block_003-v1/core__BLOCK_003__index__reverse_stripes__reverse_00041.tif"
"core/BLOCK_003/index/reverse_stripes/reverse_00042.tif","runtime-core-block_003-v1","core__BLOCK_003__index__reverse_stripes__reverse_00042.tif",2047410,"https://github.com/JamilRamirez/FABDEM-Watershed-Runtime/releases/download/runtime-core-block_003-v1/core__BLOCK_003__index__reverse_stripes__reverse_00042.tif"
"core/BLOCK_003/index/reverse_stripes/reverse_00043.tif","runtime-core-block_003-v1","core__BLOCK_003__index__reverse_stripes__reverse_00043.tif",1715468,"https://github.com/JamilRamirez/FABDEM-Watershed-Runtime/releases/download/runtime-core-block_003-v1/core__BLOCK_003__index__reverse_stripes__reverse_00043.tif"
"core/BLOCK_003/index/reverse_stripes/reverse_00044.tif","runtime-core-block_003-v1","core__BLOCK_003__index__reverse_stripes__reverse_00044.tif",1631000,"https://github.com/JamilRamirez/FABDEM-Watershed-Runtime/releases/download/runtime-core-block_003-v1/core__BLOCK_003__index__reverse_stripes__reverse_00044.tif"
"core/BLOCK_003/index/reverse_stripes/reverse_00045.tif","runtime-core-block_003-v1","core__BLOCK_003__index__reverse_stripes__reverse_00045.tif",1635492,"https://github.com/JamilRamirez/FABDEM-Watershed-Runtime/releases/download/runtime-core-block_003-v1/core__BLOCK_003__index__reverse_stripes__reverse_00045.tif"
"core/BLOCK_003/index/reverse_stripes/reverse_00046.tif","runtime-core-block_003-v1","core__BLOCK_003__index__reverse_stripes__reverse_00046.tif",1638426,"https://github.com/JamilRamirez/FABDEM-Watershed-Runtime/releases/download/runtime-core-block_003-v1/core__BLOCK_003__index__reverse_stripes__reverse_00046.tif"
"core/BLOCK_003/index/reverse_stripes/reverse_00047.tif","runtime-core-block_003-v1","core__BLOCK_003__index__reverse_stripes__reverse_00047.tif",1639622,"https://github.com/JamilRamirez/FABDEM-Watershed-Runtime/releases/download/runtime-core-block_003-v1/core__BLOCK_003__index__reverse_stripes__reverse_00047.tif"
"core/BLOCK_003/index/reverse_stripes/reverse_00048.tif","runtime-core-block_003-v1","core__BLOCK_003__index__reverse_stripes__reverse_00048.tif",1636518,"https://github.com/JamilRamirez/FABDEM-Watershed-Runtime/releases/download/runtime-core-block_003-v1/core__BLOCK_003__index__reverse_stripes__reverse_00048.tif"
"core/BLOCK_003/index/reverse_stripes/reverse_00049.tif","runtime-core-block_003-v1","core__BLOCK_003__index__reverse_stripes__reverse_00049.tif",1637466,"https://github.com/JamilRamirez/FABDEM-Watershed-Runtime/releases/download/runtime-core-block_003-v1/core__BLOCK_003__index__reverse_stripes__reverse_00049.tif"
"core/BLOCK_003/index/reverse_stripes/reverse_00050.tif","runtime-core-block_003-v1","core__BLOCK_003__index__reverse_stripes__reverse_00050.tif",1634034,"https://github.com/JamilRamirez/FABDEM-Watershed-Runtime/releases/download/runtime-core-block_003-v1/core__BLOCK_003__index__reverse_stripes__reverse_00050.tif"
"core/BLOCK_003/index/reverse_stripes/reverse_00051.tif","runtime-core-block_003-v1","core__BLOCK_003__index__reverse_stripes__reverse_00051.tif",1633590,"https://github.com/JamilRamirez/FABDEM-Watershed-Runtime/releases/download/runtime-core-block_003-v1/core__BLOCK_003__index__reverse_stripes__reverse_00051.tif"
"core/BLOCK_003/index/reverse_stripes/reverse_00052.tif","runtime-core-block_003-v1","core__BLOCK_003__index__reverse_stripes__reverse_00052.tif",1631890,"https://github.com/JamilRamirez/FABDEM-Watershed-Runtime/releases/download/runtime-core-block_003-v1/core__BLOCK_003__index__reverse_stripes__reverse_00052.tif"
"core/BLOCK_003/index/reverse_stripes/reverse_00053.tif","runtime-core-block_003-v1","core__BLOCK_003__index__reverse_stripes__reverse_00053.tif",1630984,"https://github.com/JamilRamirez/FABDEM-Watershed-Runtime/releases/download/runtime-core-block_003-v1/core__BLOCK_003__index__reverse_stripes__reverse_00053.tif"
"core/BLOCK_003/index/reverse_stripes/reverse_00054.tif","runtime-core-block_003-v1","core__BLOCK_003__index__reverse_stripes__reverse_00054.tif",1629322,"https://github.com/JamilRamirez/FABDEM-Watershed-Runtime/releases/download/runtime-core-block_003-v1/core__BLOCK_003__index__reverse_stripes__reverse_00054.tif"
"core/BLOCK_003/index/reverse_stripes/reverse_00055.tif","runtime-core-block_003-v1","core__BLOCK_003__index__reverse_stripes__reverse_00055.tif",1631268,"https://github.com/JamilRamirez/FABDEM-Watershed-Runtime/releases/download/runtime-core-block_003-v1/core__BLOCK_003__index__reverse_stripes__reverse_00055.tif"
"core/BLOCK_003/index/reverse_stripes/reverse_00056.tif","runtime-core-block_003-v1","core__BLOCK_003__index__reverse_stripes__reverse_00056.tif",1631324,"https://github.com/JamilRamirez/FABDEM-Watershed-Runtime/releases/download/runtime-core-block_003-v1/core__BLOCK_003__index__reverse_stripes__reverse_00056.tif"
"core/BLOCK_003/index/reverse_stripes/reverse_00057.tif","runtime-core-block_003-v1","core__BLOCK_003__index__reverse_stripes__reverse_00057.tif",1329146,"https://github.com/JamilRamirez/FABDEM-Watershed-Runtime/releases/download/runtime-core-block_003-v1/core__BLOCK_003__index__reverse_stripes__reverse_00057.tif"
"core/BLOCK_003/index/reverse_stripes/reverse_00058.tif","runtime-core-block_003-v1","core__BLOCK_003__index__reverse_stripes__reverse_00058.tif",1215570,"https://github.com/JamilRamirez/FABDEM-Watershed-Runtime/releases/download/runtime-core-block_003-v1/core__BLOCK_003__index__reverse_stripes__reverse_00058.tif"
"core/BLOCK_003/index/reverse_stripes/reverse_00059.tif","runtime-core-block_003-v1","core__BLOCK_003__index__reverse_stripes__reverse_00059.tif",1221304,"https://github.com/JamilRamirez/FABDEM-Watershed-Runtime/releases/download/runtime-core-block_003-v1/core__BLOCK_003__index__reverse_stripes__reverse_00059.tif"
"core/BLOCK_003/index/reverse_stripes/reverse_00060.tif","runtime-core-block_003-v1","core__BLOCK_003__index__reverse_stripes__reverse_00060.tif",1220088,"https://github.com/JamilRamirez/FABDEM-Watershed-Runtime/releases/download/runtime-core-block_003-v1/core__BLOCK_003__index__reverse_stripes__reverse_00060.tif"
"core/BLOCK_003/index/reverse_stripes/reverse_00061.tif","runtime-core-block_003-v1","core__BLOCK_003__index__reverse_stripes__reverse_00061.tif",1215742,"https://github.com/JamilRamirez/FABDEM-Watershed-Runtime/releases/download/runtime-core-block_003-v1/core__BLOCK_003__index__reverse_stripes__reverse_00061.tif"
"core/BLOCK_003/index/reverse_stripes/reverse_00062.tif","runtime-core-block_003-v1","core__BLOCK_003__index__reverse_stripes__reverse_00062.tif",1217534,"https://github.com/JamilRamirez/FABDEM-Watershed-Runtime/releases/download/runtime-core-block_003-v1/core__BLOCK_003__index__reverse_stripes__reverse_00062.tif"
"core/BLOCK_003/index/reverse_stripes/reverse_00063.tif","runtime-core-block_003-v1","core__BLOCK_003__index__reverse_stripes__reverse_00063.tif",1217000,"https://github.com/JamilRamirez/FABDEM-Watershed-Runtime/releases/download/runtime-core-block_003-v1/core__BLOCK_003__index__reverse_stripes__reverse_00063.tif"
"core/BLOCK_003/index/reverse_stripes/reverse_00064.tif","runtime-core-block_003-v1","core__BLOCK_003__index__reverse_stripes__reverse_00064.tif",1218132,"https://github.com/JamilRamirez/FABDEM-Watershed-Runtime/releases/download/runtime-core-block_003-v1/core__BLOCK_003__index__reverse_stripes__reverse_00064.tif"
"core/BLOCK_003/index/reverse_stripes/reverse_00065.tif","runtime-core-block_003-v1","core__BLOCK_003__index__reverse_stripes__reverse_00065.tif",1222624,"https://github.com/JamilRamirez/FABDEM-Watershed-Runtime/releases/download/runtime-core-block_003-v1/core__BLOCK_003__index__reverse_stripes__reverse_00065.tif"
"core/BLOCK_003/index/reverse_stripes/reverse_00066.tif","runtime-core-block_003-v1","core__BLOCK_003__index__reverse_stripes__reverse_00066.tif",1212990,"https://github.com/JamilRamirez/FABDEM-Watershed-Runtime/releases/download/runtime-core-block_003-v1/core__BLOCK_003__index__reverse_stripes__reverse_00066.tif"
"core/BLOCK_003/index/reverse_stripes/reverse_00067.tif","runtime-core-block_003-v1","core__BLOCK_003__index__reverse_stripes__reverse_00067.tif",1204720,"https://github.com/JamilRamirez/FABDEM-Watershed-Runtime/releases/download/runtime-core-block_003-v1/core__BLOCK_003__index__reverse_stripes__reverse_00067.tif"
"core/BLOCK_003/index/reverse_stripes/reverse_00068.tif","runtime-core-block_003-v1","core__BLOCK_003__index__reverse_stripes__reverse_00068.tif",1210684,"https://github.com/JamilRamirez/FABDEM-Watershed-Runtime/releases/download/runtime-core-block_003-v1/core__BLOCK_003__index__reverse_stripes__reverse_00068.tif"
"core/BLOCK_003/index/reverse_stripes/reverse_00069.tif","runtime-core-block_003-v1","core__BLOCK_003__index__reverse_stripes__reverse_00069.tif",1209196,"https://github.com/JamilRamirez/FABDEM-Watershed-Runtime/releases/download/runtime-core-block_003-v1/core__BLOCK_003__index__reverse_stripes__reverse_00069.tif"
"core/BLOCK_003/index/reverse_stripes/reverse_00070.tif","runtime-core-block_003-v1","core__BLOCK_003__index__reverse_stripes__reverse_00070.tif",1207454,"https://github.com/JamilRamirez/FABDEM-Watershed-Runtime/releases/download/runtime-core-block_003-v1/core__BLOCK_003__index__reverse_stripes__reverse_00070.tif"
"core/BLOCK_003/index/reverse_stripes/reverse_00071.tif","runtime-core-block_003-v1","core__BLOCK_003__index__reverse_stripes__reverse_00071.tif",404750,"https://github.com/JamilRamirez/FABDEM-Watershed-Runtime/releases/download/runtime-core-block_003-v1/core__BLOCK_003__index__reverse_stripes__reverse_00071.tif"
"core/BLOCK_003/index/stream_stripes/stream_00001.tif","runtime-core-block_003-v1","core__BLOCK_003__index__stream_stripes__stream_00001.tif",15904,"https://github.com/JamilRamirez/FABDEM-Watershed-Runtime/releases/download/runtime-core-block_003-v1/core__BLOCK_003__index__stream_stripes__stream_00001.tif"
"core/BLOCK_003/index/stream_stripes/stream_00002.tif","runtime-core-block_003-v1","core__BLOCK_003__index__stream_stripes__stream_00002.tif",16860,"https://github.com/JamilRamirez/FABDEM-Watershed-Runtime/releases/download/runtime-core-block_003-v1/core__BLOCK_003__index__stream_stripes__stream_00002.tif"
"core/BLOCK_003/index/stream_stripes/stream_00003.tif","runtime-core-block_003-v1","core__BLOCK_003__index__stream_stripes__stream_00003.tif",16764,"https://github.com/JamilRamirez/FABDEM-Watershed-Runtime/releases/download/runtime-core-block_003-v1/core__BLOCK_003__index__stream_stripes__stream_00003.tif"
"core/BLOCK_003/index/stream_stripes/stream_00004.tif","runtime-core-block_003-v1","core__BLOCK_003__index__stream_stripes__stream_00004.tif",15322,"https://github.com/JamilRamirez/FABDEM-Watershed-Runtime/releases/download/runtime-core-block_003-v1/core__BLOCK_003__index__stream_stripes__stream_00004.tif"
"core/BLOCK_003/index/stream_stripes/stream_00005.tif","runtime-core-block_003-v1","core__BLOCK_003__index__stream_stripes__stream_00005.tif",15894,"https://github.com/JamilRamirez/FABDEM-Watershed-Runtime/releases/download/runtime-core-block_003-v1/core__BLOCK_003__index__stream_stripes__stream_00005.tif"
"core/BLOCK_003/index/stream_stripes/stream_00006.tif","runtime-core-block_003-v1","core__BLOCK_003__index__stream_stripes__stream_00006.tif",14616,"https://github.com/JamilRamirez/FABDEM-Watershed-Runtime/releases/download/runtime-core-block_003-v1/core__BLOCK_003__index__stream_stripes__stream_00006.tif"
"core/BLOCK_003/index/stream_stripes/stream_00007.tif","runtime-core-block_003-v1","core__BLOCK_003__index__stream_stripes__stream_00007.tif",16032,"https://github.com/JamilRamirez/FABDEM-Watershed-Runtime/releases/download/runtime-core-block_003-v1/core__BLOCK_003__index__stream_stripes__stream_00007.tif"
"core/BLOCK_003/index/stream_stripes/stream_00008.tif","runtime-core-block_003-v1","core__BLOCK_003__index__stream_stripes__stream_00008.tif",17564,"https://github.com/JamilRamirez/FABDEM-Watershed-Runtime/releases/download/runtime-core-block_003-v1/core__BLOCK_003__index__stream_stripes__stream_00008.tif"
"core/BLOCK_003/index/stream_stripes/stream_00009.tif","runtime-core-block_003-v1","core__BLOCK_003__index__stream_stripes__stream_00009.tif",19292,"https://github.com/JamilRamirez/FABDEM-Watershed-Runtime/releases/download/runtime-core-block_003-v1/core__BLOCK_003__index__stream_stripes__stream_00009.tif"
"core/BLOCK_003/index/stream_stripes/stream_00010.tif","runtime-core-block_003-v1","core__BLOCK_003__index__stream_stripes__stream_00010.tif",17254,"https://github.com/JamilRamirez/FABDEM-Watershed-Runtime/releases/download/runtime-core-block_003-v1/core__BLOCK_003__index__stream_stripes__stream_00010.tif"
"core/BLOCK_003/index/stream_stripes/stream_00011.tif","runtime-core-block_003-v1","core__BLOCK_003__index__stream_stripes__stream_00011.tif",18334,"https://github.com/JamilRamirez/FABDEM-Watershed-Runtime/releases/download/runtime-core-block_003-v1/core__BLOCK_003__index__stream_stripes__stream_00011.tif"
"core/BLOCK_003/index/stream_stripes/stream_00012.tif","runtime-core-block_003-v1","core__BLOCK_003__index__stream_stripes__stream_00012.tif",16410,"https://github.com/JamilRamirez/FABDEM-Watershed-Runtime/releases/download/runtime-core-block_003-v1/core__BLOCK_003__index__stream_stripes__stream_00012.tif"
"core/BLOCK_003/index/stream_stripes/stream_00013.tif","runtime-core-block_003-v1","core__BLOCK_003__index__stream_stripes__stream_00013.tif",16640,"https://github.com/JamilRamirez/FABDEM-Watershed-Runtime/releases/download/runtime-core-block_003-v1/core__BLOCK_003__index__stream_stripes__stream_00013.tif"
"core/BLOCK_003/index/stream_stripes/stream_00014.tif","runtime-core-block_003-v1","core__BLOCK_003__index__stream_stripes__stream_00014.tif",15972,"https://github.com/JamilRamirez/FABDEM-Watershed-Runtime/releases/download/runtime-core-block_003-v1/core__BLOCK_003__index__stream_stripes__stream_00014.tif"
"core/BLOCK_003/index/stream_stripes/stream_00015.tif","runtime-core-block_003-v1","core__BLOCK_003__index__stream_stripes__stream_00015.tif",44108,"https://github.com/JamilRamirez/FABDEM-Watershed-Runtime/releases/download/runtime-core-block_003-v1/core__BLOCK_003__index__stream_stripes__stream_00015.tif"
"core/BLOCK_003/index/stream_stripes/stream_00016.tif","runtime-core-block_003-v1","core__BLOCK_003__index__stream_stripes__stream_00016.tif",49096,"https://github.com/JamilRamirez/FABDEM-Watershed-Runtime/releases/download/runtime-core-block_003-v1/core__BLOCK_003__index__stream_stripes__stream_00016.tif"
"core/BLOCK_003/index/stream_stripes/stream_00017.tif","runtime-core-block_003-v1","core__BLOCK_003__index__stream_stripes__stream_00017.tif",53122,"https://github.com/JamilRamirez/FABDEM-Watershed-Runtime/releases/download/runtime-core-block_003-v1/core__BLOCK_003__index__stream_stripes__stream_00017.tif"
"core/BLOCK_003/index/stream_stripes/stream_00018.tif","runtime-core-block_003-v1","core__BLOCK_003__index__stream_stripes__stream_00018.tif",51884,"https://github.com/JamilRamirez/FABDEM-Watershed-Runtime/releases/download/runtime-core-block_003-v1/core__BLOCK_003__index__stream_stripes__stream_00018.tif"
"core/BLOCK_003/index/stream_stripes/stream_00019.tif","runtime-core-block_003-v1","core__BLOCK_003__index__stream_stripes__stream_00019.tif",48452,"https://github.com/JamilRamirez/FABDEM-Watershed-Runtime/releases/download/runtime-core-block_003-v1/core__BLOCK_003__index__stream_stripes__stream_00019.tif"
"core/BLOCK_003/index/stream_stripes/stream_00020.tif","runtime-core-block_003-v1","core__BLOCK_003__index__stream_stripes__stream_00020.tif",49658,"https://github.com/JamilRamirez/FABDEM-Watershed-Runtime/releases/download/runtime-core-block_003-v1/core__BLOCK_003__index__stream_stripes__stream_00020.tif"
"core/BLOCK_003/index/stream_stripes/stream_00021.tif","runtime-core-block_003-v1","core__BLOCK_003__index__stream_stripes__stream_00021.tif",51714,"https://github.com/JamilRamirez/FABDEM-Watershed-Runtime/releases/download/runtime-core-block_003-v1/core__BLOCK_003__index__stream_stripes__stream_00021.tif"
"core/BLOCK_003/index/stream_stripes/stream_00022.tif","runtime-core-block_003-v1","core__BLOCK_003__index__stream_stripes__stream_00022.tif",51018,"https://github.com/JamilRamirez/FABDEM-Watershed-Runtime/releases/download/runtime-core-block_003-v1/core__BLOCK_003__index__stream_stripes__stream_00022.tif"
"core/BLOCK_003/index/stream_stripes/stream_00023.tif","runtime-core-block_003-v1","core__BLOCK_003__index__stream_stripes__stream_00023.tif",49634,"https://github.com/JamilRamirez/FABDEM-Watershed-Runtime/releases/download/runtime-core-block_003-v1/core__BLOCK_003__index__stream_stripes__stream_00023.tif"
"core/BLOCK_003/index/stream_stripes/stream_00024.tif","runtime-core-block_003-v1","core__BLOCK_003__index__stream_stripes__stream_00024.tif",50032,"https://github.com/JamilRamirez/FABDEM-Watershed-Runtime/releases/download/runtime-core-block_003-v1/core__BLOCK_003__index__stream_stripes__stream_00024.tif"
"core/BLOCK_003/index/stream_stripes/stream_00025.tif","runtime-core-block_003-v1","core__BLOCK_003__index__stream_stripes__stream_00025.tif",49584,"https://github.com/JamilRamirez/FABDEM-Watershed-Runtime/releases/download/runtime-core-block_003-v1/core__BLOCK_003__index__stream_stripes__stream_00025.tif"
"core/BLOCK_003/index/stream_stripes/stream_00026.tif","runtime-core-block_003-v1","core__BLOCK_003__index__stream_stripes__stream_00026.tif",47916,"https://github.com/JamilRamirez/FABDEM-Watershed-Runtime/releases/download/runtime-core-block_003-v1/core__BLOCK_003__index__stream_stripes__stream_00026.tif"
"core/BLOCK_003/index/stream_stripes/stream_00027.tif","runtime-core-block_003-v1","core__BLOCK_003__index__stream_stripes__stream_00027.tif",49990,"https://github.com/JamilRamirez/FABDEM-Watershed-Runtime/releases/download/runtime-core-block_003-v1/core__BLOCK_003__index__stream_stripes__stream_00027.tif"
"core/BLOCK_003/index/stream_stripes/stream_00028.tif","runtime-core-block_003-v1","core__BLOCK_003__index__stream_stripes__stream_00028.tif",49170,"https://github.com/JamilRamirez/FABDEM-Watershed-Runtime/releases/download/runtime-core-block_003-v1/core__BLOCK_003__index__stream_stripes__stream_00028.tif"
"core/BLOCK_003/index/stream_stripes/stream_00029.tif","runtime-core-block_003-v1","core__BLOCK_003__index__stream_stripes__stream_00029.tif",47696,"https://github.com/JamilRamirez/FABDEM-Watershed-Runtime/releases/download/runtime-core-block_003-v1/core__BLOCK_003__index__stream_stripes__stream_00029.tif"
"core/BLOCK_003/index/stream_stripes/stream_00030.tif","runtime-core-block_003-v1","core__BLOCK_003__index__stream_stripes__stream_00030.tif",49530,"https://github.com/JamilRamirez/FABDEM-Watershed-Runtime/releases/download/runtime-core-block_003-v1/core__BLOCK_003__index__stream_stripes__stream_00030.tif"
"core/BLOCK_003/index/stream_stripes/stream_00031.tif","runtime-core-block_003-v1","core__BLOCK_003__index__stream_stripes__stream_00031.tif",48268,"https://github.com/JamilRamirez/FABDEM-Watershed-Runtime/releases/download/runtime-core-block_003-v1/core__BLOCK_003__index__stream_stripes__stream_00031.tif"
"core/BLOCK_003/index/stream_stripes/stream_00032.tif","runtime-core-block_003-v1","core__BLOCK_003__index__stream_stripes__stream_00032.tif",50938,"https://github.com/JamilRamirez/FABDEM-Watershed-Runtime/releases/download/runtime-core-block_003-v1/core__BLOCK_003__index__stream_stripes__stream_00032.tif"
"core/BLOCK_003/index/stream_stripes/stream_00033.tif","runtime-core-block_003-v1","core__BLOCK_003__index__stream_stripes__stream_00033.tif",49462,"https://github.com/JamilRamirez/FABDEM-Watershed-Runtime/releases/download/runtime-core-block_003-v1/core__BLOCK_003__index__stream_stripes__stream_00033.tif"
"core/BLOCK_003/index/stream_stripes/stream_00034.tif","runtime-core-block_003-v1","core__BLOCK_003__index__stream_stripes__stream_00034.tif",49880,"https://github.com/JamilRamirez/FABDEM-Watershed-Runtime/releases/download/runtime-core-block_003-v1/core__BLOCK_003__index__stream_stripes__stream_00034.tif"
"core/BLOCK_003/index/stream_stripes/stream_00035.tif","runtime-core-block_003-v1","core__BLOCK_003__index__stream_stripes__stream_00035.tif",46090,"https://github.com/JamilRamirez/FABDEM-Watershed-Runtime/releases/download/runtime-core-block_003-v1/core__BLOCK_003__index__stream_stripes__stream_00035.tif"
"core/BLOCK_003/index/stream_stripes/stream_00036.tif","runtime-core-block_003-v1","core__BLOCK_003__index__stream_stripes__stream_00036.tif",50856,"https://github.com/JamilRamirez/FABDEM-Watershed-Runtime/releases/download/runtime-core-block_003-v1/core__BLOCK_003__index__stream_stripes__stream_00036.tif"
"core/BLOCK_003/index/stream_stripes/stream_00037.tif","runtime-core-block_003-v1","core__BLOCK_003__index__stream_stripes__stream_00037.tif",45858,"https://github.com/JamilRamirez/FABDEM-Watershed-Runtime/releases/download/runtime-core-block_003-v1/core__BLOCK_003__index__stream_stripes__stream_00037.tif"
"core/BLOCK_003/index/stream_stripes/stream_00038.tif","runtime-core-block_003-v1","core__BLOCK_003__index__stream_stripes__stream_00038.tif",49620,"https://github.com/JamilRamirez/FABDEM-Watershed-Runtime/releases/download/runtime-core-block_003-v1/core__BLOCK_003__index__stream_stripes__stream_00038.tif"
"core/BLOCK_003/index/stream_stripes/stream_00039.tif","runtime-core-block_003-v1","core__BLOCK_003__index__stream_stripes__stream_00039.tif",47510,"https://github.com/JamilRamirez/FABDEM-Watershed-Runtime/releases/download/runtime-core-block_003-v1/core__BLOCK_003__index__stream_stripes__stream_00039.tif"
"core/BLOCK_003/index/stream_stripes/stream_00040.tif","runtime-core-block_003-v1","core__BLOCK_003__index__stream_stripes__stream_00040.tif",49832,"https://github.com/JamilRamirez/FABDEM-Watershed-Runtime/releases/download/runtime-core-block_003-v1/core__BLOCK_003__index__stream_stripes__stream_00040.tif"
"core/BLOCK_003/index/stream_stripes/stream_00041.tif","runtime-core-block_003-v1","core__BLOCK_003__index__stream_stripes__stream_00041.tif",51410,"https://github.com/JamilRamirez/FABDEM-Watershed-Runtime/releases/download/runtime-core-block_003-v1/core__BLOCK_003__index__stream_stripes__stream_00041.tif"
"core/BLOCK_003/index/stream_stripes/stream_00042.tif","runtime-core-block_003-v1","core__BLOCK_003__index__stream_stripes__stream_00042.tif",46158,"https://github.com/JamilRamirez/FABDEM-Watershed-Runtime/releases/download/runtime-core-block_003-v1/core__BLOCK_003__index__stream_stripes__stream_00042.tif"
"core/BLOCK_003/index/stream_stripes/stream_00043.tif","runtime-core-block_003-v1","core__BLOCK_003__index__stream_stripes__stream_00043.tif",44820,"https://github.com/JamilRamirez/FABDEM-Watershed-Runtime/releases/download/runtime-core-block_003-v1/core__BLOCK_003__index__stream_stripes__stream_00043.tif"
"core/BLOCK_003/index/stream_stripes/stream_00044.tif","runtime-core-block_003-v1","core__BLOCK_003__index__stream_stripes__stream_00044.tif",44402,"https://github.com/JamilRamirez/FABDEM-Watershed-Runtime/releases/download/runtime-core-block_003-v1/core__BLOCK_003__index__stream_stripes__stream_00044.tif"
"core/BLOCK_003/index/stream_stripes/stream_00045.tif","runtime-core-block_003-v1","core__BLOCK_003__index__stream_stripes__stream_00045.tif",43308,"https://github.com/JamilRamirez/FABDEM-Watershed-Runtime/releases/download/runtime-core-block_003-v1/core__BLOCK_003__index__stream_stripes__stream_00045.tif"
"core/BLOCK_003/index/stream_stripes/stream_00046.tif","runtime-core-block_003-v1","core__BLOCK_003__index__stream_stripes__stream_00046.tif",39692,"https://github.com/JamilRamirez/FABDEM-Watershed-Runtime/releases/download/runtime-core-block_003-v1/core__BLOCK_003__index__stream_stripes__stream_00046.tif"
"core/BLOCK_003/index/stream_stripes/stream_00047.tif","runtime-core-block_003-v1","core__BLOCK_003__index__stream_stripes__stream_00047.tif",43662,"https://github.com/JamilRamirez/FABDEM-Watershed-Runtime/releases/download/runtime-core-block_003-v1/core__BLOCK_003__index__stream_stripes__stream_00047.tif"
"core/BLOCK_003/index/stream_stripes/stream_00048.tif","runtime-core-block_003-v1","core__BLOCK_003__index__stream_stripes__stream_00048.tif",42212,"https://github.com/JamilRamirez/FABDEM-Watershed-Runtime/releases/download/runtime-core-block_003-v1/core__BLOCK_003__index__stream_stripes__stream_00048.tif"
"core/BLOCK_003/index/stream_stripes/stream_00049.tif","runtime-core-block_003-v1","core__BLOCK_003__index__stream_stripes__stream_00049.tif",41120,"https://github.com/JamilRamirez/FABDEM-Watershed-Runtime/releases/download/runtime-core-block_003-v1/core__BLOCK_003__index__stream_stripes__stream_00049.tif"
"core/BLOCK_003/index/stream_stripes/stream_00050.tif","runtime-core-block_003-v1","core__BLOCK_003__index__stream_stripes__stream_00050.tif",44916,"https://github.com/JamilRamirez/FABDEM-Watershed-Runtime/releases/download/runtime-core-block_003-v1/core__BLOCK_003__index__stream_stripes__stream_00050.tif"
"core/BLOCK_003/index/stream_stripes/stream_00051.tif","runtime-core-block_003-v1","core__BLOCK_003__index__stream_stripes__stream_00051.tif",43052,"https://github.com/JamilRamirez/FABDEM-Watershed-Runtime/releases/download/runtime-core-block_003-v1/core__BLOCK_003__index__stream_stripes__stream_00051.tif"
"core/BLOCK_003/index/stream_stripes/stream_00052.tif","runtime-core-block_003-v1","core__BLOCK_003__index__stream_stripes__stream_00052.tif",40160,"https://github.com/JamilRamirez/FABDEM-Watershed-Runtime/releases/download/runtime-core-block_003-v1/core__BLOCK_003__index__stream_stripes__stream_00052.tif"
"core/BLOCK_003/index/stream_stripes/stream_00053.tif","runtime-core-block_003-v1","core__BLOCK_003__index__stream_stripes__stream_00053.tif",43180,"https://github.com/JamilRamirez/FABDEM-Watershed-Runtime/releases/download/runtime-core-block_003-v1/core__BLOCK_003__index__stream_stripes__stream_00053.tif"
"core/BLOCK_003/index/stream_stripes/stream_00054.tif","runtime-core-block_003-v1","core__BLOCK_003__index__stream_stripes__stream_00054.tif",42098,"https://github.com/JamilRamirez/FABDEM-Watershed-Runtime/releases/download/runtime-core-block_003-v1/core__BLOCK_003__index__stream_stripes__stream_00054.tif"
"core/BLOCK_003/index/stream_stripes/stream_00055.tif","runtime-core-block_003-v1","core__BLOCK_003__index__stream_stripes__stream_00055.tif",42400,"https://github.com/JamilRamirez/FABDEM-Watershed-Runtime/releases/download/runtime-core-block_003-v1/core__BLOCK_003__index__stream_stripes__stream_00055.tif"
"core/BLOCK_003/index/stream_stripes/stream_00056.tif","runtime-core-block_003-v1","core__BLOCK_003__index__stream_stripes__stream_00056.tif",41018,"https://github.com/JamilRamirez/FABDEM-Watershed-Runtime/releases/download/runtime-core-block_003-v1/core__BLOCK_003__index__stream_stripes__stream_00056.tif"
"core/BLOCK_003/index/stream_stripes/stream_00057.tif","runtime-core-block_003-v1","core__BLOCK_003__index__stream_stripes__stream_00057.tif",32824,"https://github.com/JamilRamirez/FABDEM-Watershed-Runtime/releases/download/runtime-core-block_003-v1/core__BLOCK_003__index__stream_stripes__stream_00057.tif"
"core/BLOCK_003/index/stream_stripes/stream_00058.tif","runtime-core-block_003-v1","core__BLOCK_003__index__stream_stripes__stream_00058.tif",35510,"https://github.com/JamilRamirez/FABDEM-Watershed-Runtime/releases/download/runtime-core-block_003-v1/core__BLOCK_003__index__stream_stripes__stream_00058.tif"
"core/BLOCK_003/index/stream_stripes/stream_00059.tif","runtime-core-block_003-v1","core__BLOCK_003__index__stream_stripes__stream_00059.tif",32700,"https://github.com/JamilRamirez/FABDEM-Watershed-Runtime/releases/download/runtime-core-block_003-v1/core__BLOCK_003__index__stream_stripes__stream_00059.tif"
"core/BLOCK_003/index/stream_stripes/stream_00060.tif","runtime-core-block_003-v1","core__BLOCK_003__index__stream_stripes__stream_00060.tif",31980,"https://github.com/JamilRamirez/FABDEM-Watershed-Runtime/releases/download/runtime-core-block_003-v1/core__BLOCK_003__index__stream_stripes__stream_00060.tif"
"core/BLOCK_003/index/stream_stripes/stream_00061.tif","runtime-core-block_003-v1","core__BLOCK_003__index__stream_stripes__stream_00061.tif",36828,"https://github.com/JamilRamirez/FABDEM-Watershed-Runtime/releases/download/runtime-core-block_003-v1/core__BLOCK_003__index__stream_stripes__stream_00061.tif"
"core/BLOCK_003/index/stream_stripes/stream_00062.tif","runtime-core-block_003-v1","core__BLOCK_003__index__stream_stripes__stream_00062.tif",32608,"https://github.com/JamilRamirez/FABDEM-Watershed-Runtime/releases/download/runtime-core-block_003-v1/core__BLOCK_003__index__stream_stripes__stream_00062.tif"
"core/BLOCK_003/index/stream_stripes/stream_00063.tif","runtime-core-block_003-v1","core__BLOCK_003__index__stream_stripes__stream_00063.tif",29946,"https://github.com/JamilRamirez/FABDEM-Watershed-Runtime/releases/download/runtime-core-block_003-v1/core__BLOCK_003__index__stream_stripes__stream_00063.tif"
"core/BLOCK_003/index/stream_stripes/stream_00064.tif","runtime-core-block_003-v1","core__BLOCK_003__index__stream_stripes__stream_00064.tif",33058,"https://github.com/JamilRamirez/FABDEM-Watershed-Runtime/releases/download/runtime-core-block_003-v1/core__BLOCK_003__index__stream_stripes__stream_00064.tif"
"core/BLOCK_003/index/stream_stripes/stream_00065.tif","runtime-core-block_003-v1","core__BLOCK_003__index__stream_stripes__stream_00065.tif",38584,"https://github.com/JamilRamirez/FABDEM-Watershed-Runtime/releases/download/runtime-core-block_003-v1/core__BLOCK_003__index__stream_stripes__stream_00065.tif"
"core/BLOCK_003/index/stream_stripes/stream_00066.tif","runtime-core-block_003-v1","core__BLOCK_003__index__stream_stripes__stream_00066.tif",30836,"https://github.com/JamilRamirez/FABDEM-Watershed-Runtime/releases/download/runtime-core-block_003-v1/core__BLOCK_003__index__stream_stripes__stream_00066.tif"
"core/BLOCK_003/index/stream_stripes/stream_00067.tif","runtime-core-block_003-v1","core__BLOCK_003__index__stream_stripes__stream_00067.tif",36062,"https://github.com/JamilRamirez/FABDEM-Watershed-Runtime/releases/download/runtime-core-block_003-v1/core__BLOCK_003__index__stream_stripes__stream_00067.tif"
"core/BLOCK_003/index/stream_stripes/stream_00068.tif","runtime-core-block_003-v1","core__BLOCK_003__index__stream_stripes__stream_00068.tif",27998,"https://github.com/JamilRamirez/FABDEM-Watershed-Runtime/releases/download/runtime-core-block_003-v1/core__BLOCK_003__index__stream_stripes__stream_00068.tif"
"core/BLOCK_003/index/stream_stripes/stream_00069.tif","runtime-core-block_003-v1","core__BLOCK_003__index__stream_stripes__stream_00069.tif",36756,"https://github.com/JamilRamirez/FABDEM-Watershed-Runtime/releases/download/runtime-core-block_003-v1/core__BLOCK_003__index__stream_stripes__stream_00069.tif"
"core/BLOCK_003/index/stream_stripes/stream_00070.tif","runtime-core-block_003-v1","core__BLOCK_003__index__stream_stripes__stream_00070.tif",31970,"https://github.com/JamilRamirez/FABDEM-Watershed-Runtime/releases/download/runtime-core-block_003-v1/core__BLOCK_003__index__stream_stripes__stream_00070.tif"
"core/BLOCK_003/index/stream_stripes/stream_00071.tif","runtime-core-block_003-v1","core__BLOCK_003__index__stream_stripes__stream_00071.tif",11438,"https://github.com/JamilRamirez/FABDEM-Watershed-Runtime/releases/download/runtime-core-block_003-v1/core__BLOCK_003__index__stream_stripes__stream_00071.tif"
"core/BLOCK_004/fast_cache/fast_cache_metadata.rds","runtime-core-block_004-v1","core__BLOCK_004__fast_cache__fast_cache_metadata.rds",277,"https://github.com/JamilRamirez/FABDEM-Watershed-Runtime/releases/download/runtime-core-block_004-v1/core__BLOCK_004__fast_cache__fast_cache_metadata.rds"
"core/BLOCK_004/fast_cache/reverse_raw/reverse_00001.rds","runtime-core-block_004-v1","core__BLOCK_004__fast_cache__reverse_raw__reverse_00001.rds",11980944,"https://github.com/JamilRamirez/FABDEM-Watershed-Runtime/releases/download/runtime-core-block_004-v1/core__BLOCK_004__fast_cache__reverse_raw__reverse_00001.rds"
"core/BLOCK_004/fast_cache/reverse_raw/reverse_00002.rds","runtime-core-block_004-v1","core__BLOCK_004__fast_cache__reverse_raw__reverse_00002.rds",11980944,"https://github.com/JamilRamirez/FABDEM-Watershed-Runtime/releases/download/runtime-core-block_004-v1/core__BLOCK_004__fast_cache__reverse_raw__reverse_00002.rds"
"core/BLOCK_004/fast_cache/reverse_raw/reverse_00003.rds","runtime-core-block_004-v1","core__BLOCK_004__fast_cache__reverse_raw__reverse_00003.rds",11980944,"https://github.com/JamilRamirez/FABDEM-Watershed-Runtime/releases/download/runtime-core-block_004-v1/core__BLOCK_004__fast_cache__reverse_raw__reverse_00003.rds"
"core/BLOCK_004/fast_cache/reverse_raw/reverse_00004.rds","runtime-core-block_004-v1","core__BLOCK_004__fast_cache__reverse_raw__reverse_00004.rds",11980944,"https://github.com/JamilRamirez/FABDEM-Watershed-Runtime/releases/download/runtime-core-block_004-v1/core__BLOCK_004__fast_cache__reverse_raw__reverse_00004.rds"
"core/BLOCK_004/fast_cache/reverse_raw/reverse_00005.rds","runtime-core-block_004-v1","core__BLOCK_004__fast_cache__reverse_raw__reverse_00005.rds",11980944,"https://github.com/JamilRamirez/FABDEM-Watershed-Runtime/releases/download/runtime-core-block_004-v1/core__BLOCK_004__fast_cache__reverse_raw__reverse_00005.rds"
"core/BLOCK_004/fast_cache/reverse_raw/reverse_00006.rds","runtime-core-block_004-v1","core__BLOCK_004__fast_cache__reverse_raw__reverse_00006.rds",11980944,"https://github.com/JamilRamirez/FABDEM-Watershed-Runtime/releases/download/runtime-core-block_004-v1/core__BLOCK_004__fast_cache__reverse_raw__reverse_00006.rds"
"core/BLOCK_004/fast_cache/reverse_raw/reverse_00007.rds","runtime-core-block_004-v1","core__BLOCK_004__fast_cache__reverse_raw__reverse_00007.rds",11980944,"https://github.com/JamilRamirez/FABDEM-Watershed-Runtime/releases/download/runtime-core-block_004-v1/core__BLOCK_004__fast_cache__reverse_raw__reverse_00007.rds"
"core/BLOCK_004/fast_cache/reverse_raw/reverse_00008.rds","runtime-core-block_004-v1","core__BLOCK_004__fast_cache__reverse_raw__reverse_00008.rds",11980944,"https://github.com/JamilRamirez/FABDEM-Watershed-Runtime/releases/download/runtime-core-block_004-v1/core__BLOCK_004__fast_cache__reverse_raw__reverse_00008.rds"
"core/BLOCK_004/fast_cache/reverse_raw/reverse_00009.rds","runtime-core-block_004-v1","core__BLOCK_004__fast_cache__reverse_raw__reverse_00009.rds",11980944,"https://github.com/JamilRamirez/FABDEM-Watershed-Runtime/releases/download/runtime-core-block_004-v1/core__BLOCK_004__fast_cache__reverse_raw__reverse_00009.rds"
"core/BLOCK_004/fast_cache/reverse_raw/reverse_00010.rds","runtime-core-block_004-v1","core__BLOCK_004__fast_cache__reverse_raw__reverse_00010.rds",11980944,"https://github.com/JamilRamirez/FABDEM-Watershed-Runtime/releases/download/runtime-core-block_004-v1/core__BLOCK_004__fast_cache__reverse_raw__reverse_00010.rds"
"core/BLOCK_004/fast_cache/reverse_raw/reverse_00011.rds","runtime-core-block_004-v1","core__BLOCK_004__fast_cache__reverse_raw__reverse_00011.rds",11980944,"https://github.com/JamilRamirez/FABDEM-Watershed-Runtime/releases/download/runtime-core-block_004-v1/core__BLOCK_004__fast_cache__reverse_raw__reverse_00011.rds"
"core/BLOCK_004/fast_cache/reverse_raw/reverse_00012.rds","runtime-core-block_004-v1","core__BLOCK_004__fast_cache__reverse_raw__reverse_00012.rds",11980944,"https://github.com/JamilRamirez/FABDEM-Watershed-Runtime/releases/download/runtime-core-block_004-v1/core__BLOCK_004__fast_cache__reverse_raw__reverse_00012.rds"
"core/BLOCK_004/fast_cache/reverse_raw/reverse_00013.rds","runtime-core-block_004-v1","core__BLOCK_004__fast_cache__reverse_raw__reverse_00013.rds",11980944,"https://github.com/JamilRamirez/FABDEM-Watershed-Runtime/releases/download/runtime-core-block_004-v1/core__BLOCK_004__fast_cache__reverse_raw__reverse_00013.rds"
"core/BLOCK_004/fast_cache/reverse_raw/reverse_00014.rds","runtime-core-block_004-v1","core__BLOCK_004__fast_cache__reverse_raw__reverse_00014.rds",11980944,"https://github.com/JamilRamirez/FABDEM-Watershed-Runtime/releases/download/runtime-core-block_004-v1/core__BLOCK_004__fast_cache__reverse_raw__reverse_00014.rds"
"core/BLOCK_004/fast_cache/reverse_raw/reverse_00015.rds","runtime-core-block_004-v1","core__BLOCK_004__fast_cache__reverse_raw__reverse_00015.rds",11980944,"https://github.com/JamilRamirez/FABDEM-Watershed-Runtime/releases/download/runtime-core-block_004-v1/core__BLOCK_004__fast_cache__reverse_raw__reverse_00015.rds"
"core/BLOCK_004/fast_cache/reverse_raw/reverse_00016.rds","runtime-core-block_004-v1","core__BLOCK_004__fast_cache__reverse_raw__reverse_00016.rds",11980944,"https://github.com/JamilRamirez/FABDEM-Watershed-Runtime/releases/download/runtime-core-block_004-v1/core__BLOCK_004__fast_cache__reverse_raw__reverse_00016.rds"
"core/BLOCK_004/fast_cache/reverse_raw/reverse_00017.rds","runtime-core-block_004-v1","core__BLOCK_004__fast_cache__reverse_raw__reverse_00017.rds",11980944,"https://github.com/JamilRamirez/FABDEM-Watershed-Runtime/releases/download/runtime-core-block_004-v1/core__BLOCK_004__fast_cache__reverse_raw__reverse_00017.rds"
"core/BLOCK_004/fast_cache/reverse_raw/reverse_00018.rds","runtime-core-block_004-v1","core__BLOCK_004__fast_cache__reverse_raw__reverse_00018.rds",11980944,"https://github.com/JamilRamirez/FABDEM-Watershed-Runtime/releases/download/runtime-core-block_004-v1/core__BLOCK_004__fast_cache__reverse_raw__reverse_00018.rds"
"core/BLOCK_004/fast_cache/reverse_raw/reverse_00019.rds","runtime-core-block_004-v1","core__BLOCK_004__fast_cache__reverse_raw__reverse_00019.rds",11980944,"https://github.com/JamilRamirez/FABDEM-Watershed-Runtime/releases/download/runtime-core-block_004-v1/core__BLOCK_004__fast_cache__reverse_raw__reverse_00019.rds"
"core/BLOCK_004/fast_cache/reverse_raw/reverse_00020.rds","runtime-core-block_004-v1","core__BLOCK_004__fast_cache__reverse_raw__reverse_00020.rds",11980944,"https://github.com/JamilRamirez/FABDEM-Watershed-Runtime/releases/download/runtime-core-block_004-v1/core__BLOCK_004__fast_cache__reverse_raw__reverse_00020.rds"
"core/BLOCK_004/fast_cache/reverse_raw/reverse_00021.rds","runtime-core-block_004-v1","core__BLOCK_004__fast_cache__reverse_raw__reverse_00021.rds",11980944,"https://github.com/JamilRamirez/FABDEM-Watershed-Runtime/releases/download/runtime-core-block_004-v1/core__BLOCK_004__fast_cache__reverse_raw__reverse_00021.rds"
"core/BLOCK_004/fast_cache/reverse_raw/reverse_00022.rds","runtime-core-block_004-v1","core__BLOCK_004__fast_cache__reverse_raw__reverse_00022.rds",11980944,"https://github.com/JamilRamirez/FABDEM-Watershed-Runtime/releases/download/runtime-core-block_004-v1/core__BLOCK_004__fast_cache__reverse_raw__reverse_00022.rds"
"core/BLOCK_004/fast_cache/reverse_raw/reverse_00023.rds","runtime-core-block_004-v1","core__BLOCK_004__fast_cache__reverse_raw__reverse_00023.rds",11980944,"https://github.com/JamilRamirez/FABDEM-Watershed-Runtime/releases/download/runtime-core-block_004-v1/core__BLOCK_004__fast_cache__reverse_raw__reverse_00023.rds"
"core/BLOCK_004/fast_cache/reverse_raw/reverse_00024.rds","runtime-core-block_004-v1","core__BLOCK_004__fast_cache__reverse_raw__reverse_00024.rds",11980944,"https://github.com/JamilRamirez/FABDEM-Watershed-Runtime/releases/download/runtime-core-block_004-v1/core__BLOCK_004__fast_cache__reverse_raw__reverse_00024.rds"
"core/BLOCK_004/fast_cache/reverse_raw/reverse_00025.rds","runtime-core-block_004-v1","core__BLOCK_004__fast_cache__reverse_raw__reverse_00025.rds",11980944,"https://github.com/JamilRamirez/FABDEM-Watershed-Runtime/releases/download/runtime-core-block_004-v1/core__BLOCK_004__fast_cache__reverse_raw__reverse_00025.rds"
"core/BLOCK_004/fast_cache/reverse_raw/reverse_00026.rds","runtime-core-block_004-v1","core__BLOCK_004__fast_cache__reverse_raw__reverse_00026.rds",11980944,"https://github.com/JamilRamirez/FABDEM-Watershed-Runtime/releases/download/runtime-core-block_004-v1/core__BLOCK_004__fast_cache__reverse_raw__reverse_00026.rds"
"core/BLOCK_004/fast_cache/reverse_raw/reverse_00027.rds","runtime-core-block_004-v1","core__BLOCK_004__fast_cache__reverse_raw__reverse_00027.rds",11980944,"https://github.com/JamilRamirez/FABDEM-Watershed-Runtime/releases/download/runtime-core-block_004-v1/core__BLOCK_004__fast_cache__reverse_raw__reverse_00027.rds"
"core/BLOCK_004/fast_cache/reverse_raw/reverse_00028.rds","runtime-core-block_004-v1","core__BLOCK_004__fast_cache__reverse_raw__reverse_00028.rds",11980944,"https://github.com/JamilRamirez/FABDEM-Watershed-Runtime/releases/download/runtime-core-block_004-v1/core__BLOCK_004__fast_cache__reverse_raw__reverse_00028.rds"
"core/BLOCK_004/fast_cache/reverse_raw/reverse_00029.rds","runtime-core-block_004-v1","core__BLOCK_004__fast_cache__reverse_raw__reverse_00029.rds",11980944,"https://github.com/JamilRamirez/FABDEM-Watershed-Runtime/releases/download/runtime-core-block_004-v1/core__BLOCK_004__fast_cache__reverse_raw__reverse_00029.rds"
"core/BLOCK_004/fast_cache/reverse_raw/reverse_00030.rds","runtime-core-block_004-v1","core__BLOCK_004__fast_cache__reverse_raw__reverse_00030.rds",11980944,"https://github.com/JamilRamirez/FABDEM-Watershed-Runtime/releases/download/runtime-core-block_004-v1/core__BLOCK_004__fast_cache__reverse_raw__reverse_00030.rds"
"core/BLOCK_004/fast_cache/reverse_raw/reverse_00031.rds","runtime-core-block_004-v1","core__BLOCK_004__fast_cache__reverse_raw__reverse_00031.rds",11980944,"https://github.com/JamilRamirez/FABDEM-Watershed-Runtime/releases/download/runtime-core-block_004-v1/core__BLOCK_004__fast_cache__reverse_raw__reverse_00031.rds"
"core/BLOCK_004/fast_cache/reverse_raw/reverse_00032.rds","runtime-core-block_004-v1","core__BLOCK_004__fast_cache__reverse_raw__reverse_00032.rds",11980944,"https://github.com/JamilRamirez/FABDEM-Watershed-Runtime/releases/download/runtime-core-block_004-v1/core__BLOCK_004__fast_cache__reverse_raw__reverse_00032.rds"
"core/BLOCK_004/fast_cache/reverse_raw/reverse_00033.rds","runtime-core-block_004-v1","core__BLOCK_004__fast_cache__reverse_raw__reverse_00033.rds",11980944,"https://github.com/JamilRamirez/FABDEM-Watershed-Runtime/releases/download/runtime-core-block_004-v1/core__BLOCK_004__fast_cache__reverse_raw__reverse_00033.rds"
"core/BLOCK_004/fast_cache/reverse_raw/reverse_00034.rds","runtime-core-block_004-v1","core__BLOCK_004__fast_cache__reverse_raw__reverse_00034.rds",11980944,"https://github.com/JamilRamirez/FABDEM-Watershed-Runtime/releases/download/runtime-core-block_004-v1/core__BLOCK_004__fast_cache__reverse_raw__reverse_00034.rds"
"core/BLOCK_004/fast_cache/reverse_raw/reverse_00035.rds","runtime-core-block_004-v1","core__BLOCK_004__fast_cache__reverse_raw__reverse_00035.rds",11980944,"https://github.com/JamilRamirez/FABDEM-Watershed-Runtime/releases/download/runtime-core-block_004-v1/core__BLOCK_004__fast_cache__reverse_raw__reverse_00035.rds"
"core/BLOCK_004/fast_cache/reverse_raw/reverse_00036.rds","runtime-core-block_004-v1","core__BLOCK_004__fast_cache__reverse_raw__reverse_00036.rds",11980944,"https://github.com/JamilRamirez/FABDEM-Watershed-Runtime/releases/download/runtime-core-block_004-v1/core__BLOCK_004__fast_cache__reverse_raw__reverse_00036.rds"
"core/BLOCK_004/fast_cache/reverse_raw/reverse_00037.rds","runtime-core-block_004-v1","core__BLOCK_004__fast_cache__reverse_raw__reverse_00037.rds",11980944,"https://github.com/JamilRamirez/FABDEM-Watershed-Runtime/releases/download/runtime-core-block_004-v1/core__BLOCK_004__fast_cache__reverse_raw__reverse_00037.rds"
"core/BLOCK_004/fast_cache/reverse_raw/reverse_00038.rds","runtime-core-block_004-v1","core__BLOCK_004__fast_cache__reverse_raw__reverse_00038.rds",11980944,"https://github.com/JamilRamirez/FABDEM-Watershed-Runtime/releases/download/runtime-core-block_004-v1/core__BLOCK_004__fast_cache__reverse_raw__reverse_00038.rds"
"core/BLOCK_004/fast_cache/reverse_raw/reverse_00039.rds","runtime-core-block_004-v1","core__BLOCK_004__fast_cache__reverse_raw__reverse_00039.rds",11980944,"https://github.com/JamilRamirez/FABDEM-Watershed-Runtime/releases/download/runtime-core-block_004-v1/core__BLOCK_004__fast_cache__reverse_raw__reverse_00039.rds"
"core/BLOCK_004/fast_cache/reverse_raw/reverse_00040.rds","runtime-core-block_004-v1","core__BLOCK_004__fast_cache__reverse_raw__reverse_00040.rds",11980944,"https://github.com/JamilRamirez/FABDEM-Watershed-Runtime/releases/download/runtime-core-block_004-v1/core__BLOCK_004__fast_cache__reverse_raw__reverse_00040.rds"
"core/BLOCK_004/fast_cache/reverse_raw/reverse_00041.rds","runtime-core-block_004-v1","core__BLOCK_004__fast_cache__reverse_raw__reverse_00041.rds",11980944,"https://github.com/JamilRamirez/FABDEM-Watershed-Runtime/releases/download/runtime-core-block_004-v1/core__BLOCK_004__fast_cache__reverse_raw__reverse_00041.rds"
"core/BLOCK_004/fast_cache/reverse_raw/reverse_00042.rds","runtime-core-block_004-v1","core__BLOCK_004__fast_cache__reverse_raw__reverse_00042.rds",11980944,"https://github.com/JamilRamirez/FABDEM-Watershed-Runtime/releases/download/runtime-core-block_004-v1/core__BLOCK_004__fast_cache__reverse_raw__reverse_00042.rds"
"core/BLOCK_004/fast_cache/reverse_raw/reverse_00043.rds","runtime-core-block_004-v1","core__BLOCK_004__fast_cache__reverse_raw__reverse_00043.rds",11980944,"https://github.com/JamilRamirez/FABDEM-Watershed-Runtime/releases/download/runtime-core-block_004-v1/core__BLOCK_004__fast_cache__reverse_raw__reverse_00043.rds"
"core/BLOCK_004/fast_cache/reverse_raw/reverse_00044.rds","runtime-core-block_004-v1","core__BLOCK_004__fast_cache__reverse_raw__reverse_00044.rds",11980944,"https://github.com/JamilRamirez/FABDEM-Watershed-Runtime/releases/download/runtime-core-block_004-v1/core__BLOCK_004__fast_cache__reverse_raw__reverse_00044.rds"
"core/BLOCK_004/fast_cache/reverse_raw/reverse_00045.rds","runtime-core-block_004-v1","core__BLOCK_004__fast_cache__reverse_raw__reverse_00045.rds",11980944,"https://github.com/JamilRamirez/FABDEM-Watershed-Runtime/releases/download/runtime-core-block_004-v1/core__BLOCK_004__fast_cache__reverse_raw__reverse_00045.rds"
"core/BLOCK_004/fast_cache/reverse_raw/reverse_00046.rds","runtime-core-block_004-v1","core__BLOCK_004__fast_cache__reverse_raw__reverse_00046.rds",11980944,"https://github.com/JamilRamirez/FABDEM-Watershed-Runtime/releases/download/runtime-core-block_004-v1/core__BLOCK_004__fast_cache__reverse_raw__reverse_00046.rds"
"core/BLOCK_004/fast_cache/reverse_raw/reverse_00047.rds","runtime-core-block_004-v1","core__BLOCK_004__fast_cache__reverse_raw__reverse_00047.rds",11980944,"https://github.com/JamilRamirez/FABDEM-Watershed-Runtime/releases/download/runtime-core-block_004-v1/core__BLOCK_004__fast_cache__reverse_raw__reverse_00047.rds"
"core/BLOCK_004/fast_cache/reverse_raw/reverse_00048.rds","runtime-core-block_004-v1","core__BLOCK_004__fast_cache__reverse_raw__reverse_00048.rds",11980944,"https://github.com/JamilRamirez/FABDEM-Watershed-Runtime/releases/download/runtime-core-block_004-v1/core__BLOCK_004__fast_cache__reverse_raw__reverse_00048.rds"
"core/BLOCK_004/fast_cache/reverse_raw/reverse_00049.rds","runtime-core-block_004-v1","core__BLOCK_004__fast_cache__reverse_raw__reverse_00049.rds",11980944,"https://github.com/JamilRamirez/FABDEM-Watershed-Runtime/releases/download/runtime-core-block_004-v1/core__BLOCK_004__fast_cache__reverse_raw__reverse_00049.rds"
"core/BLOCK_004/fast_cache/reverse_raw/reverse_00050.rds","runtime-core-block_004-v1","core__BLOCK_004__fast_cache__reverse_raw__reverse_00050.rds",11980944,"https://github.com/JamilRamirez/FABDEM-Watershed-Runtime/releases/download/runtime-core-block_004-v1/core__BLOCK_004__fast_cache__reverse_raw__reverse_00050.rds"
"core/BLOCK_004/fast_cache/reverse_raw/reverse_00051.rds","runtime-core-block_004-v1","core__BLOCK_004__fast_cache__reverse_raw__reverse_00051.rds",11980944,"https://github.com/JamilRamirez/FABDEM-Watershed-Runtime/releases/download/runtime-core-block_004-v1/core__BLOCK_004__fast_cache__reverse_raw__reverse_00051.rds"
"core/BLOCK_004/fast_cache/reverse_raw/reverse_00052.rds","runtime-core-block_004-v1","core__BLOCK_004__fast_cache__reverse_raw__reverse_00052.rds",11980944,"https://github.com/JamilRamirez/FABDEM-Watershed-Runtime/releases/download/runtime-core-block_004-v1/core__BLOCK_004__fast_cache__reverse_raw__reverse_00052.rds"
"core/BLOCK_004/fast_cache/reverse_raw/reverse_00053.rds","runtime-core-block_004-v1","core__BLOCK_004__fast_cache__reverse_raw__reverse_00053.rds",11980944,"https://github.com/JamilRamirez/FABDEM-Watershed-Runtime/releases/download/runtime-core-block_004-v1/core__BLOCK_004__fast_cache__reverse_raw__reverse_00053.rds"
"core/BLOCK_004/fast_cache/reverse_raw/reverse_00054.rds","runtime-core-block_004-v1","core__BLOCK_004__fast_cache__reverse_raw__reverse_00054.rds",11980944,"https://github.com/JamilRamirez/FABDEM-Watershed-Runtime/releases/download/runtime-core-block_004-v1/core__BLOCK_004__fast_cache__reverse_raw__reverse_00054.rds"
"core/BLOCK_004/fast_cache/reverse_raw/reverse_00055.rds","runtime-core-block_004-v1","core__BLOCK_004__fast_cache__reverse_raw__reverse_00055.rds",11980944,"https://github.com/JamilRamirez/FABDEM-Watershed-Runtime/releases/download/runtime-core-block_004-v1/core__BLOCK_004__fast_cache__reverse_raw__reverse_00055.rds"
"core/BLOCK_004/fast_cache/reverse_raw/reverse_00056.rds","runtime-core-block_004-v1","core__BLOCK_004__fast_cache__reverse_raw__reverse_00056.rds",11980944,"https://github.com/JamilRamirez/FABDEM-Watershed-Runtime/releases/download/runtime-core-block_004-v1/core__BLOCK_004__fast_cache__reverse_raw__reverse_00056.rds"
"core/BLOCK_004/fast_cache/reverse_raw/reverse_00057.rds","runtime-core-block_004-v1","core__BLOCK_004__fast_cache__reverse_raw__reverse_00057.rds",11980944,"https://github.com/JamilRamirez/FABDEM-Watershed-Runtime/releases/download/runtime-core-block_004-v1/core__BLOCK_004__fast_cache__reverse_raw__reverse_00057.rds"
"core/BLOCK_004/fast_cache/reverse_raw/reverse_00058.rds","runtime-core-block_004-v1","core__BLOCK_004__fast_cache__reverse_raw__reverse_00058.rds",11980944,"https://github.com/JamilRamirez/FABDEM-Watershed-Runtime/releases/download/runtime-core-block_004-v1/core__BLOCK_004__fast_cache__reverse_raw__reverse_00058.rds"
"core/BLOCK_004/fast_cache/reverse_raw/reverse_00059.rds","runtime-core-block_004-v1","core__BLOCK_004__fast_cache__reverse_raw__reverse_00059.rds",11980944,"https://github.com/JamilRamirez/FABDEM-Watershed-Runtime/releases/download/runtime-core-block_004-v1/core__BLOCK_004__fast_cache__reverse_raw__reverse_00059.rds"
"core/BLOCK_004/fast_cache/reverse_raw/reverse_00060.rds","runtime-core-block_004-v1","core__BLOCK_004__fast_cache__reverse_raw__reverse_00060.rds",11980944,"https://github.com/JamilRamirez/FABDEM-Watershed-Runtime/releases/download/runtime-core-block_004-v1/core__BLOCK_004__fast_cache__reverse_raw__reverse_00060.rds"
"core/BLOCK_004/fast_cache/reverse_raw/reverse_00061.rds","runtime-core-block_004-v1","core__BLOCK_004__fast_cache__reverse_raw__reverse_00061.rds",11980944,"https://github.com/JamilRamirez/FABDEM-Watershed-Runtime/releases/download/runtime-core-block_004-v1/core__BLOCK_004__fast_cache__reverse_raw__reverse_00061.rds"
"core/BLOCK_004/fast_cache/reverse_raw/reverse_00062.rds","runtime-core-block_004-v1","core__BLOCK_004__fast_cache__reverse_raw__reverse_00062.rds",11980944,"https://github.com/JamilRamirez/FABDEM-Watershed-Runtime/releases/download/runtime-core-block_004-v1/core__BLOCK_004__fast_cache__reverse_raw__reverse_00062.rds"
"core/BLOCK_004/fast_cache/reverse_raw/reverse_00063.rds","runtime-core-block_004-v1","core__BLOCK_004__fast_cache__reverse_raw__reverse_00063.rds",11980944,"https://github.com/JamilRamirez/FABDEM-Watershed-Runtime/releases/download/runtime-core-block_004-v1/core__BLOCK_004__fast_cache__reverse_raw__reverse_00063.rds"
"core/BLOCK_004/fast_cache/reverse_raw/reverse_00064.rds","runtime-core-block_004-v1","core__BLOCK_004__fast_cache__reverse_raw__reverse_00064.rds",11980944,"https://github.com/JamilRamirez/FABDEM-Watershed-Runtime/releases/download/runtime-core-block_004-v1/core__BLOCK_004__fast_cache__reverse_raw__reverse_00064.rds"
"core/BLOCK_004/fast_cache/reverse_raw/reverse_00065.rds","runtime-core-block_004-v1","core__BLOCK_004__fast_cache__reverse_raw__reverse_00065.rds",11980944,"https://github.com/JamilRamirez/FABDEM-Watershed-Runtime/releases/download/runtime-core-block_004-v1/core__BLOCK_004__fast_cache__reverse_raw__reverse_00065.rds"
"core/BLOCK_004/fast_cache/reverse_raw/reverse_00066.rds","runtime-core-block_004-v1","core__BLOCK_004__fast_cache__reverse_raw__reverse_00066.rds",11980944,"https://github.com/JamilRamirez/FABDEM-Watershed-Runtime/releases/download/runtime-core-block_004-v1/core__BLOCK_004__fast_cache__reverse_raw__reverse_00066.rds"
"core/BLOCK_004/fast_cache/reverse_raw/reverse_00067.rds","runtime-core-block_004-v1","core__BLOCK_004__fast_cache__reverse_raw__reverse_00067.rds",11980944,"https://github.com/JamilRamirez/FABDEM-Watershed-Runtime/releases/download/runtime-core-block_004-v1/core__BLOCK_004__fast_cache__reverse_raw__reverse_00067.rds"
"core/BLOCK_004/fast_cache/reverse_raw/reverse_00068.rds","runtime-core-block_004-v1","core__BLOCK_004__fast_cache__reverse_raw__reverse_00068.rds",11980944,"https://github.com/JamilRamirez/FABDEM-Watershed-Runtime/releases/download/runtime-core-block_004-v1/core__BLOCK_004__fast_cache__reverse_raw__reverse_00068.rds"
"core/BLOCK_004/fast_cache/reverse_raw/reverse_00069.rds","runtime-core-block_004-v1","core__BLOCK_004__fast_cache__reverse_raw__reverse_00069.rds",11980944,"https://github.com/JamilRamirez/FABDEM-Watershed-Runtime/releases/download/runtime-core-block_004-v1/core__BLOCK_004__fast_cache__reverse_raw__reverse_00069.rds"
"core/BLOCK_004/fast_cache/reverse_raw/reverse_00070.rds","runtime-core-block_004-v1","core__BLOCK_004__fast_cache__reverse_raw__reverse_00070.rds",11980944,"https://github.com/JamilRamirez/FABDEM-Watershed-Runtime/releases/download/runtime-core-block_004-v1/core__BLOCK_004__fast_cache__reverse_raw__reverse_00070.rds"
"core/BLOCK_004/fast_cache/reverse_raw/reverse_00071.rds","runtime-core-block_004-v1","core__BLOCK_004__fast_cache__reverse_raw__reverse_00071.rds",11980944,"https://github.com/JamilRamirez/FABDEM-Watershed-Runtime/releases/download/runtime-core-block_004-v1/core__BLOCK_004__fast_cache__reverse_raw__reverse_00071.rds"
"core/BLOCK_004/fast_cache/reverse_raw/reverse_00072.rds","runtime-core-block_004-v1","core__BLOCK_004__fast_cache__reverse_raw__reverse_00072.rds",11980944,"https://github.com/JamilRamirez/FABDEM-Watershed-Runtime/releases/download/runtime-core-block_004-v1/core__BLOCK_004__fast_cache__reverse_raw__reverse_00072.rds"
"core/BLOCK_004/fast_cache/reverse_raw/reverse_00073.rds","runtime-core-block_004-v1","core__BLOCK_004__fast_cache__reverse_raw__reverse_00073.rds",11980944,"https://github.com/JamilRamirez/FABDEM-Watershed-Runtime/releases/download/runtime-core-block_004-v1/core__BLOCK_004__fast_cache__reverse_raw__reverse_00073.rds"
"core/BLOCK_004/fast_cache/reverse_raw/reverse_00074.rds","runtime-core-block_004-v1","core__BLOCK_004__fast_cache__reverse_raw__reverse_00074.rds",11980944,"https://github.com/JamilRamirez/FABDEM-Watershed-Runtime/releases/download/runtime-core-block_004-v1/core__BLOCK_004__fast_cache__reverse_raw__reverse_00074.rds"
"core/BLOCK_004/fast_cache/reverse_raw/reverse_00075.rds","runtime-core-block_004-v1","core__BLOCK_004__fast_cache__reverse_raw__reverse_00075.rds",11980944,"https://github.com/JamilRamirez/FABDEM-Watershed-Runtime/releases/download/runtime-core-block_004-v1/core__BLOCK_004__fast_cache__reverse_raw__reverse_00075.rds"
"core/BLOCK_004/fast_cache/reverse_raw/reverse_00076.rds","runtime-core-block_004-v1","core__BLOCK_004__fast_cache__reverse_raw__reverse_00076.rds",11980944,"https://github.com/JamilRamirez/FABDEM-Watershed-Runtime/releases/download/runtime-core-block_004-v1/core__BLOCK_004__fast_cache__reverse_raw__reverse_00076.rds"
"core/BLOCK_004/fast_cache/reverse_raw/reverse_00077.rds","runtime-core-block_004-v1","core__BLOCK_004__fast_cache__reverse_raw__reverse_00077.rds",11980944,"https://github.com/JamilRamirez/FABDEM-Watershed-Runtime/releases/download/runtime-core-block_004-v1/core__BLOCK_004__fast_cache__reverse_raw__reverse_00077.rds"
"core/BLOCK_004/fast_cache/reverse_raw/reverse_00078.rds","runtime-core-block_004-v1","core__BLOCK_004__fast_cache__reverse_raw__reverse_00078.rds",11980944,"https://github.com/JamilRamirez/FABDEM-Watershed-Runtime/releases/download/runtime-core-block_004-v1/core__BLOCK_004__fast_cache__reverse_raw__reverse_00078.rds"
"core/BLOCK_004/fast_cache/reverse_raw/reverse_00079.rds","runtime-core-block_004-v1","core__BLOCK_004__fast_cache__reverse_raw__reverse_00079.rds",11980944,"https://github.com/JamilRamirez/FABDEM-Watershed-Runtime/releases/download/runtime-core-block_004-v1/core__BLOCK_004__fast_cache__reverse_raw__reverse_00079.rds"
"core/BLOCK_004/fast_cache/reverse_raw/reverse_00080.rds","runtime-core-block_004-v1","core__BLOCK_004__fast_cache__reverse_raw__reverse_00080.rds",11980944,"https://github.com/JamilRamirez/FABDEM-Watershed-Runtime/releases/download/runtime-core-block_004-v1/core__BLOCK_004__fast_cache__reverse_raw__reverse_00080.rds"
"core/BLOCK_004/fast_cache/reverse_raw/reverse_00081.rds","runtime-core-block_004-v1","core__BLOCK_004__fast_cache__reverse_raw__reverse_00081.rds",11980944,"https://github.com/JamilRamirez/FABDEM-Watershed-Runtime/releases/download/runtime-core-block_004-v1/core__BLOCK_004__fast_cache__reverse_raw__reverse_00081.rds"
"core/BLOCK_004/fast_cache/reverse_raw/reverse_00082.rds","runtime-core-block_004-v1","core__BLOCK_004__fast_cache__reverse_raw__reverse_00082.rds",11980944,"https://github.com/JamilRamirez/FABDEM-Watershed-Runtime/releases/download/runtime-core-block_004-v1/core__BLOCK_004__fast_cache__reverse_raw__reverse_00082.rds"
"core/BLOCK_004/fast_cache/reverse_raw/reverse_00083.rds","runtime-core-block_004-v1","core__BLOCK_004__fast_cache__reverse_raw__reverse_00083.rds",11980944,"https://github.com/JamilRamirez/FABDEM-Watershed-Runtime/releases/download/runtime-core-block_004-v1/core__BLOCK_004__fast_cache__reverse_raw__reverse_00083.rds"
"core/BLOCK_004/fast_cache/reverse_raw/reverse_00084.rds","runtime-core-block_004-v1","core__BLOCK_004__fast_cache__reverse_raw__reverse_00084.rds",11980944,"https://github.com/JamilRamirez/FABDEM-Watershed-Runtime/releases/download/runtime-core-block_004-v1/core__BLOCK_004__fast_cache__reverse_raw__reverse_00084.rds"
"core/BLOCK_004/fast_cache/reverse_raw/reverse_00085.rds","runtime-core-block_004-v1","core__BLOCK_004__fast_cache__reverse_raw__reverse_00085.rds",11980944,"https://github.com/JamilRamirez/FABDEM-Watershed-Runtime/releases/download/runtime-core-block_004-v1/core__BLOCK_004__fast_cache__reverse_raw__reverse_00085.rds"
"core/BLOCK_004/fast_cache/reverse_raw/reverse_00086.rds","runtime-core-block_004-v1","core__BLOCK_004__fast_cache__reverse_raw__reverse_00086.rds",11980944,"https://github.com/JamilRamirez/FABDEM-Watershed-Runtime/releases/download/runtime-core-block_004-v1/core__BLOCK_004__fast_cache__reverse_raw__reverse_00086.rds"
"core/BLOCK_004/fast_cache/reverse_raw/reverse_00087.rds","runtime-core-block_004-v1","core__BLOCK_004__fast_cache__reverse_raw__reverse_00087.rds",11980944,"https://github.com/JamilRamirez/FABDEM-Watershed-Runtime/releases/download/runtime-core-block_004-v1/core__BLOCK_004__fast_cache__reverse_raw__reverse_00087.rds"
"core/BLOCK_004/fast_cache/reverse_raw/reverse_00088.rds","runtime-core-block_004-v1","core__BLOCK_004__fast_cache__reverse_raw__reverse_00088.rds",11980944,"https://github.com/JamilRamirez/FABDEM-Watershed-Runtime/releases/download/runtime-core-block_004-v1/core__BLOCK_004__fast_cache__reverse_raw__reverse_00088.rds"
"core/BLOCK_004/fast_cache/reverse_raw/reverse_00089.rds","runtime-core-block_004-v1","core__BLOCK_004__fast_cache__reverse_raw__reverse_00089.rds",11980944,"https://github.com/JamilRamirez/FABDEM-Watershed-Runtime/releases/download/runtime-core-block_004-v1/core__BLOCK_004__fast_cache__reverse_raw__reverse_00089.rds"
"core/BLOCK_004/fast_cache/reverse_raw/reverse_00090.rds","runtime-core-block_004-v1","core__BLOCK_004__fast_cache__reverse_raw__reverse_00090.rds",11980944,"https://github.com/JamilRamirez/FABDEM-Watershed-Runtime/releases/download/runtime-core-block_004-v1/core__BLOCK_004__fast_cache__reverse_raw__reverse_00090.rds"
"core/BLOCK_004/fast_cache/reverse_raw/reverse_00091.rds","runtime-core-block_004-v1","core__BLOCK_004__fast_cache__reverse_raw__reverse_00091.rds",11980944,"https://github.com/JamilRamirez/FABDEM-Watershed-Runtime/releases/download/runtime-core-block_004-v1/core__BLOCK_004__fast_cache__reverse_raw__reverse_00091.rds"
"core/BLOCK_004/fast_cache/reverse_raw/reverse_00092.rds","runtime-core-block_004-v1","core__BLOCK_004__fast_cache__reverse_raw__reverse_00092.rds",11980944,"https://github.com/JamilRamirez/FABDEM-Watershed-Runtime/releases/download/runtime-core-block_004-v1/core__BLOCK_004__fast_cache__reverse_raw__reverse_00092.rds"
"core/BLOCK_004/fast_cache/reverse_raw/reverse_00093.rds","runtime-core-block_004-v1","core__BLOCK_004__fast_cache__reverse_raw__reverse_00093.rds",11980944,"https://github.com/JamilRamirez/FABDEM-Watershed-Runtime/releases/download/runtime-core-block_004-v1/core__BLOCK_004__fast_cache__reverse_raw__reverse_00093.rds"
"core/BLOCK_004/fast_cache/reverse_raw/reverse_00094.rds","runtime-core-block_004-v1","core__BLOCK_004__fast_cache__reverse_raw__reverse_00094.rds",11980944,"https://github.com/JamilRamirez/FABDEM-Watershed-Runtime/releases/download/runtime-core-block_004-v1/core__BLOCK_004__fast_cache__reverse_raw__reverse_00094.rds"
"core/BLOCK_004/fast_cache/reverse_raw/reverse_00095.rds","runtime-core-block_004-v1","core__BLOCK_004__fast_cache__reverse_raw__reverse_00095.rds",11980944,"https://github.com/JamilRamirez/FABDEM-Watershed-Runtime/releases/download/runtime-core-block_004-v1/core__BLOCK_004__fast_cache__reverse_raw__reverse_00095.rds"
"core/BLOCK_004/fast_cache/reverse_raw/reverse_00096.rds","runtime-core-block_004-v1","core__BLOCK_004__fast_cache__reverse_raw__reverse_00096.rds",11980944,"https://github.com/JamilRamirez/FABDEM-Watershed-Runtime/releases/download/runtime-core-block_004-v1/core__BLOCK_004__fast_cache__reverse_raw__reverse_00096.rds"
"core/BLOCK_004/fast_cache/reverse_raw/reverse_00097.rds","runtime-core-block_004-v1","core__BLOCK_004__fast_cache__reverse_raw__reverse_00097.rds",11980944,"https://github.com/JamilRamirez/FABDEM-Watershed-Runtime/releases/download/runtime-core-block_004-v1/core__BLOCK_004__fast_cache__reverse_raw__reverse_00097.rds"
"core/BLOCK_004/fast_cache/reverse_raw/reverse_00098.rds","runtime-core-block_004-v1","core__BLOCK_004__fast_cache__reverse_raw__reverse_00098.rds",11980944,"https://github.com/JamilRamirez/FABDEM-Watershed-Runtime/releases/download/runtime-core-block_004-v1/core__BLOCK_004__fast_cache__reverse_raw__reverse_00098.rds"
"core/BLOCK_004/fast_cache/reverse_raw/reverse_00099.rds","runtime-core-block_004-v1","core__BLOCK_004__fast_cache__reverse_raw__reverse_00099.rds",11980944,"https://github.com/JamilRamirez/FABDEM-Watershed-Runtime/releases/download/runtime-core-block_004-v1/core__BLOCK_004__fast_cache__reverse_raw__reverse_00099.rds"
"core/BLOCK_004/fast_cache/reverse_raw/reverse_00100.rds","runtime-core-block_004-v1","core__BLOCK_004__fast_cache__reverse_raw__reverse_00100.rds",11980944,"https://github.com/JamilRamirez/FABDEM-Watershed-Runtime/releases/download/runtime-core-block_004-v1/core__BLOCK_004__fast_cache__reverse_raw__reverse_00100.rds"
"core/BLOCK_004/fast_cache/reverse_raw/reverse_00101.rds","runtime-core-block_004-v1","core__BLOCK_004__fast_cache__reverse_raw__reverse_00101.rds",11980944,"https://github.com/JamilRamirez/FABDEM-Watershed-Runtime/releases/download/runtime-core-block_004-v1/core__BLOCK_004__fast_cache__reverse_raw__reverse_00101.rds"
"core/BLOCK_004/fast_cache/reverse_raw/reverse_00102.rds","runtime-core-block_004-v1","core__BLOCK_004__fast_cache__reverse_raw__reverse_00102.rds",11980944,"https://github.com/JamilRamirez/FABDEM-Watershed-Runtime/releases/download/runtime-core-block_004-v1/core__BLOCK_004__fast_cache__reverse_raw__reverse_00102.rds"
"core/BLOCK_004/fast_cache/reverse_raw/reverse_00103.rds","runtime-core-block_004-v1","core__BLOCK_004__fast_cache__reverse_raw__reverse_00103.rds",11980944,"https://github.com/JamilRamirez/FABDEM-Watershed-Runtime/releases/download/runtime-core-block_004-v1/core__BLOCK_004__fast_cache__reverse_raw__reverse_00103.rds"
"core/BLOCK_004/fast_cache/reverse_raw/reverse_00104.rds","runtime-core-block_004-v1","core__BLOCK_004__fast_cache__reverse_raw__reverse_00104.rds",11980944,"https://github.com/JamilRamirez/FABDEM-Watershed-Runtime/releases/download/runtime-core-block_004-v1/core__BLOCK_004__fast_cache__reverse_raw__reverse_00104.rds"
"core/BLOCK_004/fast_cache/reverse_raw/reverse_00105.rds","runtime-core-block_004-v1","core__BLOCK_004__fast_cache__reverse_raw__reverse_00105.rds",11980944,"https://github.com/JamilRamirez/FABDEM-Watershed-Runtime/releases/download/runtime-core-block_004-v1/core__BLOCK_004__fast_cache__reverse_raw__reverse_00105.rds"
"core/BLOCK_004/fast_cache/reverse_raw/reverse_00106.rds","runtime-core-block_004-v1","core__BLOCK_004__fast_cache__reverse_raw__reverse_00106.rds",11980944,"https://github.com/JamilRamirez/FABDEM-Watershed-Runtime/releases/download/runtime-core-block_004-v1/core__BLOCK_004__fast_cache__reverse_raw__reverse_00106.rds"
"core/BLOCK_004/fast_cache/reverse_raw/reverse_00107.rds","runtime-core-block_004-v1","core__BLOCK_004__fast_cache__reverse_raw__reverse_00107.rds",11980944,"https://github.com/JamilRamirez/FABDEM-Watershed-Runtime/releases/download/runtime-core-block_004-v1/core__BLOCK_004__fast_cache__reverse_raw__reverse_00107.rds"
"core/BLOCK_004/fast_cache/reverse_raw/reverse_00108.rds","runtime-core-block_004-v1","core__BLOCK_004__fast_cache__reverse_raw__reverse_00108.rds",11980944,"https://github.com/JamilRamirez/FABDEM-Watershed-Runtime/releases/download/runtime-core-block_004-v1/core__BLOCK_004__fast_cache__reverse_raw__reverse_00108.rds"
"core/BLOCK_004/fast_cache/reverse_raw/reverse_00109.rds","runtime-core-block_004-v1","core__BLOCK_004__fast_cache__reverse_raw__reverse_00109.rds",11980944,"https://github.com/JamilRamirez/FABDEM-Watershed-Runtime/releases/download/runtime-core-block_004-v1/core__BLOCK_004__fast_cache__reverse_raw__reverse_00109.rds"
"core/BLOCK_004/fast_cache/reverse_raw/reverse_00110.rds","runtime-core-block_004-v1","core__BLOCK_004__fast_cache__reverse_raw__reverse_00110.rds",11980944,"https://github.com/JamilRamirez/FABDEM-Watershed-Runtime/releases/download/runtime-core-block_004-v1/core__BLOCK_004__fast_cache__reverse_raw__reverse_00110.rds"
"core/BLOCK_004/fast_cache/reverse_raw/reverse_00111.rds","runtime-core-block_004-v1","core__BLOCK_004__fast_cache__reverse_raw__reverse_00111.rds",11980944,"https://github.com/JamilRamirez/FABDEM-Watershed-Runtime/releases/download/runtime-core-block_004-v1/core__BLOCK_004__fast_cache__reverse_raw__reverse_00111.rds"
"core/BLOCK_004/fast_cache/reverse_raw/reverse_00112.rds","runtime-core-block_004-v1","core__BLOCK_004__fast_cache__reverse_raw__reverse_00112.rds",11980944,"https://github.com/JamilRamirez/FABDEM-Watershed-Runtime/releases/download/runtime-core-block_004-v1/core__BLOCK_004__fast_cache__reverse_raw__reverse_00112.rds"
"core/BLOCK_004/fast_cache/reverse_raw/reverse_00113.rds","runtime-core-block_004-v1","core__BLOCK_004__fast_cache__reverse_raw__reverse_00113.rds",11980944,"https://github.com/JamilRamirez/FABDEM-Watershed-Runtime/releases/download/runtime-core-block_004-v1/core__BLOCK_004__fast_cache__reverse_raw__reverse_00113.rds"
"core/BLOCK_004/fast_cache/reverse_raw/reverse_00114.rds","runtime-core-block_004-v1","core__BLOCK_004__fast_cache__reverse_raw__reverse_00114.rds",11980944,"https://github.com/JamilRamirez/FABDEM-Watershed-Runtime/releases/download/runtime-core-block_004-v1/core__BLOCK_004__fast_cache__reverse_raw__reverse_00114.rds"
"core/BLOCK_004/fast_cache/reverse_raw/reverse_00115.rds","runtime-core-block_004-v1","core__BLOCK_004__fast_cache__reverse_raw__reverse_00115.rds",11980944,"https://github.com/JamilRamirez/FABDEM-Watershed-Runtime/releases/download/runtime-core-block_004-v1/core__BLOCK_004__fast_cache__reverse_raw__reverse_00115.rds"
"core/BLOCK_004/fast_cache/reverse_raw/reverse_00116.rds","runtime-core-block_004-v1","core__BLOCK_004__fast_cache__reverse_raw__reverse_00116.rds",11980944,"https://github.com/JamilRamirez/FABDEM-Watershed-Runtime/releases/download/runtime-core-block_004-v1/core__BLOCK_004__fast_cache__reverse_raw__reverse_00116.rds"
"core/BLOCK_004/fast_cache/reverse_raw/reverse_00117.rds","runtime-core-block_004-v1","core__BLOCK_004__fast_cache__reverse_raw__reverse_00117.rds",11980944,"https://github.com/JamilRamirez/FABDEM-Watershed-Runtime/releases/download/runtime-core-block_004-v1/core__BLOCK_004__fast_cache__reverse_raw__reverse_00117.rds"
"core/BLOCK_004/fast_cache/reverse_raw/reverse_00118.rds","runtime-core-block_004-v1","core__BLOCK_004__fast_cache__reverse_raw__reverse_00118.rds",11980944,"https://github.com/JamilRamirez/FABDEM-Watershed-Runtime/releases/download/runtime-core-block_004-v1/core__BLOCK_004__fast_cache__reverse_raw__reverse_00118.rds"
"core/BLOCK_004/fast_cache/reverse_raw/reverse_00119.rds","runtime-core-block_004-v1","core__BLOCK_004__fast_cache__reverse_raw__reverse_00119.rds",11980944,"https://github.com/JamilRamirez/FABDEM-Watershed-Runtime/releases/download/runtime-core-block_004-v1/core__BLOCK_004__fast_cache__reverse_raw__reverse_00119.rds"
"core/BLOCK_004/fast_cache/reverse_raw/reverse_00120.rds","runtime-core-block_004-v1","core__BLOCK_004__fast_cache__reverse_raw__reverse_00120.rds",11980944,"https://github.com/JamilRamirez/FABDEM-Watershed-Runtime/releases/download/runtime-core-block_004-v1/core__BLOCK_004__fast_cache__reverse_raw__reverse_00120.rds"
"core/BLOCK_004/fast_cache/reverse_raw/reverse_00121.rds","runtime-core-block_004-v1","core__BLOCK_004__fast_cache__reverse_raw__reverse_00121.rds",11980944,"https://github.com/JamilRamirez/FABDEM-Watershed-Runtime/releases/download/runtime-core-block_004-v1/core__BLOCK_004__fast_cache__reverse_raw__reverse_00121.rds"
"core/BLOCK_004/fast_cache/reverse_raw/reverse_00122.rds","runtime-core-block_004-v1","core__BLOCK_004__fast_cache__reverse_raw__reverse_00122.rds",11980944,"https://github.com/JamilRamirez/FABDEM-Watershed-Runtime/releases/download/runtime-core-block_004-v1/core__BLOCK_004__fast_cache__reverse_raw__reverse_00122.rds"
"core/BLOCK_004/fast_cache/reverse_raw/reverse_00123.rds","runtime-core-block_004-v1","core__BLOCK_004__fast_cache__reverse_raw__reverse_00123.rds",11980944,"https://github.com/JamilRamirez/FABDEM-Watershed-Runtime/releases/download/runtime-core-block_004-v1/core__BLOCK_004__fast_cache__reverse_raw__reverse_00123.rds"
"core/BLOCK_004/fast_cache/reverse_raw/reverse_00124.rds","runtime-core-block_004-v1","core__BLOCK_004__fast_cache__reverse_raw__reverse_00124.rds",11980944,"https://github.com/JamilRamirez/FABDEM-Watershed-Runtime/releases/download/runtime-core-block_004-v1/core__BLOCK_004__fast_cache__reverse_raw__reverse_00124.rds"
"core/BLOCK_004/fast_cache/reverse_raw/reverse_00125.rds","runtime-core-block_004-v1","core__BLOCK_004__fast_cache__reverse_raw__reverse_00125.rds",11980944,"https://github.com/JamilRamirez/FABDEM-Watershed-Runtime/releases/download/runtime-core-block_004-v1/core__BLOCK_004__fast_cache__reverse_raw__reverse_00125.rds"
"core/BLOCK_004/fast_cache/reverse_raw/reverse_00126.rds","runtime-core-block_004-v1","core__BLOCK_004__fast_cache__reverse_raw__reverse_00126.rds",11980944,"https://github.com/JamilRamirez/FABDEM-Watershed-Runtime/releases/download/runtime-core-block_004-v1/core__BLOCK_004__fast_cache__reverse_raw__reverse_00126.rds"
"core/BLOCK_004/fast_cache/reverse_raw/reverse_00127.rds","runtime-core-block_004-v1","core__BLOCK_004__fast_cache__reverse_raw__reverse_00127.rds",11980944,"https://github.com/JamilRamirez/FABDEM-Watershed-Runtime/releases/download/runtime-core-block_004-v1/core__BLOCK_004__fast_cache__reverse_raw__reverse_00127.rds"
"core/BLOCK_004/fast_cache/reverse_raw/reverse_00128.rds","runtime-core-block_004-v1","core__BLOCK_004__fast_cache__reverse_raw__reverse_00128.rds",11980944,"https://github.com/JamilRamirez/FABDEM-Watershed-Runtime/releases/download/runtime-core-block_004-v1/core__BLOCK_004__fast_cache__reverse_raw__reverse_00128.rds"
"core/BLOCK_004/fast_cache/reverse_raw/reverse_00129.rds","runtime-core-block_004-v1","core__BLOCK_004__fast_cache__reverse_raw__reverse_00129.rds",11980944,"https://github.com/JamilRamirez/FABDEM-Watershed-Runtime/releases/download/runtime-core-block_004-v1/core__BLOCK_004__fast_cache__reverse_raw__reverse_00129.rds"
"core/BLOCK_004/fast_cache/reverse_raw/reverse_00130.rds","runtime-core-block_004-v1","core__BLOCK_004__fast_cache__reverse_raw__reverse_00130.rds",11980944,"https://github.com/JamilRamirez/FABDEM-Watershed-Runtime/releases/download/runtime-core-block_004-v1/core__BLOCK_004__fast_cache__reverse_raw__reverse_00130.rds"
"core/BLOCK_004/fast_cache/reverse_raw/reverse_00131.rds","runtime-core-block_004-v1","core__BLOCK_004__fast_cache__reverse_raw__reverse_00131.rds",11980944,"https://github.com/JamilRamirez/FABDEM-Watershed-Runtime/releases/download/runtime-core-block_004-v1/core__BLOCK_004__fast_cache__reverse_raw__reverse_00131.rds"
"core/BLOCK_004/fast_cache/reverse_raw/reverse_00132.rds","runtime-core-block_004-v1","core__BLOCK_004__fast_cache__reverse_raw__reverse_00132.rds",11980944,"https://github.com/JamilRamirez/FABDEM-Watershed-Runtime/releases/download/runtime-core-block_004-v1/core__BLOCK_004__fast_cache__reverse_raw__reverse_00132.rds"
"core/BLOCK_004/fast_cache/reverse_raw/reverse_00133.rds","runtime-core-block_004-v1","core__BLOCK_004__fast_cache__reverse_raw__reverse_00133.rds",11980944,"https://github.com/JamilRamirez/FABDEM-Watershed-Runtime/releases/download/runtime-core-block_004-v1/core__BLOCK_004__fast_cache__reverse_raw__reverse_00133.rds"
"core/BLOCK_004/fast_cache/reverse_raw/reverse_00134.rds","runtime-core-block_004-v1","core__BLOCK_004__fast_cache__reverse_raw__reverse_00134.rds",11980944,"https://github.com/JamilRamirez/FABDEM-Watershed-Runtime/releases/download/runtime-core-block_004-v1/core__BLOCK_004__fast_cache__reverse_raw__reverse_00134.rds"
"core/BLOCK_004/fast_cache/reverse_raw/reverse_00135.rds","runtime-core-block_004-v1","core__BLOCK_004__fast_cache__reverse_raw__reverse_00135.rds",11980944,"https://github.com/JamilRamirez/FABDEM-Watershed-Runtime/releases/download/runtime-core-block_004-v1/core__BLOCK_004__fast_cache__reverse_raw__reverse_00135.rds"
"core/BLOCK_004/fast_cache/reverse_raw/reverse_00136.rds","runtime-core-block_004-v1","core__BLOCK_004__fast_cache__reverse_raw__reverse_00136.rds",11980944,"https://github.com/JamilRamirez/FABDEM-Watershed-Runtime/releases/download/runtime-core-block_004-v1/core__BLOCK_004__fast_cache__reverse_raw__reverse_00136.rds"
"core/BLOCK_004/fast_cache/reverse_raw/reverse_00137.rds","runtime-core-block_004-v1","core__BLOCK_004__fast_cache__reverse_raw__reverse_00137.rds",11980944,"https://github.com/JamilRamirez/FABDEM-Watershed-Runtime/releases/download/runtime-core-block_004-v1/core__BLOCK_004__fast_cache__reverse_raw__reverse_00137.rds"
"core/BLOCK_004/fast_cache/reverse_raw/reverse_00138.rds","runtime-core-block_004-v1","core__BLOCK_004__fast_cache__reverse_raw__reverse_00138.rds",11980944,"https://github.com/JamilRamirez/FABDEM-Watershed-Runtime/releases/download/runtime-core-block_004-v1/core__BLOCK_004__fast_cache__reverse_raw__reverse_00138.rds"
"core/BLOCK_004/fast_cache/reverse_raw/reverse_00139.rds","runtime-core-block_004-v1","core__BLOCK_004__fast_cache__reverse_raw__reverse_00139.rds",11980944,"https://github.com/JamilRamirez/FABDEM-Watershed-Runtime/releases/download/runtime-core-block_004-v1/core__BLOCK_004__fast_cache__reverse_raw__reverse_00139.rds"
"core/BLOCK_004/fast_cache/reverse_raw/reverse_00140.rds","runtime-core-block_004-v1","core__BLOCK_004__fast_cache__reverse_raw__reverse_00140.rds",11980944,"https://github.com/JamilRamirez/FABDEM-Watershed-Runtime/releases/download/runtime-core-block_004-v1/core__BLOCK_004__fast_cache__reverse_raw__reverse_00140.rds"
"core/BLOCK_004/fast_cache/reverse_raw/reverse_00141.rds","runtime-core-block_004-v1","core__BLOCK_004__fast_cache__reverse_raw__reverse_00141.rds",11980944,"https://github.com/JamilRamirez/FABDEM-Watershed-Runtime/releases/download/runtime-core-block_004-v1/core__BLOCK_004__fast_cache__reverse_raw__reverse_00141.rds"
"core/BLOCK_004/fast_cache/reverse_raw/reverse_00142.rds","runtime-core-block_004-v1","core__BLOCK_004__fast_cache__reverse_raw__reverse_00142.rds",11980944,"https://github.com/JamilRamirez/FABDEM-Watershed-Runtime/releases/download/runtime-core-block_004-v1/core__BLOCK_004__fast_cache__reverse_raw__reverse_00142.rds"
"core/BLOCK_004/fast_cache/reverse_raw/reverse_00143.rds","runtime-core-block_004-v1","core__BLOCK_004__fast_cache__reverse_raw__reverse_00143.rds",11980944,"https://github.com/JamilRamirez/FABDEM-Watershed-Runtime/releases/download/runtime-core-block_004-v1/core__BLOCK_004__fast_cache__reverse_raw__reverse_00143.rds"
"core/BLOCK_004/fast_cache/reverse_raw/reverse_00144.rds","runtime-core-block_004-v1","core__BLOCK_004__fast_cache__reverse_raw__reverse_00144.rds",11980944,"https://github.com/JamilRamirez/FABDEM-Watershed-Runtime/releases/download/runtime-core-block_004-v1/core__BLOCK_004__fast_cache__reverse_raw__reverse_00144.rds"
"core/BLOCK_004/fast_cache/reverse_raw/reverse_00145.rds","runtime-core-block_004-v1","core__BLOCK_004__fast_cache__reverse_raw__reverse_00145.rds",11980944,"https://github.com/JamilRamirez/FABDEM-Watershed-Runtime/releases/download/runtime-core-block_004-v1/core__BLOCK_004__fast_cache__reverse_raw__reverse_00145.rds"
"core/BLOCK_004/fast_cache/reverse_raw/reverse_00146.rds","runtime-core-block_004-v1","core__BLOCK_004__fast_cache__reverse_raw__reverse_00146.rds",11980944,"https://github.com/JamilRamirez/FABDEM-Watershed-Runtime/releases/download/runtime-core-block_004-v1/core__BLOCK_004__fast_cache__reverse_raw__reverse_00146.rds"
"core/BLOCK_004/fast_cache/reverse_raw/reverse_00147.rds","runtime-core-block_004-v1","core__BLOCK_004__fast_cache__reverse_raw__reverse_00147.rds",11980944,"https://github.com/JamilRamirez/FABDEM-Watershed-Runtime/releases/download/runtime-core-block_004-v1/core__BLOCK_004__fast_cache__reverse_raw__reverse_00147.rds"
"core/BLOCK_004/fast_cache/reverse_raw/reverse_00148.rds","runtime-core-block_004-v1","core__BLOCK_004__fast_cache__reverse_raw__reverse_00148.rds",11980944,"https://github.com/JamilRamirez/FABDEM-Watershed-Runtime/releases/download/runtime-core-block_004-v1/core__BLOCK_004__fast_cache__reverse_raw__reverse_00148.rds"
"core/BLOCK_004/fast_cache/reverse_raw/reverse_00149.rds","runtime-core-block_004-v1","core__BLOCK_004__fast_cache__reverse_raw__reverse_00149.rds",11980944,"https://github.com/JamilRamirez/FABDEM-Watershed-Runtime/releases/download/runtime-core-block_004-v1/core__BLOCK_004__fast_cache__reverse_raw__reverse_00149.rds"
"core/BLOCK_004/fast_cache/reverse_raw/reverse_00150.rds","runtime-core-block_004-v1","core__BLOCK_004__fast_cache__reverse_raw__reverse_00150.rds",11980944,"https://github.com/JamilRamirez/FABDEM-Watershed-Runtime/releases/download/runtime-core-block_004-v1/core__BLOCK_004__fast_cache__reverse_raw__reverse_00150.rds"
"core/BLOCK_004/fast_cache/reverse_raw/reverse_00151.rds","runtime-core-block_004-v1","core__BLOCK_004__fast_cache__reverse_raw__reverse_00151.rds",11980944,"https://github.com/JamilRamirez/FABDEM-Watershed-Runtime/releases/download/runtime-core-block_004-v1/core__BLOCK_004__fast_cache__reverse_raw__reverse_00151.rds"
"core/BLOCK_004/fast_cache/reverse_raw/reverse_00152.rds","runtime-core-block_004-v1","core__BLOCK_004__fast_cache__reverse_raw__reverse_00152.rds",11980944,"https://github.com/JamilRamirez/FABDEM-Watershed-Runtime/releases/download/runtime-core-block_004-v1/core__BLOCK_004__fast_cache__reverse_raw__reverse_00152.rds"
"core/BLOCK_004/fast_cache/reverse_raw/reverse_00153.rds","runtime-core-block_004-v1","core__BLOCK_004__fast_cache__reverse_raw__reverse_00153.rds",11980944,"https://github.com/JamilRamirez/FABDEM-Watershed-Runtime/releases/download/runtime-core-block_004-v1/core__BLOCK_004__fast_cache__reverse_raw__reverse_00153.rds"
"core/BLOCK_004/fast_cache/reverse_raw/reverse_00154.rds","runtime-core-block_004-v1","core__BLOCK_004__fast_cache__reverse_raw__reverse_00154.rds",11980944,"https://github.com/JamilRamirez/FABDEM-Watershed-Runtime/releases/download/runtime-core-block_004-v1/core__BLOCK_004__fast_cache__reverse_raw__reverse_00154.rds"
"core/BLOCK_004/fast_cache/reverse_raw/reverse_00155.rds","runtime-core-block_004-v1","core__BLOCK_004__fast_cache__reverse_raw__reverse_00155.rds",11980944,"https://github.com/JamilRamirez/FABDEM-Watershed-Runtime/releases/download/runtime-core-block_004-v1/core__BLOCK_004__fast_cache__reverse_raw__reverse_00155.rds"
"core/BLOCK_004/fast_cache/reverse_raw/reverse_00156.rds","runtime-core-block_004-v1","core__BLOCK_004__fast_cache__reverse_raw__reverse_00156.rds",11980944,"https://github.com/JamilRamirez/FABDEM-Watershed-Runtime/releases/download/runtime-core-block_004-v1/core__BLOCK_004__fast_cache__reverse_raw__reverse_00156.rds"
"core/BLOCK_004/fast_cache/reverse_raw/reverse_00157.rds","runtime-core-block_004-v1","core__BLOCK_004__fast_cache__reverse_raw__reverse_00157.rds",11980944,"https://github.com/JamilRamirez/FABDEM-Watershed-Runtime/releases/download/runtime-core-block_004-v1/core__BLOCK_004__fast_cache__reverse_raw__reverse_00157.rds"
"core/BLOCK_004/fast_cache/reverse_raw/reverse_00158.rds","runtime-core-block_004-v1","core__BLOCK_004__fast_cache__reverse_raw__reverse_00158.rds",11980944,"https://github.com/JamilRamirez/FABDEM-Watershed-Runtime/releases/download/runtime-core-block_004-v1/core__BLOCK_004__fast_cache__reverse_raw__reverse_00158.rds"
"core/BLOCK_004/fast_cache/reverse_raw/reverse_00159.rds","runtime-core-block_004-v1","core__BLOCK_004__fast_cache__reverse_raw__reverse_00159.rds",11980944,"https://github.com/JamilRamirez/FABDEM-Watershed-Runtime/releases/download/runtime-core-block_004-v1/core__BLOCK_004__fast_cache__reverse_raw__reverse_00159.rds"
"core/BLOCK_004/fast_cache/reverse_raw/reverse_00160.rds","runtime-core-block_004-v1","core__BLOCK_004__fast_cache__reverse_raw__reverse_00160.rds",11980944,"https://github.com/JamilRamirez/FABDEM-Watershed-Runtime/releases/download/runtime-core-block_004-v1/core__BLOCK_004__fast_cache__reverse_raw__reverse_00160.rds"
"core/BLOCK_004/fast_cache/reverse_raw/reverse_00161.rds","runtime-core-block_004-v1","core__BLOCK_004__fast_cache__reverse_raw__reverse_00161.rds",11980944,"https://github.com/JamilRamirez/FABDEM-Watershed-Runtime/releases/download/runtime-core-block_004-v1/core__BLOCK_004__fast_cache__reverse_raw__reverse_00161.rds"
"core/BLOCK_004/fast_cache/reverse_raw/reverse_00162.rds","runtime-core-block_004-v1","core__BLOCK_004__fast_cache__reverse_raw__reverse_00162.rds",11980944,"https://github.com/JamilRamirez/FABDEM-Watershed-Runtime/releases/download/runtime-core-block_004-v1/core__BLOCK_004__fast_cache__reverse_raw__reverse_00162.rds"
"core/BLOCK_004/fast_cache/reverse_raw/reverse_00163.rds","runtime-core-block_004-v1","core__BLOCK_004__fast_cache__reverse_raw__reverse_00163.rds",11980944,"https://github.com/JamilRamirez/FABDEM-Watershed-Runtime/releases/download/runtime-core-block_004-v1/core__BLOCK_004__fast_cache__reverse_raw__reverse_00163.rds"
"core/BLOCK_004/fast_cache/reverse_raw/reverse_00164.rds","runtime-core-block_004-v1","core__BLOCK_004__fast_cache__reverse_raw__reverse_00164.rds",11980944,"https://github.com/JamilRamirez/FABDEM-Watershed-Runtime/releases/download/runtime-core-block_004-v1/core__BLOCK_004__fast_cache__reverse_raw__reverse_00164.rds"
"core/BLOCK_004/fast_cache/reverse_raw/reverse_00165.rds","runtime-core-block_004-v1","core__BLOCK_004__fast_cache__reverse_raw__reverse_00165.rds",11980944,"https://github.com/JamilRamirez/FABDEM-Watershed-Runtime/releases/download/runtime-core-block_004-v1/core__BLOCK_004__fast_cache__reverse_raw__reverse_00165.rds"
"core/BLOCK_004/fast_cache/reverse_raw/reverse_00166.rds","runtime-core-block_004-v1","core__BLOCK_004__fast_cache__reverse_raw__reverse_00166.rds",11980944,"https://github.com/JamilRamirez/FABDEM-Watershed-Runtime/releases/download/runtime-core-block_004-v1/core__BLOCK_004__fast_cache__reverse_raw__reverse_00166.rds"
"core/BLOCK_004/fast_cache/reverse_raw/reverse_00167.rds","runtime-core-block_004-v1","core__BLOCK_004__fast_cache__reverse_raw__reverse_00167.rds",11980944,"https://github.com/JamilRamirez/FABDEM-Watershed-Runtime/releases/download/runtime-core-block_004-v1/core__BLOCK_004__fast_cache__reverse_raw__reverse_00167.rds"
"core/BLOCK_004/fast_cache/reverse_raw/reverse_00168.rds","runtime-core-block_004-v1","core__BLOCK_004__fast_cache__reverse_raw__reverse_00168.rds",11980944,"https://github.com/JamilRamirez/FABDEM-Watershed-Runtime/releases/download/runtime-core-block_004-v1/core__BLOCK_004__fast_cache__reverse_raw__reverse_00168.rds"
"core/BLOCK_004/fast_cache/reverse_raw/reverse_00169.rds","runtime-core-block_004-v1","core__BLOCK_004__fast_cache__reverse_raw__reverse_00169.rds",11980944,"https://github.com/JamilRamirez/FABDEM-Watershed-Runtime/releases/download/runtime-core-block_004-v1/core__BLOCK_004__fast_cache__reverse_raw__reverse_00169.rds"
"core/BLOCK_004/fast_cache/reverse_raw/reverse_00170.rds","runtime-core-block_004-v1","core__BLOCK_004__fast_cache__reverse_raw__reverse_00170.rds",11980944,"https://github.com/JamilRamirez/FABDEM-Watershed-Runtime/releases/download/runtime-core-block_004-v1/core__BLOCK_004__fast_cache__reverse_raw__reverse_00170.rds"
"core/BLOCK_004/fast_cache/reverse_raw/reverse_00171.rds","runtime-core-block_004-v1","core__BLOCK_004__fast_cache__reverse_raw__reverse_00171.rds",11980944,"https://github.com/JamilRamirez/FABDEM-Watershed-Runtime/releases/download/runtime-core-block_004-v1/core__BLOCK_004__fast_cache__reverse_raw__reverse_00171.rds"
"core/BLOCK_004/fast_cache/reverse_raw/reverse_00172.rds","runtime-core-block_004-v1","core__BLOCK_004__fast_cache__reverse_raw__reverse_00172.rds",11980944,"https://github.com/JamilRamirez/FABDEM-Watershed-Runtime/releases/download/runtime-core-block_004-v1/core__BLOCK_004__fast_cache__reverse_raw__reverse_00172.rds"
"core/BLOCK_004/fast_cache/reverse_raw/reverse_00173.rds","runtime-core-block_004-v1","core__BLOCK_004__fast_cache__reverse_raw__reverse_00173.rds",11980944,"https://github.com/JamilRamirez/FABDEM-Watershed-Runtime/releases/download/runtime-core-block_004-v1/core__BLOCK_004__fast_cache__reverse_raw__reverse_00173.rds"
"core/BLOCK_004/fast_cache/reverse_raw/reverse_00174.rds","runtime-core-block_004-v1","core__BLOCK_004__fast_cache__reverse_raw__reverse_00174.rds",11980944,"https://github.com/JamilRamirez/FABDEM-Watershed-Runtime/releases/download/runtime-core-block_004-v1/core__BLOCK_004__fast_cache__reverse_raw__reverse_00174.rds"
"core/BLOCK_004/fast_cache/reverse_raw/reverse_00175.rds","runtime-core-block_004-v1","core__BLOCK_004__fast_cache__reverse_raw__reverse_00175.rds",11980944,"https://github.com/JamilRamirez/FABDEM-Watershed-Runtime/releases/download/runtime-core-block_004-v1/core__BLOCK_004__fast_cache__reverse_raw__reverse_00175.rds"
"core/BLOCK_004/fast_cache/reverse_raw/reverse_00176.rds","runtime-core-block_004-v1","core__BLOCK_004__fast_cache__reverse_raw__reverse_00176.rds",11980944,"https://github.com/JamilRamirez/FABDEM-Watershed-Runtime/releases/download/runtime-core-block_004-v1/core__BLOCK_004__fast_cache__reverse_raw__reverse_00176.rds"
"core/BLOCK_004/fast_cache/reverse_raw/reverse_00177.rds","runtime-core-block_004-v1","core__BLOCK_004__fast_cache__reverse_raw__reverse_00177.rds",11980944,"https://github.com/JamilRamirez/FABDEM-Watershed-Runtime/releases/download/runtime-core-block_004-v1/core__BLOCK_004__fast_cache__reverse_raw__reverse_00177.rds"
"core/BLOCK_004/fast_cache/reverse_raw/reverse_00178.rds","runtime-core-block_004-v1","core__BLOCK_004__fast_cache__reverse_raw__reverse_00178.rds",11980944,"https://github.com/JamilRamirez/FABDEM-Watershed-Runtime/releases/download/runtime-core-block_004-v1/core__BLOCK_004__fast_cache__reverse_raw__reverse_00178.rds"
"core/BLOCK_004/fast_cache/reverse_raw/reverse_00179.rds","runtime-core-block_004-v1","core__BLOCK_004__fast_cache__reverse_raw__reverse_00179.rds",11980944,"https://github.com/JamilRamirez/FABDEM-Watershed-Runtime/releases/download/runtime-core-block_004-v1/core__BLOCK_004__fast_cache__reverse_raw__reverse_00179.rds"
"core/BLOCK_004/fast_cache/reverse_raw/reverse_00180.rds","runtime-core-block_004-v1","core__BLOCK_004__fast_cache__reverse_raw__reverse_00180.rds",11980944,"https://github.com/JamilRamirez/FABDEM-Watershed-Runtime/releases/download/runtime-core-block_004-v1/core__BLOCK_004__fast_cache__reverse_raw__reverse_00180.rds"
"core/BLOCK_004/fast_cache/reverse_raw/reverse_00181.rds","runtime-core-block_004-v1","core__BLOCK_004__fast_cache__reverse_raw__reverse_00181.rds",11980944,"https://github.com/JamilRamirez/FABDEM-Watershed-Runtime/releases/download/runtime-core-block_004-v1/core__BLOCK_004__fast_cache__reverse_raw__reverse_00181.rds"
"core/BLOCK_004/fast_cache/reverse_raw/reverse_00182.rds","runtime-core-block_004-v1","core__BLOCK_004__fast_cache__reverse_raw__reverse_00182.rds",11980944,"https://github.com/JamilRamirez/FABDEM-Watershed-Runtime/releases/download/runtime-core-block_004-v1/core__BLOCK_004__fast_cache__reverse_raw__reverse_00182.rds"
"core/BLOCK_004/fast_cache/reverse_raw/reverse_00183.rds","runtime-core-block_004-v1","core__BLOCK_004__fast_cache__reverse_raw__reverse_00183.rds",11980944,"https://github.com/JamilRamirez/FABDEM-Watershed-Runtime/releases/download/runtime-core-block_004-v1/core__BLOCK_004__fast_cache__reverse_raw__reverse_00183.rds"
"core/BLOCK_004/fast_cache/reverse_raw/reverse_00184.rds","runtime-core-block_004-v1","core__BLOCK_004__fast_cache__reverse_raw__reverse_00184.rds",11980944,"https://github.com/JamilRamirez/FABDEM-Watershed-Runtime/releases/download/runtime-core-block_004-v1/core__BLOCK_004__fast_cache__reverse_raw__reverse_00184.rds"
"core/BLOCK_004/fast_cache/reverse_raw/reverse_00185.rds","runtime-core-block_004-v1","core__BLOCK_004__fast_cache__reverse_raw__reverse_00185.rds",11980944,"https://github.com/JamilRamirez/FABDEM-Watershed-Runtime/releases/download/runtime-core-block_004-v1/core__BLOCK_004__fast_cache__reverse_raw__reverse_00185.rds"
"core/BLOCK_004/fast_cache/reverse_raw/reverse_00186.rds","runtime-core-block_004-v1","core__BLOCK_004__fast_cache__reverse_raw__reverse_00186.rds",11980944,"https://github.com/JamilRamirez/FABDEM-Watershed-Runtime/releases/download/runtime-core-block_004-v1/core__BLOCK_004__fast_cache__reverse_raw__reverse_00186.rds"
"core/BLOCK_004/fast_cache/reverse_raw/reverse_00187.rds","runtime-core-block_004-v1","core__BLOCK_004__fast_cache__reverse_raw__reverse_00187.rds",11980944,"https://github.com/JamilRamirez/FABDEM-Watershed-Runtime/releases/download/runtime-core-block_004-v1/core__BLOCK_004__fast_cache__reverse_raw__reverse_00187.rds"
"core/BLOCK_004/fast_cache/reverse_raw/reverse_00188.rds","runtime-core-block_004-v1","core__BLOCK_004__fast_cache__reverse_raw__reverse_00188.rds",11980944,"https://github.com/JamilRamirez/FABDEM-Watershed-Runtime/releases/download/runtime-core-block_004-v1/core__BLOCK_004__fast_cache__reverse_raw__reverse_00188.rds"
"core/BLOCK_004/fast_cache/reverse_raw/reverse_00189.rds","runtime-core-block_004-v1","core__BLOCK_004__fast_cache__reverse_raw__reverse_00189.rds",11980944,"https://github.com/JamilRamirez/FABDEM-Watershed-Runtime/releases/download/runtime-core-block_004-v1/core__BLOCK_004__fast_cache__reverse_raw__reverse_00189.rds"
"core/BLOCK_004/fast_cache/reverse_raw/reverse_00190.rds","runtime-core-block_004-v1","core__BLOCK_004__fast_cache__reverse_raw__reverse_00190.rds",11980944,"https://github.com/JamilRamirez/FABDEM-Watershed-Runtime/releases/download/runtime-core-block_004-v1/core__BLOCK_004__fast_cache__reverse_raw__reverse_00190.rds"
"core/BLOCK_004/fast_cache/reverse_raw/reverse_00191.rds","runtime-core-block_004-v1","core__BLOCK_004__fast_cache__reverse_raw__reverse_00191.rds",11980944,"https://github.com/JamilRamirez/FABDEM-Watershed-Runtime/releases/download/runtime-core-block_004-v1/core__BLOCK_004__fast_cache__reverse_raw__reverse_00191.rds"
"core/BLOCK_004/fast_cache/reverse_raw/reverse_00192.rds","runtime-core-block_004-v1","core__BLOCK_004__fast_cache__reverse_raw__reverse_00192.rds",11980944,"https://github.com/JamilRamirez/FABDEM-Watershed-Runtime/releases/download/runtime-core-block_004-v1/core__BLOCK_004__fast_cache__reverse_raw__reverse_00192.rds"
"core/BLOCK_004/fast_cache/reverse_raw/reverse_00193.rds","runtime-core-block_004-v1","core__BLOCK_004__fast_cache__reverse_raw__reverse_00193.rds",11980944,"https://github.com/JamilRamirez/FABDEM-Watershed-Runtime/releases/download/runtime-core-block_004-v1/core__BLOCK_004__fast_cache__reverse_raw__reverse_00193.rds"
"core/BLOCK_004/fast_cache/reverse_raw/reverse_00194.rds","runtime-core-block_004-v1","core__BLOCK_004__fast_cache__reverse_raw__reverse_00194.rds",11980944,"https://github.com/JamilRamirez/FABDEM-Watershed-Runtime/releases/download/runtime-core-block_004-v1/core__BLOCK_004__fast_cache__reverse_raw__reverse_00194.rds"
"core/BLOCK_004/fast_cache/reverse_raw/reverse_00195.rds","runtime-core-block_004-v1","core__BLOCK_004__fast_cache__reverse_raw__reverse_00195.rds",11980944,"https://github.com/JamilRamirez/FABDEM-Watershed-Runtime/releases/download/runtime-core-block_004-v1/core__BLOCK_004__fast_cache__reverse_raw__reverse_00195.rds"
"core/BLOCK_004/fast_cache/reverse_raw/reverse_00196.rds","runtime-core-block_004-v1","core__BLOCK_004__fast_cache__reverse_raw__reverse_00196.rds",11980944,"https://github.com/JamilRamirez/FABDEM-Watershed-Runtime/releases/download/runtime-core-block_004-v1/core__BLOCK_004__fast_cache__reverse_raw__reverse_00196.rds"
"core/BLOCK_004/fast_cache/reverse_raw/reverse_00197.rds","runtime-core-block_004-v1","core__BLOCK_004__fast_cache__reverse_raw__reverse_00197.rds",11980944,"https://github.com/JamilRamirez/FABDEM-Watershed-Runtime/releases/download/runtime-core-block_004-v1/core__BLOCK_004__fast_cache__reverse_raw__reverse_00197.rds"
"core/BLOCK_004/fast_cache/reverse_raw/reverse_00198.rds","runtime-core-block_004-v1","core__BLOCK_004__fast_cache__reverse_raw__reverse_00198.rds",11980944,"https://github.com/JamilRamirez/FABDEM-Watershed-Runtime/releases/download/runtime-core-block_004-v1/core__BLOCK_004__fast_cache__reverse_raw__reverse_00198.rds"
"core/BLOCK_004/fast_cache/reverse_raw/reverse_00199.rds","runtime-core-block_004-v1","core__BLOCK_004__fast_cache__reverse_raw__reverse_00199.rds",11980944,"https://github.com/JamilRamirez/FABDEM-Watershed-Runtime/releases/download/runtime-core-block_004-v1/core__BLOCK_004__fast_cache__reverse_raw__reverse_00199.rds"
"core/BLOCK_004/fast_cache/reverse_raw/reverse_00200.rds","runtime-core-block_004-v1","core__BLOCK_004__fast_cache__reverse_raw__reverse_00200.rds",11980944,"https://github.com/JamilRamirez/FABDEM-Watershed-Runtime/releases/download/runtime-core-block_004-v1/core__BLOCK_004__fast_cache__reverse_raw__reverse_00200.rds"
"core/BLOCK_004/fast_cache/reverse_raw/reverse_00201.rds","runtime-core-block_004-v1","core__BLOCK_004__fast_cache__reverse_raw__reverse_00201.rds",11980944,"https://github.com/JamilRamirez/FABDEM-Watershed-Runtime/releases/download/runtime-core-block_004-v1/core__BLOCK_004__fast_cache__reverse_raw__reverse_00201.rds"
"core/BLOCK_004/fast_cache/reverse_raw/reverse_00202.rds","runtime-core-block_004-v1","core__BLOCK_004__fast_cache__reverse_raw__reverse_00202.rds",11980944,"https://github.com/JamilRamirez/FABDEM-Watershed-Runtime/releases/download/runtime-core-block_004-v1/core__BLOCK_004__fast_cache__reverse_raw__reverse_00202.rds"
"core/BLOCK_004/fast_cache/reverse_raw/reverse_00203.rds","runtime-core-block_004-v1","core__BLOCK_004__fast_cache__reverse_raw__reverse_00203.rds",11980944,"https://github.com/JamilRamirez/FABDEM-Watershed-Runtime/releases/download/runtime-core-block_004-v1/core__BLOCK_004__fast_cache__reverse_raw__reverse_00203.rds"
"core/BLOCK_004/fast_cache/reverse_raw/reverse_00204.rds","runtime-core-block_004-v1","core__BLOCK_004__fast_cache__reverse_raw__reverse_00204.rds",11980944,"https://github.com/JamilRamirez/FABDEM-Watershed-Runtime/releases/download/runtime-core-block_004-v1/core__BLOCK_004__fast_cache__reverse_raw__reverse_00204.rds"
"core/BLOCK_004/fast_cache/reverse_raw/reverse_00205.rds","runtime-core-block_004-v1","core__BLOCK_004__fast_cache__reverse_raw__reverse_00205.rds",11980944,"https://github.com/JamilRamirez/FABDEM-Watershed-Runtime/releases/download/runtime-core-block_004-v1/core__BLOCK_004__fast_cache__reverse_raw__reverse_00205.rds"
"core/BLOCK_004/fast_cache/reverse_raw/reverse_00206.rds","runtime-core-block_004-v1","core__BLOCK_004__fast_cache__reverse_raw__reverse_00206.rds",11980944,"https://github.com/JamilRamirez/FABDEM-Watershed-Runtime/releases/download/runtime-core-block_004-v1/core__BLOCK_004__fast_cache__reverse_raw__reverse_00206.rds"
"core/BLOCK_004/fast_cache/reverse_raw/reverse_00207.rds","runtime-core-block_004-v1","core__BLOCK_004__fast_cache__reverse_raw__reverse_00207.rds",11980944,"https://github.com/JamilRamirez/FABDEM-Watershed-Runtime/releases/download/runtime-core-block_004-v1/core__BLOCK_004__fast_cache__reverse_raw__reverse_00207.rds"
"core/BLOCK_004/fast_cache/reverse_raw/reverse_00208.rds","runtime-core-block_004-v1","core__BLOCK_004__fast_cache__reverse_raw__reverse_00208.rds",11980944,"https://github.com/JamilRamirez/FABDEM-Watershed-Runtime/releases/download/runtime-core-block_004-v1/core__BLOCK_004__fast_cache__reverse_raw__reverse_00208.rds"
"core/BLOCK_004/fast_cache/reverse_raw/reverse_00209.rds","runtime-core-block_004-v1","core__BLOCK_004__fast_cache__reverse_raw__reverse_00209.rds",11980944,"https://github.com/JamilRamirez/FABDEM-Watershed-Runtime/releases/download/runtime-core-block_004-v1/core__BLOCK_004__fast_cache__reverse_raw__reverse_00209.rds"
"core/BLOCK_004/fast_cache/reverse_raw/reverse_00210.rds","runtime-core-block_004-v1","core__BLOCK_004__fast_cache__reverse_raw__reverse_00210.rds",11980944,"https://github.com/JamilRamirez/FABDEM-Watershed-Runtime/releases/download/runtime-core-block_004-v1/core__BLOCK_004__fast_cache__reverse_raw__reverse_00210.rds"
"core/BLOCK_004/fast_cache/reverse_raw/reverse_00211.rds","runtime-core-block_004-v1","core__BLOCK_004__fast_cache__reverse_raw__reverse_00211.rds",11980944,"https://github.com/JamilRamirez/FABDEM-Watershed-Runtime/releases/download/runtime-core-block_004-v1/core__BLOCK_004__fast_cache__reverse_raw__reverse_00211.rds"
"core/BLOCK_004/fast_cache/reverse_raw/reverse_00212.rds","runtime-core-block_004-v1","core__BLOCK_004__fast_cache__reverse_raw__reverse_00212.rds",11980944,"https://github.com/JamilRamirez/FABDEM-Watershed-Runtime/releases/download/runtime-core-block_004-v1/core__BLOCK_004__fast_cache__reverse_raw__reverse_00212.rds"
"core/BLOCK_004/fast_cache/reverse_raw/reverse_00213.rds","runtime-core-block_004-v1","core__BLOCK_004__fast_cache__reverse_raw__reverse_00213.rds",11980944,"https://github.com/JamilRamirez/FABDEM-Watershed-Runtime/releases/download/runtime-core-block_004-v1/core__BLOCK_004__fast_cache__reverse_raw__reverse_00213.rds"
"core/BLOCK_004/fast_cache/reverse_raw/reverse_00214.rds","runtime-core-block_004-v1","core__BLOCK_004__fast_cache__reverse_raw__reverse_00214.rds",11980944,"https://github.com/JamilRamirez/FABDEM-Watershed-Runtime/releases/download/runtime-core-block_004-v1/core__BLOCK_004__fast_cache__reverse_raw__reverse_00214.rds"
"core/BLOCK_004/fast_cache/reverse_raw/reverse_00215.rds","runtime-core-block_004-v1","core__BLOCK_004__fast_cache__reverse_raw__reverse_00215.rds",11980944,"https://github.com/JamilRamirez/FABDEM-Watershed-Runtime/releases/download/runtime-core-block_004-v1/core__BLOCK_004__fast_cache__reverse_raw__reverse_00215.rds"
"core/BLOCK_004/fast_cache/reverse_raw/reverse_00216.rds","runtime-core-block_004-v1","core__BLOCK_004__fast_cache__reverse_raw__reverse_00216.rds",11980944,"https://github.com/JamilRamirez/FABDEM-Watershed-Runtime/releases/download/runtime-core-block_004-v1/core__BLOCK_004__fast_cache__reverse_raw__reverse_00216.rds"
"core/BLOCK_004/fast_cache/reverse_raw/reverse_00217.rds","runtime-core-block_004-v1","core__BLOCK_004__fast_cache__reverse_raw__reverse_00217.rds",11980944,"https://github.com/JamilRamirez/FABDEM-Watershed-Runtime/releases/download/runtime-core-block_004-v1/core__BLOCK_004__fast_cache__reverse_raw__reverse_00217.rds"
"core/BLOCK_004/fast_cache/reverse_raw/reverse_00218.rds","runtime-core-block_004-v1","core__BLOCK_004__fast_cache__reverse_raw__reverse_00218.rds",11980944,"https://github.com/JamilRamirez/FABDEM-Watershed-Runtime/releases/download/runtime-core-block_004-v1/core__BLOCK_004__fast_cache__reverse_raw__reverse_00218.rds"
"core/BLOCK_004/fast_cache/reverse_raw/reverse_00219.rds","runtime-core-block_004-v1","core__BLOCK_004__fast_cache__reverse_raw__reverse_00219.rds",11980944,"https://github.com/JamilRamirez/FABDEM-Watershed-Runtime/releases/download/runtime-core-block_004-v1/core__BLOCK_004__fast_cache__reverse_raw__reverse_00219.rds"
"core/BLOCK_004/fast_cache/reverse_raw/reverse_00220.rds","runtime-core-block_004-v1","core__BLOCK_004__fast_cache__reverse_raw__reverse_00220.rds",11980944,"https://github.com/JamilRamirez/FABDEM-Watershed-Runtime/releases/download/runtime-core-block_004-v1/core__BLOCK_004__fast_cache__reverse_raw__reverse_00220.rds"
"core/BLOCK_004/fast_cache/reverse_raw/reverse_00221.rds","runtime-core-block_004-v1","core__BLOCK_004__fast_cache__reverse_raw__reverse_00221.rds",11980944,"https://github.com/JamilRamirez/FABDEM-Watershed-Runtime/releases/download/runtime-core-block_004-v1/core__BLOCK_004__fast_cache__reverse_raw__reverse_00221.rds"
"core/BLOCK_004/fast_cache/reverse_raw/reverse_00222.rds","runtime-core-block_004-v1","core__BLOCK_004__fast_cache__reverse_raw__reverse_00222.rds",11980944,"https://github.com/JamilRamirez/FABDEM-Watershed-Runtime/releases/download/runtime-core-block_004-v1/core__BLOCK_004__fast_cache__reverse_raw__reverse_00222.rds"
"core/BLOCK_004/fast_cache/reverse_raw/reverse_00223.rds","runtime-core-block_004-v1","core__BLOCK_004__fast_cache__reverse_raw__reverse_00223.rds",11980944,"https://github.com/JamilRamirez/FABDEM-Watershed-Runtime/releases/download/runtime-core-block_004-v1/core__BLOCK_004__fast_cache__reverse_raw__reverse_00223.rds"
"core/BLOCK_004/fast_cache/reverse_raw/reverse_00224.rds","runtime-core-block_004-v1","core__BLOCK_004__fast_cache__reverse_raw__reverse_00224.rds",11980944,"https://github.com/JamilRamirez/FABDEM-Watershed-Runtime/releases/download/runtime-core-block_004-v1/core__BLOCK_004__fast_cache__reverse_raw__reverse_00224.rds"
"core/BLOCK_004/fast_cache/reverse_raw/reverse_00225.rds","runtime-core-block_004-v1","core__BLOCK_004__fast_cache__reverse_raw__reverse_00225.rds",11980944,"https://github.com/JamilRamirez/FABDEM-Watershed-Runtime/releases/download/runtime-core-block_004-v1/core__BLOCK_004__fast_cache__reverse_raw__reverse_00225.rds"
"core/BLOCK_004/fast_cache/reverse_raw/reverse_00226.rds","runtime-core-block_004-v1","core__BLOCK_004__fast_cache__reverse_raw__reverse_00226.rds",11980944,"https://github.com/JamilRamirez/FABDEM-Watershed-Runtime/releases/download/runtime-core-block_004-v1/core__BLOCK_004__fast_cache__reverse_raw__reverse_00226.rds"
"core/BLOCK_004/fast_cache/reverse_raw/reverse_00227.rds","runtime-core-block_004-v1","core__BLOCK_004__fast_cache__reverse_raw__reverse_00227.rds",11980944,"https://github.com/JamilRamirez/FABDEM-Watershed-Runtime/releases/download/runtime-core-block_004-v1/core__BLOCK_004__fast_cache__reverse_raw__reverse_00227.rds"
"core/BLOCK_004/fast_cache/reverse_raw/reverse_00228.rds","runtime-core-block_004-v1","core__BLOCK_004__fast_cache__reverse_raw__reverse_00228.rds",11980944,"https://github.com/JamilRamirez/FABDEM-Watershed-Runtime/releases/download/runtime-core-block_004-v1/core__BLOCK_004__fast_cache__reverse_raw__reverse_00228.rds"
"core/BLOCK_004/fast_cache/reverse_raw/reverse_00229.rds","runtime-core-block_004-v1","core__BLOCK_004__fast_cache__reverse_raw__reverse_00229.rds",11980944,"https://github.com/JamilRamirez/FABDEM-Watershed-Runtime/releases/download/runtime-core-block_004-v1/core__BLOCK_004__fast_cache__reverse_raw__reverse_00229.rds"
"core/BLOCK_004/fast_cache/reverse_raw/reverse_00230.rds","runtime-core-block_004-v1","core__BLOCK_004__fast_cache__reverse_raw__reverse_00230.rds",11980944,"https://github.com/JamilRamirez/FABDEM-Watershed-Runtime/releases/download/runtime-core-block_004-v1/core__BLOCK_004__fast_cache__reverse_raw__reverse_00230.rds"
"core/BLOCK_004/fast_cache/reverse_raw/reverse_00231.rds","runtime-core-block_004-v1","core__BLOCK_004__fast_cache__reverse_raw__reverse_00231.rds",11980944,"https://github.com/JamilRamirez/FABDEM-Watershed-Runtime/releases/download/runtime-core-block_004-v1/core__BLOCK_004__fast_cache__reverse_raw__reverse_00231.rds"
"core/BLOCK_004/fast_cache/reverse_raw/reverse_00232.rds","runtime-core-block_004-v1","core__BLOCK_004__fast_cache__reverse_raw__reverse_00232.rds",11980944,"https://github.com/JamilRamirez/FABDEM-Watershed-Runtime/releases/download/runtime-core-block_004-v1/core__BLOCK_004__fast_cache__reverse_raw__reverse_00232.rds"
"core/BLOCK_004/fast_cache/reverse_raw/reverse_00233.rds","runtime-core-block_004-v1","core__BLOCK_004__fast_cache__reverse_raw__reverse_00233.rds",11980944,"https://github.com/JamilRamirez/FABDEM-Watershed-Runtime/releases/download/runtime-core-block_004-v1/core__BLOCK_004__fast_cache__reverse_raw__reverse_00233.rds"
"core/BLOCK_004/fast_cache/reverse_raw/reverse_00234.rds","runtime-core-block_004-v1","core__BLOCK_004__fast_cache__reverse_raw__reverse_00234.rds",11980944,"https://github.com/JamilRamirez/FABDEM-Watershed-Runtime/releases/download/runtime-core-block_004-v1/core__BLOCK_004__fast_cache__reverse_raw__reverse_00234.rds"
"core/BLOCK_004/fast_cache/reverse_raw/reverse_00235.rds","runtime-core-block_004-v1","core__BLOCK_004__fast_cache__reverse_raw__reverse_00235.rds",11980944,"https://github.com/JamilRamirez/FABDEM-Watershed-Runtime/releases/download/runtime-core-block_004-v1/core__BLOCK_004__fast_cache__reverse_raw__reverse_00235.rds"
"core/BLOCK_004/fast_cache/reverse_raw/reverse_00236.rds","runtime-core-block_004-v1","core__BLOCK_004__fast_cache__reverse_raw__reverse_00236.rds",11980944,"https://github.com/JamilRamirez/FABDEM-Watershed-Runtime/releases/download/runtime-core-block_004-v1/core__BLOCK_004__fast_cache__reverse_raw__reverse_00236.rds"
"core/BLOCK_004/fast_cache/reverse_raw/reverse_00237.rds","runtime-core-block_004-v1","core__BLOCK_004__fast_cache__reverse_raw__reverse_00237.rds",11980944,"https://github.com/JamilRamirez/FABDEM-Watershed-Runtime/releases/download/runtime-core-block_004-v1/core__BLOCK_004__fast_cache__reverse_raw__reverse_00237.rds"
"core/BLOCK_004/fast_cache/reverse_raw/reverse_00238.rds","runtime-core-block_004-v1","core__BLOCK_004__fast_cache__reverse_raw__reverse_00238.rds",11980944,"https://github.com/JamilRamirez/FABDEM-Watershed-Runtime/releases/download/runtime-core-block_004-v1/core__BLOCK_004__fast_cache__reverse_raw__reverse_00238.rds"
"core/BLOCK_004/fast_cache/reverse_raw/reverse_00239.rds","runtime-core-block_004-v1","core__BLOCK_004__fast_cache__reverse_raw__reverse_00239.rds",11980944,"https://github.com/JamilRamirez/FABDEM-Watershed-Runtime/releases/download/runtime-core-block_004-v1/core__BLOCK_004__fast_cache__reverse_raw__reverse_00239.rds"
"core/BLOCK_004/fast_cache/reverse_raw/reverse_00240.rds","runtime-core-block_004-v1","core__BLOCK_004__fast_cache__reverse_raw__reverse_00240.rds",11980944,"https://github.com/JamilRamirez/FABDEM-Watershed-Runtime/releases/download/runtime-core-block_004-v1/core__BLOCK_004__fast_cache__reverse_raw__reverse_00240.rds"
"core/BLOCK_004/fast_cache/reverse_raw/reverse_00241.rds","runtime-core-block_004-v1","core__BLOCK_004__fast_cache__reverse_raw__reverse_00241.rds",11980944,"https://github.com/JamilRamirez/FABDEM-Watershed-Runtime/releases/download/runtime-core-block_004-v1/core__BLOCK_004__fast_cache__reverse_raw__reverse_00241.rds"
"core/BLOCK_004/fast_cache/reverse_raw/reverse_00242.rds","runtime-core-block_004-v1","core__BLOCK_004__fast_cache__reverse_raw__reverse_00242.rds",11980944,"https://github.com/JamilRamirez/FABDEM-Watershed-Runtime/releases/download/runtime-core-block_004-v1/core__BLOCK_004__fast_cache__reverse_raw__reverse_00242.rds"
"core/BLOCK_004/fast_cache/reverse_raw/reverse_00243.rds","runtime-core-block_004-v1","core__BLOCK_004__fast_cache__reverse_raw__reverse_00243.rds",11980944,"https://github.com/JamilRamirez/FABDEM-Watershed-Runtime/releases/download/runtime-core-block_004-v1/core__BLOCK_004__fast_cache__reverse_raw__reverse_00243.rds"
"core/BLOCK_004/fast_cache/reverse_raw/reverse_00244.rds","runtime-core-block_004-v1","core__BLOCK_004__fast_cache__reverse_raw__reverse_00244.rds",11980944,"https://github.com/JamilRamirez/FABDEM-Watershed-Runtime/releases/download/runtime-core-block_004-v1/core__BLOCK_004__fast_cache__reverse_raw__reverse_00244.rds"
"core/BLOCK_004/fast_cache/reverse_raw/reverse_00245.rds","runtime-core-block_004-v1","core__BLOCK_004__fast_cache__reverse_raw__reverse_00245.rds",11980944,"https://github.com/JamilRamirez/FABDEM-Watershed-Runtime/releases/download/runtime-core-block_004-v1/core__BLOCK_004__fast_cache__reverse_raw__reverse_00245.rds"
"core/BLOCK_004/fast_cache/reverse_raw/reverse_00246.rds","runtime-core-block_004-v1","core__BLOCK_004__fast_cache__reverse_raw__reverse_00246.rds",11980944,"https://github.com/JamilRamirez/FABDEM-Watershed-Runtime/releases/download/runtime-core-block_004-v1/core__BLOCK_004__fast_cache__reverse_raw__reverse_00246.rds"
"core/BLOCK_004/fast_cache/reverse_raw/reverse_00247.rds","runtime-core-block_004-v1","core__BLOCK_004__fast_cache__reverse_raw__reverse_00247.rds",11980944,"https://github.com/JamilRamirez/FABDEM-Watershed-Runtime/releases/download/runtime-core-block_004-v1/core__BLOCK_004__fast_cache__reverse_raw__reverse_00247.rds"
"core/BLOCK_004/fast_cache/reverse_raw/reverse_00248.rds","runtime-core-block_004-v1","core__BLOCK_004__fast_cache__reverse_raw__reverse_00248.rds",11980944,"https://github.com/JamilRamirez/FABDEM-Watershed-Runtime/releases/download/runtime-core-block_004-v1/core__BLOCK_004__fast_cache__reverse_raw__reverse_00248.rds"
"core/BLOCK_004/fast_cache/reverse_raw/reverse_00249.rds","runtime-core-block_004-v1","core__BLOCK_004__fast_cache__reverse_raw__reverse_00249.rds",11980944,"https://github.com/JamilRamirez/FABDEM-Watershed-Runtime/releases/download/runtime-core-block_004-v1/core__BLOCK_004__fast_cache__reverse_raw__reverse_00249.rds"
"core/BLOCK_004/fast_cache/reverse_raw/reverse_00250.rds","runtime-core-block_004-v1","core__BLOCK_004__fast_cache__reverse_raw__reverse_00250.rds",11980944,"https://github.com/JamilRamirez/FABDEM-Watershed-Runtime/releases/download/runtime-core-block_004-v1/core__BLOCK_004__fast_cache__reverse_raw__reverse_00250.rds"
"core/BLOCK_004/fast_cache/reverse_raw/reverse_00251.rds","runtime-core-block_004-v1","core__BLOCK_004__fast_cache__reverse_raw__reverse_00251.rds",11980944,"https://github.com/JamilRamirez/FABDEM-Watershed-Runtime/releases/download/runtime-core-block_004-v1/core__BLOCK_004__fast_cache__reverse_raw__reverse_00251.rds"
"core/BLOCK_004/fast_cache/reverse_raw/reverse_00252.rds","runtime-core-block_004-v1","core__BLOCK_004__fast_cache__reverse_raw__reverse_00252.rds",11980944,"https://github.com/JamilRamirez/FABDEM-Watershed-Runtime/releases/download/runtime-core-block_004-v1/core__BLOCK_004__fast_cache__reverse_raw__reverse_00252.rds"
"core/BLOCK_004/fast_cache/reverse_raw/reverse_00253.rds","runtime-core-block_004-v1","core__BLOCK_004__fast_cache__reverse_raw__reverse_00253.rds",11980944,"https://github.com/JamilRamirez/FABDEM-Watershed-Runtime/releases/download/runtime-core-block_004-v1/core__BLOCK_004__fast_cache__reverse_raw__reverse_00253.rds"
"core/BLOCK_004/fast_cache/reverse_raw/reverse_00254.rds","runtime-core-block_004-v1","core__BLOCK_004__fast_cache__reverse_raw__reverse_00254.rds",1497744,"https://github.com/JamilRamirez/FABDEM-Watershed-Runtime/releases/download/runtime-core-block_004-v1/core__BLOCK_004__fast_cache__reverse_raw__reverse_00254.rds"
"core/BLOCK_004/index/index_metadata.rds","runtime-core-block_004-v1","core__BLOCK_004__index__index_metadata.rds",1340,"https://github.com/JamilRamirez/FABDEM-Watershed-Runtime/releases/download/runtime-core-block_004-v1/core__BLOCK_004__index__index_metadata.rds"
"core/BLOCK_004/index/reverse_stripes/reverse_00001.tif","runtime-core-block_004-v1","core__BLOCK_004__index__reverse_stripes__reverse_00001.tif",750582,"https://github.com/JamilRamirez/FABDEM-Watershed-Runtime/releases/download/runtime-core-block_004-v1/core__BLOCK_004__index__reverse_stripes__reverse_00001.tif"
"core/BLOCK_004/index/reverse_stripes/reverse_00002.tif","runtime-core-block_004-v1","core__BLOCK_004__index__reverse_stripes__reverse_00002.tif",733422,"https://github.com/JamilRamirez/FABDEM-Watershed-Runtime/releases/download/runtime-core-block_004-v1/core__BLOCK_004__index__reverse_stripes__reverse_00002.tif"
"core/BLOCK_004/index/reverse_stripes/reverse_00003.tif","runtime-core-block_004-v1","core__BLOCK_004__index__reverse_stripes__reverse_00003.tif",735662,"https://github.com/JamilRamirez/FABDEM-Watershed-Runtime/releases/download/runtime-core-block_004-v1/core__BLOCK_004__index__reverse_stripes__reverse_00003.tif"
"core/BLOCK_004/index/reverse_stripes/reverse_00004.tif","runtime-core-block_004-v1","core__BLOCK_004__index__reverse_stripes__reverse_00004.tif",735818,"https://github.com/JamilRamirez/FABDEM-Watershed-Runtime/releases/download/runtime-core-block_004-v1/core__BLOCK_004__index__reverse_stripes__reverse_00004.tif"
"core/BLOCK_004/index/reverse_stripes/reverse_00005.tif","runtime-core-block_004-v1","core__BLOCK_004__index__reverse_stripes__reverse_00005.tif",728800,"https://github.com/JamilRamirez/FABDEM-Watershed-Runtime/releases/download/runtime-core-block_004-v1/core__BLOCK_004__index__reverse_stripes__reverse_00005.tif"
"core/BLOCK_004/index/reverse_stripes/reverse_00006.tif","runtime-core-block_004-v1","core__BLOCK_004__index__reverse_stripes__reverse_00006.tif",717248,"https://github.com/JamilRamirez/FABDEM-Watershed-Runtime/releases/download/runtime-core-block_004-v1/core__BLOCK_004__index__reverse_stripes__reverse_00006.tif"
"core/BLOCK_004/index/reverse_stripes/reverse_00007.tif","runtime-core-block_004-v1","core__BLOCK_004__index__reverse_stripes__reverse_00007.tif",710852,"https://github.com/JamilRamirez/FABDEM-Watershed-Runtime/releases/download/runtime-core-block_004-v1/core__BLOCK_004__index__reverse_stripes__reverse_00007.tif"
"core/BLOCK_004/index/reverse_stripes/reverse_00008.tif","runtime-core-block_004-v1","core__BLOCK_004__index__reverse_stripes__reverse_00008.tif",708012,"https://github.com/JamilRamirez/FABDEM-Watershed-Runtime/releases/download/runtime-core-block_004-v1/core__BLOCK_004__index__reverse_stripes__reverse_00008.tif"
"core/BLOCK_004/index/reverse_stripes/reverse_00009.tif","runtime-core-block_004-v1","core__BLOCK_004__index__reverse_stripes__reverse_00009.tif",707874,"https://github.com/JamilRamirez/FABDEM-Watershed-Runtime/releases/download/runtime-core-block_004-v1/core__BLOCK_004__index__reverse_stripes__reverse_00009.tif"
"core/BLOCK_004/index/reverse_stripes/reverse_00010.tif","runtime-core-block_004-v1","core__BLOCK_004__index__reverse_stripes__reverse_00010.tif",711868,"https://github.com/JamilRamirez/FABDEM-Watershed-Runtime/releases/download/runtime-core-block_004-v1/core__BLOCK_004__index__reverse_stripes__reverse_00010.tif"
"core/BLOCK_004/index/reverse_stripes/reverse_00011.tif","runtime-core-block_004-v1","core__BLOCK_004__index__reverse_stripes__reverse_00011.tif",713968,"https://github.com/JamilRamirez/FABDEM-Watershed-Runtime/releases/download/runtime-core-block_004-v1/core__BLOCK_004__index__reverse_stripes__reverse_00011.tif"
"core/BLOCK_004/index/reverse_stripes/reverse_00012.tif","runtime-core-block_004-v1","core__BLOCK_004__index__reverse_stripes__reverse_00012.tif",712390,"https://github.com/JamilRamirez/FABDEM-Watershed-Runtime/releases/download/runtime-core-block_004-v1/core__BLOCK_004__index__reverse_stripes__reverse_00012.tif"
"core/BLOCK_004/index/reverse_stripes/reverse_00013.tif","runtime-core-block_004-v1","core__BLOCK_004__index__reverse_stripes__reverse_00013.tif",723792,"https://github.com/JamilRamirez/FABDEM-Watershed-Runtime/releases/download/runtime-core-block_004-v1/core__BLOCK_004__index__reverse_stripes__reverse_00013.tif"
"core/BLOCK_004/index/reverse_stripes/reverse_00014.tif","runtime-core-block_004-v1","core__BLOCK_004__index__reverse_stripes__reverse_00014.tif",740394,"https://github.com/JamilRamirez/FABDEM-Watershed-Runtime/releases/download/runtime-core-block_004-v1/core__BLOCK_004__index__reverse_stripes__reverse_00014.tif"
"core/BLOCK_004/index/reverse_stripes/reverse_00015.tif","runtime-core-block_004-v1","core__BLOCK_004__index__reverse_stripes__reverse_00015.tif",1918312,"https://github.com/JamilRamirez/FABDEM-Watershed-Runtime/releases/download/runtime-core-block_004-v1/core__BLOCK_004__index__reverse_stripes__reverse_00015.tif"
"core/BLOCK_004/index/reverse_stripes/reverse_00016.tif","runtime-core-block_004-v1","core__BLOCK_004__index__reverse_stripes__reverse_00016.tif",1996482,"https://github.com/JamilRamirez/FABDEM-Watershed-Runtime/releases/download/runtime-core-block_004-v1/core__BLOCK_004__index__reverse_stripes__reverse_00016.tif"
"core/BLOCK_004/index/reverse_stripes/reverse_00017.tif","runtime-core-block_004-v1","core__BLOCK_004__index__reverse_stripes__reverse_00017.tif",1987808,"https://github.com/JamilRamirez/FABDEM-Watershed-Runtime/releases/download/runtime-core-block_004-v1/core__BLOCK_004__index__reverse_stripes__reverse_00017.tif"
"core/BLOCK_004/index/reverse_stripes/reverse_00018.tif","runtime-core-block_004-v1","core__BLOCK_004__index__reverse_stripes__reverse_00018.tif",1995096,"https://github.com/JamilRamirez/FABDEM-Watershed-Runtime/releases/download/runtime-core-block_004-v1/core__BLOCK_004__index__reverse_stripes__reverse_00018.tif"
"core/BLOCK_004/index/reverse_stripes/reverse_00019.tif","runtime-core-block_004-v1","core__BLOCK_004__index__reverse_stripes__reverse_00019.tif",1998810,"https://github.com/JamilRamirez/FABDEM-Watershed-Runtime/releases/download/runtime-core-block_004-v1/core__BLOCK_004__index__reverse_stripes__reverse_00019.tif"
"core/BLOCK_004/index/reverse_stripes/reverse_00020.tif","runtime-core-block_004-v1","core__BLOCK_004__index__reverse_stripes__reverse_00020.tif",1985268,"https://github.com/JamilRamirez/FABDEM-Watershed-Runtime/releases/download/runtime-core-block_004-v1/core__BLOCK_004__index__reverse_stripes__reverse_00020.tif"
"core/BLOCK_004/index/reverse_stripes/reverse_00021.tif","runtime-core-block_004-v1","core__BLOCK_004__index__reverse_stripes__reverse_00021.tif",1968016,"https://github.com/JamilRamirez/FABDEM-Watershed-Runtime/releases/download/runtime-core-block_004-v1/core__BLOCK_004__index__reverse_stripes__reverse_00021.tif"
"core/BLOCK_004/index/reverse_stripes/reverse_00022.tif","runtime-core-block_004-v1","core__BLOCK_004__index__reverse_stripes__reverse_00022.tif",1964510,"https://github.com/JamilRamirez/FABDEM-Watershed-Runtime/releases/download/runtime-core-block_004-v1/core__BLOCK_004__index__reverse_stripes__reverse_00022.tif"
"core/BLOCK_004/index/reverse_stripes/reverse_00023.tif","runtime-core-block_004-v1","core__BLOCK_004__index__reverse_stripes__reverse_00023.tif",1957076,"https://github.com/JamilRamirez/FABDEM-Watershed-Runtime/releases/download/runtime-core-block_004-v1/core__BLOCK_004__index__reverse_stripes__reverse_00023.tif"
"core/BLOCK_004/index/reverse_stripes/reverse_00024.tif","runtime-core-block_004-v1","core__BLOCK_004__index__reverse_stripes__reverse_00024.tif",1975254,"https://github.com/JamilRamirez/FABDEM-Watershed-Runtime/releases/download/runtime-core-block_004-v1/core__BLOCK_004__index__reverse_stripes__reverse_00024.tif"
"core/BLOCK_004/index/reverse_stripes/reverse_00025.tif","runtime-core-block_004-v1","core__BLOCK_004__index__reverse_stripes__reverse_00025.tif",1991194,"https://github.com/JamilRamirez/FABDEM-Watershed-Runtime/releases/download/runtime-core-block_004-v1/core__BLOCK_004__index__reverse_stripes__reverse_00025.tif"
"core/BLOCK_004/index/reverse_stripes/reverse_00026.tif","runtime-core-block_004-v1","core__BLOCK_004__index__reverse_stripes__reverse_00026.tif",1987778,"https://github.com/JamilRamirez/FABDEM-Watershed-Runtime/releases/download/runtime-core-block_004-v1/core__BLOCK_004__index__reverse_stripes__reverse_00026.tif"
"core/BLOCK_004/index/reverse_stripes/reverse_00027.tif","runtime-core-block_004-v1","core__BLOCK_004__index__reverse_stripes__reverse_00027.tif",1993240,"https://github.com/JamilRamirez/FABDEM-Watershed-Runtime/releases/download/runtime-core-block_004-v1/core__BLOCK_004__index__reverse_stripes__reverse_00027.tif"
"core/BLOCK_004/index/reverse_stripes/reverse_00028.tif","runtime-core-block_004-v1","core__BLOCK_004__index__reverse_stripes__reverse_00028.tif",1989510,"https://github.com/JamilRamirez/FABDEM-Watershed-Runtime/releases/download/runtime-core-block_004-v1/core__BLOCK_004__index__reverse_stripes__reverse_00028.tif"
"core/BLOCK_004/index/reverse_stripes/reverse_00029.tif","runtime-core-block_004-v1","core__BLOCK_004__index__reverse_stripes__reverse_00029.tif",2712868,"https://github.com/JamilRamirez/FABDEM-Watershed-Runtime/releases/download/runtime-core-block_004-v1/core__BLOCK_004__index__reverse_stripes__reverse_00029.tif"
"core/BLOCK_004/index/reverse_stripes/reverse_00030.tif","runtime-core-block_004-v1","core__BLOCK_004__index__reverse_stripes__reverse_00030.tif",2787118,"https://github.com/JamilRamirez/FABDEM-Watershed-Runtime/releases/download/runtime-core-block_004-v1/core__BLOCK_004__index__reverse_stripes__reverse_00030.tif"
"core/BLOCK_004/index/reverse_stripes/reverse_00031.tif","runtime-core-block_004-v1","core__BLOCK_004__index__reverse_stripes__reverse_00031.tif",2806926,"https://github.com/JamilRamirez/FABDEM-Watershed-Runtime/releases/download/runtime-core-block_004-v1/core__BLOCK_004__index__reverse_stripes__reverse_00031.tif"
"core/BLOCK_004/index/reverse_stripes/reverse_00032.tif","runtime-core-block_004-v1","core__BLOCK_004__index__reverse_stripes__reverse_00032.tif",2804880,"https://github.com/JamilRamirez/FABDEM-Watershed-Runtime/releases/download/runtime-core-block_004-v1/core__BLOCK_004__index__reverse_stripes__reverse_00032.tif"
"core/BLOCK_004/index/reverse_stripes/reverse_00033.tif","runtime-core-block_004-v1","core__BLOCK_004__index__reverse_stripes__reverse_00033.tif",2812458,"https://github.com/JamilRamirez/FABDEM-Watershed-Runtime/releases/download/runtime-core-block_004-v1/core__BLOCK_004__index__reverse_stripes__reverse_00033.tif"
"core/BLOCK_004/index/reverse_stripes/reverse_00034.tif","runtime-core-block_004-v1","core__BLOCK_004__index__reverse_stripes__reverse_00034.tif",2795138,"https://github.com/JamilRamirez/FABDEM-Watershed-Runtime/releases/download/runtime-core-block_004-v1/core__BLOCK_004__index__reverse_stripes__reverse_00034.tif"
"core/BLOCK_004/index/reverse_stripes/reverse_00035.tif","runtime-core-block_004-v1","core__BLOCK_004__index__reverse_stripes__reverse_00035.tif",2769220,"https://github.com/JamilRamirez/FABDEM-Watershed-Runtime/releases/download/runtime-core-block_004-v1/core__BLOCK_004__index__reverse_stripes__reverse_00035.tif"
"core/BLOCK_004/index/reverse_stripes/reverse_00036.tif","runtime-core-block_004-v1","core__BLOCK_004__index__reverse_stripes__reverse_00036.tif",2763556,"https://github.com/JamilRamirez/FABDEM-Watershed-Runtime/releases/download/runtime-core-block_004-v1/core__BLOCK_004__index__reverse_stripes__reverse_00036.tif"
"core/BLOCK_004/index/reverse_stripes/reverse_00037.tif","runtime-core-block_004-v1","core__BLOCK_004__index__reverse_stripes__reverse_00037.tif",2776114,"https://github.com/JamilRamirez/FABDEM-Watershed-Runtime/releases/download/runtime-core-block_004-v1/core__BLOCK_004__index__reverse_stripes__reverse_00037.tif"
"core/BLOCK_004/index/reverse_stripes/reverse_00038.tif","runtime-core-block_004-v1","core__BLOCK_004__index__reverse_stripes__reverse_00038.tif",2810188,"https://github.com/JamilRamirez/FABDEM-Watershed-Runtime/releases/download/runtime-core-block_004-v1/core__BLOCK_004__index__reverse_stripes__reverse_00038.tif"
"core/BLOCK_004/index/reverse_stripes/reverse_00039.tif","runtime-core-block_004-v1","core__BLOCK_004__index__reverse_stripes__reverse_00039.tif",2821534,"https://github.com/JamilRamirez/FABDEM-Watershed-Runtime/releases/download/runtime-core-block_004-v1/core__BLOCK_004__index__reverse_stripes__reverse_00039.tif"
"core/BLOCK_004/index/reverse_stripes/reverse_00040.tif","runtime-core-block_004-v1","core__BLOCK_004__index__reverse_stripes__reverse_00040.tif",2821174,"https://github.com/JamilRamirez/FABDEM-Watershed-Runtime/releases/download/runtime-core-block_004-v1/core__BLOCK_004__index__reverse_stripes__reverse_00040.tif"
"core/BLOCK_004/index/reverse_stripes/reverse_00041.tif","runtime-core-block_004-v1","core__BLOCK_004__index__reverse_stripes__reverse_00041.tif",2818218,"https://github.com/JamilRamirez/FABDEM-Watershed-Runtime/releases/download/runtime-core-block_004-v1/core__BLOCK_004__index__reverse_stripes__reverse_00041.tif"
"core/BLOCK_004/index/reverse_stripes/reverse_00042.tif","runtime-core-block_004-v1","core__BLOCK_004__index__reverse_stripes__reverse_00042.tif",2814160,"https://github.com/JamilRamirez/FABDEM-Watershed-Runtime/releases/download/runtime-core-block_004-v1/core__BLOCK_004__index__reverse_stripes__reverse_00042.tif"
"core/BLOCK_004/index/reverse_stripes/reverse_00043.tif","runtime-core-block_004-v1","core__BLOCK_004__index__reverse_stripes__reverse_00043.tif",3487798,"https://github.com/JamilRamirez/FABDEM-Watershed-Runtime/releases/download/runtime-core-block_004-v1/core__BLOCK_004__index__reverse_stripes__reverse_00043.tif"
"core/BLOCK_004/index/reverse_stripes/reverse_00044.tif","runtime-core-block_004-v1","core__BLOCK_004__index__reverse_stripes__reverse_00044.tif",3658060,"https://github.com/JamilRamirez/FABDEM-Watershed-Runtime/releases/download/runtime-core-block_004-v1/core__BLOCK_004__index__reverse_stripes__reverse_00044.tif"
"core/BLOCK_004/index/reverse_stripes/reverse_00045.tif","runtime-core-block_004-v1","core__BLOCK_004__index__reverse_stripes__reverse_00045.tif",3654238,"https://github.com/JamilRamirez/FABDEM-Watershed-Runtime/releases/download/runtime-core-block_004-v1/core__BLOCK_004__index__reverse_stripes__reverse_00045.tif"
"core/BLOCK_004/index/reverse_stripes/reverse_00046.tif","runtime-core-block_004-v1","core__BLOCK_004__index__reverse_stripes__reverse_00046.tif",3654876,"https://github.com/JamilRamirez/FABDEM-Watershed-Runtime/releases/download/runtime-core-block_004-v1/core__BLOCK_004__index__reverse_stripes__reverse_00046.tif"
"core/BLOCK_004/index/reverse_stripes/reverse_00047.tif","runtime-core-block_004-v1","core__BLOCK_004__index__reverse_stripes__reverse_00047.tif",3679934,"https://github.com/JamilRamirez/FABDEM-Watershed-Runtime/releases/download/runtime-core-block_004-v1/core__BLOCK_004__index__reverse_stripes__reverse_00047.tif"
"core/BLOCK_004/index/reverse_stripes/reverse_00048.tif","runtime-core-block_004-v1","core__BLOCK_004__index__reverse_stripes__reverse_00048.tif",3656744,"https://github.com/JamilRamirez/FABDEM-Watershed-Runtime/releases/download/runtime-core-block_004-v1/core__BLOCK_004__index__reverse_stripes__reverse_00048.tif"
"core/BLOCK_004/index/reverse_stripes/reverse_00049.tif","runtime-core-block_004-v1","core__BLOCK_004__index__reverse_stripes__reverse_00049.tif",3629990,"https://github.com/JamilRamirez/FABDEM-Watershed-Runtime/releases/download/runtime-core-block_004-v1/core__BLOCK_004__index__reverse_stripes__reverse_00049.tif"
"core/BLOCK_004/index/reverse_stripes/reverse_00050.tif","runtime-core-block_004-v1","core__BLOCK_004__index__reverse_stripes__reverse_00050.tif",3662460,"https://github.com/JamilRamirez/FABDEM-Watershed-Runtime/releases/download/runtime-core-block_004-v1/core__BLOCK_004__index__reverse_stripes__reverse_00050.tif"
"core/BLOCK_004/index/reverse_stripes/reverse_00051.tif","runtime-core-block_004-v1","core__BLOCK_004__index__reverse_stripes__reverse_00051.tif",3666692,"https://github.com/JamilRamirez/FABDEM-Watershed-Runtime/releases/download/runtime-core-block_004-v1/core__BLOCK_004__index__reverse_stripes__reverse_00051.tif"
"core/BLOCK_004/index/reverse_stripes/reverse_00052.tif","runtime-core-block_004-v1","core__BLOCK_004__index__reverse_stripes__reverse_00052.tif",3682108,"https://github.com/JamilRamirez/FABDEM-Watershed-Runtime/releases/download/runtime-core-block_004-v1/core__BLOCK_004__index__reverse_stripes__reverse_00052.tif"
"core/BLOCK_004/index/reverse_stripes/reverse_00053.tif","runtime-core-block_004-v1","core__BLOCK_004__index__reverse_stripes__reverse_00053.tif",3677998,"https://github.com/JamilRamirez/FABDEM-Watershed-Runtime/releases/download/runtime-core-block_004-v1/core__BLOCK_004__index__reverse_stripes__reverse_00053.tif"
"core/BLOCK_004/index/reverse_stripes/reverse_00054.tif","runtime-core-block_004-v1","core__BLOCK_004__index__reverse_stripes__reverse_00054.tif",3676016,"https://github.com/JamilRamirez/FABDEM-Watershed-Runtime/releases/download/runtime-core-block_004-v1/core__BLOCK_004__index__reverse_stripes__reverse_00054.tif"
"core/BLOCK_004/index/reverse_stripes/reverse_00055.tif","runtime-core-block_004-v1","core__BLOCK_004__index__reverse_stripes__reverse_00055.tif",3684038,"https://github.com/JamilRamirez/FABDEM-Watershed-Runtime/releases/download/runtime-core-block_004-v1/core__BLOCK_004__index__reverse_stripes__reverse_00055.tif"
"core/BLOCK_004/index/reverse_stripes/reverse_00056.tif","runtime-core-block_004-v1","core__BLOCK_004__index__reverse_stripes__reverse_00056.tif",3688330,"https://github.com/JamilRamirez/FABDEM-Watershed-Runtime/releases/download/runtime-core-block_004-v1/core__BLOCK_004__index__reverse_stripes__reverse_00056.tif"
"core/BLOCK_004/index/reverse_stripes/reverse_00057.tif","runtime-core-block_004-v1","core__BLOCK_004__index__reverse_stripes__reverse_00057.tif",4602864,"https://github.com/JamilRamirez/FABDEM-Watershed-Runtime/releases/download/runtime-core-block_004-v1/core__BLOCK_004__index__reverse_stripes__reverse_00057.tif"
"core/BLOCK_004/index/reverse_stripes/reverse_00058.tif","runtime-core-block_004-v1","core__BLOCK_004__index__reverse_stripes__reverse_00058.tif",4900702,"https://github.com/JamilRamirez/FABDEM-Watershed-Runtime/releases/download/runtime-core-block_004-v1/core__BLOCK_004__index__reverse_stripes__reverse_00058.tif"
"core/BLOCK_004/index/reverse_stripes/reverse_00059.tif","runtime-core-block_004-v1","core__BLOCK_004__index__reverse_stripes__reverse_00059.tif",4871668,"https://github.com/JamilRamirez/FABDEM-Watershed-Runtime/releases/download/runtime-core-block_004-v1/core__BLOCK_004__index__reverse_stripes__reverse_00059.tif"
"core/BLOCK_004/index/reverse_stripes/reverse_00060.tif","runtime-core-block_004-v1","core__BLOCK_004__index__reverse_stripes__reverse_00060.tif",4862074,"https://github.com/JamilRamirez/FABDEM-Watershed-Runtime/releases/download/runtime-core-block_004-v1/core__BLOCK_004__index__reverse_stripes__reverse_00060.tif"
"core/BLOCK_004/index/reverse_stripes/reverse_00061.tif","runtime-core-block_004-v1","core__BLOCK_004__index__reverse_stripes__reverse_00061.tif",4823502,"https://github.com/JamilRamirez/FABDEM-Watershed-Runtime/releases/download/runtime-core-block_004-v1/core__BLOCK_004__index__reverse_stripes__reverse_00061.tif"
"core/BLOCK_004/index/reverse_stripes/reverse_00062.tif","runtime-core-block_004-v1","core__BLOCK_004__index__reverse_stripes__reverse_00062.tif",4810656,"https://github.com/JamilRamirez/FABDEM-Watershed-Runtime/releases/download/runtime-core-block_004-v1/core__BLOCK_004__index__reverse_stripes__reverse_00062.tif"
"core/BLOCK_004/index/reverse_stripes/reverse_00063.tif","runtime-core-block_004-v1","core__BLOCK_004__index__reverse_stripes__reverse_00063.tif",4823848,"https://github.com/JamilRamirez/FABDEM-Watershed-Runtime/releases/download/runtime-core-block_004-v1/core__BLOCK_004__index__reverse_stripes__reverse_00063.tif"
"core/BLOCK_004/index/reverse_stripes/reverse_00064.tif","runtime-core-block_004-v1","core__BLOCK_004__index__reverse_stripes__reverse_00064.tif",4849142,"https://github.com/JamilRamirez/FABDEM-Watershed-Runtime/releases/download/runtime-core-block_004-v1/core__BLOCK_004__index__reverse_stripes__reverse_00064.tif"
"core/BLOCK_004/index/reverse_stripes/reverse_00065.tif","runtime-core-block_004-v1","core__BLOCK_004__index__reverse_stripes__reverse_00065.tif",4856118,"https://github.com/JamilRamirez/FABDEM-Watershed-Runtime/releases/download/runtime-core-block_004-v1/core__BLOCK_004__index__reverse_stripes__reverse_00065.tif"
"core/BLOCK_004/index/reverse_stripes/reverse_00066.tif","runtime-core-block_004-v1","core__BLOCK_004__index__reverse_stripes__reverse_00066.tif",4837744,"https://github.com/JamilRamirez/FABDEM-Watershed-Runtime/releases/download/runtime-core-block_004-v1/core__BLOCK_004__index__reverse_stripes__reverse_00066.tif"
"core/BLOCK_004/index/reverse_stripes/reverse_00067.tif","runtime-core-block_004-v1","core__BLOCK_004__index__reverse_stripes__reverse_00067.tif",4827336,"https://github.com/JamilRamirez/FABDEM-Watershed-Runtime/releases/download/runtime-core-block_004-v1/core__BLOCK_004__index__reverse_stripes__reverse_00067.tif"
"core/BLOCK_004/index/reverse_stripes/reverse_00068.tif","runtime-core-block_004-v1","core__BLOCK_004__index__reverse_stripes__reverse_00068.tif",4846496,"https://github.com/JamilRamirez/FABDEM-Watershed-Runtime/releases/download/runtime-core-block_004-v1/core__BLOCK_004__index__reverse_stripes__reverse_00068.tif"
"core/BLOCK_004/index/reverse_stripes/reverse_00069.tif","runtime-core-block_004-v1","core__BLOCK_004__index__reverse_stripes__reverse_00069.tif",4814944,"https://github.com/JamilRamirez/FABDEM-Watershed-Runtime/releases/download/runtime-core-block_004-v1/core__BLOCK_004__index__reverse_stripes__reverse_00069.tif"
"core/BLOCK_004/index/reverse_stripes/reverse_00070.tif","runtime-core-block_004-v1","core__BLOCK_004__index__reverse_stripes__reverse_00070.tif",4792326,"https://github.com/JamilRamirez/FABDEM-Watershed-Runtime/releases/download/runtime-core-block_004-v1/core__BLOCK_004__index__reverse_stripes__reverse_00070.tif"
"core/BLOCK_004/index/reverse_stripes/reverse_00071.tif","runtime-core-block_004-v1","core__BLOCK_004__index__reverse_stripes__reverse_00071.tif",5088896,"https://github.com/JamilRamirez/FABDEM-Watershed-Runtime/releases/download/runtime-core-block_004-v1/core__BLOCK_004__index__reverse_stripes__reverse_00071.tif"
"core/BLOCK_004/index/reverse_stripes/reverse_00072.tif","runtime-core-block_004-v1","core__BLOCK_004__index__reverse_stripes__reverse_00072.tif",5252554,"https://github.com/JamilRamirez/FABDEM-Watershed-Runtime/releases/download/runtime-core-block_004-v1/core__BLOCK_004__index__reverse_stripes__reverse_00072.tif"
"core/BLOCK_004/index/reverse_stripes/reverse_00073.tif","runtime-core-block_004-v1","core__BLOCK_004__index__reverse_stripes__reverse_00073.tif",5275976,"https://github.com/JamilRamirez/FABDEM-Watershed-Runtime/releases/download/runtime-core-block_004-v1/core__BLOCK_004__index__reverse_stripes__reverse_00073.tif"
"core/BLOCK_004/index/reverse_stripes/reverse_00074.tif","runtime-core-block_004-v1","core__BLOCK_004__index__reverse_stripes__reverse_00074.tif",5305558,"https://github.com/JamilRamirez/FABDEM-Watershed-Runtime/releases/download/runtime-core-block_004-v1/core__BLOCK_004__index__reverse_stripes__reverse_00074.tif"
"core/BLOCK_004/index/reverse_stripes/reverse_00075.tif","runtime-core-block_004-v1","core__BLOCK_004__index__reverse_stripes__reverse_00075.tif",5280452,"https://github.com/JamilRamirez/FABDEM-Watershed-Runtime/releases/download/runtime-core-block_004-v1/core__BLOCK_004__index__reverse_stripes__reverse_00075.tif"
"core/BLOCK_004/index/reverse_stripes/reverse_00076.tif","runtime-core-block_004-v1","core__BLOCK_004__index__reverse_stripes__reverse_00076.tif",5208746,"https://github.com/JamilRamirez/FABDEM-Watershed-Runtime/releases/download/runtime-core-block_004-v1/core__BLOCK_004__index__reverse_stripes__reverse_00076.tif"
"core/BLOCK_004/index/reverse_stripes/reverse_00077.tif","runtime-core-block_004-v1","core__BLOCK_004__index__reverse_stripes__reverse_00077.tif",5181790,"https://github.com/JamilRamirez/FABDEM-Watershed-Runtime/releases/download/runtime-core-block_004-v1/core__BLOCK_004__index__reverse_stripes__reverse_00077.tif"
"core/BLOCK_004/index/reverse_stripes/reverse_00078.tif","runtime-core-block_004-v1","core__BLOCK_004__index__reverse_stripes__reverse_00078.tif",5239478,"https://github.com/JamilRamirez/FABDEM-Watershed-Runtime/releases/download/runtime-core-block_004-v1/core__BLOCK_004__index__reverse_stripes__reverse_00078.tif"
"core/BLOCK_004/index/reverse_stripes/reverse_00079.tif","runtime-core-block_004-v1","core__BLOCK_004__index__reverse_stripes__reverse_00079.tif",5288056,"https://github.com/JamilRamirez/FABDEM-Watershed-Runtime/releases/download/runtime-core-block_004-v1/core__BLOCK_004__index__reverse_stripes__reverse_00079.tif"
"core/BLOCK_004/index/reverse_stripes/reverse_00080.tif","runtime-core-block_004-v1","core__BLOCK_004__index__reverse_stripes__reverse_00080.tif",5308934,"https://github.com/JamilRamirez/FABDEM-Watershed-Runtime/releases/download/runtime-core-block_004-v1/core__BLOCK_004__index__reverse_stripes__reverse_00080.tif"
"core/BLOCK_004/index/reverse_stripes/reverse_00081.tif","runtime-core-block_004-v1","core__BLOCK_004__index__reverse_stripes__reverse_00081.tif",5301670,"https://github.com/JamilRamirez/FABDEM-Watershed-Runtime/releases/download/runtime-core-block_004-v1/core__BLOCK_004__index__reverse_stripes__reverse_00081.tif"
"core/BLOCK_004/index/reverse_stripes/reverse_00082.tif","runtime-core-block_004-v1","core__BLOCK_004__index__reverse_stripes__reverse_00082.tif",5264922,"https://github.com/JamilRamirez/FABDEM-Watershed-Runtime/releases/download/runtime-core-block_004-v1/core__BLOCK_004__index__reverse_stripes__reverse_00082.tif"
"core/BLOCK_004/index/reverse_stripes/reverse_00083.tif","runtime-core-block_004-v1","core__BLOCK_004__index__reverse_stripes__reverse_00083.tif",5196378,"https://github.com/JamilRamirez/FABDEM-Watershed-Runtime/releases/download/runtime-core-block_004-v1/core__BLOCK_004__index__reverse_stripes__reverse_00083.tif"
"core/BLOCK_004/index/reverse_stripes/reverse_00084.tif","runtime-core-block_004-v1","core__BLOCK_004__index__reverse_stripes__reverse_00084.tif",5231008,"https://github.com/JamilRamirez/FABDEM-Watershed-Runtime/releases/download/runtime-core-block_004-v1/core__BLOCK_004__index__reverse_stripes__reverse_00084.tif"
"core/BLOCK_004/index/reverse_stripes/reverse_00085.tif","runtime-core-block_004-v1","core__BLOCK_004__index__reverse_stripes__reverse_00085.tif",4756984,"https://github.com/JamilRamirez/FABDEM-Watershed-Runtime/releases/download/runtime-core-block_004-v1/core__BLOCK_004__index__reverse_stripes__reverse_00085.tif"
"core/BLOCK_004/index/reverse_stripes/reverse_00086.tif","runtime-core-block_004-v1","core__BLOCK_004__index__reverse_stripes__reverse_00086.tif",4418814,"https://github.com/JamilRamirez/FABDEM-Watershed-Runtime/releases/download/runtime-core-block_004-v1/core__BLOCK_004__index__reverse_stripes__reverse_00086.tif"
"core/BLOCK_004/index/reverse_stripes/reverse_00087.tif","runtime-core-block_004-v1","core__BLOCK_004__index__reverse_stripes__reverse_00087.tif",4383762,"https://github.com/JamilRamirez/FABDEM-Watershed-Runtime/releases/download/runtime-core-block_004-v1/core__BLOCK_004__index__reverse_stripes__reverse_00087.tif"
"core/BLOCK_004/index/reverse_stripes/reverse_00088.tif","runtime-core-block_004-v1","core__BLOCK_004__index__reverse_stripes__reverse_00088.tif",4394874,"https://github.com/JamilRamirez/FABDEM-Watershed-Runtime/releases/download/runtime-core-block_004-v1/core__BLOCK_004__index__reverse_stripes__reverse_00088.tif"
"core/BLOCK_004/index/reverse_stripes/reverse_00089.tif","runtime-core-block_004-v1","core__BLOCK_004__index__reverse_stripes__reverse_00089.tif",4396756,"https://github.com/JamilRamirez/FABDEM-Watershed-Runtime/releases/download/runtime-core-block_004-v1/core__BLOCK_004__index__reverse_stripes__reverse_00089.tif"
"core/BLOCK_004/index/reverse_stripes/reverse_00090.tif","runtime-core-block_004-v1","core__BLOCK_004__index__reverse_stripes__reverse_00090.tif",4389958,"https://github.com/JamilRamirez/FABDEM-Watershed-Runtime/releases/download/runtime-core-block_004-v1/core__BLOCK_004__index__reverse_stripes__reverse_00090.tif"
"core/BLOCK_004/index/reverse_stripes/reverse_00091.tif","runtime-core-block_004-v1","core__BLOCK_004__index__reverse_stripes__reverse_00091.tif",4413992,"https://github.com/JamilRamirez/FABDEM-Watershed-Runtime/releases/download/runtime-core-block_004-v1/core__BLOCK_004__index__reverse_stripes__reverse_00091.tif"
"core/BLOCK_004/index/reverse_stripes/reverse_00092.tif","runtime-core-block_004-v1","core__BLOCK_004__index__reverse_stripes__reverse_00092.tif",4396720,"https://github.com/JamilRamirez/FABDEM-Watershed-Runtime/releases/download/runtime-core-block_004-v1/core__BLOCK_004__index__reverse_stripes__reverse_00092.tif"
"core/BLOCK_004/index/reverse_stripes/reverse_00093.tif","runtime-core-block_004-v1","core__BLOCK_004__index__reverse_stripes__reverse_00093.tif",4411118,"https://github.com/JamilRamirez/FABDEM-Watershed-Runtime/releases/download/runtime-core-block_004-v1/core__BLOCK_004__index__reverse_stripes__reverse_00093.tif"
"core/BLOCK_004/index/reverse_stripes/reverse_00094.tif","runtime-core-block_004-v1","core__BLOCK_004__index__reverse_stripes__reverse_00094.tif",4409072,"https://github.com/JamilRamirez/FABDEM-Watershed-Runtime/releases/download/runtime-core-block_004-v1/core__BLOCK_004__index__reverse_stripes__reverse_00094.tif"
"core/BLOCK_004/index/reverse_stripes/reverse_00095.tif","runtime-core-block_004-v1","core__BLOCK_004__index__reverse_stripes__reverse_00095.tif",4395156,"https://github.com/JamilRamirez/FABDEM-Watershed-Runtime/releases/download/runtime-core-block_004-v1/core__BLOCK_004__index__reverse_stripes__reverse_00095.tif"
"core/BLOCK_004/index/reverse_stripes/reverse_00096.tif","runtime-core-block_004-v1","core__BLOCK_004__index__reverse_stripes__reverse_00096.tif",4389324,"https://github.com/JamilRamirez/FABDEM-Watershed-Runtime/releases/download/runtime-core-block_004-v1/core__BLOCK_004__index__reverse_stripes__reverse_00096.tif"
"core/BLOCK_004/index/reverse_stripes/reverse_00097.tif","runtime-core-block_004-v1","core__BLOCK_004__index__reverse_stripes__reverse_00097.tif",4405378,"https://github.com/JamilRamirez/FABDEM-Watershed-Runtime/releases/download/runtime-core-block_004-v1/core__BLOCK_004__index__reverse_stripes__reverse_00097.tif"
"core/BLOCK_004/index/reverse_stripes/reverse_00098.tif","runtime-core-block_004-v1","core__BLOCK_004__index__reverse_stripes__reverse_00098.tif",4420736,"https://github.com/JamilRamirez/FABDEM-Watershed-Runtime/releases/download/runtime-core-block_004-v1/core__BLOCK_004__index__reverse_stripes__reverse_00098.tif"
"core/BLOCK_004/index/reverse_stripes/reverse_00099.tif","runtime-core-block_004-v1","core__BLOCK_004__index__reverse_stripes__reverse_00099.tif",4389638,"https://github.com/JamilRamirez/FABDEM-Watershed-Runtime/releases/download/runtime-core-block_004-v1/core__BLOCK_004__index__reverse_stripes__reverse_00099.tif"
"core/BLOCK_004/index/reverse_stripes/reverse_00100.tif","runtime-core-block_004-v1","core__BLOCK_004__index__reverse_stripes__reverse_00100.tif",4402960,"https://github.com/JamilRamirez/FABDEM-Watershed-Runtime/releases/download/runtime-core-block_004-v1/core__BLOCK_004__index__reverse_stripes__reverse_00100.tif"
"core/BLOCK_004/index/reverse_stripes/reverse_00101.tif","runtime-core-block_004-v1","core__BLOCK_004__index__reverse_stripes__reverse_00101.tif",4412500,"https://github.com/JamilRamirez/FABDEM-Watershed-Runtime/releases/download/runtime-core-block_004-v1/core__BLOCK_004__index__reverse_stripes__reverse_00101.tif"
"core/BLOCK_004/index/reverse_stripes/reverse_00102.tif","runtime-core-block_004-v1","core__BLOCK_004__index__reverse_stripes__reverse_00102.tif",4409128,"https://github.com/JamilRamirez/FABDEM-Watershed-Runtime/releases/download/runtime-core-block_004-v1/core__BLOCK_004__index__reverse_stripes__reverse_00102.tif"
"core/BLOCK_004/index/reverse_stripes/reverse_00103.tif","runtime-core-block_004-v1","core__BLOCK_004__index__reverse_stripes__reverse_00103.tif",4405168,"https://github.com/JamilRamirez/FABDEM-Watershed-Runtime/releases/download/runtime-core-block_004-v1/core__BLOCK_004__index__reverse_stripes__reverse_00103.tif"
"core/BLOCK_004/index/reverse_stripes/reverse_00104.tif","runtime-core-block_004-v1","core__BLOCK_004__index__reverse_stripes__reverse_00104.tif",4395488,"https://github.com/JamilRamirez/FABDEM-Watershed-Runtime/releases/download/runtime-core-block_004-v1/core__BLOCK_004__index__reverse_stripes__reverse_00104.tif"
"core/BLOCK_004/index/reverse_stripes/reverse_00105.tif","runtime-core-block_004-v1","core__BLOCK_004__index__reverse_stripes__reverse_00105.tif",4378266,"https://github.com/JamilRamirez/FABDEM-Watershed-Runtime/releases/download/runtime-core-block_004-v1/core__BLOCK_004__index__reverse_stripes__reverse_00105.tif"
"core/BLOCK_004/index/reverse_stripes/reverse_00106.tif","runtime-core-block_004-v1","core__BLOCK_004__index__reverse_stripes__reverse_00106.tif",4353196,"https://github.com/JamilRamirez/FABDEM-Watershed-Runtime/releases/download/runtime-core-block_004-v1/core__BLOCK_004__index__reverse_stripes__reverse_00106.tif"
"core/BLOCK_004/index/reverse_stripes/reverse_00107.tif","runtime-core-block_004-v1","core__BLOCK_004__index__reverse_stripes__reverse_00107.tif",4356574,"https://github.com/JamilRamirez/FABDEM-Watershed-Runtime/releases/download/runtime-core-block_004-v1/core__BLOCK_004__index__reverse_stripes__reverse_00107.tif"
"core/BLOCK_004/index/reverse_stripes/reverse_00108.tif","runtime-core-block_004-v1","core__BLOCK_004__index__reverse_stripes__reverse_00108.tif",4366912,"https://github.com/JamilRamirez/FABDEM-Watershed-Runtime/releases/download/runtime-core-block_004-v1/core__BLOCK_004__index__reverse_stripes__reverse_00108.tif"
"core/BLOCK_004/index/reverse_stripes/reverse_00109.tif","runtime-core-block_004-v1","core__BLOCK_004__index__reverse_stripes__reverse_00109.tif",4388162,"https://github.com/JamilRamirez/FABDEM-Watershed-Runtime/releases/download/runtime-core-block_004-v1/core__BLOCK_004__index__reverse_stripes__reverse_00109.tif"
"core/BLOCK_004/index/reverse_stripes/reverse_00110.tif","runtime-core-block_004-v1","core__BLOCK_004__index__reverse_stripes__reverse_00110.tif",4378416,"https://github.com/JamilRamirez/FABDEM-Watershed-Runtime/releases/download/runtime-core-block_004-v1/core__BLOCK_004__index__reverse_stripes__reverse_00110.tif"
"core/BLOCK_004/index/reverse_stripes/reverse_00111.tif","runtime-core-block_004-v1","core__BLOCK_004__index__reverse_stripes__reverse_00111.tif",4366686,"https://github.com/JamilRamirez/FABDEM-Watershed-Runtime/releases/download/runtime-core-block_004-v1/core__BLOCK_004__index__reverse_stripes__reverse_00111.tif"
"core/BLOCK_004/index/reverse_stripes/reverse_00112.tif","runtime-core-block_004-v1","core__BLOCK_004__index__reverse_stripes__reverse_00112.tif",4350362,"https://github.com/JamilRamirez/FABDEM-Watershed-Runtime/releases/download/runtime-core-block_004-v1/core__BLOCK_004__index__reverse_stripes__reverse_00112.tif"
"core/BLOCK_004/index/reverse_stripes/reverse_00113.tif","runtime-core-block_004-v1","core__BLOCK_004__index__reverse_stripes__reverse_00113.tif",4128624,"https://github.com/JamilRamirez/FABDEM-Watershed-Runtime/releases/download/runtime-core-block_004-v1/core__BLOCK_004__index__reverse_stripes__reverse_00113.tif"
"core/BLOCK_004/index/reverse_stripes/reverse_00114.tif","runtime-core-block_004-v1","core__BLOCK_004__index__reverse_stripes__reverse_00114.tif",3903662,"https://github.com/JamilRamirez/FABDEM-Watershed-Runtime/releases/download/runtime-core-block_004-v1/core__BLOCK_004__index__reverse_stripes__reverse_00114.tif"
"core/BLOCK_004/index/reverse_stripes/reverse_00115.tif","runtime-core-block_004-v1","core__BLOCK_004__index__reverse_stripes__reverse_00115.tif",3900494,"https://github.com/JamilRamirez/FABDEM-Watershed-Runtime/releases/download/runtime-core-block_004-v1/core__BLOCK_004__index__reverse_stripes__reverse_00115.tif"
"core/BLOCK_004/index/reverse_stripes/reverse_00116.tif","runtime-core-block_004-v1","core__BLOCK_004__index__reverse_stripes__reverse_00116.tif",3902958,"https://github.com/JamilRamirez/FABDEM-Watershed-Runtime/releases/download/runtime-core-block_004-v1/core__BLOCK_004__index__reverse_stripes__reverse_00116.tif"
"core/BLOCK_004/index/reverse_stripes/reverse_00117.tif","runtime-core-block_004-v1","core__BLOCK_004__index__reverse_stripes__reverse_00117.tif",3880222,"https://github.com/JamilRamirez/FABDEM-Watershed-Runtime/releases/download/runtime-core-block_004-v1/core__BLOCK_004__index__reverse_stripes__reverse_00117.tif"
"core/BLOCK_004/index/reverse_stripes/reverse_00118.tif","runtime-core-block_004-v1","core__BLOCK_004__index__reverse_stripes__reverse_00118.tif",3861888,"https://github.com/JamilRamirez/FABDEM-Watershed-Runtime/releases/download/runtime-core-block_004-v1/core__BLOCK_004__index__reverse_stripes__reverse_00118.tif"
"core/BLOCK_004/index/reverse_stripes/reverse_00119.tif","runtime-core-block_004-v1","core__BLOCK_004__index__reverse_stripes__reverse_00119.tif",3871152,"https://github.com/JamilRamirez/FABDEM-Watershed-Runtime/releases/download/runtime-core-block_004-v1/core__BLOCK_004__index__reverse_stripes__reverse_00119.tif"
"core/BLOCK_004/index/reverse_stripes/reverse_00120.tif","runtime-core-block_004-v1","core__BLOCK_004__index__reverse_stripes__reverse_00120.tif",3879502,"https://github.com/JamilRamirez/FABDEM-Watershed-Runtime/releases/download/runtime-core-block_004-v1/core__BLOCK_004__index__reverse_stripes__reverse_00120.tif"
"core/BLOCK_004/index/reverse_stripes/reverse_00121.tif","runtime-core-block_004-v1","core__BLOCK_004__index__reverse_stripes__reverse_00121.tif",3869962,"https://github.com/JamilRamirez/FABDEM-Watershed-Runtime/releases/download/runtime-core-block_004-v1/core__BLOCK_004__index__reverse_stripes__reverse_00121.tif"
"core/BLOCK_004/index/reverse_stripes/reverse_00122.tif","runtime-core-block_004-v1","core__BLOCK_004__index__reverse_stripes__reverse_00122.tif",3858412,"https://github.com/JamilRamirez/FABDEM-Watershed-Runtime/releases/download/runtime-core-block_004-v1/core__BLOCK_004__index__reverse_stripes__reverse_00122.tif"
"core/BLOCK_004/index/reverse_stripes/reverse_00123.tif","runtime-core-block_004-v1","core__BLOCK_004__index__reverse_stripes__reverse_00123.tif",3856414,"https://github.com/JamilRamirez/FABDEM-Watershed-Runtime/releases/download/runtime-core-block_004-v1/core__BLOCK_004__index__reverse_stripes__reverse_00123.tif"
"core/BLOCK_004/index/reverse_stripes/reverse_00124.tif","runtime-core-block_004-v1","core__BLOCK_004__index__reverse_stripes__reverse_00124.tif",3826856,"https://github.com/JamilRamirez/FABDEM-Watershed-Runtime/releases/download/runtime-core-block_004-v1/core__BLOCK_004__index__reverse_stripes__reverse_00124.tif"
"core/BLOCK_004/index/reverse_stripes/reverse_00125.tif","runtime-core-block_004-v1","core__BLOCK_004__index__reverse_stripes__reverse_00125.tif",3829020,"https://github.com/JamilRamirez/FABDEM-Watershed-Runtime/releases/download/runtime-core-block_004-v1/core__BLOCK_004__index__reverse_stripes__reverse_00125.tif"
"core/BLOCK_004/index/reverse_stripes/reverse_00126.tif","runtime-core-block_004-v1","core__BLOCK_004__index__reverse_stripes__reverse_00126.tif",3807806,"https://github.com/JamilRamirez/FABDEM-Watershed-Runtime/releases/download/runtime-core-block_004-v1/core__BLOCK_004__index__reverse_stripes__reverse_00126.tif"
"core/BLOCK_004/index/reverse_stripes/reverse_00127.tif","runtime-core-block_004-v1","core__BLOCK_004__index__reverse_stripes__reverse_00127.tif",3498832,"https://github.com/JamilRamirez/FABDEM-Watershed-Runtime/releases/download/runtime-core-block_004-v1/core__BLOCK_004__index__reverse_stripes__reverse_00127.tif"
"core/BLOCK_004/index/reverse_stripes/reverse_00128.tif","runtime-core-block_004-v1","core__BLOCK_004__index__reverse_stripes__reverse_00128.tif",3091140,"https://github.com/JamilRamirez/FABDEM-Watershed-Runtime/releases/download/runtime-core-block_004-v1/core__BLOCK_004__index__reverse_stripes__reverse_00128.tif"
"core/BLOCK_004/index/reverse_stripes/reverse_00129.tif","runtime-core-block_004-v1","core__BLOCK_004__index__reverse_stripes__reverse_00129.tif",3084192,"https://github.com/JamilRamirez/FABDEM-Watershed-Runtime/releases/download/runtime-core-block_004-v1/core__BLOCK_004__index__reverse_stripes__reverse_00129.tif"
"core/BLOCK_004/index/reverse_stripes/reverse_00130.tif","runtime-core-block_004-v1","core__BLOCK_004__index__reverse_stripes__reverse_00130.tif",3068654,"https://github.com/JamilRamirez/FABDEM-Watershed-Runtime/releases/download/runtime-core-block_004-v1/core__BLOCK_004__index__reverse_stripes__reverse_00130.tif"
"core/BLOCK_004/index/reverse_stripes/reverse_00131.tif","runtime-core-block_004-v1","core__BLOCK_004__index__reverse_stripes__reverse_00131.tif",3065710,"https://github.com/JamilRamirez/FABDEM-Watershed-Runtime/releases/download/runtime-core-block_004-v1/core__BLOCK_004__index__reverse_stripes__reverse_00131.tif"
"core/BLOCK_004/index/reverse_stripes/reverse_00132.tif","runtime-core-block_004-v1","core__BLOCK_004__index__reverse_stripes__reverse_00132.tif",3077056,"https://github.com/JamilRamirez/FABDEM-Watershed-Runtime/releases/download/runtime-core-block_004-v1/core__BLOCK_004__index__reverse_stripes__reverse_00132.tif"
"core/BLOCK_004/index/reverse_stripes/reverse_00133.tif","runtime-core-block_004-v1","core__BLOCK_004__index__reverse_stripes__reverse_00133.tif",3072294,"https://github.com/JamilRamirez/FABDEM-Watershed-Runtime/releases/download/runtime-core-block_004-v1/core__BLOCK_004__index__reverse_stripes__reverse_00133.tif"
"core/BLOCK_004/index/reverse_stripes/reverse_00134.tif","runtime-core-block_004-v1","core__BLOCK_004__index__reverse_stripes__reverse_00134.tif",3081492,"https://github.com/JamilRamirez/FABDEM-Watershed-Runtime/releases/download/runtime-core-block_004-v1/core__BLOCK_004__index__reverse_stripes__reverse_00134.tif"
"core/BLOCK_004/index/reverse_stripes/reverse_00135.tif","runtime-core-block_004-v1","core__BLOCK_004__index__reverse_stripes__reverse_00135.tif",3093158,"https://github.com/JamilRamirez/FABDEM-Watershed-Runtime/releases/download/runtime-core-block_004-v1/core__BLOCK_004__index__reverse_stripes__reverse_00135.tif"
"core/BLOCK_004/index/reverse_stripes/reverse_00136.tif","runtime-core-block_004-v1","core__BLOCK_004__index__reverse_stripes__reverse_00136.tif",3069972,"https://github.com/JamilRamirez/FABDEM-Watershed-Runtime/releases/download/runtime-core-block_004-v1/core__BLOCK_004__index__reverse_stripes__reverse_00136.tif"
"core/BLOCK_004/index/reverse_stripes/reverse_00137.tif","runtime-core-block_004-v1","core__BLOCK_004__index__reverse_stripes__reverse_00137.tif",3079052,"https://github.com/JamilRamirez/FABDEM-Watershed-Runtime/releases/download/runtime-core-block_004-v1/core__BLOCK_004__index__reverse_stripes__reverse_00137.tif"
"core/BLOCK_004/index/reverse_stripes/reverse_00138.tif","runtime-core-block_004-v1","core__BLOCK_004__index__reverse_stripes__reverse_00138.tif",3070416,"https://github.com/JamilRamirez/FABDEM-Watershed-Runtime/releases/download/runtime-core-block_004-v1/core__BLOCK_004__index__reverse_stripes__reverse_00138.tif"
"core/BLOCK_004/index/reverse_stripes/reverse_00139.tif","runtime-core-block_004-v1","core__BLOCK_004__index__reverse_stripes__reverse_00139.tif",3069472,"https://github.com/JamilRamirez/FABDEM-Watershed-Runtime/releases/download/runtime-core-block_004-v1/core__BLOCK_004__index__reverse_stripes__reverse_00139.tif"
"core/BLOCK_004/index/reverse_stripes/reverse_00140.tif","runtime-core-block_004-v1","core__BLOCK_004__index__reverse_stripes__reverse_00140.tif",3068694,"https://github.com/JamilRamirez/FABDEM-Watershed-Runtime/releases/download/runtime-core-block_004-v1/core__BLOCK_004__index__reverse_stripes__reverse_00140.tif"
"core/BLOCK_004/index/reverse_stripes/reverse_00141.tif","runtime-core-block_004-v1","core__BLOCK_004__index__reverse_stripes__reverse_00141.tif",2924930,"https://github.com/JamilRamirez/FABDEM-Watershed-Runtime/releases/download/runtime-core-block_004-v1/core__BLOCK_004__index__reverse_stripes__reverse_00141.tif"
"core/BLOCK_004/index/reverse_stripes/reverse_00142.tif","runtime-core-block_004-v1","core__BLOCK_004__index__reverse_stripes__reverse_00142.tif",2650386,"https://github.com/JamilRamirez/FABDEM-Watershed-Runtime/releases/download/runtime-core-block_004-v1/core__BLOCK_004__index__reverse_stripes__reverse_00142.tif"
"core/BLOCK_004/index/reverse_stripes/reverse_00143.tif","runtime-core-block_004-v1","core__BLOCK_004__index__reverse_stripes__reverse_00143.tif",2646340,"https://github.com/JamilRamirez/FABDEM-Watershed-Runtime/releases/download/runtime-core-block_004-v1/core__BLOCK_004__index__reverse_stripes__reverse_00143.tif"
"core/BLOCK_004/index/reverse_stripes/reverse_00144.tif","runtime-core-block_004-v1","core__BLOCK_004__index__reverse_stripes__reverse_00144.tif",2635600,"https://github.com/JamilRamirez/FABDEM-Watershed-Runtime/releases/download/runtime-core-block_004-v1/core__BLOCK_004__index__reverse_stripes__reverse_00144.tif"
"core/BLOCK_004/index/reverse_stripes/reverse_00145.tif","runtime-core-block_004-v1","core__BLOCK_004__index__reverse_stripes__reverse_00145.tif",2621408,"https://github.com/JamilRamirez/FABDEM-Watershed-Runtime/releases/download/runtime-core-block_004-v1/core__BLOCK_004__index__reverse_stripes__reverse_00145.tif"
"core/BLOCK_004/index/reverse_stripes/reverse_00146.tif","runtime-core-block_004-v1","core__BLOCK_004__index__reverse_stripes__reverse_00146.tif",2621226,"https://github.com/JamilRamirez/FABDEM-Watershed-Runtime/releases/download/runtime-core-block_004-v1/core__BLOCK_004__index__reverse_stripes__reverse_00146.tif"
"core/BLOCK_004/index/reverse_stripes/reverse_00147.tif","runtime-core-block_004-v1","core__BLOCK_004__index__reverse_stripes__reverse_00147.tif",2598956,"https://github.com/JamilRamirez/FABDEM-Watershed-Runtime/releases/download/runtime-core-block_004-v1/core__BLOCK_004__index__reverse_stripes__reverse_00147.tif"
"core/BLOCK_004/index/reverse_stripes/reverse_00148.tif","runtime-core-block_004-v1","core__BLOCK_004__index__reverse_stripes__reverse_00148.tif",2592624,"https://github.com/JamilRamirez/FABDEM-Watershed-Runtime/releases/download/runtime-core-block_004-v1/core__BLOCK_004__index__reverse_stripes__reverse_00148.tif"
"core/BLOCK_004/index/reverse_stripes/reverse_00149.tif","runtime-core-block_004-v1","core__BLOCK_004__index__reverse_stripes__reverse_00149.tif",2577812,"https://github.com/JamilRamirez/FABDEM-Watershed-Runtime/releases/download/runtime-core-block_004-v1/core__BLOCK_004__index__reverse_stripes__reverse_00149.tif"
"core/BLOCK_004/index/reverse_stripes/reverse_00150.tif","runtime-core-block_004-v1","core__BLOCK_004__index__reverse_stripes__reverse_00150.tif",2568442,"https://github.com/JamilRamirez/FABDEM-Watershed-Runtime/releases/download/runtime-core-block_004-v1/core__BLOCK_004__index__reverse_stripes__reverse_00150.tif"
"core/BLOCK_004/index/reverse_stripes/reverse_00151.tif","runtime-core-block_004-v1","core__BLOCK_004__index__reverse_stripes__reverse_00151.tif",2562282,"https://github.com/JamilRamirez/FABDEM-Watershed-Runtime/releases/download/runtime-core-block_004-v1/core__BLOCK_004__index__reverse_stripes__reverse_00151.tif"
"core/BLOCK_004/index/reverse_stripes/reverse_00152.tif","runtime-core-block_004-v1","core__BLOCK_004__index__reverse_stripes__reverse_00152.tif",2556182,"https://github.com/JamilRamirez/FABDEM-Watershed-Runtime/releases/download/runtime-core-block_004-v1/core__BLOCK_004__index__reverse_stripes__reverse_00152.tif"
"core/BLOCK_004/index/reverse_stripes/reverse_00153.tif","runtime-core-block_004-v1","core__BLOCK_004__index__reverse_stripes__reverse_00153.tif",2533788,"https://github.com/JamilRamirez/FABDEM-Watershed-Runtime/releases/download/runtime-core-block_004-v1/core__BLOCK_004__index__reverse_stripes__reverse_00153.tif"
"core/BLOCK_004/index/reverse_stripes/reverse_00154.tif","runtime-core-block_004-v1","core__BLOCK_004__index__reverse_stripes__reverse_00154.tif",2514760,"https://github.com/JamilRamirez/FABDEM-Watershed-Runtime/releases/download/runtime-core-block_004-v1/core__BLOCK_004__index__reverse_stripes__reverse_00154.tif"
"core/BLOCK_004/index/reverse_stripes/reverse_00155.tif","runtime-core-block_004-v1","core__BLOCK_004__index__reverse_stripes__reverse_00155.tif",2436138,"https://github.com/JamilRamirez/FABDEM-Watershed-Runtime/releases/download/runtime-core-block_004-v1/core__BLOCK_004__index__reverse_stripes__reverse_00155.tif"
"core/BLOCK_004/index/reverse_stripes/reverse_00156.tif","runtime-core-block_004-v1","core__BLOCK_004__index__reverse_stripes__reverse_00156.tif",2303986,"https://github.com/JamilRamirez/FABDEM-Watershed-Runtime/releases/download/runtime-core-block_004-v1/core__BLOCK_004__index__reverse_stripes__reverse_00156.tif"
"core/BLOCK_004/index/reverse_stripes/reverse_00157.tif","runtime-core-block_004-v1","core__BLOCK_004__index__reverse_stripes__reverse_00157.tif",2283418,"https://github.com/JamilRamirez/FABDEM-Watershed-Runtime/releases/download/runtime-core-block_004-v1/core__BLOCK_004__index__reverse_stripes__reverse_00157.tif"
"core/BLOCK_004/index/reverse_stripes/reverse_00158.tif","runtime-core-block_004-v1","core__BLOCK_004__index__reverse_stripes__reverse_00158.tif",2279958,"https://github.com/JamilRamirez/FABDEM-Watershed-Runtime/releases/download/runtime-core-block_004-v1/core__BLOCK_004__index__reverse_stripes__reverse_00158.tif"
"core/BLOCK_004/index/reverse_stripes/reverse_00159.tif","runtime-core-block_004-v1","core__BLOCK_004__index__reverse_stripes__reverse_00159.tif",2253808,"https://github.com/JamilRamirez/FABDEM-Watershed-Runtime/releases/download/runtime-core-block_004-v1/core__BLOCK_004__index__reverse_stripes__reverse_00159.tif"
"core/BLOCK_004/index/reverse_stripes/reverse_00160.tif","runtime-core-block_004-v1","core__BLOCK_004__index__reverse_stripes__reverse_00160.tif",2231848,"https://github.com/JamilRamirez/FABDEM-Watershed-Runtime/releases/download/runtime-core-block_004-v1/core__BLOCK_004__index__reverse_stripes__reverse_00160.tif"
"core/BLOCK_004/index/reverse_stripes/reverse_00161.tif","runtime-core-block_004-v1","core__BLOCK_004__index__reverse_stripes__reverse_00161.tif",2207502,"https://github.com/JamilRamirez/FABDEM-Watershed-Runtime/releases/download/runtime-core-block_004-v1/core__BLOCK_004__index__reverse_stripes__reverse_00161.tif"
"core/BLOCK_004/index/reverse_stripes/reverse_00162.tif","runtime-core-block_004-v1","core__BLOCK_004__index__reverse_stripes__reverse_00162.tif",2211876,"https://github.com/JamilRamirez/FABDEM-Watershed-Runtime/releases/download/runtime-core-block_004-v1/core__BLOCK_004__index__reverse_stripes__reverse_00162.tif"
"core/BLOCK_004/index/reverse_stripes/reverse_00163.tif","runtime-core-block_004-v1","core__BLOCK_004__index__reverse_stripes__reverse_00163.tif",2212618,"https://github.com/JamilRamirez/FABDEM-Watershed-Runtime/releases/download/runtime-core-block_004-v1/core__BLOCK_004__index__reverse_stripes__reverse_00163.tif"
"core/BLOCK_004/index/reverse_stripes/reverse_00164.tif","runtime-core-block_004-v1","core__BLOCK_004__index__reverse_stripes__reverse_00164.tif",2207472,"https://github.com/JamilRamirez/FABDEM-Watershed-Runtime/releases/download/runtime-core-block_004-v1/core__BLOCK_004__index__reverse_stripes__reverse_00164.tif"
"core/BLOCK_004/index/reverse_stripes/reverse_00165.tif","runtime-core-block_004-v1","core__BLOCK_004__index__reverse_stripes__reverse_00165.tif",2194502,"https://github.com/JamilRamirez/FABDEM-Watershed-Runtime/releases/download/runtime-core-block_004-v1/core__BLOCK_004__index__reverse_stripes__reverse_00165.tif"
"core/BLOCK_004/index/reverse_stripes/reverse_00166.tif","runtime-core-block_004-v1","core__BLOCK_004__index__reverse_stripes__reverse_00166.tif",2190756,"https://github.com/JamilRamirez/FABDEM-Watershed-Runtime/releases/download/runtime-core-block_004-v1/core__BLOCK_004__index__reverse_stripes__reverse_00166.tif"
"core/BLOCK_004/index/reverse_stripes/reverse_00167.tif","runtime-core-block_004-v1","core__BLOCK_004__index__reverse_stripes__reverse_00167.tif",2172188,"https://github.com/JamilRamirez/FABDEM-Watershed-Runtime/releases/download/runtime-core-block_004-v1/core__BLOCK_004__index__reverse_stripes__reverse_00167.tif"
"core/BLOCK_004/index/reverse_stripes/reverse_00168.tif","runtime-core-block_004-v1","core__BLOCK_004__index__reverse_stripes__reverse_00168.tif",2197312,"https://github.com/JamilRamirez/FABDEM-Watershed-Runtime/releases/download/runtime-core-block_004-v1/core__BLOCK_004__index__reverse_stripes__reverse_00168.tif"
"core/BLOCK_004/index/reverse_stripes/reverse_00169.tif","runtime-core-block_004-v1","core__BLOCK_004__index__reverse_stripes__reverse_00169.tif",2193350,"https://github.com/JamilRamirez/FABDEM-Watershed-Runtime/releases/download/runtime-core-block_004-v1/core__BLOCK_004__index__reverse_stripes__reverse_00169.tif"
"core/BLOCK_004/index/reverse_stripes/reverse_00170.tif","runtime-core-block_004-v1","core__BLOCK_004__index__reverse_stripes__reverse_00170.tif",2190360,"https://github.com/JamilRamirez/FABDEM-Watershed-Runtime/releases/download/runtime-core-block_004-v1/core__BLOCK_004__index__reverse_stripes__reverse_00170.tif"
"core/BLOCK_004/index/reverse_stripes/reverse_00171.tif","runtime-core-block_004-v1","core__BLOCK_004__index__reverse_stripes__reverse_00171.tif",2184410,"https://github.com/JamilRamirez/FABDEM-Watershed-Runtime/releases/download/runtime-core-block_004-v1/core__BLOCK_004__index__reverse_stripes__reverse_00171.tif"
"core/BLOCK_004/index/reverse_stripes/reverse_00172.tif","runtime-core-block_004-v1","core__BLOCK_004__index__reverse_stripes__reverse_00172.tif",2168336,"https://github.com/JamilRamirez/FABDEM-Watershed-Runtime/releases/download/runtime-core-block_004-v1/core__BLOCK_004__index__reverse_stripes__reverse_00172.tif"
"core/BLOCK_004/index/reverse_stripes/reverse_00173.tif","runtime-core-block_004-v1","core__BLOCK_004__index__reverse_stripes__reverse_00173.tif",2172008,"https://github.com/JamilRamirez/FABDEM-Watershed-Runtime/releases/download/runtime-core-block_004-v1/core__BLOCK_004__index__reverse_stripes__reverse_00173.tif"
"core/BLOCK_004/index/reverse_stripes/reverse_00174.tif","runtime-core-block_004-v1","core__BLOCK_004__index__reverse_stripes__reverse_00174.tif",2169150,"https://github.com/JamilRamirez/FABDEM-Watershed-Runtime/releases/download/runtime-core-block_004-v1/core__BLOCK_004__index__reverse_stripes__reverse_00174.tif"
"core/BLOCK_004/index/reverse_stripes/reverse_00175.tif","runtime-core-block_004-v1","core__BLOCK_004__index__reverse_stripes__reverse_00175.tif",2163842,"https://github.com/JamilRamirez/FABDEM-Watershed-Runtime/releases/download/runtime-core-block_004-v1/core__BLOCK_004__index__reverse_stripes__reverse_00175.tif"
"core/BLOCK_004/index/reverse_stripes/reverse_00176.tif","runtime-core-block_004-v1","core__BLOCK_004__index__reverse_stripes__reverse_00176.tif",2153216,"https://github.com/JamilRamirez/FABDEM-Watershed-Runtime/releases/download/runtime-core-block_004-v1/core__BLOCK_004__index__reverse_stripes__reverse_00176.tif"
"core/BLOCK_004/index/reverse_stripes/reverse_00177.tif","runtime-core-block_004-v1","core__BLOCK_004__index__reverse_stripes__reverse_00177.tif",2132152,"https://github.com/JamilRamirez/FABDEM-Watershed-Runtime/releases/download/runtime-core-block_004-v1/core__BLOCK_004__index__reverse_stripes__reverse_00177.tif"
"core/BLOCK_004/index/reverse_stripes/reverse_00178.tif","runtime-core-block_004-v1","core__BLOCK_004__index__reverse_stripes__reverse_00178.tif",2118568,"https://github.com/JamilRamirez/FABDEM-Watershed-Runtime/releases/download/runtime-core-block_004-v1/core__BLOCK_004__index__reverse_stripes__reverse_00178.tif"
"core/BLOCK_004/index/reverse_stripes/reverse_00179.tif","runtime-core-block_004-v1","core__BLOCK_004__index__reverse_stripes__reverse_00179.tif",2079444,"https://github.com/JamilRamirez/FABDEM-Watershed-Runtime/releases/download/runtime-core-block_004-v1/core__BLOCK_004__index__reverse_stripes__reverse_00179.tif"
"core/BLOCK_004/index/reverse_stripes/reverse_00180.tif","runtime-core-block_004-v1","core__BLOCK_004__index__reverse_stripes__reverse_00180.tif",2053046,"https://github.com/JamilRamirez/FABDEM-Watershed-Runtime/releases/download/runtime-core-block_004-v1/core__BLOCK_004__index__reverse_stripes__reverse_00180.tif"
"core/BLOCK_004/index/reverse_stripes/reverse_00181.tif","runtime-core-block_004-v1","core__BLOCK_004__index__reverse_stripes__reverse_00181.tif",2023316,"https://github.com/JamilRamirez/FABDEM-Watershed-Runtime/releases/download/runtime-core-block_004-v1/core__BLOCK_004__index__reverse_stripes__reverse_00181.tif"
"core/BLOCK_004/index/reverse_stripes/reverse_00182.tif","runtime-core-block_004-v1","core__BLOCK_004__index__reverse_stripes__reverse_00182.tif",2025182,"https://github.com/JamilRamirez/FABDEM-Watershed-Runtime/releases/download/runtime-core-block_004-v1/core__BLOCK_004__index__reverse_stripes__reverse_00182.tif"
"core/BLOCK_004/index/reverse_stripes/reverse_00183.tif","runtime-core-block_004-v1","core__BLOCK_004__index__reverse_stripes__reverse_00183.tif",1969302,"https://github.com/JamilRamirez/FABDEM-Watershed-Runtime/releases/download/runtime-core-block_004-v1/core__BLOCK_004__index__reverse_stripes__reverse_00183.tif"
"core/BLOCK_004/index/reverse_stripes/reverse_00184.tif","runtime-core-block_004-v1","core__BLOCK_004__index__reverse_stripes__reverse_00184.tif",1792828,"https://github.com/JamilRamirez/FABDEM-Watershed-Runtime/releases/download/runtime-core-block_004-v1/core__BLOCK_004__index__reverse_stripes__reverse_00184.tif"
"core/BLOCK_004/index/reverse_stripes/reverse_00185.tif","runtime-core-block_004-v1","core__BLOCK_004__index__reverse_stripes__reverse_00185.tif",1800690,"https://github.com/JamilRamirez/FABDEM-Watershed-Runtime/releases/download/runtime-core-block_004-v1/core__BLOCK_004__index__reverse_stripes__reverse_00185.tif"
"core/BLOCK_004/index/reverse_stripes/reverse_00186.tif","runtime-core-block_004-v1","core__BLOCK_004__index__reverse_stripes__reverse_00186.tif",1795292,"https://github.com/JamilRamirez/FABDEM-Watershed-Runtime/releases/download/runtime-core-block_004-v1/core__BLOCK_004__index__reverse_stripes__reverse_00186.tif"
"core/BLOCK_004/index/reverse_stripes/reverse_00187.tif","runtime-core-block_004-v1","core__BLOCK_004__index__reverse_stripes__reverse_00187.tif",1772730,"https://github.com/JamilRamirez/FABDEM-Watershed-Runtime/releases/download/runtime-core-block_004-v1/core__BLOCK_004__index__reverse_stripes__reverse_00187.tif"
"core/BLOCK_004/index/reverse_stripes/reverse_00188.tif","runtime-core-block_004-v1","core__BLOCK_004__index__reverse_stripes__reverse_00188.tif",1767852,"https://github.com/JamilRamirez/FABDEM-Watershed-Runtime/releases/download/runtime-core-block_004-v1/core__BLOCK_004__index__reverse_stripes__reverse_00188.tif"
"core/BLOCK_004/index/reverse_stripes/reverse_00189.tif","runtime-core-block_004-v1","core__BLOCK_004__index__reverse_stripes__reverse_00189.tif",1753560,"https://github.com/JamilRamirez/FABDEM-Watershed-Runtime/releases/download/runtime-core-block_004-v1/core__BLOCK_004__index__reverse_stripes__reverse_00189.tif"
"core/BLOCK_004/index/reverse_stripes/reverse_00190.tif","runtime-core-block_004-v1","core__BLOCK_004__index__reverse_stripes__reverse_00190.tif",1746540,"https://github.com/JamilRamirez/FABDEM-Watershed-Runtime/releases/download/runtime-core-block_004-v1/core__BLOCK_004__index__reverse_stripes__reverse_00190.tif"
"core/BLOCK_004/index/reverse_stripes/reverse_00191.tif","runtime-core-block_004-v1","core__BLOCK_004__index__reverse_stripes__reverse_00191.tif",1745784,"https://github.com/JamilRamirez/FABDEM-Watershed-Runtime/releases/download/runtime-core-block_004-v1/core__BLOCK_004__index__reverse_stripes__reverse_00191.tif"
"core/BLOCK_004/index/reverse_stripes/reverse_00192.tif","runtime-core-block_004-v1","core__BLOCK_004__index__reverse_stripes__reverse_00192.tif",1727262,"https://github.com/JamilRamirez/FABDEM-Watershed-Runtime/releases/download/runtime-core-block_004-v1/core__BLOCK_004__index__reverse_stripes__reverse_00192.tif"
"core/BLOCK_004/index/reverse_stripes/reverse_00193.tif","runtime-core-block_004-v1","core__BLOCK_004__index__reverse_stripes__reverse_00193.tif",1713846,"https://github.com/JamilRamirez/FABDEM-Watershed-Runtime/releases/download/runtime-core-block_004-v1/core__BLOCK_004__index__reverse_stripes__reverse_00193.tif"
"core/BLOCK_004/index/reverse_stripes/reverse_00194.tif","runtime-core-block_004-v1","core__BLOCK_004__index__reverse_stripes__reverse_00194.tif",1715020,"https://github.com/JamilRamirez/FABDEM-Watershed-Runtime/releases/download/runtime-core-block_004-v1/core__BLOCK_004__index__reverse_stripes__reverse_00194.tif"
"core/BLOCK_004/index/reverse_stripes/reverse_00195.tif","runtime-core-block_004-v1","core__BLOCK_004__index__reverse_stripes__reverse_00195.tif",1701288,"https://github.com/JamilRamirez/FABDEM-Watershed-Runtime/releases/download/runtime-core-block_004-v1/core__BLOCK_004__index__reverse_stripes__reverse_00195.tif"
"core/BLOCK_004/index/reverse_stripes/reverse_00196.tif","runtime-core-block_004-v1","core__BLOCK_004__index__reverse_stripes__reverse_00196.tif",1687266,"https://github.com/JamilRamirez/FABDEM-Watershed-Runtime/releases/download/runtime-core-block_004-v1/core__BLOCK_004__index__reverse_stripes__reverse_00196.tif"
"core/BLOCK_004/index/reverse_stripes/reverse_00197.tif","runtime-core-block_004-v1","core__BLOCK_004__index__reverse_stripes__reverse_00197.tif",1683068,"https://github.com/JamilRamirez/FABDEM-Watershed-Runtime/releases/download/runtime-core-block_004-v1/core__BLOCK_004__index__reverse_stripes__reverse_00197.tif"
"core/BLOCK_004/index/reverse_stripes/reverse_00198.tif","runtime-core-block_004-v1","core__BLOCK_004__index__reverse_stripes__reverse_00198.tif",1750978,"https://github.com/JamilRamirez/FABDEM-Watershed-Runtime/releases/download/runtime-core-block_004-v1/core__BLOCK_004__index__reverse_stripes__reverse_00198.tif"
"core/BLOCK_004/index/reverse_stripes/reverse_00199.tif","runtime-core-block_004-v1","core__BLOCK_004__index__reverse_stripes__reverse_00199.tif",1742098,"https://github.com/JamilRamirez/FABDEM-Watershed-Runtime/releases/download/runtime-core-block_004-v1/core__BLOCK_004__index__reverse_stripes__reverse_00199.tif"
"core/BLOCK_004/index/reverse_stripes/reverse_00200.tif","runtime-core-block_004-v1","core__BLOCK_004__index__reverse_stripes__reverse_00200.tif",1717332,"https://github.com/JamilRamirez/FABDEM-Watershed-Runtime/releases/download/runtime-core-block_004-v1/core__BLOCK_004__index__reverse_stripes__reverse_00200.tif"
"core/BLOCK_004/index/reverse_stripes/reverse_00201.tif","runtime-core-block_004-v1","core__BLOCK_004__index__reverse_stripes__reverse_00201.tif",1652630,"https://github.com/JamilRamirez/FABDEM-Watershed-Runtime/releases/download/runtime-core-block_004-v1/core__BLOCK_004__index__reverse_stripes__reverse_00201.tif"
"core/BLOCK_004/index/reverse_stripes/reverse_00202.tif","runtime-core-block_004-v1","core__BLOCK_004__index__reverse_stripes__reverse_00202.tif",1650900,"https://github.com/JamilRamirez/FABDEM-Watershed-Runtime/releases/download/runtime-core-block_004-v1/core__BLOCK_004__index__reverse_stripes__reverse_00202.tif"
"core/BLOCK_004/index/reverse_stripes/reverse_00203.tif","runtime-core-block_004-v1","core__BLOCK_004__index__reverse_stripes__reverse_00203.tif",1617208,"https://github.com/JamilRamirez/FABDEM-Watershed-Runtime/releases/download/runtime-core-block_004-v1/core__BLOCK_004__index__reverse_stripes__reverse_00203.tif"
"core/BLOCK_004/index/reverse_stripes/reverse_00204.tif","runtime-core-block_004-v1","core__BLOCK_004__index__reverse_stripes__reverse_00204.tif",1598896,"https://github.com/JamilRamirez/FABDEM-Watershed-Runtime/releases/download/runtime-core-block_004-v1/core__BLOCK_004__index__reverse_stripes__reverse_00204.tif"
"core/BLOCK_004/index/reverse_stripes/reverse_00205.tif","runtime-core-block_004-v1","core__BLOCK_004__index__reverse_stripes__reverse_00205.tif",1579496,"https://github.com/JamilRamirez/FABDEM-Watershed-Runtime/releases/download/runtime-core-block_004-v1/core__BLOCK_004__index__reverse_stripes__reverse_00205.tif"
"core/BLOCK_004/index/reverse_stripes/reverse_00206.tif","runtime-core-block_004-v1","core__BLOCK_004__index__reverse_stripes__reverse_00206.tif",1589482,"https://github.com/JamilRamirez/FABDEM-Watershed-Runtime/releases/download/runtime-core-block_004-v1/core__BLOCK_004__index__reverse_stripes__reverse_00206.tif"
"core/BLOCK_004/index/reverse_stripes/reverse_00207.tif","runtime-core-block_004-v1","core__BLOCK_004__index__reverse_stripes__reverse_00207.tif",1598346,"https://github.com/JamilRamirez/FABDEM-Watershed-Runtime/releases/download/runtime-core-block_004-v1/core__BLOCK_004__index__reverse_stripes__reverse_00207.tif"
"core/BLOCK_004/index/reverse_stripes/reverse_00208.tif","runtime-core-block_004-v1","core__BLOCK_004__index__reverse_stripes__reverse_00208.tif",1607240,"https://github.com/JamilRamirez/FABDEM-Watershed-Runtime/releases/download/runtime-core-block_004-v1/core__BLOCK_004__index__reverse_stripes__reverse_00208.tif"
"core/BLOCK_004/index/reverse_stripes/reverse_00209.tif","runtime-core-block_004-v1","core__BLOCK_004__index__reverse_stripes__reverse_00209.tif",1597266,"https://github.com/JamilRamirez/FABDEM-Watershed-Runtime/releases/download/runtime-core-block_004-v1/core__BLOCK_004__index__reverse_stripes__reverse_00209.tif"
"core/BLOCK_004/index/reverse_stripes/reverse_00210.tif","runtime-core-block_004-v1","core__BLOCK_004__index__reverse_stripes__reverse_00210.tif",1581284,"https://github.com/JamilRamirez/FABDEM-Watershed-Runtime/releases/download/runtime-core-block_004-v1/core__BLOCK_004__index__reverse_stripes__reverse_00210.tif"
"core/BLOCK_004/index/reverse_stripes/reverse_00211.tif","runtime-core-block_004-v1","core__BLOCK_004__index__reverse_stripes__reverse_00211.tif",1601234,"https://github.com/JamilRamirez/FABDEM-Watershed-Runtime/releases/download/runtime-core-block_004-v1/core__BLOCK_004__index__reverse_stripes__reverse_00211.tif"
"core/BLOCK_004/index/reverse_stripes/reverse_00212.tif","runtime-core-block_004-v1","core__BLOCK_004__index__reverse_stripes__reverse_00212.tif",1942410,"https://github.com/JamilRamirez/FABDEM-Watershed-Runtime/releases/download/runtime-core-block_004-v1/core__BLOCK_004__index__reverse_stripes__reverse_00212.tif"
"core/BLOCK_004/index/reverse_stripes/reverse_00213.tif","runtime-core-block_004-v1","core__BLOCK_004__index__reverse_stripes__reverse_00213.tif",1903802,"https://github.com/JamilRamirez/FABDEM-Watershed-Runtime/releases/download/runtime-core-block_004-v1/core__BLOCK_004__index__reverse_stripes__reverse_00213.tif"
"core/BLOCK_004/index/reverse_stripes/reverse_00214.tif","runtime-core-block_004-v1","core__BLOCK_004__index__reverse_stripes__reverse_00214.tif",1875208,"https://github.com/JamilRamirez/FABDEM-Watershed-Runtime/releases/download/runtime-core-block_004-v1/core__BLOCK_004__index__reverse_stripes__reverse_00214.tif"
"core/BLOCK_004/index/reverse_stripes/reverse_00215.tif","runtime-core-block_004-v1","core__BLOCK_004__index__reverse_stripes__reverse_00215.tif",1860550,"https://github.com/JamilRamirez/FABDEM-Watershed-Runtime/releases/download/runtime-core-block_004-v1/core__BLOCK_004__index__reverse_stripes__reverse_00215.tif"
"core/BLOCK_004/index/reverse_stripes/reverse_00216.tif","runtime-core-block_004-v1","core__BLOCK_004__index__reverse_stripes__reverse_00216.tif",1841908,"https://github.com/JamilRamirez/FABDEM-Watershed-Runtime/releases/download/runtime-core-block_004-v1/core__BLOCK_004__index__reverse_stripes__reverse_00216.tif"
"core/BLOCK_004/index/reverse_stripes/reverse_00217.tif","runtime-core-block_004-v1","core__BLOCK_004__index__reverse_stripes__reverse_00217.tif",1826230,"https://github.com/JamilRamirez/FABDEM-Watershed-Runtime/releases/download/runtime-core-block_004-v1/core__BLOCK_004__index__reverse_stripes__reverse_00217.tif"
"core/BLOCK_004/index/reverse_stripes/reverse_00218.tif","runtime-core-block_004-v1","core__BLOCK_004__index__reverse_stripes__reverse_00218.tif",1827338,"https://github.com/JamilRamirez/FABDEM-Watershed-Runtime/releases/download/runtime-core-block_004-v1/core__BLOCK_004__index__reverse_stripes__reverse_00218.tif"
"core/BLOCK_004/index/reverse_stripes/reverse_00219.tif","runtime-core-block_004-v1","core__BLOCK_004__index__reverse_stripes__reverse_00219.tif",1834198,"https://github.com/JamilRamirez/FABDEM-Watershed-Runtime/releases/download/runtime-core-block_004-v1/core__BLOCK_004__index__reverse_stripes__reverse_00219.tif"
"core/BLOCK_004/index/reverse_stripes/reverse_00220.tif","runtime-core-block_004-v1","core__BLOCK_004__index__reverse_stripes__reverse_00220.tif",1811410,"https://github.com/JamilRamirez/FABDEM-Watershed-Runtime/releases/download/runtime-core-block_004-v1/core__BLOCK_004__index__reverse_stripes__reverse_00220.tif"
"core/BLOCK_004/index/reverse_stripes/reverse_00221.tif","runtime-core-block_004-v1","core__BLOCK_004__index__reverse_stripes__reverse_00221.tif",1814942,"https://github.com/JamilRamirez/FABDEM-Watershed-Runtime/releases/download/runtime-core-block_004-v1/core__BLOCK_004__index__reverse_stripes__reverse_00221.tif"
"core/BLOCK_004/index/reverse_stripes/reverse_00222.tif","runtime-core-block_004-v1","core__BLOCK_004__index__reverse_stripes__reverse_00222.tif",1824242,"https://github.com/JamilRamirez/FABDEM-Watershed-Runtime/releases/download/runtime-core-block_004-v1/core__BLOCK_004__index__reverse_stripes__reverse_00222.tif"
"core/BLOCK_004/index/reverse_stripes/reverse_00223.tif","runtime-core-block_004-v1","core__BLOCK_004__index__reverse_stripes__reverse_00223.tif",1830506,"https://github.com/JamilRamirez/FABDEM-Watershed-Runtime/releases/download/runtime-core-block_004-v1/core__BLOCK_004__index__reverse_stripes__reverse_00223.tif"
"core/BLOCK_004/index/reverse_stripes/reverse_00224.tif","runtime-core-block_004-v1","core__BLOCK_004__index__reverse_stripes__reverse_00224.tif",1840642,"https://github.com/JamilRamirez/FABDEM-Watershed-Runtime/releases/download/runtime-core-block_004-v1/core__BLOCK_004__index__reverse_stripes__reverse_00224.tif"
"core/BLOCK_004/index/reverse_stripes/reverse_00225.tif","runtime-core-block_004-v1","core__BLOCK_004__index__reverse_stripes__reverse_00225.tif",1840252,"https://github.com/JamilRamirez/FABDEM-Watershed-Runtime/releases/download/runtime-core-block_004-v1/core__BLOCK_004__index__reverse_stripes__reverse_00225.tif"
"core/BLOCK_004/index/reverse_stripes/reverse_00226.tif","runtime-core-block_004-v1","core__BLOCK_004__index__reverse_stripes__reverse_00226.tif",1494502,"https://github.com/JamilRamirez/FABDEM-Watershed-Runtime/releases/download/runtime-core-block_004-v1/core__BLOCK_004__index__reverse_stripes__reverse_00226.tif"
"core/BLOCK_004/index/reverse_stripes/reverse_00227.tif","runtime-core-block_004-v1","core__BLOCK_004__index__reverse_stripes__reverse_00227.tif",1493430,"https://github.com/JamilRamirez/FABDEM-Watershed-Runtime/releases/download/runtime-core-block_004-v1/core__BLOCK_004__index__reverse_stripes__reverse_00227.tif"
"core/BLOCK_004/index/reverse_stripes/reverse_00228.tif","runtime-core-block_004-v1","core__BLOCK_004__index__reverse_stripes__reverse_00228.tif",1484626,"https://github.com/JamilRamirez/FABDEM-Watershed-Runtime/releases/download/runtime-core-block_004-v1/core__BLOCK_004__index__reverse_stripes__reverse_00228.tif"
"core/BLOCK_004/index/reverse_stripes/reverse_00229.tif","runtime-core-block_004-v1","core__BLOCK_004__index__reverse_stripes__reverse_00229.tif",1498964,"https://github.com/JamilRamirez/FABDEM-Watershed-Runtime/releases/download/runtime-core-block_004-v1/core__BLOCK_004__index__reverse_stripes__reverse_00229.tif"
"core/BLOCK_004/index/reverse_stripes/reverse_00230.tif","runtime-core-block_004-v1","core__BLOCK_004__index__reverse_stripes__reverse_00230.tif",1509674,"https://github.com/JamilRamirez/FABDEM-Watershed-Runtime/releases/download/runtime-core-block_004-v1/core__BLOCK_004__index__reverse_stripes__reverse_00230.tif"
"core/BLOCK_004/index/reverse_stripes/reverse_00231.tif","runtime-core-block_004-v1","core__BLOCK_004__index__reverse_stripes__reverse_00231.tif",1521460,"https://github.com/JamilRamirez/FABDEM-Watershed-Runtime/releases/download/runtime-core-block_004-v1/core__BLOCK_004__index__reverse_stripes__reverse_00231.tif"
"core/BLOCK_004/index/reverse_stripes/reverse_00232.tif","runtime-core-block_004-v1","core__BLOCK_004__index__reverse_stripes__reverse_00232.tif",1498784,"https://github.com/JamilRamirez/FABDEM-Watershed-Runtime/releases/download/runtime-core-block_004-v1/core__BLOCK_004__index__reverse_stripes__reverse_00232.tif"
"core/BLOCK_004/index/reverse_stripes/reverse_00233.tif","runtime-core-block_004-v1","core__BLOCK_004__index__reverse_stripes__reverse_00233.tif",1506924,"https://github.com/JamilRamirez/FABDEM-Watershed-Runtime/releases/download/runtime-core-block_004-v1/core__BLOCK_004__index__reverse_stripes__reverse_00233.tif"
"core/BLOCK_004/index/reverse_stripes/reverse_00234.tif","runtime-core-block_004-v1","core__BLOCK_004__index__reverse_stripes__reverse_00234.tif",1533660,"https://github.com/JamilRamirez/FABDEM-Watershed-Runtime/releases/download/runtime-core-block_004-v1/core__BLOCK_004__index__reverse_stripes__reverse_00234.tif"
"core/BLOCK_004/index/reverse_stripes/reverse_00235.tif","runtime-core-block_004-v1","core__BLOCK_004__index__reverse_stripes__reverse_00235.tif",1539710,"https://github.com/JamilRamirez/FABDEM-Watershed-Runtime/releases/download/runtime-core-block_004-v1/core__BLOCK_004__index__reverse_stripes__reverse_00235.tif"
"core/BLOCK_004/index/reverse_stripes/reverse_00236.tif","runtime-core-block_004-v1","core__BLOCK_004__index__reverse_stripes__reverse_00236.tif",1533910,"https://github.com/JamilRamirez/FABDEM-Watershed-Runtime/releases/download/runtime-core-block_004-v1/core__BLOCK_004__index__reverse_stripes__reverse_00236.tif"
"core/BLOCK_004/index/reverse_stripes/reverse_00237.tif","runtime-core-block_004-v1","core__BLOCK_004__index__reverse_stripes__reverse_00237.tif",1520064,"https://github.com/JamilRamirez/FABDEM-Watershed-Runtime/releases/download/runtime-core-block_004-v1/core__BLOCK_004__index__reverse_stripes__reverse_00237.tif"
"core/BLOCK_004/index/reverse_stripes/reverse_00238.tif","runtime-core-block_004-v1","core__BLOCK_004__index__reverse_stripes__reverse_00238.tif",1517254,"https://github.com/JamilRamirez/FABDEM-Watershed-Runtime/releases/download/runtime-core-block_004-v1/core__BLOCK_004__index__reverse_stripes__reverse_00238.tif"
"core/BLOCK_004/index/reverse_stripes/reverse_00239.tif","runtime-core-block_004-v1","core__BLOCK_004__index__reverse_stripes__reverse_00239.tif",1531072,"https://github.com/JamilRamirez/FABDEM-Watershed-Runtime/releases/download/runtime-core-block_004-v1/core__BLOCK_004__index__reverse_stripes__reverse_00239.tif"
"core/BLOCK_004/index/reverse_stripes/reverse_00240.tif","runtime-core-block_004-v1","core__BLOCK_004__index__reverse_stripes__reverse_00240.tif",971512,"https://github.com/JamilRamirez/FABDEM-Watershed-Runtime/releases/download/runtime-core-block_004-v1/core__BLOCK_004__index__reverse_stripes__reverse_00240.tif"
"core/BLOCK_004/index/reverse_stripes/reverse_00241.tif","runtime-core-block_004-v1","core__BLOCK_004__index__reverse_stripes__reverse_00241.tif",910852,"https://github.com/JamilRamirez/FABDEM-Watershed-Runtime/releases/download/runtime-core-block_004-v1/core__BLOCK_004__index__reverse_stripes__reverse_00241.tif"
"core/BLOCK_004/index/reverse_stripes/reverse_00242.tif","runtime-core-block_004-v1","core__BLOCK_004__index__reverse_stripes__reverse_00242.tif",912340,"https://github.com/JamilRamirez/FABDEM-Watershed-Runtime/releases/download/runtime-core-block_004-v1/core__BLOCK_004__index__reverse_stripes__reverse_00242.tif"
"core/BLOCK_004/index/reverse_stripes/reverse_00243.tif","runtime-core-block_004-v1","core__BLOCK_004__index__reverse_stripes__reverse_00243.tif",941406,"https://github.com/JamilRamirez/FABDEM-Watershed-Runtime/releases/download/runtime-core-block_004-v1/core__BLOCK_004__index__reverse_stripes__reverse_00243.tif"
"core/BLOCK_004/index/reverse_stripes/reverse_00244.tif","runtime-core-block_004-v1","core__BLOCK_004__index__reverse_stripes__reverse_00244.tif",914800,"https://github.com/JamilRamirez/FABDEM-Watershed-Runtime/releases/download/runtime-core-block_004-v1/core__BLOCK_004__index__reverse_stripes__reverse_00244.tif"
"core/BLOCK_004/index/reverse_stripes/reverse_00245.tif","runtime-core-block_004-v1","core__BLOCK_004__index__reverse_stripes__reverse_00245.tif",919740,"https://github.com/JamilRamirez/FABDEM-Watershed-Runtime/releases/download/runtime-core-block_004-v1/core__BLOCK_004__index__reverse_stripes__reverse_00245.tif"
"core/BLOCK_004/index/reverse_stripes/reverse_00246.tif","runtime-core-block_004-v1","core__BLOCK_004__index__reverse_stripes__reverse_00246.tif",926192,"https://github.com/JamilRamirez/FABDEM-Watershed-Runtime/releases/download/runtime-core-block_004-v1/core__BLOCK_004__index__reverse_stripes__reverse_00246.tif"
"core/BLOCK_004/index/reverse_stripes/reverse_00247.tif","runtime-core-block_004-v1","core__BLOCK_004__index__reverse_stripes__reverse_00247.tif",906302,"https://github.com/JamilRamirez/FABDEM-Watershed-Runtime/releases/download/runtime-core-block_004-v1/core__BLOCK_004__index__reverse_stripes__reverse_00247.tif"
"core/BLOCK_004/index/reverse_stripes/reverse_00248.tif","runtime-core-block_004-v1","core__BLOCK_004__index__reverse_stripes__reverse_00248.tif",891384,"https://github.com/JamilRamirez/FABDEM-Watershed-Runtime/releases/download/runtime-core-block_004-v1/core__BLOCK_004__index__reverse_stripes__reverse_00248.tif"
"core/BLOCK_004/index/reverse_stripes/reverse_00249.tif","runtime-core-block_004-v1","core__BLOCK_004__index__reverse_stripes__reverse_00249.tif",901686,"https://github.com/JamilRamirez/FABDEM-Watershed-Runtime/releases/download/runtime-core-block_004-v1/core__BLOCK_004__index__reverse_stripes__reverse_00249.tif"
"core/BLOCK_004/index/reverse_stripes/reverse_00250.tif","runtime-core-block_004-v1","core__BLOCK_004__index__reverse_stripes__reverse_00250.tif",871794,"https://github.com/JamilRamirez/FABDEM-Watershed-Runtime/releases/download/runtime-core-block_004-v1/core__BLOCK_004__index__reverse_stripes__reverse_00250.tif"
"core/BLOCK_004/index/reverse_stripes/reverse_00251.tif","runtime-core-block_004-v1","core__BLOCK_004__index__reverse_stripes__reverse_00251.tif",896550,"https://github.com/JamilRamirez/FABDEM-Watershed-Runtime/releases/download/runtime-core-block_004-v1/core__BLOCK_004__index__reverse_stripes__reverse_00251.tif"
"core/BLOCK_004/index/reverse_stripes/reverse_00252.tif","runtime-core-block_004-v1","core__BLOCK_004__index__reverse_stripes__reverse_00252.tif",897926,"https://github.com/JamilRamirez/FABDEM-Watershed-Runtime/releases/download/runtime-core-block_004-v1/core__BLOCK_004__index__reverse_stripes__reverse_00252.tif"
"core/BLOCK_004/index/reverse_stripes/reverse_00253.tif","runtime-core-block_004-v1","core__BLOCK_004__index__reverse_stripes__reverse_00253.tif",910036,"https://github.com/JamilRamirez/FABDEM-Watershed-Runtime/releases/download/runtime-core-block_004-v1/core__BLOCK_004__index__reverse_stripes__reverse_00253.tif"
"core/BLOCK_004/index/reverse_stripes/reverse_00254.tif","runtime-core-block_004-v1","core__BLOCK_004__index__reverse_stripes__reverse_00254.tif",146460,"https://github.com/JamilRamirez/FABDEM-Watershed-Runtime/releases/download/runtime-core-block_004-v1/core__BLOCK_004__index__reverse_stripes__reverse_00254.tif"
"core/BLOCK_004/index/stream_stripes/stream_00001.tif","runtime-core-block_004-v1","core__BLOCK_004__index__stream_stripes__stream_00001.tif",32530,"https://github.com/JamilRamirez/FABDEM-Watershed-Runtime/releases/download/runtime-core-block_004-v1/core__BLOCK_004__index__stream_stripes__stream_00001.tif"
"core/BLOCK_004/index/stream_stripes/stream_00002.tif","runtime-core-block_004-v1","core__BLOCK_004__index__stream_stripes__stream_00002.tif",39424,"https://github.com/JamilRamirez/FABDEM-Watershed-Runtime/releases/download/runtime-core-block_004-v1/core__BLOCK_004__index__stream_stripes__stream_00002.tif"
"core/BLOCK_004/index/stream_stripes/stream_00003.tif","runtime-core-block_004-v1","core__BLOCK_004__index__stream_stripes__stream_00003.tif",36310,"https://github.com/JamilRamirez/FABDEM-Watershed-Runtime/releases/download/runtime-core-block_004-v1/core__BLOCK_004__index__stream_stripes__stream_00003.tif"
"core/BLOCK_004/index/stream_stripes/stream_00004.tif","runtime-core-block_004-v1","core__BLOCK_004__index__stream_stripes__stream_00004.tif",36920,"https://github.com/JamilRamirez/FABDEM-Watershed-Runtime/releases/download/runtime-core-block_004-v1/core__BLOCK_004__index__stream_stripes__stream_00004.tif"
"core/BLOCK_004/index/stream_stripes/stream_00005.tif","runtime-core-block_004-v1","core__BLOCK_004__index__stream_stripes__stream_00005.tif",37304,"https://github.com/JamilRamirez/FABDEM-Watershed-Runtime/releases/download/runtime-core-block_004-v1/core__BLOCK_004__index__stream_stripes__stream_00005.tif"
"core/BLOCK_004/index/stream_stripes/stream_00006.tif","runtime-core-block_004-v1","core__BLOCK_004__index__stream_stripes__stream_00006.tif",35912,"https://github.com/JamilRamirez/FABDEM-Watershed-Runtime/releases/download/runtime-core-block_004-v1/core__BLOCK_004__index__stream_stripes__stream_00006.tif"
"core/BLOCK_004/index/stream_stripes/stream_00007.tif","runtime-core-block_004-v1","core__BLOCK_004__index__stream_stripes__stream_00007.tif",35178,"https://github.com/JamilRamirez/FABDEM-Watershed-Runtime/releases/download/runtime-core-block_004-v1/core__BLOCK_004__index__stream_stripes__stream_00007.tif"
"core/BLOCK_004/index/stream_stripes/stream_00008.tif","runtime-core-block_004-v1","core__BLOCK_004__index__stream_stripes__stream_00008.tif",38460,"https://github.com/JamilRamirez/FABDEM-Watershed-Runtime/releases/download/runtime-core-block_004-v1/core__BLOCK_004__index__stream_stripes__stream_00008.tif"
"core/BLOCK_004/index/stream_stripes/stream_00009.tif","runtime-core-block_004-v1","core__BLOCK_004__index__stream_stripes__stream_00009.tif",35834,"https://github.com/JamilRamirez/FABDEM-Watershed-Runtime/releases/download/runtime-core-block_004-v1/core__BLOCK_004__index__stream_stripes__stream_00009.tif"
"core/BLOCK_004/index/stream_stripes/stream_00010.tif","runtime-core-block_004-v1","core__BLOCK_004__index__stream_stripes__stream_00010.tif",35854,"https://github.com/JamilRamirez/FABDEM-Watershed-Runtime/releases/download/runtime-core-block_004-v1/core__BLOCK_004__index__stream_stripes__stream_00010.tif"
"core/BLOCK_004/index/stream_stripes/stream_00011.tif","runtime-core-block_004-v1","core__BLOCK_004__index__stream_stripes__stream_00011.tif",34332,"https://github.com/JamilRamirez/FABDEM-Watershed-Runtime/releases/download/runtime-core-block_004-v1/core__BLOCK_004__index__stream_stripes__stream_00011.tif"
"core/BLOCK_004/index/stream_stripes/stream_00012.tif","runtime-core-block_004-v1","core__BLOCK_004__index__stream_stripes__stream_00012.tif",35384,"https://github.com/JamilRamirez/FABDEM-Watershed-Runtime/releases/download/runtime-core-block_004-v1/core__BLOCK_004__index__stream_stripes__stream_00012.tif"
"core/BLOCK_004/index/stream_stripes/stream_00013.tif","runtime-core-block_004-v1","core__BLOCK_004__index__stream_stripes__stream_00013.tif",36082,"https://github.com/JamilRamirez/FABDEM-Watershed-Runtime/releases/download/runtime-core-block_004-v1/core__BLOCK_004__index__stream_stripes__stream_00013.tif"
"core/BLOCK_004/index/stream_stripes/stream_00014.tif","runtime-core-block_004-v1","core__BLOCK_004__index__stream_stripes__stream_00014.tif",37684,"https://github.com/JamilRamirez/FABDEM-Watershed-Runtime/releases/download/runtime-core-block_004-v1/core__BLOCK_004__index__stream_stripes__stream_00014.tif"
"core/BLOCK_004/index/stream_stripes/stream_00015.tif","runtime-core-block_004-v1","core__BLOCK_004__index__stream_stripes__stream_00015.tif",53954,"https://github.com/JamilRamirez/FABDEM-Watershed-Runtime/releases/download/runtime-core-block_004-v1/core__BLOCK_004__index__stream_stripes__stream_00015.tif"
"core/BLOCK_004/index/stream_stripes/stream_00016.tif","runtime-core-block_004-v1","core__BLOCK_004__index__stream_stripes__stream_00016.tif",64388,"https://github.com/JamilRamirez/FABDEM-Watershed-Runtime/releases/download/runtime-core-block_004-v1/core__BLOCK_004__index__stream_stripes__stream_00016.tif"
"core/BLOCK_004/index/stream_stripes/stream_00017.tif","runtime-core-block_004-v1","core__BLOCK_004__index__stream_stripes__stream_00017.tif",68100,"https://github.com/JamilRamirez/FABDEM-Watershed-Runtime/releases/download/runtime-core-block_004-v1/core__BLOCK_004__index__stream_stripes__stream_00017.tif"
"core/BLOCK_004/index/stream_stripes/stream_00018.tif","runtime-core-block_004-v1","core__BLOCK_004__index__stream_stripes__stream_00018.tif",65010,"https://github.com/JamilRamirez/FABDEM-Watershed-Runtime/releases/download/runtime-core-block_004-v1/core__BLOCK_004__index__stream_stripes__stream_00018.tif"
"core/BLOCK_004/index/stream_stripes/stream_00019.tif","runtime-core-block_004-v1","core__BLOCK_004__index__stream_stripes__stream_00019.tif",68066,"https://github.com/JamilRamirez/FABDEM-Watershed-Runtime/releases/download/runtime-core-block_004-v1/core__BLOCK_004__index__stream_stripes__stream_00019.tif"
"core/BLOCK_004/index/stream_stripes/stream_00020.tif","runtime-core-block_004-v1","core__BLOCK_004__index__stream_stripes__stream_00020.tif",65286,"https://github.com/JamilRamirez/FABDEM-Watershed-Runtime/releases/download/runtime-core-block_004-v1/core__BLOCK_004__index__stream_stripes__stream_00020.tif"
"core/BLOCK_004/index/stream_stripes/stream_00021.tif","runtime-core-block_004-v1","core__BLOCK_004__index__stream_stripes__stream_00021.tif",66158,"https://github.com/JamilRamirez/FABDEM-Watershed-Runtime/releases/download/runtime-core-block_004-v1/core__BLOCK_004__index__stream_stripes__stream_00021.tif"
"core/BLOCK_004/index/stream_stripes/stream_00022.tif","runtime-core-block_004-v1","core__BLOCK_004__index__stream_stripes__stream_00022.tif",67048,"https://github.com/JamilRamirez/FABDEM-Watershed-Runtime/releases/download/runtime-core-block_004-v1/core__BLOCK_004__index__stream_stripes__stream_00022.tif"
"core/BLOCK_004/index/stream_stripes/stream_00023.tif","runtime-core-block_004-v1","core__BLOCK_004__index__stream_stripes__stream_00023.tif",65792,"https://github.com/JamilRamirez/FABDEM-Watershed-Runtime/releases/download/runtime-core-block_004-v1/core__BLOCK_004__index__stream_stripes__stream_00023.tif"
"core/BLOCK_004/index/stream_stripes/stream_00024.tif","runtime-core-block_004-v1","core__BLOCK_004__index__stream_stripes__stream_00024.tif",63880,"https://github.com/JamilRamirez/FABDEM-Watershed-Runtime/releases/download/runtime-core-block_004-v1/core__BLOCK_004__index__stream_stripes__stream_00024.tif"
"core/BLOCK_004/index/stream_stripes/stream_00025.tif","runtime-core-block_004-v1","core__BLOCK_004__index__stream_stripes__stream_00025.tif",66160,"https://github.com/JamilRamirez/FABDEM-Watershed-Runtime/releases/download/runtime-core-block_004-v1/core__BLOCK_004__index__stream_stripes__stream_00025.tif"
"core/BLOCK_004/index/stream_stripes/stream_00026.tif","runtime-core-block_004-v1","core__BLOCK_004__index__stream_stripes__stream_00026.tif",63608,"https://github.com/JamilRamirez/FABDEM-Watershed-Runtime/releases/download/runtime-core-block_004-v1/core__BLOCK_004__index__stream_stripes__stream_00026.tif"
"core/BLOCK_004/index/stream_stripes/stream_00027.tif","runtime-core-block_004-v1","core__BLOCK_004__index__stream_stripes__stream_00027.tif",59500,"https://github.com/JamilRamirez/FABDEM-Watershed-Runtime/releases/download/runtime-core-block_004-v1/core__BLOCK_004__index__stream_stripes__stream_00027.tif"
"core/BLOCK_004/index/stream_stripes/stream_00028.tif","runtime-core-block_004-v1","core__BLOCK_004__index__stream_stripes__stream_00028.tif",65270,"https://github.com/JamilRamirez/FABDEM-Watershed-Runtime/releases/download/runtime-core-block_004-v1/core__BLOCK_004__index__stream_stripes__stream_00028.tif"
"core/BLOCK_004/index/stream_stripes/stream_00029.tif","runtime-core-block_004-v1","core__BLOCK_004__index__stream_stripes__stream_00029.tif",76654,"https://github.com/JamilRamirez/FABDEM-Watershed-Runtime/releases/download/runtime-core-block_004-v1/core__BLOCK_004__index__stream_stripes__stream_00029.tif"
"core/BLOCK_004/index/stream_stripes/stream_00030.tif","runtime-core-block_004-v1","core__BLOCK_004__index__stream_stripes__stream_00030.tif",86982,"https://github.com/JamilRamirez/FABDEM-Watershed-Runtime/releases/download/runtime-core-block_004-v1/core__BLOCK_004__index__stream_stripes__stream_00030.tif"
"core/BLOCK_004/index/stream_stripes/stream_00031.tif","runtime-core-block_004-v1","core__BLOCK_004__index__stream_stripes__stream_00031.tif",81432,"https://github.com/JamilRamirez/FABDEM-Watershed-Runtime/releases/download/runtime-core-block_004-v1/core__BLOCK_004__index__stream_stripes__stream_00031.tif"
"core/BLOCK_004/index/stream_stripes/stream_00032.tif","runtime-core-block_004-v1","core__BLOCK_004__index__stream_stripes__stream_00032.tif",86052,"https://github.com/JamilRamirez/FABDEM-Watershed-Runtime/releases/download/runtime-core-block_004-v1/core__BLOCK_004__index__stream_stripes__stream_00032.tif"
"core/BLOCK_004/index/stream_stripes/stream_00033.tif","runtime-core-block_004-v1","core__BLOCK_004__index__stream_stripes__stream_00033.tif",81484,"https://github.com/JamilRamirez/FABDEM-Watershed-Runtime/releases/download/runtime-core-block_004-v1/core__BLOCK_004__index__stream_stripes__stream_00033.tif"
"core/BLOCK_004/index/stream_stripes/stream_00034.tif","runtime-core-block_004-v1","core__BLOCK_004__index__stream_stripes__stream_00034.tif",85306,"https://github.com/JamilRamirez/FABDEM-Watershed-Runtime/releases/download/runtime-core-block_004-v1/core__BLOCK_004__index__stream_stripes__stream_00034.tif"
"core/BLOCK_004/index/stream_stripes/stream_00035.tif","runtime-core-block_004-v1","core__BLOCK_004__index__stream_stripes__stream_00035.tif",78310,"https://github.com/JamilRamirez/FABDEM-Watershed-Runtime/releases/download/runtime-core-block_004-v1/core__BLOCK_004__index__stream_stripes__stream_00035.tif"
"core/BLOCK_004/index/stream_stripes/stream_00036.tif","runtime-core-block_004-v1","core__BLOCK_004__index__stream_stripes__stream_00036.tif",81622,"https://github.com/JamilRamirez/FABDEM-Watershed-Runtime/releases/download/runtime-core-block_004-v1/core__BLOCK_004__index__stream_stripes__stream_00036.tif"
"core/BLOCK_004/index/stream_stripes/stream_00037.tif","runtime-core-block_004-v1","core__BLOCK_004__index__stream_stripes__stream_00037.tif",77724,"https://github.com/JamilRamirez/FABDEM-Watershed-Runtime/releases/download/runtime-core-block_004-v1/core__BLOCK_004__index__stream_stripes__stream_00037.tif"
"core/BLOCK_004/index/stream_stripes/stream_00038.tif","runtime-core-block_004-v1","core__BLOCK_004__index__stream_stripes__stream_00038.tif",80186,"https://github.com/JamilRamirez/FABDEM-Watershed-Runtime/releases/download/runtime-core-block_004-v1/core__BLOCK_004__index__stream_stripes__stream_00038.tif"
"core/BLOCK_004/index/stream_stripes/stream_00039.tif","runtime-core-block_004-v1","core__BLOCK_004__index__stream_stripes__stream_00039.tif",81604,"https://github.com/JamilRamirez/FABDEM-Watershed-Runtime/releases/download/runtime-core-block_004-v1/core__BLOCK_004__index__stream_stripes__stream_00039.tif"
"core/BLOCK_004/index/stream_stripes/stream_00040.tif","runtime-core-block_004-v1","core__BLOCK_004__index__stream_stripes__stream_00040.tif",82676,"https://github.com/JamilRamirez/FABDEM-Watershed-Runtime/releases/download/runtime-core-block_004-v1/core__BLOCK_004__index__stream_stripes__stream_00040.tif"
"core/BLOCK_004/index/stream_stripes/stream_00041.tif","runtime-core-block_004-v1","core__BLOCK_004__index__stream_stripes__stream_00041.tif",80324,"https://github.com/JamilRamirez/FABDEM-Watershed-Runtime/releases/download/runtime-core-block_004-v1/core__BLOCK_004__index__stream_stripes__stream_00041.tif"
"core/BLOCK_004/index/stream_stripes/stream_00042.tif","runtime-core-block_004-v1","core__BLOCK_004__index__stream_stripes__stream_00042.tif",78864,"https://github.com/JamilRamirez/FABDEM-Watershed-Runtime/releases/download/runtime-core-block_004-v1/core__BLOCK_004__index__stream_stripes__stream_00042.tif"
"core/BLOCK_004/index/stream_stripes/stream_00043.tif","runtime-core-block_004-v1","core__BLOCK_004__index__stream_stripes__stream_00043.tif",95534,"https://github.com/JamilRamirez/FABDEM-Watershed-Runtime/releases/download/runtime-core-block_004-v1/core__BLOCK_004__index__stream_stripes__stream_00043.tif"
"core/BLOCK_004/index/stream_stripes/stream_00044.tif","runtime-core-block_004-v1","core__BLOCK_004__index__stream_stripes__stream_00044.tif",95866,"https://github.com/JamilRamirez/FABDEM-Watershed-Runtime/releases/download/runtime-core-block_004-v1/core__BLOCK_004__index__stream_stripes__stream_00044.tif"
"core/BLOCK_004/index/stream_stripes/stream_00045.tif","runtime-core-block_004-v1","core__BLOCK_004__index__stream_stripes__stream_00045.tif",96474,"https://github.com/JamilRamirez/FABDEM-Watershed-Runtime/releases/download/runtime-core-block_004-v1/core__BLOCK_004__index__stream_stripes__stream_00045.tif"
"core/BLOCK_004/index/stream_stripes/stream_00046.tif","runtime-core-block_004-v1","core__BLOCK_004__index__stream_stripes__stream_00046.tif",101046,"https://github.com/JamilRamirez/FABDEM-Watershed-Runtime/releases/download/runtime-core-block_004-v1/core__BLOCK_004__index__stream_stripes__stream_00046.tif"
"core/BLOCK_004/index/stream_stripes/stream_00047.tif","runtime-core-block_004-v1","core__BLOCK_004__index__stream_stripes__stream_00047.tif",104536,"https://github.com/JamilRamirez/FABDEM-Watershed-Runtime/releases/download/runtime-core-block_004-v1/core__BLOCK_004__index__stream_stripes__stream_00047.tif"
"core/BLOCK_004/index/stream_stripes/stream_00048.tif","runtime-core-block_004-v1","core__BLOCK_004__index__stream_stripes__stream_00048.tif",96394,"https://github.com/JamilRamirez/FABDEM-Watershed-Runtime/releases/download/runtime-core-block_004-v1/core__BLOCK_004__index__stream_stripes__stream_00048.tif"
"core/BLOCK_004/index/stream_stripes/stream_00049.tif","runtime-core-block_004-v1","core__BLOCK_004__index__stream_stripes__stream_00049.tif",99560,"https://github.com/JamilRamirez/FABDEM-Watershed-Runtime/releases/download/runtime-core-block_004-v1/core__BLOCK_004__index__stream_stripes__stream_00049.tif"
"core/BLOCK_004/index/stream_stripes/stream_00050.tif","runtime-core-block_004-v1","core__BLOCK_004__index__stream_stripes__stream_00050.tif",101612,"https://github.com/JamilRamirez/FABDEM-Watershed-Runtime/releases/download/runtime-core-block_004-v1/core__BLOCK_004__index__stream_stripes__stream_00050.tif"
"core/BLOCK_004/index/stream_stripes/stream_00051.tif","runtime-core-block_004-v1","core__BLOCK_004__index__stream_stripes__stream_00051.tif",107884,"https://github.com/JamilRamirez/FABDEM-Watershed-Runtime/releases/download/runtime-core-block_004-v1/core__BLOCK_004__index__stream_stripes__stream_00051.tif"
"core/BLOCK_004/index/stream_stripes/stream_00052.tif","runtime-core-block_004-v1","core__BLOCK_004__index__stream_stripes__stream_00052.tif",105870,"https://github.com/JamilRamirez/FABDEM-Watershed-Runtime/releases/download/runtime-core-block_004-v1/core__BLOCK_004__index__stream_stripes__stream_00052.tif"
"core/BLOCK_004/index/stream_stripes/stream_00053.tif","runtime-core-block_004-v1","core__BLOCK_004__index__stream_stripes__stream_00053.tif",93328,"https://github.com/JamilRamirez/FABDEM-Watershed-Runtime/releases/download/runtime-core-block_004-v1/core__BLOCK_004__index__stream_stripes__stream_00053.tif"
"core/BLOCK_004/index/stream_stripes/stream_00054.tif","runtime-core-block_004-v1","core__BLOCK_004__index__stream_stripes__stream_00054.tif",100438,"https://github.com/JamilRamirez/FABDEM-Watershed-Runtime/releases/download/runtime-core-block_004-v1/core__BLOCK_004__index__stream_stripes__stream_00054.tif"
"core/BLOCK_004/index/stream_stripes/stream_00055.tif","runtime-core-block_004-v1","core__BLOCK_004__index__stream_stripes__stream_00055.tif",98470,"https://github.com/JamilRamirez/FABDEM-Watershed-Runtime/releases/download/runtime-core-block_004-v1/core__BLOCK_004__index__stream_stripes__stream_00055.tif"
"core/BLOCK_004/index/stream_stripes/stream_00056.tif","runtime-core-block_004-v1","core__BLOCK_004__index__stream_stripes__stream_00056.tif",97356,"https://github.com/JamilRamirez/FABDEM-Watershed-Runtime/releases/download/runtime-core-block_004-v1/core__BLOCK_004__index__stream_stripes__stream_00056.tif"
"core/BLOCK_004/index/stream_stripes/stream_00057.tif","runtime-core-block_004-v1","core__BLOCK_004__index__stream_stripes__stream_00057.tif",115842,"https://github.com/JamilRamirez/FABDEM-Watershed-Runtime/releases/download/runtime-core-block_004-v1/core__BLOCK_004__index__stream_stripes__stream_00057.tif"
"core/BLOCK_004/index/stream_stripes/stream_00058.tif","runtime-core-block_004-v1","core__BLOCK_004__index__stream_stripes__stream_00058.tif",129826,"https://github.com/JamilRamirez/FABDEM-Watershed-Runtime/releases/download/runtime-core-block_004-v1/core__BLOCK_004__index__stream_stripes__stream_00058.tif"
"core/BLOCK_004/index/stream_stripes/stream_00059.tif","runtime-core-block_004-v1","core__BLOCK_004__index__stream_stripes__stream_00059.tif",134776,"https://github.com/JamilRamirez/FABDEM-Watershed-Runtime/releases/download/runtime-core-block_004-v1/core__BLOCK_004__index__stream_stripes__stream_00059.tif"
"core/BLOCK_004/index/stream_stripes/stream_00060.tif","runtime-core-block_004-v1","core__BLOCK_004__index__stream_stripes__stream_00060.tif",129798,"https://github.com/JamilRamirez/FABDEM-Watershed-Runtime/releases/download/runtime-core-block_004-v1/core__BLOCK_004__index__stream_stripes__stream_00060.tif"
"core/BLOCK_004/index/stream_stripes/stream_00061.tif","runtime-core-block_004-v1","core__BLOCK_004__index__stream_stripes__stream_00061.tif",127562,"https://github.com/JamilRamirez/FABDEM-Watershed-Runtime/releases/download/runtime-core-block_004-v1/core__BLOCK_004__index__stream_stripes__stream_00061.tif"
"core/BLOCK_004/index/stream_stripes/stream_00062.tif","runtime-core-block_004-v1","core__BLOCK_004__index__stream_stripes__stream_00062.tif",129764,"https://github.com/JamilRamirez/FABDEM-Watershed-Runtime/releases/download/runtime-core-block_004-v1/core__BLOCK_004__index__stream_stripes__stream_00062.tif"
"core/BLOCK_004/index/stream_stripes/stream_00063.tif","runtime-core-block_004-v1","core__BLOCK_004__index__stream_stripes__stream_00063.tif",123512,"https://github.com/JamilRamirez/FABDEM-Watershed-Runtime/releases/download/runtime-core-block_004-v1/core__BLOCK_004__index__stream_stripes__stream_00063.tif"
"core/BLOCK_004/index/stream_stripes/stream_00064.tif","runtime-core-block_004-v1","core__BLOCK_004__index__stream_stripes__stream_00064.tif",126342,"https://github.com/JamilRamirez/FABDEM-Watershed-Runtime/releases/download/runtime-core-block_004-v1/core__BLOCK_004__index__stream_stripes__stream_00064.tif"
"core/BLOCK_004/index/stream_stripes/stream_00065.tif","runtime-core-block_004-v1","core__BLOCK_004__index__stream_stripes__stream_00065.tif",124760,"https://github.com/JamilRamirez/FABDEM-Watershed-Runtime/releases/download/runtime-core-block_004-v1/core__BLOCK_004__index__stream_stripes__stream_00065.tif"
"core/BLOCK_004/index/stream_stripes/stream_00066.tif","runtime-core-block_004-v1","core__BLOCK_004__index__stream_stripes__stream_00066.tif",116536,"https://github.com/JamilRamirez/FABDEM-Watershed-Runtime/releases/download/runtime-core-block_004-v1/core__BLOCK_004__index__stream_stripes__stream_00066.tif"
"core/BLOCK_004/index/stream_stripes/stream_00067.tif","runtime-core-block_004-v1","core__BLOCK_004__index__stream_stripes__stream_00067.tif",131298,"https://github.com/JamilRamirez/FABDEM-Watershed-Runtime/releases/download/runtime-core-block_004-v1/core__BLOCK_004__index__stream_stripes__stream_00067.tif"
"core/BLOCK_004/index/stream_stripes/stream_00068.tif","runtime-core-block_004-v1","core__BLOCK_004__index__stream_stripes__stream_00068.tif",117052,"https://github.com/JamilRamirez/FABDEM-Watershed-Runtime/releases/download/runtime-core-block_004-v1/core__BLOCK_004__index__stream_stripes__stream_00068.tif"
"core/BLOCK_004/index/stream_stripes/stream_00069.tif","runtime-core-block_004-v1","core__BLOCK_004__index__stream_stripes__stream_00069.tif",127650,"https://github.com/JamilRamirez/FABDEM-Watershed-Runtime/releases/download/runtime-core-block_004-v1/core__BLOCK_004__index__stream_stripes__stream_00069.tif"
"core/BLOCK_004/index/stream_stripes/stream_00070.tif","runtime-core-block_004-v1","core__BLOCK_004__index__stream_stripes__stream_00070.tif",126870,"https://github.com/JamilRamirez/FABDEM-Watershed-Runtime/releases/download/runtime-core-block_004-v1/core__BLOCK_004__index__stream_stripes__stream_00070.tif"
"core/BLOCK_004/index/stream_stripes/stream_00071.tif","runtime-core-block_004-v1","core__BLOCK_004__index__stream_stripes__stream_00071.tif",128656,"https://github.com/JamilRamirez/FABDEM-Watershed-Runtime/releases/download/runtime-core-block_004-v1/core__BLOCK_004__index__stream_stripes__stream_00071.tif"
"core/BLOCK_004/index/stream_stripes/stream_00072.tif","runtime-core-block_004-v1","core__BLOCK_004__index__stream_stripes__stream_00072.tif",132328,"https://github.com/JamilRamirez/FABDEM-Watershed-Runtime/releases/download/runtime-core-block_004-v1/core__BLOCK_004__index__stream_stripes__stream_00072.tif"
"core/BLOCK_004/index/stream_stripes/stream_00073.tif","runtime-core-block_004-v1","core__BLOCK_004__index__stream_stripes__stream_00073.tif",137066,"https://github.com/JamilRamirez/FABDEM-Watershed-Runtime/releases/download/runtime-core-block_004-v1/core__BLOCK_004__index__stream_stripes__stream_00073.tif"
"core/BLOCK_004/index/stream_stripes/stream_00074.tif","runtime-core-block_004-v1","core__BLOCK_004__index__stream_stripes__stream_00074.tif",135254,"https://github.com/JamilRamirez/FABDEM-Watershed-Runtime/releases/download/runtime-core-block_004-v1/core__BLOCK_004__index__stream_stripes__stream_00074.tif"
"core/BLOCK_004/index/stream_stripes/stream_00075.tif","runtime-core-block_004-v1","core__BLOCK_004__index__stream_stripes__stream_00075.tif",135376,"https://github.com/JamilRamirez/FABDEM-Watershed-Runtime/releases/download/runtime-core-block_004-v1/core__BLOCK_004__index__stream_stripes__stream_00075.tif"
"core/BLOCK_004/index/stream_stripes/stream_00076.tif","runtime-core-block_004-v1","core__BLOCK_004__index__stream_stripes__stream_00076.tif",134636,"https://github.com/JamilRamirez/FABDEM-Watershed-Runtime/releases/download/runtime-core-block_004-v1/core__BLOCK_004__index__stream_stripes__stream_00076.tif"
"core/BLOCK_004/index/stream_stripes/stream_00077.tif","runtime-core-block_004-v1","core__BLOCK_004__index__stream_stripes__stream_00077.tif",136792,"https://github.com/JamilRamirez/FABDEM-Watershed-Runtime/releases/download/runtime-core-block_004-v1/core__BLOCK_004__index__stream_stripes__stream_00077.tif"
"core/BLOCK_004/index/stream_stripes/stream_00078.tif","runtime-core-block_004-v1","core__BLOCK_004__index__stream_stripes__stream_00078.tif",128000,"https://github.com/JamilRamirez/FABDEM-Watershed-Runtime/releases/download/runtime-core-block_004-v1/core__BLOCK_004__index__stream_stripes__stream_00078.tif"
"core/BLOCK_004/index/stream_stripes/stream_00079.tif","runtime-core-block_004-v1","core__BLOCK_004__index__stream_stripes__stream_00079.tif",132740,"https://github.com/JamilRamirez/FABDEM-Watershed-Runtime/releases/download/runtime-core-block_004-v1/core__BLOCK_004__index__stream_stripes__stream_00079.tif"
"core/BLOCK_004/index/stream_stripes/stream_00080.tif","runtime-core-block_004-v1","core__BLOCK_004__index__stream_stripes__stream_00080.tif",138296,"https://github.com/JamilRamirez/FABDEM-Watershed-Runtime/releases/download/runtime-core-block_004-v1/core__BLOCK_004__index__stream_stripes__stream_00080.tif"
"core/BLOCK_004/index/stream_stripes/stream_00081.tif","runtime-core-block_004-v1","core__BLOCK_004__index__stream_stripes__stream_00081.tif",122640,"https://github.com/JamilRamirez/FABDEM-Watershed-Runtime/releases/download/runtime-core-block_004-v1/core__BLOCK_004__index__stream_stripes__stream_00081.tif"
"core/BLOCK_004/index/stream_stripes/stream_00082.tif","runtime-core-block_004-v1","core__BLOCK_004__index__stream_stripes__stream_00082.tif",136988,"https://github.com/JamilRamirez/FABDEM-Watershed-Runtime/releases/download/runtime-core-block_004-v1/core__BLOCK_004__index__stream_stripes__stream_00082.tif"
"core/BLOCK_004/index/stream_stripes/stream_00083.tif","runtime-core-block_004-v1","core__BLOCK_004__index__stream_stripes__stream_00083.tif",137392,"https://github.com/JamilRamirez/FABDEM-Watershed-Runtime/releases/download/runtime-core-block_004-v1/core__BLOCK_004__index__stream_stripes__stream_00083.tif"
"core/BLOCK_004/index/stream_stripes/stream_00084.tif","runtime-core-block_004-v1","core__BLOCK_004__index__stream_stripes__stream_00084.tif",143138,"https://github.com/JamilRamirez/FABDEM-Watershed-Runtime/releases/download/runtime-core-block_004-v1/core__BLOCK_004__index__stream_stripes__stream_00084.tif"
"core/BLOCK_004/index/stream_stripes/stream_00085.tif","runtime-core-block_004-v1","core__BLOCK_004__index__stream_stripes__stream_00085.tif",118022,"https://github.com/JamilRamirez/FABDEM-Watershed-Runtime/releases/download/runtime-core-block_004-v1/core__BLOCK_004__index__stream_stripes__stream_00085.tif"
"core/BLOCK_004/index/stream_stripes/stream_00086.tif","runtime-core-block_004-v1","core__BLOCK_004__index__stream_stripes__stream_00086.tif",116484,"https://github.com/JamilRamirez/FABDEM-Watershed-Runtime/releases/download/runtime-core-block_004-v1/core__BLOCK_004__index__stream_stripes__stream_00086.tif"
"core/BLOCK_004/index/stream_stripes/stream_00087.tif","runtime-core-block_004-v1","core__BLOCK_004__index__stream_stripes__stream_00087.tif",119402,"https://github.com/JamilRamirez/FABDEM-Watershed-Runtime/releases/download/runtime-core-block_004-v1/core__BLOCK_004__index__stream_stripes__stream_00087.tif"
"core/BLOCK_004/index/stream_stripes/stream_00088.tif","runtime-core-block_004-v1","core__BLOCK_004__index__stream_stripes__stream_00088.tif",123616,"https://github.com/JamilRamirez/FABDEM-Watershed-Runtime/releases/download/runtime-core-block_004-v1/core__BLOCK_004__index__stream_stripes__stream_00088.tif"
"core/BLOCK_004/index/stream_stripes/stream_00089.tif","runtime-core-block_004-v1","core__BLOCK_004__index__stream_stripes__stream_00089.tif",118110,"https://github.com/JamilRamirez/FABDEM-Watershed-Runtime/releases/download/runtime-core-block_004-v1/core__BLOCK_004__index__stream_stripes__stream_00089.tif"
"core/BLOCK_004/index/stream_stripes/stream_00090.tif","runtime-core-block_004-v1","core__BLOCK_004__index__stream_stripes__stream_00090.tif",124108,"https://github.com/JamilRamirez/FABDEM-Watershed-Runtime/releases/download/runtime-core-block_004-v1/core__BLOCK_004__index__stream_stripes__stream_00090.tif"
"core/BLOCK_004/index/stream_stripes/stream_00091.tif","runtime-core-block_004-v1","core__BLOCK_004__index__stream_stripes__stream_00091.tif",124626,"https://github.com/JamilRamirez/FABDEM-Watershed-Runtime/releases/download/runtime-core-block_004-v1/core__BLOCK_004__index__stream_stripes__stream_00091.tif"
"core/BLOCK_004/index/stream_stripes/stream_00092.tif","runtime-core-block_004-v1","core__BLOCK_004__index__stream_stripes__stream_00092.tif",124946,"https://github.com/JamilRamirez/FABDEM-Watershed-Runtime/releases/download/runtime-core-block_004-v1/core__BLOCK_004__index__stream_stripes__stream_00092.tif"
"core/BLOCK_004/index/stream_stripes/stream_00093.tif","runtime-core-block_004-v1","core__BLOCK_004__index__stream_stripes__stream_00093.tif",122492,"https://github.com/JamilRamirez/FABDEM-Watershed-Runtime/releases/download/runtime-core-block_004-v1/core__BLOCK_004__index__stream_stripes__stream_00093.tif"
"core/BLOCK_004/index/stream_stripes/stream_00094.tif","runtime-core-block_004-v1","core__BLOCK_004__index__stream_stripes__stream_00094.tif",121210,"https://github.com/JamilRamirez/FABDEM-Watershed-Runtime/releases/download/runtime-core-block_004-v1/core__BLOCK_004__index__stream_stripes__stream_00094.tif"
"core/BLOCK_004/index/stream_stripes/stream_00095.tif","runtime-core-block_004-v1","core__BLOCK_004__index__stream_stripes__stream_00095.tif",119126,"https://github.com/JamilRamirez/FABDEM-Watershed-Runtime/releases/download/runtime-core-block_004-v1/core__BLOCK_004__index__stream_stripes__stream_00095.tif"
"core/BLOCK_004/index/stream_stripes/stream_00096.tif","runtime-core-block_004-v1","core__BLOCK_004__index__stream_stripes__stream_00096.tif",124816,"https://github.com/JamilRamirez/FABDEM-Watershed-Runtime/releases/download/runtime-core-block_004-v1/core__BLOCK_004__index__stream_stripes__stream_00096.tif"
"core/BLOCK_004/index/stream_stripes/stream_00097.tif","runtime-core-block_004-v1","core__BLOCK_004__index__stream_stripes__stream_00097.tif",121850,"https://github.com/JamilRamirez/FABDEM-Watershed-Runtime/releases/download/runtime-core-block_004-v1/core__BLOCK_004__index__stream_stripes__stream_00097.tif"
"core/BLOCK_004/index/stream_stripes/stream_00098.tif","runtime-core-block_004-v1","core__BLOCK_004__index__stream_stripes__stream_00098.tif",116876,"https://github.com/JamilRamirez/FABDEM-Watershed-Runtime/releases/download/runtime-core-block_004-v1/core__BLOCK_004__index__stream_stripes__stream_00098.tif"
"core/BLOCK_004/index/stream_stripes/stream_00099.tif","runtime-core-block_004-v1","core__BLOCK_004__index__stream_stripes__stream_00099.tif",120658,"https://github.com/JamilRamirez/FABDEM-Watershed-Runtime/releases/download/runtime-core-block_004-v1/core__BLOCK_004__index__stream_stripes__stream_00099.tif"
"core/BLOCK_004/index/stream_stripes/stream_00100.tif","runtime-core-block_004-v1","core__BLOCK_004__index__stream_stripes__stream_00100.tif",120340,"https://github.com/JamilRamirez/FABDEM-Watershed-Runtime/releases/download/runtime-core-block_004-v1/core__BLOCK_004__index__stream_stripes__stream_00100.tif"
"core/BLOCK_004/index/stream_stripes/stream_00101.tif","runtime-core-block_004-v1","core__BLOCK_004__index__stream_stripes__stream_00101.tif",120392,"https://github.com/JamilRamirez/FABDEM-Watershed-Runtime/releases/download/runtime-core-block_004-v1/core__BLOCK_004__index__stream_stripes__stream_00101.tif"
"core/BLOCK_004/index/stream_stripes/stream_00102.tif","runtime-core-block_004-v1","core__BLOCK_004__index__stream_stripes__stream_00102.tif",124960,"https://github.com/JamilRamirez/FABDEM-Watershed-Runtime/releases/download/runtime-core-block_004-v1/core__BLOCK_004__index__stream_stripes__stream_00102.tif"
"core/BLOCK_004/index/stream_stripes/stream_00103.tif","runtime-core-block_004-v1","core__BLOCK_004__index__stream_stripes__stream_00103.tif",121984,"https://github.com/JamilRamirez/FABDEM-Watershed-Runtime/releases/download/runtime-core-block_004-v1/core__BLOCK_004__index__stream_stripes__stream_00103.tif"
"core/BLOCK_004/index/stream_stripes/stream_00104.tif","runtime-core-block_004-v1","core__BLOCK_004__index__stream_stripes__stream_00104.tif",120410,"https://github.com/JamilRamirez/FABDEM-Watershed-Runtime/releases/download/runtime-core-block_004-v1/core__BLOCK_004__index__stream_stripes__stream_00104.tif"
"core/BLOCK_004/index/stream_stripes/stream_00105.tif","runtime-core-block_004-v1","core__BLOCK_004__index__stream_stripes__stream_00105.tif",115718,"https://github.com/JamilRamirez/FABDEM-Watershed-Runtime/releases/download/runtime-core-block_004-v1/core__BLOCK_004__index__stream_stripes__stream_00105.tif"
"core/BLOCK_004/index/stream_stripes/stream_00106.tif","runtime-core-block_004-v1","core__BLOCK_004__index__stream_stripes__stream_00106.tif",120772,"https://github.com/JamilRamirez/FABDEM-Watershed-Runtime/releases/download/runtime-core-block_004-v1/core__BLOCK_004__index__stream_stripes__stream_00106.tif"
"core/BLOCK_004/index/stream_stripes/stream_00107.tif","runtime-core-block_004-v1","core__BLOCK_004__index__stream_stripes__stream_00107.tif",114266,"https://github.com/JamilRamirez/FABDEM-Watershed-Runtime/releases/download/runtime-core-block_004-v1/core__BLOCK_004__index__stream_stripes__stream_00107.tif"
"core/BLOCK_004/index/stream_stripes/stream_00108.tif","runtime-core-block_004-v1","core__BLOCK_004__index__stream_stripes__stream_00108.tif",116590,"https://github.com/JamilRamirez/FABDEM-Watershed-Runtime/releases/download/runtime-core-block_004-v1/core__BLOCK_004__index__stream_stripes__stream_00108.tif"
"core/BLOCK_004/index/stream_stripes/stream_00109.tif","runtime-core-block_004-v1","core__BLOCK_004__index__stream_stripes__stream_00109.tif",118632,"https://github.com/JamilRamirez/FABDEM-Watershed-Runtime/releases/download/runtime-core-block_004-v1/core__BLOCK_004__index__stream_stripes__stream_00109.tif"
"core/BLOCK_004/index/stream_stripes/stream_00110.tif","runtime-core-block_004-v1","core__BLOCK_004__index__stream_stripes__stream_00110.tif",117622,"https://github.com/JamilRamirez/FABDEM-Watershed-Runtime/releases/download/runtime-core-block_004-v1/core__BLOCK_004__index__stream_stripes__stream_00110.tif"
"core/BLOCK_004/index/stream_stripes/stream_00111.tif","runtime-core-block_004-v1","core__BLOCK_004__index__stream_stripes__stream_00111.tif",119868,"https://github.com/JamilRamirez/FABDEM-Watershed-Runtime/releases/download/runtime-core-block_004-v1/core__BLOCK_004__index__stream_stripes__stream_00111.tif"
"core/BLOCK_004/index/stream_stripes/stream_00112.tif","runtime-core-block_004-v1","core__BLOCK_004__index__stream_stripes__stream_00112.tif",120830,"https://github.com/JamilRamirez/FABDEM-Watershed-Runtime/releases/download/runtime-core-block_004-v1/core__BLOCK_004__index__stream_stripes__stream_00112.tif"
"core/BLOCK_004/index/stream_stripes/stream_00113.tif","runtime-core-block_004-v1","core__BLOCK_004__index__stream_stripes__stream_00113.tif",103344,"https://github.com/JamilRamirez/FABDEM-Watershed-Runtime/releases/download/runtime-core-block_004-v1/core__BLOCK_004__index__stream_stripes__stream_00113.tif"
"core/BLOCK_004/index/stream_stripes/stream_00114.tif","runtime-core-block_004-v1","core__BLOCK_004__index__stream_stripes__stream_00114.tif",106142,"https://github.com/JamilRamirez/FABDEM-Watershed-Runtime/releases/download/runtime-core-block_004-v1/core__BLOCK_004__index__stream_stripes__stream_00114.tif"
"core/BLOCK_004/index/stream_stripes/stream_00115.tif","runtime-core-block_004-v1","core__BLOCK_004__index__stream_stripes__stream_00115.tif",104692,"https://github.com/JamilRamirez/FABDEM-Watershed-Runtime/releases/download/runtime-core-block_004-v1/core__BLOCK_004__index__stream_stripes__stream_00115.tif"
"core/BLOCK_004/index/stream_stripes/stream_00116.tif","runtime-core-block_004-v1","core__BLOCK_004__index__stream_stripes__stream_00116.tif",102926,"https://github.com/JamilRamirez/FABDEM-Watershed-Runtime/releases/download/runtime-core-block_004-v1/core__BLOCK_004__index__stream_stripes__stream_00116.tif"
"core/BLOCK_004/index/stream_stripes/stream_00117.tif","runtime-core-block_004-v1","core__BLOCK_004__index__stream_stripes__stream_00117.tif",103184,"https://github.com/JamilRamirez/FABDEM-Watershed-Runtime/releases/download/runtime-core-block_004-v1/core__BLOCK_004__index__stream_stripes__stream_00117.tif"
"core/BLOCK_004/index/stream_stripes/stream_00118.tif","runtime-core-block_004-v1","core__BLOCK_004__index__stream_stripes__stream_00118.tif",106132,"https://github.com/JamilRamirez/FABDEM-Watershed-Runtime/releases/download/runtime-core-block_004-v1/core__BLOCK_004__index__stream_stripes__stream_00118.tif"
"core/BLOCK_004/index/stream_stripes/stream_00119.tif","runtime-core-block_004-v1","core__BLOCK_004__index__stream_stripes__stream_00119.tif",104662,"https://github.com/JamilRamirez/FABDEM-Watershed-Runtime/releases/download/runtime-core-block_004-v1/core__BLOCK_004__index__stream_stripes__stream_00119.tif"
"core/BLOCK_004/index/stream_stripes/stream_00120.tif","runtime-core-block_004-v1","core__BLOCK_004__index__stream_stripes__stream_00120.tif",106084,"https://github.com/JamilRamirez/FABDEM-Watershed-Runtime/releases/download/runtime-core-block_004-v1/core__BLOCK_004__index__stream_stripes__stream_00120.tif"
"core/BLOCK_004/index/stream_stripes/stream_00121.tif","runtime-core-block_004-v1","core__BLOCK_004__index__stream_stripes__stream_00121.tif",102176,"https://github.com/JamilRamirez/FABDEM-Watershed-Runtime/releases/download/runtime-core-block_004-v1/core__BLOCK_004__index__stream_stripes__stream_00121.tif"
"core/BLOCK_004/index/stream_stripes/stream_00122.tif","runtime-core-block_004-v1","core__BLOCK_004__index__stream_stripes__stream_00122.tif",101058,"https://github.com/JamilRamirez/FABDEM-Watershed-Runtime/releases/download/runtime-core-block_004-v1/core__BLOCK_004__index__stream_stripes__stream_00122.tif"
"core/BLOCK_004/index/stream_stripes/stream_00123.tif","runtime-core-block_004-v1","core__BLOCK_004__index__stream_stripes__stream_00123.tif",110496,"https://github.com/JamilRamirez/FABDEM-Watershed-Runtime/releases/download/runtime-core-block_004-v1/core__BLOCK_004__index__stream_stripes__stream_00123.tif"
"core/BLOCK_004/index/stream_stripes/stream_00124.tif","runtime-core-block_004-v1","core__BLOCK_004__index__stream_stripes__stream_00124.tif",108012,"https://github.com/JamilRamirez/FABDEM-Watershed-Runtime/releases/download/runtime-core-block_004-v1/core__BLOCK_004__index__stream_stripes__stream_00124.tif"
"core/BLOCK_004/index/stream_stripes/stream_00125.tif","runtime-core-block_004-v1","core__BLOCK_004__index__stream_stripes__stream_00125.tif",104326,"https://github.com/JamilRamirez/FABDEM-Watershed-Runtime/releases/download/runtime-core-block_004-v1/core__BLOCK_004__index__stream_stripes__stream_00125.tif"
"core/BLOCK_004/index/stream_stripes/stream_00126.tif","runtime-core-block_004-v1","core__BLOCK_004__index__stream_stripes__stream_00126.tif",106490,"https://github.com/JamilRamirez/FABDEM-Watershed-Runtime/releases/download/runtime-core-block_004-v1/core__BLOCK_004__index__stream_stripes__stream_00126.tif"
"core/BLOCK_004/index/stream_stripes/stream_00127.tif","runtime-core-block_004-v1","core__BLOCK_004__index__stream_stripes__stream_00127.tif",92380,"https://github.com/JamilRamirez/FABDEM-Watershed-Runtime/releases/download/runtime-core-block_004-v1/core__BLOCK_004__index__stream_stripes__stream_00127.tif"
"core/BLOCK_004/index/stream_stripes/stream_00128.tif","runtime-core-block_004-v1","core__BLOCK_004__index__stream_stripes__stream_00128.tif",91286,"https://github.com/JamilRamirez/FABDEM-Watershed-Runtime/releases/download/runtime-core-block_004-v1/core__BLOCK_004__index__stream_stripes__stream_00128.tif"
"core/BLOCK_004/index/stream_stripes/stream_00129.tif","runtime-core-block_004-v1","core__BLOCK_004__index__stream_stripes__stream_00129.tif",91446,"https://github.com/JamilRamirez/FABDEM-Watershed-Runtime/releases/download/runtime-core-block_004-v1/core__BLOCK_004__index__stream_stripes__stream_00129.tif"
"core/BLOCK_004/index/stream_stripes/stream_00130.tif","runtime-core-block_004-v1","core__BLOCK_004__index__stream_stripes__stream_00130.tif",90690,"https://github.com/JamilRamirez/FABDEM-Watershed-Runtime/releases/download/runtime-core-block_004-v1/core__BLOCK_004__index__stream_stripes__stream_00130.tif"
"core/BLOCK_004/index/stream_stripes/stream_00131.tif","runtime-core-block_004-v1","core__BLOCK_004__index__stream_stripes__stream_00131.tif",87640,"https://github.com/JamilRamirez/FABDEM-Watershed-Runtime/releases/download/runtime-core-block_004-v1/core__BLOCK_004__index__stream_stripes__stream_00131.tif"
"core/BLOCK_004/index/stream_stripes/stream_00132.tif","runtime-core-block_004-v1","core__BLOCK_004__index__stream_stripes__stream_00132.tif",88584,"https://github.com/JamilRamirez/FABDEM-Watershed-Runtime/releases/download/runtime-core-block_004-v1/core__BLOCK_004__index__stream_stripes__stream_00132.tif"
"core/BLOCK_004/index/stream_stripes/stream_00133.tif","runtime-core-block_004-v1","core__BLOCK_004__index__stream_stripes__stream_00133.tif",89280,"https://github.com/JamilRamirez/FABDEM-Watershed-Runtime/releases/download/runtime-core-block_004-v1/core__BLOCK_004__index__stream_stripes__stream_00133.tif"
"core/BLOCK_004/index/stream_stripes/stream_00134.tif","runtime-core-block_004-v1","core__BLOCK_004__index__stream_stripes__stream_00134.tif",92444,"https://github.com/JamilRamirez/FABDEM-Watershed-Runtime/releases/download/runtime-core-block_004-v1/core__BLOCK_004__index__stream_stripes__stream_00134.tif"
"core/BLOCK_004/index/stream_stripes/stream_00135.tif","runtime-core-block_004-v1","core__BLOCK_004__index__stream_stripes__stream_00135.tif",93340,"https://github.com/JamilRamirez/FABDEM-Watershed-Runtime/releases/download/runtime-core-block_004-v1/core__BLOCK_004__index__stream_stripes__stream_00135.tif"
"core/BLOCK_004/index/stream_stripes/stream_00136.tif","runtime-core-block_004-v1","core__BLOCK_004__index__stream_stripes__stream_00136.tif",88886,"https://github.com/JamilRamirez/FABDEM-Watershed-Runtime/releases/download/runtime-core-block_004-v1/core__BLOCK_004__index__stream_stripes__stream_00136.tif"
"core/BLOCK_004/index/stream_stripes/stream_00137.tif","runtime-core-block_004-v1","core__BLOCK_004__index__stream_stripes__stream_00137.tif",89996,"https://github.com/JamilRamirez/FABDEM-Watershed-Runtime/releases/download/runtime-core-block_004-v1/core__BLOCK_004__index__stream_stripes__stream_00137.tif"
"core/BLOCK_004/index/stream_stripes/stream_00138.tif","runtime-core-block_004-v1","core__BLOCK_004__index__stream_stripes__stream_00138.tif",88710,"https://github.com/JamilRamirez/FABDEM-Watershed-Runtime/releases/download/runtime-core-block_004-v1/core__BLOCK_004__index__stream_stripes__stream_00138.tif"
"core/BLOCK_004/index/stream_stripes/stream_00139.tif","runtime-core-block_004-v1","core__BLOCK_004__index__stream_stripes__stream_00139.tif",89996,"https://github.com/JamilRamirez/FABDEM-Watershed-Runtime/releases/download/runtime-core-block_004-v1/core__BLOCK_004__index__stream_stripes__stream_00139.tif"
"core/BLOCK_004/index/stream_stripes/stream_00140.tif","runtime-core-block_004-v1","core__BLOCK_004__index__stream_stripes__stream_00140.tif",88820,"https://github.com/JamilRamirez/FABDEM-Watershed-Runtime/releases/download/runtime-core-block_004-v1/core__BLOCK_004__index__stream_stripes__stream_00140.tif"
"core/BLOCK_004/index/stream_stripes/stream_00141.tif","runtime-core-block_004-v1","core__BLOCK_004__index__stream_stripes__stream_00141.tif",83674,"https://github.com/JamilRamirez/FABDEM-Watershed-Runtime/releases/download/runtime-core-block_004-v1/core__BLOCK_004__index__stream_stripes__stream_00141.tif"
"core/BLOCK_004/index/stream_stripes/stream_00142.tif","runtime-core-block_004-v1","core__BLOCK_004__index__stream_stripes__stream_00142.tif",74132,"https://github.com/JamilRamirez/FABDEM-Watershed-Runtime/releases/download/runtime-core-block_004-v1/core__BLOCK_004__index__stream_stripes__stream_00142.tif"
"core/BLOCK_004/index/stream_stripes/stream_00143.tif","runtime-core-block_004-v1","core__BLOCK_004__index__stream_stripes__stream_00143.tif",77212,"https://github.com/JamilRamirez/FABDEM-Watershed-Runtime/releases/download/runtime-core-block_004-v1/core__BLOCK_004__index__stream_stripes__stream_00143.tif"
"core/BLOCK_004/index/stream_stripes/stream_00144.tif","runtime-core-block_004-v1","core__BLOCK_004__index__stream_stripes__stream_00144.tif",82408,"https://github.com/JamilRamirez/FABDEM-Watershed-Runtime/releases/download/runtime-core-block_004-v1/core__BLOCK_004__index__stream_stripes__stream_00144.tif"
"core/BLOCK_004/index/stream_stripes/stream_00145.tif","runtime-core-block_004-v1","core__BLOCK_004__index__stream_stripes__stream_00145.tif",79294,"https://github.com/JamilRamirez/FABDEM-Watershed-Runtime/releases/download/runtime-core-block_004-v1/core__BLOCK_004__index__stream_stripes__stream_00145.tif"
"core/BLOCK_004/index/stream_stripes/stream_00146.tif","runtime-core-block_004-v1","core__BLOCK_004__index__stream_stripes__stream_00146.tif",80676,"https://github.com/JamilRamirez/FABDEM-Watershed-Runtime/releases/download/runtime-core-block_004-v1/core__BLOCK_004__index__stream_stripes__stream_00146.tif"
"core/BLOCK_004/index/stream_stripes/stream_00147.tif","runtime-core-block_004-v1","core__BLOCK_004__index__stream_stripes__stream_00147.tif",78556,"https://github.com/JamilRamirez/FABDEM-Watershed-Runtime/releases/download/runtime-core-block_004-v1/core__BLOCK_004__index__stream_stripes__stream_00147.tif"
"core/BLOCK_004/index/stream_stripes/stream_00148.tif","runtime-core-block_004-v1","core__BLOCK_004__index__stream_stripes__stream_00148.tif",79326,"https://github.com/JamilRamirez/FABDEM-Watershed-Runtime/releases/download/runtime-core-block_004-v1/core__BLOCK_004__index__stream_stripes__stream_00148.tif"
"core/BLOCK_004/index/stream_stripes/stream_00149.tif","runtime-core-block_004-v1","core__BLOCK_004__index__stream_stripes__stream_00149.tif",75722,"https://github.com/JamilRamirez/FABDEM-Watershed-Runtime/releases/download/runtime-core-block_004-v1/core__BLOCK_004__index__stream_stripes__stream_00149.tif"
"core/BLOCK_004/index/stream_stripes/stream_00150.tif","runtime-core-block_004-v1","core__BLOCK_004__index__stream_stripes__stream_00150.tif",85974,"https://github.com/JamilRamirez/FABDEM-Watershed-Runtime/releases/download/runtime-core-block_004-v1/core__BLOCK_004__index__stream_stripes__stream_00150.tif"
"core/BLOCK_004/index/stream_stripes/stream_00151.tif","runtime-core-block_004-v1","core__BLOCK_004__index__stream_stripes__stream_00151.tif",69682,"https://github.com/JamilRamirez/FABDEM-Watershed-Runtime/releases/download/runtime-core-block_004-v1/core__BLOCK_004__index__stream_stripes__stream_00151.tif"
"core/BLOCK_004/index/stream_stripes/stream_00152.tif","runtime-core-block_004-v1","core__BLOCK_004__index__stream_stripes__stream_00152.tif",76984,"https://github.com/JamilRamirez/FABDEM-Watershed-Runtime/releases/download/runtime-core-block_004-v1/core__BLOCK_004__index__stream_stripes__stream_00152.tif"
"core/BLOCK_004/index/stream_stripes/stream_00153.tif","runtime-core-block_004-v1","core__BLOCK_004__index__stream_stripes__stream_00153.tif",75618,"https://github.com/JamilRamirez/FABDEM-Watershed-Runtime/releases/download/runtime-core-block_004-v1/core__BLOCK_004__index__stream_stripes__stream_00153.tif"
"core/BLOCK_004/index/stream_stripes/stream_00154.tif","runtime-core-block_004-v1","core__BLOCK_004__index__stream_stripes__stream_00154.tif",77212,"https://github.com/JamilRamirez/FABDEM-Watershed-Runtime/releases/download/runtime-core-block_004-v1/core__BLOCK_004__index__stream_stripes__stream_00154.tif"
"core/BLOCK_004/index/stream_stripes/stream_00155.tif","runtime-core-block_004-v1","core__BLOCK_004__index__stream_stripes__stream_00155.tif",77336,"https://github.com/JamilRamirez/FABDEM-Watershed-Runtime/releases/download/runtime-core-block_004-v1/core__BLOCK_004__index__stream_stripes__stream_00155.tif"
"core/BLOCK_004/index/stream_stripes/stream_00156.tif","runtime-core-block_004-v1","core__BLOCK_004__index__stream_stripes__stream_00156.tif",74850,"https://github.com/JamilRamirez/FABDEM-Watershed-Runtime/releases/download/runtime-core-block_004-v1/core__BLOCK_004__index__stream_stripes__stream_00156.tif"
"core/BLOCK_004/index/stream_stripes/stream_00157.tif","runtime-core-block_004-v1","core__BLOCK_004__index__stream_stripes__stream_00157.tif",71454,"https://github.com/JamilRamirez/FABDEM-Watershed-Runtime/releases/download/runtime-core-block_004-v1/core__BLOCK_004__index__stream_stripes__stream_00157.tif"
"core/BLOCK_004/index/stream_stripes/stream_00158.tif","runtime-core-block_004-v1","core__BLOCK_004__index__stream_stripes__stream_00158.tif",70598,"https://github.com/JamilRamirez/FABDEM-Watershed-Runtime/releases/download/runtime-core-block_004-v1/core__BLOCK_004__index__stream_stripes__stream_00158.tif"
"core/BLOCK_004/index/stream_stripes/stream_00159.tif","runtime-core-block_004-v1","core__BLOCK_004__index__stream_stripes__stream_00159.tif",71886,"https://github.com/JamilRamirez/FABDEM-Watershed-Runtime/releases/download/runtime-core-block_004-v1/core__BLOCK_004__index__stream_stripes__stream_00159.tif"
"core/BLOCK_004/index/stream_stripes/stream_00160.tif","runtime-core-block_004-v1","core__BLOCK_004__index__stream_stripes__stream_00160.tif",71130,"https://github.com/JamilRamirez/FABDEM-Watershed-Runtime/releases/download/runtime-core-block_004-v1/core__BLOCK_004__index__stream_stripes__stream_00160.tif"
"core/BLOCK_004/index/stream_stripes/stream_00161.tif","runtime-core-block_004-v1","core__BLOCK_004__index__stream_stripes__stream_00161.tif",69560,"https://github.com/JamilRamirez/FABDEM-Watershed-Runtime/releases/download/runtime-core-block_004-v1/core__BLOCK_004__index__stream_stripes__stream_00161.tif"
"core/BLOCK_004/index/stream_stripes/stream_00162.tif","runtime-core-block_004-v1","core__BLOCK_004__index__stream_stripes__stream_00162.tif",71466,"https://github.com/JamilRamirez/FABDEM-Watershed-Runtime/releases/download/runtime-core-block_004-v1/core__BLOCK_004__index__stream_stripes__stream_00162.tif"
"core/BLOCK_004/index/stream_stripes/stream_00163.tif","runtime-core-block_004-v1","core__BLOCK_004__index__stream_stripes__stream_00163.tif",72478,"https://github.com/JamilRamirez/FABDEM-Watershed-Runtime/releases/download/runtime-core-block_004-v1/core__BLOCK_004__index__stream_stripes__stream_00163.tif"
"core/BLOCK_004/index/stream_stripes/stream_00164.tif","runtime-core-block_004-v1","core__BLOCK_004__index__stream_stripes__stream_00164.tif",67238,"https://github.com/JamilRamirez/FABDEM-Watershed-Runtime/releases/download/runtime-core-block_004-v1/core__BLOCK_004__index__stream_stripes__stream_00164.tif"
"core/BLOCK_004/index/stream_stripes/stream_00165.tif","runtime-core-block_004-v1","core__BLOCK_004__index__stream_stripes__stream_00165.tif",67196,"https://github.com/JamilRamirez/FABDEM-Watershed-Runtime/releases/download/runtime-core-block_004-v1/core__BLOCK_004__index__stream_stripes__stream_00165.tif"
"core/BLOCK_004/index/stream_stripes/stream_00166.tif","runtime-core-block_004-v1","core__BLOCK_004__index__stream_stripes__stream_00166.tif",69032,"https://github.com/JamilRamirez/FABDEM-Watershed-Runtime/releases/download/runtime-core-block_004-v1/core__BLOCK_004__index__stream_stripes__stream_00166.tif"
"core/BLOCK_004/index/stream_stripes/stream_00167.tif","runtime-core-block_004-v1","core__BLOCK_004__index__stream_stripes__stream_00167.tif",72598,"https://github.com/JamilRamirez/FABDEM-Watershed-Runtime/releases/download/runtime-core-block_004-v1/core__BLOCK_004__index__stream_stripes__stream_00167.tif"
"core/BLOCK_004/index/stream_stripes/stream_00168.tif","runtime-core-block_004-v1","core__BLOCK_004__index__stream_stripes__stream_00168.tif",69228,"https://github.com/JamilRamirez/FABDEM-Watershed-Runtime/releases/download/runtime-core-block_004-v1/core__BLOCK_004__index__stream_stripes__stream_00168.tif"
"core/BLOCK_004/index/stream_stripes/stream_00169.tif","runtime-core-block_004-v1","core__BLOCK_004__index__stream_stripes__stream_00169.tif",67852,"https://github.com/JamilRamirez/FABDEM-Watershed-Runtime/releases/download/runtime-core-block_004-v1/core__BLOCK_004__index__stream_stripes__stream_00169.tif"
"core/BLOCK_004/index/stream_stripes/stream_00170.tif","runtime-core-block_004-v1","core__BLOCK_004__index__stream_stripes__stream_00170.tif",71292,"https://github.com/JamilRamirez/FABDEM-Watershed-Runtime/releases/download/runtime-core-block_004-v1/core__BLOCK_004__index__stream_stripes__stream_00170.tif"
"core/BLOCK_004/index/stream_stripes/stream_00171.tif","runtime-core-block_004-v1","core__BLOCK_004__index__stream_stripes__stream_00171.tif",71092,"https://github.com/JamilRamirez/FABDEM-Watershed-Runtime/releases/download/runtime-core-block_004-v1/core__BLOCK_004__index__stream_stripes__stream_00171.tif"
"core/BLOCK_004/index/stream_stripes/stream_00172.tif","runtime-core-block_004-v1","core__BLOCK_004__index__stream_stripes__stream_00172.tif",66862,"https://github.com/JamilRamirez/FABDEM-Watershed-Runtime/releases/download/runtime-core-block_004-v1/core__BLOCK_004__index__stream_stripes__stream_00172.tif"
"core/BLOCK_004/index/stream_stripes/stream_00173.tif","runtime-core-block_004-v1","core__BLOCK_004__index__stream_stripes__stream_00173.tif",68718,"https://github.com/JamilRamirez/FABDEM-Watershed-Runtime/releases/download/runtime-core-block_004-v1/core__BLOCK_004__index__stream_stripes__stream_00173.tif"
"core/BLOCK_004/index/stream_stripes/stream_00174.tif","runtime-core-block_004-v1","core__BLOCK_004__index__stream_stripes__stream_00174.tif",72138,"https://github.com/JamilRamirez/FABDEM-Watershed-Runtime/releases/download/runtime-core-block_004-v1/core__BLOCK_004__index__stream_stripes__stream_00174.tif"
"core/BLOCK_004/index/stream_stripes/stream_00175.tif","runtime-core-block_004-v1","core__BLOCK_004__index__stream_stripes__stream_00175.tif",67194,"https://github.com/JamilRamirez/FABDEM-Watershed-Runtime/releases/download/runtime-core-block_004-v1/core__BLOCK_004__index__stream_stripes__stream_00175.tif"
"core/BLOCK_004/index/stream_stripes/stream_00176.tif","runtime-core-block_004-v1","core__BLOCK_004__index__stream_stripes__stream_00176.tif",65386,"https://github.com/JamilRamirez/FABDEM-Watershed-Runtime/releases/download/runtime-core-block_004-v1/core__BLOCK_004__index__stream_stripes__stream_00176.tif"
"core/BLOCK_004/index/stream_stripes/stream_00177.tif","runtime-core-block_004-v1","core__BLOCK_004__index__stream_stripes__stream_00177.tif",70652,"https://github.com/JamilRamirez/FABDEM-Watershed-Runtime/releases/download/runtime-core-block_004-v1/core__BLOCK_004__index__stream_stripes__stream_00177.tif"
"core/BLOCK_004/index/stream_stripes/stream_00178.tif","runtime-core-block_004-v1","core__BLOCK_004__index__stream_stripes__stream_00178.tif",72362,"https://github.com/JamilRamirez/FABDEM-Watershed-Runtime/releases/download/runtime-core-block_004-v1/core__BLOCK_004__index__stream_stripes__stream_00178.tif"
"core/BLOCK_004/index/stream_stripes/stream_00179.tif","runtime-core-block_004-v1","core__BLOCK_004__index__stream_stripes__stream_00179.tif",61252,"https://github.com/JamilRamirez/FABDEM-Watershed-Runtime/releases/download/runtime-core-block_004-v1/core__BLOCK_004__index__stream_stripes__stream_00179.tif"
"core/BLOCK_004/index/stream_stripes/stream_00180.tif","runtime-core-block_004-v1","core__BLOCK_004__index__stream_stripes__stream_00180.tif",64250,"https://github.com/JamilRamirez/FABDEM-Watershed-Runtime/releases/download/runtime-core-block_004-v1/core__BLOCK_004__index__stream_stripes__stream_00180.tif"
"core/BLOCK_004/index/stream_stripes/stream_00181.tif","runtime-core-block_004-v1","core__BLOCK_004__index__stream_stripes__stream_00181.tif",63920,"https://github.com/JamilRamirez/FABDEM-Watershed-Runtime/releases/download/runtime-core-block_004-v1/core__BLOCK_004__index__stream_stripes__stream_00181.tif"
"core/BLOCK_004/index/stream_stripes/stream_00182.tif","runtime-core-block_004-v1","core__BLOCK_004__index__stream_stripes__stream_00182.tif",72240,"https://github.com/JamilRamirez/FABDEM-Watershed-Runtime/releases/download/runtime-core-block_004-v1/core__BLOCK_004__index__stream_stripes__stream_00182.tif"
"core/BLOCK_004/index/stream_stripes/stream_00183.tif","runtime-core-block_004-v1","core__BLOCK_004__index__stream_stripes__stream_00183.tif",65266,"https://github.com/JamilRamirez/FABDEM-Watershed-Runtime/releases/download/runtime-core-block_004-v1/core__BLOCK_004__index__stream_stripes__stream_00183.tif"
"core/BLOCK_004/index/stream_stripes/stream_00184.tif","runtime-core-block_004-v1","core__BLOCK_004__index__stream_stripes__stream_00184.tif",61040,"https://github.com/JamilRamirez/FABDEM-Watershed-Runtime/releases/download/runtime-core-block_004-v1/core__BLOCK_004__index__stream_stripes__stream_00184.tif"
"core/BLOCK_004/index/stream_stripes/stream_00185.tif","runtime-core-block_004-v1","core__BLOCK_004__index__stream_stripes__stream_00185.tif",60708,"https://github.com/JamilRamirez/FABDEM-Watershed-Runtime/releases/download/runtime-core-block_004-v1/core__BLOCK_004__index__stream_stripes__stream_00185.tif"
"core/BLOCK_004/index/stream_stripes/stream_00186.tif","runtime-core-block_004-v1","core__BLOCK_004__index__stream_stripes__stream_00186.tif",61320,"https://github.com/JamilRamirez/FABDEM-Watershed-Runtime/releases/download/runtime-core-block_004-v1/core__BLOCK_004__index__stream_stripes__stream_00186.tif"
"core/BLOCK_004/index/stream_stripes/stream_00187.tif","runtime-core-block_004-v1","core__BLOCK_004__index__stream_stripes__stream_00187.tif",59986,"https://github.com/JamilRamirez/FABDEM-Watershed-Runtime/releases/download/runtime-core-block_004-v1/core__BLOCK_004__index__stream_stripes__stream_00187.tif"
"core/BLOCK_004/index/stream_stripes/stream_00188.tif","runtime-core-block_004-v1","core__BLOCK_004__index__stream_stripes__stream_00188.tif",57146,"https://github.com/JamilRamirez/FABDEM-Watershed-Runtime/releases/download/runtime-core-block_004-v1/core__BLOCK_004__index__stream_stripes__stream_00188.tif"
"core/BLOCK_004/index/stream_stripes/stream_00189.tif","runtime-core-block_004-v1","core__BLOCK_004__index__stream_stripes__stream_00189.tif",62670,"https://github.com/JamilRamirez/FABDEM-Watershed-Runtime/releases/download/runtime-core-block_004-v1/core__BLOCK_004__index__stream_stripes__stream_00189.tif"
"core/BLOCK_004/index/stream_stripes/stream_00190.tif","runtime-core-block_004-v1","core__BLOCK_004__index__stream_stripes__stream_00190.tif",59844,"https://github.com/JamilRamirez/FABDEM-Watershed-Runtime/releases/download/runtime-core-block_004-v1/core__BLOCK_004__index__stream_stripes__stream_00190.tif"
"core/BLOCK_004/index/stream_stripes/stream_00191.tif","runtime-core-block_004-v1","core__BLOCK_004__index__stream_stripes__stream_00191.tif",57446,"https://github.com/JamilRamirez/FABDEM-Watershed-Runtime/releases/download/runtime-core-block_004-v1/core__BLOCK_004__index__stream_stripes__stream_00191.tif"
"core/BLOCK_004/index/stream_stripes/stream_00192.tif","runtime-core-block_004-v1","core__BLOCK_004__index__stream_stripes__stream_00192.tif",57966,"https://github.com/JamilRamirez/FABDEM-Watershed-Runtime/releases/download/runtime-core-block_004-v1/core__BLOCK_004__index__stream_stripes__stream_00192.tif"
"core/BLOCK_004/index/stream_stripes/stream_00193.tif","runtime-core-block_004-v1","core__BLOCK_004__index__stream_stripes__stream_00193.tif",60272,"https://github.com/JamilRamirez/FABDEM-Watershed-Runtime/releases/download/runtime-core-block_004-v1/core__BLOCK_004__index__stream_stripes__stream_00193.tif"
"core/BLOCK_004/index/stream_stripes/stream_00194.tif","runtime-core-block_004-v1","core__BLOCK_004__index__stream_stripes__stream_00194.tif",57516,"https://github.com/JamilRamirez/FABDEM-Watershed-Runtime/releases/download/runtime-core-block_004-v1/core__BLOCK_004__index__stream_stripes__stream_00194.tif"
"core/BLOCK_004/index/stream_stripes/stream_00195.tif","runtime-core-block_004-v1","core__BLOCK_004__index__stream_stripes__stream_00195.tif",61766,"https://github.com/JamilRamirez/FABDEM-Watershed-Runtime/releases/download/runtime-core-block_004-v1/core__BLOCK_004__index__stream_stripes__stream_00195.tif"
"core/BLOCK_004/index/stream_stripes/stream_00196.tif","runtime-core-block_004-v1","core__BLOCK_004__index__stream_stripes__stream_00196.tif",57052,"https://github.com/JamilRamirez/FABDEM-Watershed-Runtime/releases/download/runtime-core-block_004-v1/core__BLOCK_004__index__stream_stripes__stream_00196.tif"
"core/BLOCK_004/index/stream_stripes/stream_00197.tif","runtime-core-block_004-v1","core__BLOCK_004__index__stream_stripes__stream_00197.tif",59176,"https://github.com/JamilRamirez/FABDEM-Watershed-Runtime/releases/download/runtime-core-block_004-v1/core__BLOCK_004__index__stream_stripes__stream_00197.tif"
"core/BLOCK_004/index/stream_stripes/stream_00198.tif","runtime-core-block_004-v1","core__BLOCK_004__index__stream_stripes__stream_00198.tif",59864,"https://github.com/JamilRamirez/FABDEM-Watershed-Runtime/releases/download/runtime-core-block_004-v1/core__BLOCK_004__index__stream_stripes__stream_00198.tif"
"core/BLOCK_004/index/stream_stripes/stream_00199.tif","runtime-core-block_004-v1","core__BLOCK_004__index__stream_stripes__stream_00199.tif",60784,"https://github.com/JamilRamirez/FABDEM-Watershed-Runtime/releases/download/runtime-core-block_004-v1/core__BLOCK_004__index__stream_stripes__stream_00199.tif"
"core/BLOCK_004/index/stream_stripes/stream_00200.tif","runtime-core-block_004-v1","core__BLOCK_004__index__stream_stripes__stream_00200.tif",58544,"https://github.com/JamilRamirez/FABDEM-Watershed-Runtime/releases/download/runtime-core-block_004-v1/core__BLOCK_004__index__stream_stripes__stream_00200.tif"
"core/BLOCK_004/index/stream_stripes/stream_00201.tif","runtime-core-block_004-v1","core__BLOCK_004__index__stream_stripes__stream_00201.tif",59510,"https://github.com/JamilRamirez/FABDEM-Watershed-Runtime/releases/download/runtime-core-block_004-v1/core__BLOCK_004__index__stream_stripes__stream_00201.tif"
"core/BLOCK_004/index/stream_stripes/stream_00202.tif","runtime-core-block_004-v1","core__BLOCK_004__index__stream_stripes__stream_00202.tif",57052,"https://github.com/JamilRamirez/FABDEM-Watershed-Runtime/releases/download/runtime-core-block_004-v1/core__BLOCK_004__index__stream_stripes__stream_00202.tif"
"core/BLOCK_004/index/stream_stripes/stream_00203.tif","runtime-core-block_004-v1","core__BLOCK_004__index__stream_stripes__stream_00203.tif",57418,"https://github.com/JamilRamirez/FABDEM-Watershed-Runtime/releases/download/runtime-core-block_004-v1/core__BLOCK_004__index__stream_stripes__stream_00203.tif"
"core/BLOCK_004/index/stream_stripes/stream_00204.tif","runtime-core-block_004-v1","core__BLOCK_004__index__stream_stripes__stream_00204.tif",53990,"https://github.com/JamilRamirez/FABDEM-Watershed-Runtime/releases/download/runtime-core-block_004-v1/core__BLOCK_004__index__stream_stripes__stream_00204.tif"
"core/BLOCK_004/index/stream_stripes/stream_00205.tif","runtime-core-block_004-v1","core__BLOCK_004__index__stream_stripes__stream_00205.tif",56144,"https://github.com/JamilRamirez/FABDEM-Watershed-Runtime/releases/download/runtime-core-block_004-v1/core__BLOCK_004__index__stream_stripes__stream_00205.tif"
"core/BLOCK_004/index/stream_stripes/stream_00206.tif","runtime-core-block_004-v1","core__BLOCK_004__index__stream_stripes__stream_00206.tif",57194,"https://github.com/JamilRamirez/FABDEM-Watershed-Runtime/releases/download/runtime-core-block_004-v1/core__BLOCK_004__index__stream_stripes__stream_00206.tif"
"core/BLOCK_004/index/stream_stripes/stream_00207.tif","runtime-core-block_004-v1","core__BLOCK_004__index__stream_stripes__stream_00207.tif",57218,"https://github.com/JamilRamirez/FABDEM-Watershed-Runtime/releases/download/runtime-core-block_004-v1/core__BLOCK_004__index__stream_stripes__stream_00207.tif"
"core/BLOCK_004/index/stream_stripes/stream_00208.tif","runtime-core-block_004-v1","core__BLOCK_004__index__stream_stripes__stream_00208.tif",59624,"https://github.com/JamilRamirez/FABDEM-Watershed-Runtime/releases/download/runtime-core-block_004-v1/core__BLOCK_004__index__stream_stripes__stream_00208.tif"
"core/BLOCK_004/index/stream_stripes/stream_00209.tif","runtime-core-block_004-v1","core__BLOCK_004__index__stream_stripes__stream_00209.tif",54416,"https://github.com/JamilRamirez/FABDEM-Watershed-Runtime/releases/download/runtime-core-block_004-v1/core__BLOCK_004__index__stream_stripes__stream_00209.tif"
"core/BLOCK_004/index/stream_stripes/stream_00210.tif","runtime-core-block_004-v1","core__BLOCK_004__index__stream_stripes__stream_00210.tif",56776,"https://github.com/JamilRamirez/FABDEM-Watershed-Runtime/releases/download/runtime-core-block_004-v1/core__BLOCK_004__index__stream_stripes__stream_00210.tif"
"core/BLOCK_004/index/stream_stripes/stream_00211.tif","runtime-core-block_004-v1","core__BLOCK_004__index__stream_stripes__stream_00211.tif",55188,"https://github.com/JamilRamirez/FABDEM-Watershed-Runtime/releases/download/runtime-core-block_004-v1/core__BLOCK_004__index__stream_stripes__stream_00211.tif"
"core/BLOCK_004/index/stream_stripes/stream_00212.tif","runtime-core-block_004-v1","core__BLOCK_004__index__stream_stripes__stream_00212.tif",68536,"https://github.com/JamilRamirez/FABDEM-Watershed-Runtime/releases/download/runtime-core-block_004-v1/core__BLOCK_004__index__stream_stripes__stream_00212.tif"
"core/BLOCK_004/index/stream_stripes/stream_00213.tif","runtime-core-block_004-v1","core__BLOCK_004__index__stream_stripes__stream_00213.tif",62666,"https://github.com/JamilRamirez/FABDEM-Watershed-Runtime/releases/download/runtime-core-block_004-v1/core__BLOCK_004__index__stream_stripes__stream_00213.tif"
"core/BLOCK_004/index/stream_stripes/stream_00214.tif","runtime-core-block_004-v1","core__BLOCK_004__index__stream_stripes__stream_00214.tif",61326,"https://github.com/JamilRamirez/FABDEM-Watershed-Runtime/releases/download/runtime-core-block_004-v1/core__BLOCK_004__index__stream_stripes__stream_00214.tif"
"core/BLOCK_004/index/stream_stripes/stream_00215.tif","runtime-core-block_004-v1","core__BLOCK_004__index__stream_stripes__stream_00215.tif",65140,"https://github.com/JamilRamirez/FABDEM-Watershed-Runtime/releases/download/runtime-core-block_004-v1/core__BLOCK_004__index__stream_stripes__stream_00215.tif"
"core/BLOCK_004/index/stream_stripes/stream_00216.tif","runtime-core-block_004-v1","core__BLOCK_004__index__stream_stripes__stream_00216.tif",65100,"https://github.com/JamilRamirez/FABDEM-Watershed-Runtime/releases/download/runtime-core-block_004-v1/core__BLOCK_004__index__stream_stripes__stream_00216.tif"
"core/BLOCK_004/index/stream_stripes/stream_00217.tif","runtime-core-block_004-v1","core__BLOCK_004__index__stream_stripes__stream_00217.tif",61302,"https://github.com/JamilRamirez/FABDEM-Watershed-Runtime/releases/download/runtime-core-block_004-v1/core__BLOCK_004__index__stream_stripes__stream_00217.tif"
"core/BLOCK_004/index/stream_stripes/stream_00218.tif","runtime-core-block_004-v1","core__BLOCK_004__index__stream_stripes__stream_00218.tif",62618,"https://github.com/JamilRamirez/FABDEM-Watershed-Runtime/releases/download/runtime-core-block_004-v1/core__BLOCK_004__index__stream_stripes__stream_00218.tif"
"core/BLOCK_004/index/stream_stripes/stream_00219.tif","runtime-core-block_004-v1","core__BLOCK_004__index__stream_stripes__stream_00219.tif",61254,"https://github.com/JamilRamirez/FABDEM-Watershed-Runtime/releases/download/runtime-core-block_004-v1/core__BLOCK_004__index__stream_stripes__stream_00219.tif"
"core/BLOCK_004/index/stream_stripes/stream_00220.tif","runtime-core-block_004-v1","core__BLOCK_004__index__stream_stripes__stream_00220.tif",62726,"https://github.com/JamilRamirez/FABDEM-Watershed-Runtime/releases/download/runtime-core-block_004-v1/core__BLOCK_004__index__stream_stripes__stream_00220.tif"
"core/BLOCK_004/index/stream_stripes/stream_00221.tif","runtime-core-block_004-v1","core__BLOCK_004__index__stream_stripes__stream_00221.tif",62326,"https://github.com/JamilRamirez/FABDEM-Watershed-Runtime/releases/download/runtime-core-block_004-v1/core__BLOCK_004__index__stream_stripes__stream_00221.tif"
"core/BLOCK_004/index/stream_stripes/stream_00222.tif","runtime-core-block_004-v1","core__BLOCK_004__index__stream_stripes__stream_00222.tif",60134,"https://github.com/JamilRamirez/FABDEM-Watershed-Runtime/releases/download/runtime-core-block_004-v1/core__BLOCK_004__index__stream_stripes__stream_00222.tif"
"core/BLOCK_004/index/stream_stripes/stream_00223.tif","runtime-core-block_004-v1","core__BLOCK_004__index__stream_stripes__stream_00223.tif",64176,"https://github.com/JamilRamirez/FABDEM-Watershed-Runtime/releases/download/runtime-core-block_004-v1/core__BLOCK_004__index__stream_stripes__stream_00223.tif"
"core/BLOCK_004/index/stream_stripes/stream_00224.tif","runtime-core-block_004-v1","core__BLOCK_004__index__stream_stripes__stream_00224.tif",63656,"https://github.com/JamilRamirez/FABDEM-Watershed-Runtime/releases/download/runtime-core-block_004-v1/core__BLOCK_004__index__stream_stripes__stream_00224.tif"
"core/BLOCK_004/index/stream_stripes/stream_00225.tif","runtime-core-block_004-v1","core__BLOCK_004__index__stream_stripes__stream_00225.tif",65294,"https://github.com/JamilRamirez/FABDEM-Watershed-Runtime/releases/download/runtime-core-block_004-v1/core__BLOCK_004__index__stream_stripes__stream_00225.tif"
"core/BLOCK_004/index/stream_stripes/stream_00226.tif","runtime-core-block_004-v1","core__BLOCK_004__index__stream_stripes__stream_00226.tif",55780,"https://github.com/JamilRamirez/FABDEM-Watershed-Runtime/releases/download/runtime-core-block_004-v1/core__BLOCK_004__index__stream_stripes__stream_00226.tif"
"core/BLOCK_004/index/stream_stripes/stream_00227.tif","runtime-core-block_004-v1","core__BLOCK_004__index__stream_stripes__stream_00227.tif",55168,"https://github.com/JamilRamirez/FABDEM-Watershed-Runtime/releases/download/runtime-core-block_004-v1/core__BLOCK_004__index__stream_stripes__stream_00227.tif"
"core/BLOCK_004/index/stream_stripes/stream_00228.tif","runtime-core-block_004-v1","core__BLOCK_004__index__stream_stripes__stream_00228.tif",54526,"https://github.com/JamilRamirez/FABDEM-Watershed-Runtime/releases/download/runtime-core-block_004-v1/core__BLOCK_004__index__stream_stripes__stream_00228.tif"
"core/BLOCK_004/index/stream_stripes/stream_00229.tif","runtime-core-block_004-v1","core__BLOCK_004__index__stream_stripes__stream_00229.tif",59226,"https://github.com/JamilRamirez/FABDEM-Watershed-Runtime/releases/download/runtime-core-block_004-v1/core__BLOCK_004__index__stream_stripes__stream_00229.tif"
"core/BLOCK_004/index/stream_stripes/stream_00230.tif","runtime-core-block_004-v1","core__BLOCK_004__index__stream_stripes__stream_00230.tif",61016,"https://github.com/JamilRamirez/FABDEM-Watershed-Runtime/releases/download/runtime-core-block_004-v1/core__BLOCK_004__index__stream_stripes__stream_00230.tif"
"core/BLOCK_004/index/stream_stripes/stream_00231.tif","runtime-core-block_004-v1","core__BLOCK_004__index__stream_stripes__stream_00231.tif",57226,"https://github.com/JamilRamirez/FABDEM-Watershed-Runtime/releases/download/runtime-core-block_004-v1/core__BLOCK_004__index__stream_stripes__stream_00231.tif"
"core/BLOCK_004/index/stream_stripes/stream_00232.tif","runtime-core-block_004-v1","core__BLOCK_004__index__stream_stripes__stream_00232.tif",55380,"https://github.com/JamilRamirez/FABDEM-Watershed-Runtime/releases/download/runtime-core-block_004-v1/core__BLOCK_004__index__stream_stripes__stream_00232.tif"
"core/BLOCK_004/index/stream_stripes/stream_00233.tif","runtime-core-block_004-v1","core__BLOCK_004__index__stream_stripes__stream_00233.tif",54710,"https://github.com/JamilRamirez/FABDEM-Watershed-Runtime/releases/download/runtime-core-block_004-v1/core__BLOCK_004__index__stream_stripes__stream_00233.tif"
"core/BLOCK_004/index/stream_stripes/stream_00234.tif","runtime-core-block_004-v1","core__BLOCK_004__index__stream_stripes__stream_00234.tif",57072,"https://github.com/JamilRamirez/FABDEM-Watershed-Runtime/releases/download/runtime-core-block_004-v1/core__BLOCK_004__index__stream_stripes__stream_00234.tif"
"core/BLOCK_004/index/stream_stripes/stream_00235.tif","runtime-core-block_004-v1","core__BLOCK_004__index__stream_stripes__stream_00235.tif",55786,"https://github.com/JamilRamirez/FABDEM-Watershed-Runtime/releases/download/runtime-core-block_004-v1/core__BLOCK_004__index__stream_stripes__stream_00235.tif"
"core/BLOCK_004/index/stream_stripes/stream_00236.tif","runtime-core-block_004-v1","core__BLOCK_004__index__stream_stripes__stream_00236.tif",62632,"https://github.com/JamilRamirez/FABDEM-Watershed-Runtime/releases/download/runtime-core-block_004-v1/core__BLOCK_004__index__stream_stripes__stream_00236.tif"
"core/BLOCK_004/index/stream_stripes/stream_00237.tif","runtime-core-block_004-v1","core__BLOCK_004__index__stream_stripes__stream_00237.tif",58738,"https://github.com/JamilRamirez/FABDEM-Watershed-Runtime/releases/download/runtime-core-block_004-v1/core__BLOCK_004__index__stream_stripes__stream_00237.tif"
"core/BLOCK_004/index/stream_stripes/stream_00238.tif","runtime-core-block_004-v1","core__BLOCK_004__index__stream_stripes__stream_00238.tif",62016,"https://github.com/JamilRamirez/FABDEM-Watershed-Runtime/releases/download/runtime-core-block_004-v1/core__BLOCK_004__index__stream_stripes__stream_00238.tif"
"core/BLOCK_004/index/stream_stripes/stream_00239.tif","runtime-core-block_004-v1","core__BLOCK_004__index__stream_stripes__stream_00239.tif",61282,"https://github.com/JamilRamirez/FABDEM-Watershed-Runtime/releases/download/runtime-core-block_004-v1/core__BLOCK_004__index__stream_stripes__stream_00239.tif"
"core/BLOCK_004/index/stream_stripes/stream_00240.tif","runtime-core-block_004-v1","core__BLOCK_004__index__stream_stripes__stream_00240.tif",41176,"https://github.com/JamilRamirez/FABDEM-Watershed-Runtime/releases/download/runtime-core-block_004-v1/core__BLOCK_004__index__stream_stripes__stream_00240.tif"
"core/BLOCK_004/index/stream_stripes/stream_00241.tif","runtime-core-block_004-v1","core__BLOCK_004__index__stream_stripes__stream_00241.tif",40806,"https://github.com/JamilRamirez/FABDEM-Watershed-Runtime/releases/download/runtime-core-block_004-v1/core__BLOCK_004__index__stream_stripes__stream_00241.tif"
"core/BLOCK_004/index/stream_stripes/stream_00242.tif","runtime-core-block_004-v1","core__BLOCK_004__index__stream_stripes__stream_00242.tif",42516,"https://github.com/JamilRamirez/FABDEM-Watershed-Runtime/releases/download/runtime-core-block_004-v1/core__BLOCK_004__index__stream_stripes__stream_00242.tif"
"core/BLOCK_004/index/stream_stripes/stream_00243.tif","runtime-core-block_004-v1","core__BLOCK_004__index__stream_stripes__stream_00243.tif",44394,"https://github.com/JamilRamirez/FABDEM-Watershed-Runtime/releases/download/runtime-core-block_004-v1/core__BLOCK_004__index__stream_stripes__stream_00243.tif"
"core/BLOCK_004/index/stream_stripes/stream_00244.tif","runtime-core-block_004-v1","core__BLOCK_004__index__stream_stripes__stream_00244.tif",41118,"https://github.com/JamilRamirez/FABDEM-Watershed-Runtime/releases/download/runtime-core-block_004-v1/core__BLOCK_004__index__stream_stripes__stream_00244.tif"
"core/BLOCK_004/index/stream_stripes/stream_00245.tif","runtime-core-block_004-v1","core__BLOCK_004__index__stream_stripes__stream_00245.tif",42678,"https://github.com/JamilRamirez/FABDEM-Watershed-Runtime/releases/download/runtime-core-block_004-v1/core__BLOCK_004__index__stream_stripes__stream_00245.tif"
"core/BLOCK_004/index/stream_stripes/stream_00246.tif","runtime-core-block_004-v1","core__BLOCK_004__index__stream_stripes__stream_00246.tif",42780,"https://github.com/JamilRamirez/FABDEM-Watershed-Runtime/releases/download/runtime-core-block_004-v1/core__BLOCK_004__index__stream_stripes__stream_00246.tif"
"core/BLOCK_004/index/stream_stripes/stream_00247.tif","runtime-core-block_004-v1","core__BLOCK_004__index__stream_stripes__stream_00247.tif",44184,"https://github.com/JamilRamirez/FABDEM-Watershed-Runtime/releases/download/runtime-core-block_004-v1/core__BLOCK_004__index__stream_stripes__stream_00247.tif"
"core/BLOCK_004/index/stream_stripes/stream_00248.tif","runtime-core-block_004-v1","core__BLOCK_004__index__stream_stripes__stream_00248.tif",42602,"https://github.com/JamilRamirez/FABDEM-Watershed-Runtime/releases/download/runtime-core-block_004-v1/core__BLOCK_004__index__stream_stripes__stream_00248.tif"
"core/BLOCK_004/index/stream_stripes/stream_00249.tif","runtime-core-block_004-v1","core__BLOCK_004__index__stream_stripes__stream_00249.tif",46134,"https://github.com/JamilRamirez/FABDEM-Watershed-Runtime/releases/download/runtime-core-block_004-v1/core__BLOCK_004__index__stream_stripes__stream_00249.tif"
"core/BLOCK_004/index/stream_stripes/stream_00250.tif","runtime-core-block_004-v1","core__BLOCK_004__index__stream_stripes__stream_00250.tif",40850,"https://github.com/JamilRamirez/FABDEM-Watershed-Runtime/releases/download/runtime-core-block_004-v1/core__BLOCK_004__index__stream_stripes__stream_00250.tif"
"core/BLOCK_004/index/stream_stripes/stream_00251.tif","runtime-core-block_004-v1","core__BLOCK_004__index__stream_stripes__stream_00251.tif",43594,"https://github.com/JamilRamirez/FABDEM-Watershed-Runtime/releases/download/runtime-core-block_004-v1/core__BLOCK_004__index__stream_stripes__stream_00251.tif"
"core/BLOCK_004/index/stream_stripes/stream_00252.tif","runtime-core-block_004-v1","core__BLOCK_004__index__stream_stripes__stream_00252.tif",42420,"https://github.com/JamilRamirez/FABDEM-Watershed-Runtime/releases/download/runtime-core-block_004-v1/core__BLOCK_004__index__stream_stripes__stream_00252.tif"
"core/BLOCK_004/index/stream_stripes/stream_00253.tif","runtime-core-block_004-v1","core__BLOCK_004__index__stream_stripes__stream_00253.tif",40620,"https://github.com/JamilRamirez/FABDEM-Watershed-Runtime/releases/download/runtime-core-block_004-v1/core__BLOCK_004__index__stream_stripes__stream_00253.tif"
"core/BLOCK_004/index/stream_stripes/stream_00254.tif","runtime-core-block_004-v1","core__BLOCK_004__index__stream_stripes__stream_00254.tif",22182,"https://github.com/JamilRamirez/FABDEM-Watershed-Runtime/releases/download/runtime-core-block_004-v1/core__BLOCK_004__index__stream_stripes__stream_00254.tif"
"core/BLOCK_005/index/index_metadata.rds","runtime-core-block_005-v1","core__BLOCK_005__index__index_metadata.rds",1344,"https://github.com/JamilRamirez/FABDEM-Watershed-Runtime/releases/download/runtime-core-block_005-v1/core__BLOCK_005__index__index_metadata.rds"
"core/BLOCK_005/index/reverse_stripes/reverse_00001.tif","runtime-core-block_005-v1","core__BLOCK_005__index__reverse_stripes__reverse_00001.tif",296692,"https://github.com/JamilRamirez/FABDEM-Watershed-Runtime/releases/download/runtime-core-block_005-v1/core__BLOCK_005__index__reverse_stripes__reverse_00001.tif"
"core/BLOCK_005/index/reverse_stripes/reverse_00002.tif","runtime-core-block_005-v1","core__BLOCK_005__index__reverse_stripes__reverse_00002.tif",301148,"https://github.com/JamilRamirez/FABDEM-Watershed-Runtime/releases/download/runtime-core-block_005-v1/core__BLOCK_005__index__reverse_stripes__reverse_00002.tif"
"core/BLOCK_005/index/reverse_stripes/reverse_00003.tif","runtime-core-block_005-v1","core__BLOCK_005__index__reverse_stripes__reverse_00003.tif",329938,"https://github.com/JamilRamirez/FABDEM-Watershed-Runtime/releases/download/runtime-core-block_005-v1/core__BLOCK_005__index__reverse_stripes__reverse_00003.tif"
"core/BLOCK_005/index/reverse_stripes/reverse_00004.tif","runtime-core-block_005-v1","core__BLOCK_005__index__reverse_stripes__reverse_00004.tif",360408,"https://github.com/JamilRamirez/FABDEM-Watershed-Runtime/releases/download/runtime-core-block_005-v1/core__BLOCK_005__index__reverse_stripes__reverse_00004.tif"
"core/BLOCK_005/index/reverse_stripes/reverse_00005.tif","runtime-core-block_005-v1","core__BLOCK_005__index__reverse_stripes__reverse_00005.tif",391378,"https://github.com/JamilRamirez/FABDEM-Watershed-Runtime/releases/download/runtime-core-block_005-v1/core__BLOCK_005__index__reverse_stripes__reverse_00005.tif"
"core/BLOCK_005/index/reverse_stripes/reverse_00006.tif","runtime-core-block_005-v1","core__BLOCK_005__index__reverse_stripes__reverse_00006.tif",422690,"https://github.com/JamilRamirez/FABDEM-Watershed-Runtime/releases/download/runtime-core-block_005-v1/core__BLOCK_005__index__reverse_stripes__reverse_00006.tif"
"core/BLOCK_005/index/reverse_stripes/reverse_00007.tif","runtime-core-block_005-v1","core__BLOCK_005__index__reverse_stripes__reverse_00007.tif",460196,"https://github.com/JamilRamirez/FABDEM-Watershed-Runtime/releases/download/runtime-core-block_005-v1/core__BLOCK_005__index__reverse_stripes__reverse_00007.tif"
"core/BLOCK_005/index/reverse_stripes/reverse_00008.tif","runtime-core-block_005-v1","core__BLOCK_005__index__reverse_stripes__reverse_00008.tif",540574,"https://github.com/JamilRamirez/FABDEM-Watershed-Runtime/releases/download/runtime-core-block_005-v1/core__BLOCK_005__index__reverse_stripes__reverse_00008.tif"
"core/BLOCK_005/index/reverse_stripes/reverse_00009.tif","runtime-core-block_005-v1","core__BLOCK_005__index__reverse_stripes__reverse_00009.tif",571802,"https://github.com/JamilRamirez/FABDEM-Watershed-Runtime/releases/download/runtime-core-block_005-v1/core__BLOCK_005__index__reverse_stripes__reverse_00009.tif"
"core/BLOCK_005/index/reverse_stripes/reverse_00010.tif","runtime-core-block_005-v1","core__BLOCK_005__index__reverse_stripes__reverse_00010.tif",628980,"https://github.com/JamilRamirez/FABDEM-Watershed-Runtime/releases/download/runtime-core-block_005-v1/core__BLOCK_005__index__reverse_stripes__reverse_00010.tif"
"core/BLOCK_005/index/reverse_stripes/reverse_00011.tif","runtime-core-block_005-v1","core__BLOCK_005__index__reverse_stripes__reverse_00011.tif",671078,"https://github.com/JamilRamirez/FABDEM-Watershed-Runtime/releases/download/runtime-core-block_005-v1/core__BLOCK_005__index__reverse_stripes__reverse_00011.tif"
"core/BLOCK_005/index/reverse_stripes/reverse_00012.tif","runtime-core-block_005-v1","core__BLOCK_005__index__reverse_stripes__reverse_00012.tif",670408,"https://github.com/JamilRamirez/FABDEM-Watershed-Runtime/releases/download/runtime-core-block_005-v1/core__BLOCK_005__index__reverse_stripes__reverse_00012.tif"
"core/BLOCK_005/index/reverse_stripes/reverse_00013.tif","runtime-core-block_005-v1","core__BLOCK_005__index__reverse_stripes__reverse_00013.tif",655974,"https://github.com/JamilRamirez/FABDEM-Watershed-Runtime/releases/download/runtime-core-block_005-v1/core__BLOCK_005__index__reverse_stripes__reverse_00013.tif"
"core/BLOCK_005/index/reverse_stripes/reverse_00014.tif","runtime-core-block_005-v1","core__BLOCK_005__index__reverse_stripes__reverse_00014.tif",691114,"https://github.com/JamilRamirez/FABDEM-Watershed-Runtime/releases/download/runtime-core-block_005-v1/core__BLOCK_005__index__reverse_stripes__reverse_00014.tif"
"core/BLOCK_005/index/reverse_stripes/reverse_00015.tif","runtime-core-block_005-v1","core__BLOCK_005__index__reverse_stripes__reverse_00015.tif",717734,"https://github.com/JamilRamirez/FABDEM-Watershed-Runtime/releases/download/runtime-core-block_005-v1/core__BLOCK_005__index__reverse_stripes__reverse_00015.tif"
"core/BLOCK_005/index/reverse_stripes/reverse_00016.tif","runtime-core-block_005-v1","core__BLOCK_005__index__reverse_stripes__reverse_00016.tif",734768,"https://github.com/JamilRamirez/FABDEM-Watershed-Runtime/releases/download/runtime-core-block_005-v1/core__BLOCK_005__index__reverse_stripes__reverse_00016.tif"
"core/BLOCK_005/index/reverse_stripes/reverse_00017.tif","runtime-core-block_005-v1","core__BLOCK_005__index__reverse_stripes__reverse_00017.tif",758354,"https://github.com/JamilRamirez/FABDEM-Watershed-Runtime/releases/download/runtime-core-block_005-v1/core__BLOCK_005__index__reverse_stripes__reverse_00017.tif"
"core/BLOCK_005/index/reverse_stripes/reverse_00018.tif","runtime-core-block_005-v1","core__BLOCK_005__index__reverse_stripes__reverse_00018.tif",796958,"https://github.com/JamilRamirez/FABDEM-Watershed-Runtime/releases/download/runtime-core-block_005-v1/core__BLOCK_005__index__reverse_stripes__reverse_00018.tif"
"core/BLOCK_005/index/reverse_stripes/reverse_00019.tif","runtime-core-block_005-v1","core__BLOCK_005__index__reverse_stripes__reverse_00019.tif",820454,"https://github.com/JamilRamirez/FABDEM-Watershed-Runtime/releases/download/runtime-core-block_005-v1/core__BLOCK_005__index__reverse_stripes__reverse_00019.tif"
"core/BLOCK_005/index/reverse_stripes/reverse_00020.tif","runtime-core-block_005-v1","core__BLOCK_005__index__reverse_stripes__reverse_00020.tif",829364,"https://github.com/JamilRamirez/FABDEM-Watershed-Runtime/releases/download/runtime-core-block_005-v1/core__BLOCK_005__index__reverse_stripes__reverse_00020.tif"
"core/BLOCK_005/index/reverse_stripes/reverse_00021.tif","runtime-core-block_005-v1","core__BLOCK_005__index__reverse_stripes__reverse_00021.tif",841664,"https://github.com/JamilRamirez/FABDEM-Watershed-Runtime/releases/download/runtime-core-block_005-v1/core__BLOCK_005__index__reverse_stripes__reverse_00021.tif"
"core/BLOCK_005/index/reverse_stripes/reverse_00022.tif","runtime-core-block_005-v1","core__BLOCK_005__index__reverse_stripes__reverse_00022.tif",828374,"https://github.com/JamilRamirez/FABDEM-Watershed-Runtime/releases/download/runtime-core-block_005-v1/core__BLOCK_005__index__reverse_stripes__reverse_00022.tif"
"core/BLOCK_005/index/reverse_stripes/reverse_00023.tif","runtime-core-block_005-v1","core__BLOCK_005__index__reverse_stripes__reverse_00023.tif",816608,"https://github.com/JamilRamirez/FABDEM-Watershed-Runtime/releases/download/runtime-core-block_005-v1/core__BLOCK_005__index__reverse_stripes__reverse_00023.tif"
"core/BLOCK_005/index/reverse_stripes/reverse_00024.tif","runtime-core-block_005-v1","core__BLOCK_005__index__reverse_stripes__reverse_00024.tif",807732,"https://github.com/JamilRamirez/FABDEM-Watershed-Runtime/releases/download/runtime-core-block_005-v1/core__BLOCK_005__index__reverse_stripes__reverse_00024.tif"
"core/BLOCK_005/index/reverse_stripes/reverse_00025.tif","runtime-core-block_005-v1","core__BLOCK_005__index__reverse_stripes__reverse_00025.tif",786734,"https://github.com/JamilRamirez/FABDEM-Watershed-Runtime/releases/download/runtime-core-block_005-v1/core__BLOCK_005__index__reverse_stripes__reverse_00025.tif"
"core/BLOCK_005/index/reverse_stripes/reverse_00026.tif","runtime-core-block_005-v1","core__BLOCK_005__index__reverse_stripes__reverse_00026.tif",776898,"https://github.com/JamilRamirez/FABDEM-Watershed-Runtime/releases/download/runtime-core-block_005-v1/core__BLOCK_005__index__reverse_stripes__reverse_00026.tif"
"core/BLOCK_005/index/reverse_stripes/reverse_00027.tif","runtime-core-block_005-v1","core__BLOCK_005__index__reverse_stripes__reverse_00027.tif",758556,"https://github.com/JamilRamirez/FABDEM-Watershed-Runtime/releases/download/runtime-core-block_005-v1/core__BLOCK_005__index__reverse_stripes__reverse_00027.tif"
"core/BLOCK_005/index/reverse_stripes/reverse_00028.tif","runtime-core-block_005-v1","core__BLOCK_005__index__reverse_stripes__reverse_00028.tif",735082,"https://github.com/JamilRamirez/FABDEM-Watershed-Runtime/releases/download/runtime-core-block_005-v1/core__BLOCK_005__index__reverse_stripes__reverse_00028.tif"
"core/BLOCK_005/index/reverse_stripes/reverse_00029.tif","runtime-core-block_005-v1","core__BLOCK_005__index__reverse_stripes__reverse_00029.tif",691860,"https://github.com/JamilRamirez/FABDEM-Watershed-Runtime/releases/download/runtime-core-block_005-v1/core__BLOCK_005__index__reverse_stripes__reverse_00029.tif"
"core/BLOCK_005/index/reverse_stripes/reverse_00030.tif","runtime-core-block_005-v1","core__BLOCK_005__index__reverse_stripes__reverse_00030.tif",735512,"https://github.com/JamilRamirez/FABDEM-Watershed-Runtime/releases/download/runtime-core-block_005-v1/core__BLOCK_005__index__reverse_stripes__reverse_00030.tif"
"core/BLOCK_005/index/reverse_stripes/reverse_00031.tif","runtime-core-block_005-v1","core__BLOCK_005__index__reverse_stripes__reverse_00031.tif",760606,"https://github.com/JamilRamirez/FABDEM-Watershed-Runtime/releases/download/runtime-core-block_005-v1/core__BLOCK_005__index__reverse_stripes__reverse_00031.tif"
"core/BLOCK_005/index/reverse_stripes/reverse_00032.tif","runtime-core-block_005-v1","core__BLOCK_005__index__reverse_stripes__reverse_00032.tif",765204,"https://github.com/JamilRamirez/FABDEM-Watershed-Runtime/releases/download/runtime-core-block_005-v1/core__BLOCK_005__index__reverse_stripes__reverse_00032.tif"
"core/BLOCK_005/index/reverse_stripes/reverse_00033.tif","runtime-core-block_005-v1","core__BLOCK_005__index__reverse_stripes__reverse_00033.tif",733536,"https://github.com/JamilRamirez/FABDEM-Watershed-Runtime/releases/download/runtime-core-block_005-v1/core__BLOCK_005__index__reverse_stripes__reverse_00033.tif"
"core/BLOCK_005/index/reverse_stripes/reverse_00034.tif","runtime-core-block_005-v1","core__BLOCK_005__index__reverse_stripes__reverse_00034.tif",693784,"https://github.com/JamilRamirez/FABDEM-Watershed-Runtime/releases/download/runtime-core-block_005-v1/core__BLOCK_005__index__reverse_stripes__reverse_00034.tif"
"core/BLOCK_005/index/reverse_stripes/reverse_00035.tif","runtime-core-block_005-v1","core__BLOCK_005__index__reverse_stripes__reverse_00035.tif",665658,"https://github.com/JamilRamirez/FABDEM-Watershed-Runtime/releases/download/runtime-core-block_005-v1/core__BLOCK_005__index__reverse_stripes__reverse_00035.tif"
"core/BLOCK_005/index/reverse_stripes/reverse_00036.tif","runtime-core-block_005-v1","core__BLOCK_005__index__reverse_stripes__reverse_00036.tif",644610,"https://github.com/JamilRamirez/FABDEM-Watershed-Runtime/releases/download/runtime-core-block_005-v1/core__BLOCK_005__index__reverse_stripes__reverse_00036.tif"
"core/BLOCK_005/index/reverse_stripes/reverse_00037.tif","runtime-core-block_005-v1","core__BLOCK_005__index__reverse_stripes__reverse_00037.tif",649780,"https://github.com/JamilRamirez/FABDEM-Watershed-Runtime/releases/download/runtime-core-block_005-v1/core__BLOCK_005__index__reverse_stripes__reverse_00037.tif"
"core/BLOCK_005/index/reverse_stripes/reverse_00038.tif","runtime-core-block_005-v1","core__BLOCK_005__index__reverse_stripes__reverse_00038.tif",632376,"https://github.com/JamilRamirez/FABDEM-Watershed-Runtime/releases/download/runtime-core-block_005-v1/core__BLOCK_005__index__reverse_stripes__reverse_00038.tif"
"core/BLOCK_005/index/reverse_stripes/reverse_00039.tif","runtime-core-block_005-v1","core__BLOCK_005__index__reverse_stripes__reverse_00039.tif",619966,"https://github.com/JamilRamirez/FABDEM-Watershed-Runtime/releases/download/runtime-core-block_005-v1/core__BLOCK_005__index__reverse_stripes__reverse_00039.tif"
"core/BLOCK_005/index/reverse_stripes/reverse_00040.tif","runtime-core-block_005-v1","core__BLOCK_005__index__reverse_stripes__reverse_00040.tif",674804,"https://github.com/JamilRamirez/FABDEM-Watershed-Runtime/releases/download/runtime-core-block_005-v1/core__BLOCK_005__index__reverse_stripes__reverse_00040.tif"
"core/BLOCK_005/index/reverse_stripes/reverse_00041.tif","runtime-core-block_005-v1","core__BLOCK_005__index__reverse_stripes__reverse_00041.tif",754070,"https://github.com/JamilRamirez/FABDEM-Watershed-Runtime/releases/download/runtime-core-block_005-v1/core__BLOCK_005__index__reverse_stripes__reverse_00041.tif"
"core/BLOCK_005/index/reverse_stripes/reverse_00042.tif","runtime-core-block_005-v1","core__BLOCK_005__index__reverse_stripes__reverse_00042.tif",773862,"https://github.com/JamilRamirez/FABDEM-Watershed-Runtime/releases/download/runtime-core-block_005-v1/core__BLOCK_005__index__reverse_stripes__reverse_00042.tif"
"core/BLOCK_005/index/reverse_stripes/reverse_00043.tif","runtime-core-block_005-v1","core__BLOCK_005__index__reverse_stripes__reverse_00043.tif",158728,"https://github.com/JamilRamirez/FABDEM-Watershed-Runtime/releases/download/runtime-core-block_005-v1/core__BLOCK_005__index__reverse_stripes__reverse_00043.tif"
"core/BLOCK_005/index/stream_stripes/stream_00001.tif","runtime-core-block_005-v1","core__BLOCK_005__index__stream_stripes__stream_00001.tif",15972,"https://github.com/JamilRamirez/FABDEM-Watershed-Runtime/releases/download/runtime-core-block_005-v1/core__BLOCK_005__index__stream_stripes__stream_00001.tif"
"core/BLOCK_005/index/stream_stripes/stream_00002.tif","runtime-core-block_005-v1","core__BLOCK_005__index__stream_stripes__stream_00002.tif",15678,"https://github.com/JamilRamirez/FABDEM-Watershed-Runtime/releases/download/runtime-core-block_005-v1/core__BLOCK_005__index__stream_stripes__stream_00002.tif"
"core/BLOCK_005/index/stream_stripes/stream_00003.tif","runtime-core-block_005-v1","core__BLOCK_005__index__stream_stripes__stream_00003.tif",14574,"https://github.com/JamilRamirez/FABDEM-Watershed-Runtime/releases/download/runtime-core-block_005-v1/core__BLOCK_005__index__stream_stripes__stream_00003.tif"
"core/BLOCK_005/index/stream_stripes/stream_00004.tif","runtime-core-block_005-v1","core__BLOCK_005__index__stream_stripes__stream_00004.tif",17546,"https://github.com/JamilRamirez/FABDEM-Watershed-Runtime/releases/download/runtime-core-block_005-v1/core__BLOCK_005__index__stream_stripes__stream_00004.tif"
"core/BLOCK_005/index/stream_stripes/stream_00005.tif","runtime-core-block_005-v1","core__BLOCK_005__index__stream_stripes__stream_00005.tif",17872,"https://github.com/JamilRamirez/FABDEM-Watershed-Runtime/releases/download/runtime-core-block_005-v1/core__BLOCK_005__index__stream_stripes__stream_00005.tif"
"core/BLOCK_005/index/stream_stripes/stream_00006.tif","runtime-core-block_005-v1","core__BLOCK_005__index__stream_stripes__stream_00006.tif",18132,"https://github.com/JamilRamirez/FABDEM-Watershed-Runtime/releases/download/runtime-core-block_005-v1/core__BLOCK_005__index__stream_stripes__stream_00006.tif"
"core/BLOCK_005/index/stream_stripes/stream_00007.tif","runtime-core-block_005-v1","core__BLOCK_005__index__stream_stripes__stream_00007.tif",17640,"https://github.com/JamilRamirez/FABDEM-Watershed-Runtime/releases/download/runtime-core-block_005-v1/core__BLOCK_005__index__stream_stripes__stream_00007.tif"
"core/BLOCK_005/index/stream_stripes/stream_00008.tif","runtime-core-block_005-v1","core__BLOCK_005__index__stream_stripes__stream_00008.tif",17710,"https://github.com/JamilRamirez/FABDEM-Watershed-Runtime/releases/download/runtime-core-block_005-v1/core__BLOCK_005__index__stream_stripes__stream_00008.tif"
"core/BLOCK_005/index/stream_stripes/stream_00009.tif","runtime-core-block_005-v1","core__BLOCK_005__index__stream_stripes__stream_00009.tif",15840,"https://github.com/JamilRamirez/FABDEM-Watershed-Runtime/releases/download/runtime-core-block_005-v1/core__BLOCK_005__index__stream_stripes__stream_00009.tif"
"core/BLOCK_005/index/stream_stripes/stream_00010.tif","runtime-core-block_005-v1","core__BLOCK_005__index__stream_stripes__stream_00010.tif",19330,"https://github.com/JamilRamirez/FABDEM-Watershed-Runtime/releases/download/runtime-core-block_005-v1/core__BLOCK_005__index__stream_stripes__stream_00010.tif"
"core/BLOCK_005/index/stream_stripes/stream_00011.tif","runtime-core-block_005-v1","core__BLOCK_005__index__stream_stripes__stream_00011.tif",17840,"https://github.com/JamilRamirez/FABDEM-Watershed-Runtime/releases/download/runtime-core-block_005-v1/core__BLOCK_005__index__stream_stripes__stream_00011.tif"
"core/BLOCK_005/index/stream_stripes/stream_00012.tif","runtime-core-block_005-v1","core__BLOCK_005__index__stream_stripes__stream_00012.tif",21384,"https://github.com/JamilRamirez/FABDEM-Watershed-Runtime/releases/download/runtime-core-block_005-v1/core__BLOCK_005__index__stream_stripes__stream_00012.tif"
"core/BLOCK_005/index/stream_stripes/stream_00013.tif","runtime-core-block_005-v1","core__BLOCK_005__index__stream_stripes__stream_00013.tif",21854,"https://github.com/JamilRamirez/FABDEM-Watershed-Runtime/releases/download/runtime-core-block_005-v1/core__BLOCK_005__index__stream_stripes__stream_00013.tif"
"core/BLOCK_005/index/stream_stripes/stream_00014.tif","runtime-core-block_005-v1","core__BLOCK_005__index__stream_stripes__stream_00014.tif",19230,"https://github.com/JamilRamirez/FABDEM-Watershed-Runtime/releases/download/runtime-core-block_005-v1/core__BLOCK_005__index__stream_stripes__stream_00014.tif"
"core/BLOCK_005/index/stream_stripes/stream_00015.tif","runtime-core-block_005-v1","core__BLOCK_005__index__stream_stripes__stream_00015.tif",24910,"https://github.com/JamilRamirez/FABDEM-Watershed-Runtime/releases/download/runtime-core-block_005-v1/core__BLOCK_005__index__stream_stripes__stream_00015.tif"
"core/BLOCK_005/index/stream_stripes/stream_00016.tif","runtime-core-block_005-v1","core__BLOCK_005__index__stream_stripes__stream_00016.tif",20744,"https://github.com/JamilRamirez/FABDEM-Watershed-Runtime/releases/download/runtime-core-block_005-v1/core__BLOCK_005__index__stream_stripes__stream_00016.tif"
"core/BLOCK_005/index/stream_stripes/stream_00017.tif","runtime-core-block_005-v1","core__BLOCK_005__index__stream_stripes__stream_00017.tif",23406,"https://github.com/JamilRamirez/FABDEM-Watershed-Runtime/releases/download/runtime-core-block_005-v1/core__BLOCK_005__index__stream_stripes__stream_00017.tif"
"core/BLOCK_005/index/stream_stripes/stream_00018.tif","runtime-core-block_005-v1","core__BLOCK_005__index__stream_stripes__stream_00018.tif",21582,"https://github.com/JamilRamirez/FABDEM-Watershed-Runtime/releases/download/runtime-core-block_005-v1/core__BLOCK_005__index__stream_stripes__stream_00018.tif"
"core/BLOCK_005/index/stream_stripes/stream_00019.tif","runtime-core-block_005-v1","core__BLOCK_005__index__stream_stripes__stream_00019.tif",21646,"https://github.com/JamilRamirez/FABDEM-Watershed-Runtime/releases/download/runtime-core-block_005-v1/core__BLOCK_005__index__stream_stripes__stream_00019.tif"
"core/BLOCK_005/index/stream_stripes/stream_00020.tif","runtime-core-block_005-v1","core__BLOCK_005__index__stream_stripes__stream_00020.tif",26642,"https://github.com/JamilRamirez/FABDEM-Watershed-Runtime/releases/download/runtime-core-block_005-v1/core__BLOCK_005__index__stream_stripes__stream_00020.tif"
"core/BLOCK_005/index/stream_stripes/stream_00021.tif","runtime-core-block_005-v1","core__BLOCK_005__index__stream_stripes__stream_00021.tif",25116,"https://github.com/JamilRamirez/FABDEM-Watershed-Runtime/releases/download/runtime-core-block_005-v1/core__BLOCK_005__index__stream_stripes__stream_00021.tif"
"core/BLOCK_005/index/stream_stripes/stream_00022.tif","runtime-core-block_005-v1","core__BLOCK_005__index__stream_stripes__stream_00022.tif",24988,"https://github.com/JamilRamirez/FABDEM-Watershed-Runtime/releases/download/runtime-core-block_005-v1/core__BLOCK_005__index__stream_stripes__stream_00022.tif"
"core/BLOCK_005/index/stream_stripes/stream_00023.tif","runtime-core-block_005-v1","core__BLOCK_005__index__stream_stripes__stream_00023.tif",21742,"https://github.com/JamilRamirez/FABDEM-Watershed-Runtime/releases/download/runtime-core-block_005-v1/core__BLOCK_005__index__stream_stripes__stream_00023.tif"
"core/BLOCK_005/index/stream_stripes/stream_00024.tif","runtime-core-block_005-v1","core__BLOCK_005__index__stream_stripes__stream_00024.tif",22806,"https://github.com/JamilRamirez/FABDEM-Watershed-Runtime/releases/download/runtime-core-block_005-v1/core__BLOCK_005__index__stream_stripes__stream_00024.tif"
"core/BLOCK_005/index/stream_stripes/stream_00025.tif","runtime-core-block_005-v1","core__BLOCK_005__index__stream_stripes__stream_00025.tif",23878,"https://github.com/JamilRamirez/FABDEM-Watershed-Runtime/releases/download/runtime-core-block_005-v1/core__BLOCK_005__index__stream_stripes__stream_00025.tif"
"core/BLOCK_005/index/stream_stripes/stream_00026.tif","runtime-core-block_005-v1","core__BLOCK_005__index__stream_stripes__stream_00026.tif",26092,"https://github.com/JamilRamirez/FABDEM-Watershed-Runtime/releases/download/runtime-core-block_005-v1/core__BLOCK_005__index__stream_stripes__stream_00026.tif"
"core/BLOCK_005/index/stream_stripes/stream_00027.tif","runtime-core-block_005-v1","core__BLOCK_005__index__stream_stripes__stream_00027.tif",25310,"https://github.com/JamilRamirez/FABDEM-Watershed-Runtime/releases/download/runtime-core-block_005-v1/core__BLOCK_005__index__stream_stripes__stream_00027.tif"
"core/BLOCK_005/index/stream_stripes/stream_00028.tif","runtime-core-block_005-v1","core__BLOCK_005__index__stream_stripes__stream_00028.tif",22582,"https://github.com/JamilRamirez/FABDEM-Watershed-Runtime/releases/download/runtime-core-block_005-v1/core__BLOCK_005__index__stream_stripes__stream_00028.tif"
"core/BLOCK_005/index/stream_stripes/stream_00029.tif","runtime-core-block_005-v1","core__BLOCK_005__index__stream_stripes__stream_00029.tif",21748,"https://github.com/JamilRamirez/FABDEM-Watershed-Runtime/releases/download/runtime-core-block_005-v1/core__BLOCK_005__index__stream_stripes__stream_00029.tif"
"core/BLOCK_005/index/stream_stripes/stream_00030.tif","runtime-core-block_005-v1","core__BLOCK_005__index__stream_stripes__stream_00030.tif",22386,"https://github.com/JamilRamirez/FABDEM-Watershed-Runtime/releases/download/runtime-core-block_005-v1/core__BLOCK_005__index__stream_stripes__stream_00030.tif"
"core/BLOCK_005/index/stream_stripes/stream_00031.tif","runtime-core-block_005-v1","core__BLOCK_005__index__stream_stripes__stream_00031.tif",22298,"https://github.com/JamilRamirez/FABDEM-Watershed-Runtime/releases/download/runtime-core-block_005-v1/core__BLOCK_005__index__stream_stripes__stream_00031.tif"
"core/BLOCK_005/index/stream_stripes/stream_00032.tif","runtime-core-block_005-v1","core__BLOCK_005__index__stream_stripes__stream_00032.tif",22068,"https://github.com/JamilRamirez/FABDEM-Watershed-Runtime/releases/download/runtime-core-block_005-v1/core__BLOCK_005__index__stream_stripes__stream_00032.tif"
"core/BLOCK_005/index/stream_stripes/stream_00033.tif","runtime-core-block_005-v1","core__BLOCK_005__index__stream_stripes__stream_00033.tif",23544,"https://github.com/JamilRamirez/FABDEM-Watershed-Runtime/releases/download/runtime-core-block_005-v1/core__BLOCK_005__index__stream_stripes__stream_00033.tif"
"core/BLOCK_005/index/stream_stripes/stream_00034.tif","runtime-core-block_005-v1","core__BLOCK_005__index__stream_stripes__stream_00034.tif",23462,"https://github.com/JamilRamirez/FABDEM-Watershed-Runtime/releases/download/runtime-core-block_005-v1/core__BLOCK_005__index__stream_stripes__stream_00034.tif"
"core/BLOCK_005/index/stream_stripes/stream_00035.tif","runtime-core-block_005-v1","core__BLOCK_005__index__stream_stripes__stream_00035.tif",21874,"https://github.com/JamilRamirez/FABDEM-Watershed-Runtime/releases/download/runtime-core-block_005-v1/core__BLOCK_005__index__stream_stripes__stream_00035.tif"
"core/BLOCK_005/index/stream_stripes/stream_00036.tif","runtime-core-block_005-v1","core__BLOCK_005__index__stream_stripes__stream_00036.tif",20684,"https://github.com/JamilRamirez/FABDEM-Watershed-Runtime/releases/download/runtime-core-block_005-v1/core__BLOCK_005__index__stream_stripes__stream_00036.tif"
"core/BLOCK_005/index/stream_stripes/stream_00037.tif","runtime-core-block_005-v1","core__BLOCK_005__index__stream_stripes__stream_00037.tif",20296,"https://github.com/JamilRamirez/FABDEM-Watershed-Runtime/releases/download/runtime-core-block_005-v1/core__BLOCK_005__index__stream_stripes__stream_00037.tif"
"core/BLOCK_005/index/stream_stripes/stream_00038.tif","runtime-core-block_005-v1","core__BLOCK_005__index__stream_stripes__stream_00038.tif",21450,"https://github.com/JamilRamirez/FABDEM-Watershed-Runtime/releases/download/runtime-core-block_005-v1/core__BLOCK_005__index__stream_stripes__stream_00038.tif"
"core/BLOCK_005/index/stream_stripes/stream_00039.tif","runtime-core-block_005-v1","core__BLOCK_005__index__stream_stripes__stream_00039.tif",22546,"https://github.com/JamilRamirez/FABDEM-Watershed-Runtime/releases/download/runtime-core-block_005-v1/core__BLOCK_005__index__stream_stripes__stream_00039.tif"
"core/BLOCK_005/index/stream_stripes/stream_00040.tif","runtime-core-block_005-v1","core__BLOCK_005__index__stream_stripes__stream_00040.tif",23560,"https://github.com/JamilRamirez/FABDEM-Watershed-Runtime/releases/download/runtime-core-block_005-v1/core__BLOCK_005__index__stream_stripes__stream_00040.tif"
"core/BLOCK_005/index/stream_stripes/stream_00041.tif","runtime-core-block_005-v1","core__BLOCK_005__index__stream_stripes__stream_00041.tif",26762,"https://github.com/JamilRamirez/FABDEM-Watershed-Runtime/releases/download/runtime-core-block_005-v1/core__BLOCK_005__index__stream_stripes__stream_00041.tif"
"core/BLOCK_005/index/stream_stripes/stream_00042.tif","runtime-core-block_005-v1","core__BLOCK_005__index__stream_stripes__stream_00042.tif",20404,"https://github.com/JamilRamirez/FABDEM-Watershed-Runtime/releases/download/runtime-core-block_005-v1/core__BLOCK_005__index__stream_stripes__stream_00042.tif"
"core/BLOCK_005/index/stream_stripes/stream_00043.tif","runtime-core-block_005-v1","core__BLOCK_005__index__stream_stripes__stream_00043.tif",7688,"https://github.com/JamilRamirez/FABDEM-Watershed-Runtime/releases/download/runtime-core-block_005-v1/core__BLOCK_005__index__stream_stripes__stream_00043.tif"
"core/BLOCK_006/index/index_metadata.rds","runtime-core-block_006-v1","core__BLOCK_006__index__index_metadata.rds",1347,"https://github.com/JamilRamirez/FABDEM-Watershed-Runtime/releases/download/runtime-core-block_006-v1/core__BLOCK_006__index__index_metadata.rds"
"core/BLOCK_006/index/reverse_stripes/reverse_00001.tif","runtime-core-block_006-v1","core__BLOCK_006__index__reverse_stripes__reverse_00001.tif",651884,"https://github.com/JamilRamirez/FABDEM-Watershed-Runtime/releases/download/runtime-core-block_006-v1/core__BLOCK_006__index__reverse_stripes__reverse_00001.tif"
"core/BLOCK_006/index/reverse_stripes/reverse_00002.tif","runtime-core-block_006-v1","core__BLOCK_006__index__reverse_stripes__reverse_00002.tif",631258,"https://github.com/JamilRamirez/FABDEM-Watershed-Runtime/releases/download/runtime-core-block_006-v1/core__BLOCK_006__index__reverse_stripes__reverse_00002.tif"
"core/BLOCK_006/index/reverse_stripes/reverse_00003.tif","runtime-core-block_006-v1","core__BLOCK_006__index__reverse_stripes__reverse_00003.tif",629342,"https://github.com/JamilRamirez/FABDEM-Watershed-Runtime/releases/download/runtime-core-block_006-v1/core__BLOCK_006__index__reverse_stripes__reverse_00003.tif"
"core/BLOCK_006/index/reverse_stripes/reverse_00004.tif","runtime-core-block_006-v1","core__BLOCK_006__index__reverse_stripes__reverse_00004.tif",620556,"https://github.com/JamilRamirez/FABDEM-Watershed-Runtime/releases/download/runtime-core-block_006-v1/core__BLOCK_006__index__reverse_stripes__reverse_00004.tif"
"core/BLOCK_006/index/reverse_stripes/reverse_00005.tif","runtime-core-block_006-v1","core__BLOCK_006__index__reverse_stripes__reverse_00005.tif",607312,"https://github.com/JamilRamirez/FABDEM-Watershed-Runtime/releases/download/runtime-core-block_006-v1/core__BLOCK_006__index__reverse_stripes__reverse_00005.tif"
"core/BLOCK_006/index/reverse_stripes/reverse_00006.tif","runtime-core-block_006-v1","core__BLOCK_006__index__reverse_stripes__reverse_00006.tif",610716,"https://github.com/JamilRamirez/FABDEM-Watershed-Runtime/releases/download/runtime-core-block_006-v1/core__BLOCK_006__index__reverse_stripes__reverse_00006.tif"
"core/BLOCK_006/index/reverse_stripes/reverse_00007.tif","runtime-core-block_006-v1","core__BLOCK_006__index__reverse_stripes__reverse_00007.tif",607092,"https://github.com/JamilRamirez/FABDEM-Watershed-Runtime/releases/download/runtime-core-block_006-v1/core__BLOCK_006__index__reverse_stripes__reverse_00007.tif"
"core/BLOCK_006/index/reverse_stripes/reverse_00008.tif","runtime-core-block_006-v1","core__BLOCK_006__index__reverse_stripes__reverse_00008.tif",616356,"https://github.com/JamilRamirez/FABDEM-Watershed-Runtime/releases/download/runtime-core-block_006-v1/core__BLOCK_006__index__reverse_stripes__reverse_00008.tif"
"core/BLOCK_006/index/reverse_stripes/reverse_00009.tif","runtime-core-block_006-v1","core__BLOCK_006__index__reverse_stripes__reverse_00009.tif",622470,"https://github.com/JamilRamirez/FABDEM-Watershed-Runtime/releases/download/runtime-core-block_006-v1/core__BLOCK_006__index__reverse_stripes__reverse_00009.tif"
"core/BLOCK_006/index/reverse_stripes/reverse_00010.tif","runtime-core-block_006-v1","core__BLOCK_006__index__reverse_stripes__reverse_00010.tif",617828,"https://github.com/JamilRamirez/FABDEM-Watershed-Runtime/releases/download/runtime-core-block_006-v1/core__BLOCK_006__index__reverse_stripes__reverse_00010.tif"
"core/BLOCK_006/index/reverse_stripes/reverse_00011.tif","runtime-core-block_006-v1","core__BLOCK_006__index__reverse_stripes__reverse_00011.tif",612288,"https://github.com/JamilRamirez/FABDEM-Watershed-Runtime/releases/download/runtime-core-block_006-v1/core__BLOCK_006__index__reverse_stripes__reverse_00011.tif"
"core/BLOCK_006/index/reverse_stripes/reverse_00012.tif","runtime-core-block_006-v1","core__BLOCK_006__index__reverse_stripes__reverse_00012.tif",613522,"https://github.com/JamilRamirez/FABDEM-Watershed-Runtime/releases/download/runtime-core-block_006-v1/core__BLOCK_006__index__reverse_stripes__reverse_00012.tif"
"core/BLOCK_006/index/reverse_stripes/reverse_00013.tif","runtime-core-block_006-v1","core__BLOCK_006__index__reverse_stripes__reverse_00013.tif",612248,"https://github.com/JamilRamirez/FABDEM-Watershed-Runtime/releases/download/runtime-core-block_006-v1/core__BLOCK_006__index__reverse_stripes__reverse_00013.tif"
"core/BLOCK_006/index/reverse_stripes/reverse_00014.tif","runtime-core-block_006-v1","core__BLOCK_006__index__reverse_stripes__reverse_00014.tif",617968,"https://github.com/JamilRamirez/FABDEM-Watershed-Runtime/releases/download/runtime-core-block_006-v1/core__BLOCK_006__index__reverse_stripes__reverse_00014.tif"
"core/BLOCK_006/index/reverse_stripes/reverse_00015.tif","runtime-core-block_006-v1","core__BLOCK_006__index__reverse_stripes__reverse_00015.tif",621906,"https://github.com/JamilRamirez/FABDEM-Watershed-Runtime/releases/download/runtime-core-block_006-v1/core__BLOCK_006__index__reverse_stripes__reverse_00015.tif"
"core/BLOCK_006/index/reverse_stripes/reverse_00016.tif","runtime-core-block_006-v1","core__BLOCK_006__index__reverse_stripes__reverse_00016.tif",616540,"https://github.com/JamilRamirez/FABDEM-Watershed-Runtime/releases/download/runtime-core-block_006-v1/core__BLOCK_006__index__reverse_stripes__reverse_00016.tif"
"core/BLOCK_006/index/reverse_stripes/reverse_00017.tif","runtime-core-block_006-v1","core__BLOCK_006__index__reverse_stripes__reverse_00017.tif",612636,"https://github.com/JamilRamirez/FABDEM-Watershed-Runtime/releases/download/runtime-core-block_006-v1/core__BLOCK_006__index__reverse_stripes__reverse_00017.tif"
"core/BLOCK_006/index/reverse_stripes/reverse_00018.tif","runtime-core-block_006-v1","core__BLOCK_006__index__reverse_stripes__reverse_00018.tif",600416,"https://github.com/JamilRamirez/FABDEM-Watershed-Runtime/releases/download/runtime-core-block_006-v1/core__BLOCK_006__index__reverse_stripes__reverse_00018.tif"
"core/BLOCK_006/index/reverse_stripes/reverse_00019.tif","runtime-core-block_006-v1","core__BLOCK_006__index__reverse_stripes__reverse_00019.tif",595920,"https://github.com/JamilRamirez/FABDEM-Watershed-Runtime/releases/download/runtime-core-block_006-v1/core__BLOCK_006__index__reverse_stripes__reverse_00019.tif"
"core/BLOCK_006/index/reverse_stripes/reverse_00020.tif","runtime-core-block_006-v1","core__BLOCK_006__index__reverse_stripes__reverse_00020.tif",581412,"https://github.com/JamilRamirez/FABDEM-Watershed-Runtime/releases/download/runtime-core-block_006-v1/core__BLOCK_006__index__reverse_stripes__reverse_00020.tif"
"core/BLOCK_006/index/reverse_stripes/reverse_00021.tif","runtime-core-block_006-v1","core__BLOCK_006__index__reverse_stripes__reverse_00021.tif",585262,"https://github.com/JamilRamirez/FABDEM-Watershed-Runtime/releases/download/runtime-core-block_006-v1/core__BLOCK_006__index__reverse_stripes__reverse_00021.tif"
"core/BLOCK_006/index/reverse_stripes/reverse_00022.tif","runtime-core-block_006-v1","core__BLOCK_006__index__reverse_stripes__reverse_00022.tif",555454,"https://github.com/JamilRamirez/FABDEM-Watershed-Runtime/releases/download/runtime-core-block_006-v1/core__BLOCK_006__index__reverse_stripes__reverse_00022.tif"
"core/BLOCK_006/index/reverse_stripes/reverse_00023.tif","runtime-core-block_006-v1","core__BLOCK_006__index__reverse_stripes__reverse_00023.tif",536926,"https://github.com/JamilRamirez/FABDEM-Watershed-Runtime/releases/download/runtime-core-block_006-v1/core__BLOCK_006__index__reverse_stripes__reverse_00023.tif"
"core/BLOCK_006/index/reverse_stripes/reverse_00024.tif","runtime-core-block_006-v1","core__BLOCK_006__index__reverse_stripes__reverse_00024.tif",534282,"https://github.com/JamilRamirez/FABDEM-Watershed-Runtime/releases/download/runtime-core-block_006-v1/core__BLOCK_006__index__reverse_stripes__reverse_00024.tif"
"core/BLOCK_006/index/reverse_stripes/reverse_00025.tif","runtime-core-block_006-v1","core__BLOCK_006__index__reverse_stripes__reverse_00025.tif",535610,"https://github.com/JamilRamirez/FABDEM-Watershed-Runtime/releases/download/runtime-core-block_006-v1/core__BLOCK_006__index__reverse_stripes__reverse_00025.tif"
"core/BLOCK_006/index/reverse_stripes/reverse_00026.tif","runtime-core-block_006-v1","core__BLOCK_006__index__reverse_stripes__reverse_00026.tif",525404,"https://github.com/JamilRamirez/FABDEM-Watershed-Runtime/releases/download/runtime-core-block_006-v1/core__BLOCK_006__index__reverse_stripes__reverse_00026.tif"
"core/BLOCK_006/index/reverse_stripes/reverse_00027.tif","runtime-core-block_006-v1","core__BLOCK_006__index__reverse_stripes__reverse_00027.tif",508250,"https://github.com/JamilRamirez/FABDEM-Watershed-Runtime/releases/download/runtime-core-block_006-v1/core__BLOCK_006__index__reverse_stripes__reverse_00027.tif"
"core/BLOCK_006/index/reverse_stripes/reverse_00028.tif","runtime-core-block_006-v1","core__BLOCK_006__index__reverse_stripes__reverse_00028.tif",495570,"https://github.com/JamilRamirez/FABDEM-Watershed-Runtime/releases/download/runtime-core-block_006-v1/core__BLOCK_006__index__reverse_stripes__reverse_00028.tif"
"core/BLOCK_006/index/reverse_stripes/reverse_00029.tif","runtime-core-block_006-v1","core__BLOCK_006__index__reverse_stripes__reverse_00029.tif",506578,"https://github.com/JamilRamirez/FABDEM-Watershed-Runtime/releases/download/runtime-core-block_006-v1/core__BLOCK_006__index__reverse_stripes__reverse_00029.tif"
"core/BLOCK_006/index/reverse_stripes/reverse_00030.tif","runtime-core-block_006-v1","core__BLOCK_006__index__reverse_stripes__reverse_00030.tif",493536,"https://github.com/JamilRamirez/FABDEM-Watershed-Runtime/releases/download/runtime-core-block_006-v1/core__BLOCK_006__index__reverse_stripes__reverse_00030.tif"
"core/BLOCK_006/index/reverse_stripes/reverse_00031.tif","runtime-core-block_006-v1","core__BLOCK_006__index__reverse_stripes__reverse_00031.tif",482680,"https://github.com/JamilRamirez/FABDEM-Watershed-Runtime/releases/download/runtime-core-block_006-v1/core__BLOCK_006__index__reverse_stripes__reverse_00031.tif"
"core/BLOCK_006/index/reverse_stripes/reverse_00032.tif","runtime-core-block_006-v1","core__BLOCK_006__index__reverse_stripes__reverse_00032.tif",464062,"https://github.com/JamilRamirez/FABDEM-Watershed-Runtime/releases/download/runtime-core-block_006-v1/core__BLOCK_006__index__reverse_stripes__reverse_00032.tif"
"core/BLOCK_006/index/reverse_stripes/reverse_00033.tif","runtime-core-block_006-v1","core__BLOCK_006__index__reverse_stripes__reverse_00033.tif",455796,"https://github.com/JamilRamirez/FABDEM-Watershed-Runtime/releases/download/runtime-core-block_006-v1/core__BLOCK_006__index__reverse_stripes__reverse_00033.tif"
"core/BLOCK_006/index/reverse_stripes/reverse_00034.tif","runtime-core-block_006-v1","core__BLOCK_006__index__reverse_stripes__reverse_00034.tif",431452,"https://github.com/JamilRamirez/FABDEM-Watershed-Runtime/releases/download/runtime-core-block_006-v1/core__BLOCK_006__index__reverse_stripes__reverse_00034.tif"
"core/BLOCK_006/index/reverse_stripes/reverse_00035.tif","runtime-core-block_006-v1","core__BLOCK_006__index__reverse_stripes__reverse_00035.tif",422216,"https://github.com/JamilRamirez/FABDEM-Watershed-Runtime/releases/download/runtime-core-block_006-v1/core__BLOCK_006__index__reverse_stripes__reverse_00035.tif"
"core/BLOCK_006/index/reverse_stripes/reverse_00036.tif","runtime-core-block_006-v1","core__BLOCK_006__index__reverse_stripes__reverse_00036.tif",429454,"https://github.com/JamilRamirez/FABDEM-Watershed-Runtime/releases/download/runtime-core-block_006-v1/core__BLOCK_006__index__reverse_stripes__reverse_00036.tif"
"core/BLOCK_006/index/reverse_stripes/reverse_00037.tif","runtime-core-block_006-v1","core__BLOCK_006__index__reverse_stripes__reverse_00037.tif",424382,"https://github.com/JamilRamirez/FABDEM-Watershed-Runtime/releases/download/runtime-core-block_006-v1/core__BLOCK_006__index__reverse_stripes__reverse_00037.tif"
"core/BLOCK_006/index/reverse_stripes/reverse_00038.tif","runtime-core-block_006-v1","core__BLOCK_006__index__reverse_stripes__reverse_00038.tif",404982,"https://github.com/JamilRamirez/FABDEM-Watershed-Runtime/releases/download/runtime-core-block_006-v1/core__BLOCK_006__index__reverse_stripes__reverse_00038.tif"
"core/BLOCK_006/index/reverse_stripes/reverse_00039.tif","runtime-core-block_006-v1","core__BLOCK_006__index__reverse_stripes__reverse_00039.tif",387244,"https://github.com/JamilRamirez/FABDEM-Watershed-Runtime/releases/download/runtime-core-block_006-v1/core__BLOCK_006__index__reverse_stripes__reverse_00039.tif"
"core/BLOCK_006/index/reverse_stripes/reverse_00040.tif","runtime-core-block_006-v1","core__BLOCK_006__index__reverse_stripes__reverse_00040.tif",371860,"https://github.com/JamilRamirez/FABDEM-Watershed-Runtime/releases/download/runtime-core-block_006-v1/core__BLOCK_006__index__reverse_stripes__reverse_00040.tif"
"core/BLOCK_006/index/reverse_stripes/reverse_00041.tif","runtime-core-block_006-v1","core__BLOCK_006__index__reverse_stripes__reverse_00041.tif",377978,"https://github.com/JamilRamirez/FABDEM-Watershed-Runtime/releases/download/runtime-core-block_006-v1/core__BLOCK_006__index__reverse_stripes__reverse_00041.tif"
"core/BLOCK_006/index/reverse_stripes/reverse_00042.tif","runtime-core-block_006-v1","core__BLOCK_006__index__reverse_stripes__reverse_00042.tif",373362,"https://github.com/JamilRamirez/FABDEM-Watershed-Runtime/releases/download/runtime-core-block_006-v1/core__BLOCK_006__index__reverse_stripes__reverse_00042.tif"
"core/BLOCK_006/index/reverse_stripes/reverse_00043.tif","runtime-core-block_006-v1","core__BLOCK_006__index__reverse_stripes__reverse_00043.tif",361264,"https://github.com/JamilRamirez/FABDEM-Watershed-Runtime/releases/download/runtime-core-block_006-v1/core__BLOCK_006__index__reverse_stripes__reverse_00043.tif"
"core/BLOCK_006/index/reverse_stripes/reverse_00044.tif","runtime-core-block_006-v1","core__BLOCK_006__index__reverse_stripes__reverse_00044.tif",361614,"https://github.com/JamilRamirez/FABDEM-Watershed-Runtime/releases/download/runtime-core-block_006-v1/core__BLOCK_006__index__reverse_stripes__reverse_00044.tif"
"core/BLOCK_006/index/reverse_stripes/reverse_00045.tif","runtime-core-block_006-v1","core__BLOCK_006__index__reverse_stripes__reverse_00045.tif",350338,"https://github.com/JamilRamirez/FABDEM-Watershed-Runtime/releases/download/runtime-core-block_006-v1/core__BLOCK_006__index__reverse_stripes__reverse_00045.tif"
"core/BLOCK_006/index/reverse_stripes/reverse_00046.tif","runtime-core-block_006-v1","core__BLOCK_006__index__reverse_stripes__reverse_00046.tif",329068,"https://github.com/JamilRamirez/FABDEM-Watershed-Runtime/releases/download/runtime-core-block_006-v1/core__BLOCK_006__index__reverse_stripes__reverse_00046.tif"
"core/BLOCK_006/index/reverse_stripes/reverse_00047.tif","runtime-core-block_006-v1","core__BLOCK_006__index__reverse_stripes__reverse_00047.tif",327910,"https://github.com/JamilRamirez/FABDEM-Watershed-Runtime/releases/download/runtime-core-block_006-v1/core__BLOCK_006__index__reverse_stripes__reverse_00047.tif"
"core/BLOCK_006/index/reverse_stripes/reverse_00048.tif","runtime-core-block_006-v1","core__BLOCK_006__index__reverse_stripes__reverse_00048.tif",310514,"https://github.com/JamilRamirez/FABDEM-Watershed-Runtime/releases/download/runtime-core-block_006-v1/core__BLOCK_006__index__reverse_stripes__reverse_00048.tif"
"core/BLOCK_006/index/reverse_stripes/reverse_00049.tif","runtime-core-block_006-v1","core__BLOCK_006__index__reverse_stripes__reverse_00049.tif",305872,"https://github.com/JamilRamirez/FABDEM-Watershed-Runtime/releases/download/runtime-core-block_006-v1/core__BLOCK_006__index__reverse_stripes__reverse_00049.tif"
"core/BLOCK_006/index/reverse_stripes/reverse_00050.tif","runtime-core-block_006-v1","core__BLOCK_006__index__reverse_stripes__reverse_00050.tif",291852,"https://github.com/JamilRamirez/FABDEM-Watershed-Runtime/releases/download/runtime-core-block_006-v1/core__BLOCK_006__index__reverse_stripes__reverse_00050.tif"
"core/BLOCK_006/index/reverse_stripes/reverse_00051.tif","runtime-core-block_006-v1","core__BLOCK_006__index__reverse_stripes__reverse_00051.tif",281120,"https://github.com/JamilRamirez/FABDEM-Watershed-Runtime/releases/download/runtime-core-block_006-v1/core__BLOCK_006__index__reverse_stripes__reverse_00051.tif"
"core/BLOCK_006/index/reverse_stripes/reverse_00052.tif","runtime-core-block_006-v1","core__BLOCK_006__index__reverse_stripes__reverse_00052.tif",262352,"https://github.com/JamilRamirez/FABDEM-Watershed-Runtime/releases/download/runtime-core-block_006-v1/core__BLOCK_006__index__reverse_stripes__reverse_00052.tif"
"core/BLOCK_006/index/reverse_stripes/reverse_00053.tif","runtime-core-block_006-v1","core__BLOCK_006__index__reverse_stripes__reverse_00053.tif",241596,"https://github.com/JamilRamirez/FABDEM-Watershed-Runtime/releases/download/runtime-core-block_006-v1/core__BLOCK_006__index__reverse_stripes__reverse_00053.tif"
"core/BLOCK_006/index/reverse_stripes/reverse_00054.tif","runtime-core-block_006-v1","core__BLOCK_006__index__reverse_stripes__reverse_00054.tif",230344,"https://github.com/JamilRamirez/FABDEM-Watershed-Runtime/releases/download/runtime-core-block_006-v1/core__BLOCK_006__index__reverse_stripes__reverse_00054.tif"
"core/BLOCK_006/index/reverse_stripes/reverse_00055.tif","runtime-core-block_006-v1","core__BLOCK_006__index__reverse_stripes__reverse_00055.tif",225812,"https://github.com/JamilRamirez/FABDEM-Watershed-Runtime/releases/download/runtime-core-block_006-v1/core__BLOCK_006__index__reverse_stripes__reverse_00055.tif"
"core/BLOCK_006/index/reverse_stripes/reverse_00056.tif","runtime-core-block_006-v1","core__BLOCK_006__index__reverse_stripes__reverse_00056.tif",220434,"https://github.com/JamilRamirez/FABDEM-Watershed-Runtime/releases/download/runtime-core-block_006-v1/core__BLOCK_006__index__reverse_stripes__reverse_00056.tif"
"core/BLOCK_006/index/reverse_stripes/reverse_00057.tif","runtime-core-block_006-v1","core__BLOCK_006__index__reverse_stripes__reverse_00057.tif",60046,"https://github.com/JamilRamirez/FABDEM-Watershed-Runtime/releases/download/runtime-core-block_006-v1/core__BLOCK_006__index__reverse_stripes__reverse_00057.tif"
"core/BLOCK_006/index/stream_stripes/stream_00001.tif","runtime-core-block_006-v1","core__BLOCK_006__index__stream_stripes__stream_00001.tif",15060,"https://github.com/JamilRamirez/FABDEM-Watershed-Runtime/releases/download/runtime-core-block_006-v1/core__BLOCK_006__index__stream_stripes__stream_00001.tif"
"core/BLOCK_006/index/stream_stripes/stream_00002.tif","runtime-core-block_006-v1","core__BLOCK_006__index__stream_stripes__stream_00002.tif",17104,"https://github.com/JamilRamirez/FABDEM-Watershed-Runtime/releases/download/runtime-core-block_006-v1/core__BLOCK_006__index__stream_stripes__stream_00002.tif"
"core/BLOCK_006/index/stream_stripes/stream_00003.tif","runtime-core-block_006-v1","core__BLOCK_006__index__stream_stripes__stream_00003.tif",19234,"https://github.com/JamilRamirez/FABDEM-Watershed-Runtime/releases/download/runtime-core-block_006-v1/core__BLOCK_006__index__stream_stripes__stream_00003.tif"
"core/BLOCK_006/index/stream_stripes/stream_00004.tif","runtime-core-block_006-v1","core__BLOCK_006__index__stream_stripes__stream_00004.tif",17096,"https://github.com/JamilRamirez/FABDEM-Watershed-Runtime/releases/download/runtime-core-block_006-v1/core__BLOCK_006__index__stream_stripes__stream_00004.tif"
"core/BLOCK_006/index/stream_stripes/stream_00005.tif","runtime-core-block_006-v1","core__BLOCK_006__index__stream_stripes__stream_00005.tif",19002,"https://github.com/JamilRamirez/FABDEM-Watershed-Runtime/releases/download/runtime-core-block_006-v1/core__BLOCK_006__index__stream_stripes__stream_00005.tif"
"core/BLOCK_006/index/stream_stripes/stream_00006.tif","runtime-core-block_006-v1","core__BLOCK_006__index__stream_stripes__stream_00006.tif",16398,"https://github.com/JamilRamirez/FABDEM-Watershed-Runtime/releases/download/runtime-core-block_006-v1/core__BLOCK_006__index__stream_stripes__stream_00006.tif"
"core/BLOCK_006/index/stream_stripes/stream_00007.tif","runtime-core-block_006-v1","core__BLOCK_006__index__stream_stripes__stream_00007.tif",18016,"https://github.com/JamilRamirez/FABDEM-Watershed-Runtime/releases/download/runtime-core-block_006-v1/core__BLOCK_006__index__stream_stripes__stream_00007.tif"
"core/BLOCK_006/index/stream_stripes/stream_00008.tif","runtime-core-block_006-v1","core__BLOCK_006__index__stream_stripes__stream_00008.tif",19750,"https://github.com/JamilRamirez/FABDEM-Watershed-Runtime/releases/download/runtime-core-block_006-v1/core__BLOCK_006__index__stream_stripes__stream_00008.tif"
"core/BLOCK_006/index/stream_stripes/stream_00009.tif","runtime-core-block_006-v1","core__BLOCK_006__index__stream_stripes__stream_00009.tif",18430,"https://github.com/JamilRamirez/FABDEM-Watershed-Runtime/releases/download/runtime-core-block_006-v1/core__BLOCK_006__index__stream_stripes__stream_00009.tif"
"core/BLOCK_006/index/stream_stripes/stream_00010.tif","runtime-core-block_006-v1","core__BLOCK_006__index__stream_stripes__stream_00010.tif",17758,"https://github.com/JamilRamirez/FABDEM-Watershed-Runtime/releases/download/runtime-core-block_006-v1/core__BLOCK_006__index__stream_stripes__stream_00010.tif"
"core/BLOCK_006/index/stream_stripes/stream_00011.tif","runtime-core-block_006-v1","core__BLOCK_006__index__stream_stripes__stream_00011.tif",18992,"https://github.com/JamilRamirez/FABDEM-Watershed-Runtime/releases/download/runtime-core-block_006-v1/core__BLOCK_006__index__stream_stripes__stream_00011.tif"
"core/BLOCK_006/index/stream_stripes/stream_00012.tif","runtime-core-block_006-v1","core__BLOCK_006__index__stream_stripes__stream_00012.tif",17924,"https://github.com/JamilRamirez/FABDEM-Watershed-Runtime/releases/download/runtime-core-block_006-v1/core__BLOCK_006__index__stream_stripes__stream_00012.tif"
"core/BLOCK_006/index/stream_stripes/stream_00013.tif","runtime-core-block_006-v1","core__BLOCK_006__index__stream_stripes__stream_00013.tif",17344,"https://github.com/JamilRamirez/FABDEM-Watershed-Runtime/releases/download/runtime-core-block_006-v1/core__BLOCK_006__index__stream_stripes__stream_00013.tif"
"core/BLOCK_006/index/stream_stripes/stream_00014.tif","runtime-core-block_006-v1","core__BLOCK_006__index__stream_stripes__stream_00014.tif",17786,"https://github.com/JamilRamirez/FABDEM-Watershed-Runtime/releases/download/runtime-core-block_006-v1/core__BLOCK_006__index__stream_stripes__stream_00014.tif"
"core/BLOCK_006/index/stream_stripes/stream_00015.tif","runtime-core-block_006-v1","core__BLOCK_006__index__stream_stripes__stream_00015.tif",16326,"https://github.com/JamilRamirez/FABDEM-Watershed-Runtime/releases/download/runtime-core-block_006-v1/core__BLOCK_006__index__stream_stripes__stream_00015.tif"
"core/BLOCK_006/index/stream_stripes/stream_00016.tif","runtime-core-block_006-v1","core__BLOCK_006__index__stream_stripes__stream_00016.tif",17858,"https://github.com/JamilRamirez/FABDEM-Watershed-Runtime/releases/download/runtime-core-block_006-v1/core__BLOCK_006__index__stream_stripes__stream_00016.tif"
"core/BLOCK_006/index/stream_stripes/stream_00017.tif","runtime-core-block_006-v1","core__BLOCK_006__index__stream_stripes__stream_00017.tif",18128,"https://github.com/JamilRamirez/FABDEM-Watershed-Runtime/releases/download/runtime-core-block_006-v1/core__BLOCK_006__index__stream_stripes__stream_00017.tif"
"core/BLOCK_006/index/stream_stripes/stream_00018.tif","runtime-core-block_006-v1","core__BLOCK_006__index__stream_stripes__stream_00018.tif",17638,"https://github.com/JamilRamirez/FABDEM-Watershed-Runtime/releases/download/runtime-core-block_006-v1/core__BLOCK_006__index__stream_stripes__stream_00018.tif"
"core/BLOCK_006/index/stream_stripes/stream_00019.tif","runtime-core-block_006-v1","core__BLOCK_006__index__stream_stripes__stream_00019.tif",16056,"https://github.com/JamilRamirez/FABDEM-Watershed-Runtime/releases/download/runtime-core-block_006-v1/core__BLOCK_006__index__stream_stripes__stream_00019.tif"
"core/BLOCK_006/index/stream_stripes/stream_00020.tif","runtime-core-block_006-v1","core__BLOCK_006__index__stream_stripes__stream_00020.tif",15854,"https://github.com/JamilRamirez/FABDEM-Watershed-Runtime/releases/download/runtime-core-block_006-v1/core__BLOCK_006__index__stream_stripes__stream_00020.tif"
"core/BLOCK_006/index/stream_stripes/stream_00021.tif","runtime-core-block_006-v1","core__BLOCK_006__index__stream_stripes__stream_00021.tif",15604,"https://github.com/JamilRamirez/FABDEM-Watershed-Runtime/releases/download/runtime-core-block_006-v1/core__BLOCK_006__index__stream_stripes__stream_00021.tif"
"core/BLOCK_006/index/stream_stripes/stream_00022.tif","runtime-core-block_006-v1","core__BLOCK_006__index__stream_stripes__stream_00022.tif",17332,"https://github.com/JamilRamirez/FABDEM-Watershed-Runtime/releases/download/runtime-core-block_006-v1/core__BLOCK_006__index__stream_stripes__stream_00022.tif"
"core/BLOCK_006/index/stream_stripes/stream_00023.tif","runtime-core-block_006-v1","core__BLOCK_006__index__stream_stripes__stream_00023.tif",16898,"https://github.com/JamilRamirez/FABDEM-Watershed-Runtime/releases/download/runtime-core-block_006-v1/core__BLOCK_006__index__stream_stripes__stream_00023.tif"
"core/BLOCK_006/index/stream_stripes/stream_00024.tif","runtime-core-block_006-v1","core__BLOCK_006__index__stream_stripes__stream_00024.tif",15732,"https://github.com/JamilRamirez/FABDEM-Watershed-Runtime/releases/download/runtime-core-block_006-v1/core__BLOCK_006__index__stream_stripes__stream_00024.tif"
"core/BLOCK_006/index/stream_stripes/stream_00025.tif","runtime-core-block_006-v1","core__BLOCK_006__index__stream_stripes__stream_00025.tif",16512,"https://github.com/JamilRamirez/FABDEM-Watershed-Runtime/releases/download/runtime-core-block_006-v1/core__BLOCK_006__index__stream_stripes__stream_00025.tif"
"core/BLOCK_006/index/stream_stripes/stream_00026.tif","runtime-core-block_006-v1","core__BLOCK_006__index__stream_stripes__stream_00026.tif",14796,"https://github.com/JamilRamirez/FABDEM-Watershed-Runtime/releases/download/runtime-core-block_006-v1/core__BLOCK_006__index__stream_stripes__stream_00026.tif"
"core/BLOCK_006/index/stream_stripes/stream_00027.tif","runtime-core-block_006-v1","core__BLOCK_006__index__stream_stripes__stream_00027.tif",14506,"https://github.com/JamilRamirez/FABDEM-Watershed-Runtime/releases/download/runtime-core-block_006-v1/core__BLOCK_006__index__stream_stripes__stream_00027.tif"
"core/BLOCK_006/index/stream_stripes/stream_00028.tif","runtime-core-block_006-v1","core__BLOCK_006__index__stream_stripes__stream_00028.tif",16332,"https://github.com/JamilRamirez/FABDEM-Watershed-Runtime/releases/download/runtime-core-block_006-v1/core__BLOCK_006__index__stream_stripes__stream_00028.tif"
"core/BLOCK_006/index/stream_stripes/stream_00029.tif","runtime-core-block_006-v1","core__BLOCK_006__index__stream_stripes__stream_00029.tif",14576,"https://github.com/JamilRamirez/FABDEM-Watershed-Runtime/releases/download/runtime-core-block_006-v1/core__BLOCK_006__index__stream_stripes__stream_00029.tif"
"core/BLOCK_006/index/stream_stripes/stream_00030.tif","runtime-core-block_006-v1","core__BLOCK_006__index__stream_stripes__stream_00030.tif",15574,"https://github.com/JamilRamirez/FABDEM-Watershed-Runtime/releases/download/runtime-core-block_006-v1/core__BLOCK_006__index__stream_stripes__stream_00030.tif"
"core/BLOCK_006/index/stream_stripes/stream_00031.tif","runtime-core-block_006-v1","core__BLOCK_006__index__stream_stripes__stream_00031.tif",14680,"https://github.com/JamilRamirez/FABDEM-Watershed-Runtime/releases/download/runtime-core-block_006-v1/core__BLOCK_006__index__stream_stripes__stream_00031.tif"
"core/BLOCK_006/index/stream_stripes/stream_00032.tif","runtime-core-block_006-v1","core__BLOCK_006__index__stream_stripes__stream_00032.tif",13102,"https://github.com/JamilRamirez/FABDEM-Watershed-Runtime/releases/download/runtime-core-block_006-v1/core__BLOCK_006__index__stream_stripes__stream_00032.tif"
"core/BLOCK_006/index/stream_stripes/stream_00033.tif","runtime-core-block_006-v1","core__BLOCK_006__index__stream_stripes__stream_00033.tif",15542,"https://github.com/JamilRamirez/FABDEM-Watershed-Runtime/releases/download/runtime-core-block_006-v1/core__BLOCK_006__index__stream_stripes__stream_00033.tif"
"core/BLOCK_006/index/stream_stripes/stream_00034.tif","runtime-core-block_006-v1","core__BLOCK_006__index__stream_stripes__stream_00034.tif",13716,"https://github.com/JamilRamirez/FABDEM-Watershed-Runtime/releases/download/runtime-core-block_006-v1/core__BLOCK_006__index__stream_stripes__stream_00034.tif"
"core/BLOCK_006/index/stream_stripes/stream_00035.tif","runtime-core-block_006-v1","core__BLOCK_006__index__stream_stripes__stream_00035.tif",14188,"https://github.com/JamilRamirez/FABDEM-Watershed-Runtime/releases/download/runtime-core-block_006-v1/core__BLOCK_006__index__stream_stripes__stream_00035.tif"
"core/BLOCK_006/index/stream_stripes/stream_00036.tif","runtime-core-block_006-v1","core__BLOCK_006__index__stream_stripes__stream_00036.tif",15432,"https://github.com/JamilRamirez/FABDEM-Watershed-Runtime/releases/download/runtime-core-block_006-v1/core__BLOCK_006__index__stream_stripes__stream_00036.tif"
"core/BLOCK_006/index/stream_stripes/stream_00037.tif","runtime-core-block_006-v1","core__BLOCK_006__index__stream_stripes__stream_00037.tif",11694,"https://github.com/JamilRamirez/FABDEM-Watershed-Runtime/releases/download/runtime-core-block_006-v1/core__BLOCK_006__index__stream_stripes__stream_00037.tif"
"core/BLOCK_006/index/stream_stripes/stream_00038.tif","runtime-core-block_006-v1","core__BLOCK_006__index__stream_stripes__stream_00038.tif",12556,"https://github.com/JamilRamirez/FABDEM-Watershed-Runtime/releases/download/runtime-core-block_006-v1/core__BLOCK_006__index__stream_stripes__stream_00038.tif"
"core/BLOCK_006/index/stream_stripes/stream_00039.tif","runtime-core-block_006-v1","core__BLOCK_006__index__stream_stripes__stream_00039.tif",13984,"https://github.com/JamilRamirez/FABDEM-Watershed-Runtime/releases/download/runtime-core-block_006-v1/core__BLOCK_006__index__stream_stripes__stream_00039.tif"
"core/BLOCK_006/index/stream_stripes/stream_00040.tif","runtime-core-block_006-v1","core__BLOCK_006__index__stream_stripes__stream_00040.tif",12214,"https://github.com/JamilRamirez/FABDEM-Watershed-Runtime/releases/download/runtime-core-block_006-v1/core__BLOCK_006__index__stream_stripes__stream_00040.tif"
"core/BLOCK_006/index/stream_stripes/stream_00041.tif","runtime-core-block_006-v1","core__BLOCK_006__index__stream_stripes__stream_00041.tif",11686,"https://github.com/JamilRamirez/FABDEM-Watershed-Runtime/releases/download/runtime-core-block_006-v1/core__BLOCK_006__index__stream_stripes__stream_00041.tif"
"core/BLOCK_006/index/stream_stripes/stream_00042.tif","runtime-core-block_006-v1","core__BLOCK_006__index__stream_stripes__stream_00042.tif",12262,"https://github.com/JamilRamirez/FABDEM-Watershed-Runtime/releases/download/runtime-core-block_006-v1/core__BLOCK_006__index__stream_stripes__stream_00042.tif"
"core/BLOCK_006/index/stream_stripes/stream_00043.tif","runtime-core-block_006-v1","core__BLOCK_006__index__stream_stripes__stream_00043.tif",12382,"https://github.com/JamilRamirez/FABDEM-Watershed-Runtime/releases/download/runtime-core-block_006-v1/core__BLOCK_006__index__stream_stripes__stream_00043.tif"
"core/BLOCK_006/index/stream_stripes/stream_00044.tif","runtime-core-block_006-v1","core__BLOCK_006__index__stream_stripes__stream_00044.tif",13442,"https://github.com/JamilRamirez/FABDEM-Watershed-Runtime/releases/download/runtime-core-block_006-v1/core__BLOCK_006__index__stream_stripes__stream_00044.tif"
"core/BLOCK_006/index/stream_stripes/stream_00045.tif","runtime-core-block_006-v1","core__BLOCK_006__index__stream_stripes__stream_00045.tif",12124,"https://github.com/JamilRamirez/FABDEM-Watershed-Runtime/releases/download/runtime-core-block_006-v1/core__BLOCK_006__index__stream_stripes__stream_00045.tif"
"core/BLOCK_006/index/stream_stripes/stream_00046.tif","runtime-core-block_006-v1","core__BLOCK_006__index__stream_stripes__stream_00046.tif",11570,"https://github.com/JamilRamirez/FABDEM-Watershed-Runtime/releases/download/runtime-core-block_006-v1/core__BLOCK_006__index__stream_stripes__stream_00046.tif"
"core/BLOCK_006/index/stream_stripes/stream_00047.tif","runtime-core-block_006-v1","core__BLOCK_006__index__stream_stripes__stream_00047.tif",11588,"https://github.com/JamilRamirez/FABDEM-Watershed-Runtime/releases/download/runtime-core-block_006-v1/core__BLOCK_006__index__stream_stripes__stream_00047.tif"
"core/BLOCK_006/index/stream_stripes/stream_00048.tif","runtime-core-block_006-v1","core__BLOCK_006__index__stream_stripes__stream_00048.tif",11790,"https://github.com/JamilRamirez/FABDEM-Watershed-Runtime/releases/download/runtime-core-block_006-v1/core__BLOCK_006__index__stream_stripes__stream_00048.tif"
"core/BLOCK_006/index/stream_stripes/stream_00049.tif","runtime-core-block_006-v1","core__BLOCK_006__index__stream_stripes__stream_00049.tif",11674,"https://github.com/JamilRamirez/FABDEM-Watershed-Runtime/releases/download/runtime-core-block_006-v1/core__BLOCK_006__index__stream_stripes__stream_00049.tif"
"core/BLOCK_006/index/stream_stripes/stream_00050.tif","runtime-core-block_006-v1","core__BLOCK_006__index__stream_stripes__stream_00050.tif",11536,"https://github.com/JamilRamirez/FABDEM-Watershed-Runtime/releases/download/runtime-core-block_006-v1/core__BLOCK_006__index__stream_stripes__stream_00050.tif"
"core/BLOCK_006/index/stream_stripes/stream_00051.tif","runtime-core-block_006-v1","core__BLOCK_006__index__stream_stripes__stream_00051.tif",13132,"https://github.com/JamilRamirez/FABDEM-Watershed-Runtime/releases/download/runtime-core-block_006-v1/core__BLOCK_006__index__stream_stripes__stream_00051.tif"
"core/BLOCK_006/index/stream_stripes/stream_00052.tif","runtime-core-block_006-v1","core__BLOCK_006__index__stream_stripes__stream_00052.tif",11580,"https://github.com/JamilRamirez/FABDEM-Watershed-Runtime/releases/download/runtime-core-block_006-v1/core__BLOCK_006__index__stream_stripes__stream_00052.tif"
"core/BLOCK_006/index/stream_stripes/stream_00053.tif","runtime-core-block_006-v1","core__BLOCK_006__index__stream_stripes__stream_00053.tif",10954,"https://github.com/JamilRamirez/FABDEM-Watershed-Runtime/releases/download/runtime-core-block_006-v1/core__BLOCK_006__index__stream_stripes__stream_00053.tif"
"core/BLOCK_006/index/stream_stripes/stream_00054.tif","runtime-core-block_006-v1","core__BLOCK_006__index__stream_stripes__stream_00054.tif",12014,"https://github.com/JamilRamirez/FABDEM-Watershed-Runtime/releases/download/runtime-core-block_006-v1/core__BLOCK_006__index__stream_stripes__stream_00054.tif"
"core/BLOCK_006/index/stream_stripes/stream_00055.tif","runtime-core-block_006-v1","core__BLOCK_006__index__stream_stripes__stream_00055.tif",12770,"https://github.com/JamilRamirez/FABDEM-Watershed-Runtime/releases/download/runtime-core-block_006-v1/core__BLOCK_006__index__stream_stripes__stream_00055.tif"
"core/BLOCK_006/index/stream_stripes/stream_00056.tif","runtime-core-block_006-v1","core__BLOCK_006__index__stream_stripes__stream_00056.tif",11452,"https://github.com/JamilRamirez/FABDEM-Watershed-Runtime/releases/download/runtime-core-block_006-v1/core__BLOCK_006__index__stream_stripes__stream_00056.tif"
"core/BLOCK_006/index/stream_stripes/stream_00057.tif","runtime-core-block_006-v1","core__BLOCK_006__index__stream_stripes__stream_00057.tif",5956,"https://github.com/JamilRamirez/FABDEM-Watershed-Runtime/releases/download/runtime-core-block_006-v1/core__BLOCK_006__index__stream_stripes__stream_00057.tif"
"core/BLOCK_007/index/index_metadata.rds","runtime-core-block_007-v1","core__BLOCK_007__index__index_metadata.rds",1337,"https://github.com/JamilRamirez/FABDEM-Watershed-Runtime/releases/download/runtime-core-block_007-v1/core__BLOCK_007__index__index_metadata.rds"
"core/BLOCK_007/index/reverse_stripes/reverse_00001.tif","runtime-core-block_007-v1","core__BLOCK_007__index__reverse_stripes__reverse_00001.tif",807068,"https://github.com/JamilRamirez/FABDEM-Watershed-Runtime/releases/download/runtime-core-block_007-v1/core__BLOCK_007__index__reverse_stripes__reverse_00001.tif"
"core/BLOCK_007/index/reverse_stripes/reverse_00002.tif","runtime-core-block_007-v1","core__BLOCK_007__index__reverse_stripes__reverse_00002.tif",821580,"https://github.com/JamilRamirez/FABDEM-Watershed-Runtime/releases/download/runtime-core-block_007-v1/core__BLOCK_007__index__reverse_stripes__reverse_00002.tif"
"core/BLOCK_007/index/reverse_stripes/reverse_00003.tif","runtime-core-block_007-v1","core__BLOCK_007__index__reverse_stripes__reverse_00003.tif",816982,"https://github.com/JamilRamirez/FABDEM-Watershed-Runtime/releases/download/runtime-core-block_007-v1/core__BLOCK_007__index__reverse_stripes__reverse_00003.tif"
"core/BLOCK_007/index/reverse_stripes/reverse_00004.tif","runtime-core-block_007-v1","core__BLOCK_007__index__reverse_stripes__reverse_00004.tif",813434,"https://github.com/JamilRamirez/FABDEM-Watershed-Runtime/releases/download/runtime-core-block_007-v1/core__BLOCK_007__index__reverse_stripes__reverse_00004.tif"
"core/BLOCK_007/index/reverse_stripes/reverse_00005.tif","runtime-core-block_007-v1","core__BLOCK_007__index__reverse_stripes__reverse_00005.tif",790392,"https://github.com/JamilRamirez/FABDEM-Watershed-Runtime/releases/download/runtime-core-block_007-v1/core__BLOCK_007__index__reverse_stripes__reverse_00005.tif"
"core/BLOCK_007/index/reverse_stripes/reverse_00006.tif","runtime-core-block_007-v1","core__BLOCK_007__index__reverse_stripes__reverse_00006.tif",753414,"https://github.com/JamilRamirez/FABDEM-Watershed-Runtime/releases/download/runtime-core-block_007-v1/core__BLOCK_007__index__reverse_stripes__reverse_00006.tif"
"core/BLOCK_007/index/reverse_stripes/reverse_00007.tif","runtime-core-block_007-v1","core__BLOCK_007__index__reverse_stripes__reverse_00007.tif",717636,"https://github.com/JamilRamirez/FABDEM-Watershed-Runtime/releases/download/runtime-core-block_007-v1/core__BLOCK_007__index__reverse_stripes__reverse_00007.tif"
"core/BLOCK_007/index/reverse_stripes/reverse_00008.tif","runtime-core-block_007-v1","core__BLOCK_007__index__reverse_stripes__reverse_00008.tif",705908,"https://github.com/JamilRamirez/FABDEM-Watershed-Runtime/releases/download/runtime-core-block_007-v1/core__BLOCK_007__index__reverse_stripes__reverse_00008.tif"
"core/BLOCK_007/index/reverse_stripes/reverse_00009.tif","runtime-core-block_007-v1","core__BLOCK_007__index__reverse_stripes__reverse_00009.tif",678422,"https://github.com/JamilRamirez/FABDEM-Watershed-Runtime/releases/download/runtime-core-block_007-v1/core__BLOCK_007__index__reverse_stripes__reverse_00009.tif"
"core/BLOCK_007/index/reverse_stripes/reverse_00010.tif","runtime-core-block_007-v1","core__BLOCK_007__index__reverse_stripes__reverse_00010.tif",653684,"https://github.com/JamilRamirez/FABDEM-Watershed-Runtime/releases/download/runtime-core-block_007-v1/core__BLOCK_007__index__reverse_stripes__reverse_00010.tif"
"core/BLOCK_007/index/reverse_stripes/reverse_00011.tif","runtime-core-block_007-v1","core__BLOCK_007__index__reverse_stripes__reverse_00011.tif",636668,"https://github.com/JamilRamirez/FABDEM-Watershed-Runtime/releases/download/runtime-core-block_007-v1/core__BLOCK_007__index__reverse_stripes__reverse_00011.tif"
"core/BLOCK_007/index/reverse_stripes/reverse_00012.tif","runtime-core-block_007-v1","core__BLOCK_007__index__reverse_stripes__reverse_00012.tif",659096,"https://github.com/JamilRamirez/FABDEM-Watershed-Runtime/releases/download/runtime-core-block_007-v1/core__BLOCK_007__index__reverse_stripes__reverse_00012.tif"
"core/BLOCK_007/index/reverse_stripes/reverse_00013.tif","runtime-core-block_007-v1","core__BLOCK_007__index__reverse_stripes__reverse_00013.tif",664092,"https://github.com/JamilRamirez/FABDEM-Watershed-Runtime/releases/download/runtime-core-block_007-v1/core__BLOCK_007__index__reverse_stripes__reverse_00013.tif"
"core/BLOCK_007/index/reverse_stripes/reverse_00014.tif","runtime-core-block_007-v1","core__BLOCK_007__index__reverse_stripes__reverse_00014.tif",658718,"https://github.com/JamilRamirez/FABDEM-Watershed-Runtime/releases/download/runtime-core-block_007-v1/core__BLOCK_007__index__reverse_stripes__reverse_00014.tif"
"core/BLOCK_007/index/reverse_stripes/reverse_00015.tif","runtime-core-block_007-v1","core__BLOCK_007__index__reverse_stripes__reverse_00015.tif",673696,"https://github.com/JamilRamirez/FABDEM-Watershed-Runtime/releases/download/runtime-core-block_007-v1/core__BLOCK_007__index__reverse_stripes__reverse_00015.tif"
"core/BLOCK_007/index/reverse_stripes/reverse_00016.tif","runtime-core-block_007-v1","core__BLOCK_007__index__reverse_stripes__reverse_00016.tif",652488,"https://github.com/JamilRamirez/FABDEM-Watershed-Runtime/releases/download/runtime-core-block_007-v1/core__BLOCK_007__index__reverse_stripes__reverse_00016.tif"
"core/BLOCK_007/index/reverse_stripes/reverse_00017.tif","runtime-core-block_007-v1","core__BLOCK_007__index__reverse_stripes__reverse_00017.tif",622216,"https://github.com/JamilRamirez/FABDEM-Watershed-Runtime/releases/download/runtime-core-block_007-v1/core__BLOCK_007__index__reverse_stripes__reverse_00017.tif"
"core/BLOCK_007/index/reverse_stripes/reverse_00018.tif","runtime-core-block_007-v1","core__BLOCK_007__index__reverse_stripes__reverse_00018.tif",577740,"https://github.com/JamilRamirez/FABDEM-Watershed-Runtime/releases/download/runtime-core-block_007-v1/core__BLOCK_007__index__reverse_stripes__reverse_00018.tif"
"core/BLOCK_007/index/reverse_stripes/reverse_00019.tif","runtime-core-block_007-v1","core__BLOCK_007__index__reverse_stripes__reverse_00019.tif",557382,"https://github.com/JamilRamirez/FABDEM-Watershed-Runtime/releases/download/runtime-core-block_007-v1/core__BLOCK_007__index__reverse_stripes__reverse_00019.tif"
"core/BLOCK_007/index/reverse_stripes/reverse_00020.tif","runtime-core-block_007-v1","core__BLOCK_007__index__reverse_stripes__reverse_00020.tif",531562,"https://github.com/JamilRamirez/FABDEM-Watershed-Runtime/releases/download/runtime-core-block_007-v1/core__BLOCK_007__index__reverse_stripes__reverse_00020.tif"
"core/BLOCK_007/index/reverse_stripes/reverse_00021.tif","runtime-core-block_007-v1","core__BLOCK_007__index__reverse_stripes__reverse_00021.tif",531892,"https://github.com/JamilRamirez/FABDEM-Watershed-Runtime/releases/download/runtime-core-block_007-v1/core__BLOCK_007__index__reverse_stripes__reverse_00021.tif"
"core/BLOCK_007/index/reverse_stripes/reverse_00022.tif","runtime-core-block_007-v1","core__BLOCK_007__index__reverse_stripes__reverse_00022.tif",528854,"https://github.com/JamilRamirez/FABDEM-Watershed-Runtime/releases/download/runtime-core-block_007-v1/core__BLOCK_007__index__reverse_stripes__reverse_00022.tif"
"core/BLOCK_007/index/reverse_stripes/reverse_00023.tif","runtime-core-block_007-v1","core__BLOCK_007__index__reverse_stripes__reverse_00023.tif",506990,"https://github.com/JamilRamirez/FABDEM-Watershed-Runtime/releases/download/runtime-core-block_007-v1/core__BLOCK_007__index__reverse_stripes__reverse_00023.tif"
"core/BLOCK_007/index/reverse_stripes/reverse_00024.tif","runtime-core-block_007-v1","core__BLOCK_007__index__reverse_stripes__reverse_00024.tif",489362,"https://github.com/JamilRamirez/FABDEM-Watershed-Runtime/releases/download/runtime-core-block_007-v1/core__BLOCK_007__index__reverse_stripes__reverse_00024.tif"
"core/BLOCK_007/index/reverse_stripes/reverse_00025.tif","runtime-core-block_007-v1","core__BLOCK_007__index__reverse_stripes__reverse_00025.tif",497900,"https://github.com/JamilRamirez/FABDEM-Watershed-Runtime/releases/download/runtime-core-block_007-v1/core__BLOCK_007__index__reverse_stripes__reverse_00025.tif"
"core/BLOCK_007/index/reverse_stripes/reverse_00026.tif","runtime-core-block_007-v1","core__BLOCK_007__index__reverse_stripes__reverse_00026.tif",485158,"https://github.com/JamilRamirez/FABDEM-Watershed-Runtime/releases/download/runtime-core-block_007-v1/core__BLOCK_007__index__reverse_stripes__reverse_00026.tif"
"core/BLOCK_007/index/reverse_stripes/reverse_00027.tif","runtime-core-block_007-v1","core__BLOCK_007__index__reverse_stripes__reverse_00027.tif",468902,"https://github.com/JamilRamirez/FABDEM-Watershed-Runtime/releases/download/runtime-core-block_007-v1/core__BLOCK_007__index__reverse_stripes__reverse_00027.tif"
"core/BLOCK_007/index/reverse_stripes/reverse_00028.tif","runtime-core-block_007-v1","core__BLOCK_007__index__reverse_stripes__reverse_00028.tif",464784,"https://github.com/JamilRamirez/FABDEM-Watershed-Runtime/releases/download/runtime-core-block_007-v1/core__BLOCK_007__index__reverse_stripes__reverse_00028.tif"
"core/BLOCK_007/index/reverse_stripes/reverse_00029.tif","runtime-core-block_007-v1","core__BLOCK_007__index__reverse_stripes__reverse_00029.tif",446838,"https://github.com/JamilRamirez/FABDEM-Watershed-Runtime/releases/download/runtime-core-block_007-v1/core__BLOCK_007__index__reverse_stripes__reverse_00029.tif"
"core/BLOCK_007/index/reverse_stripes/reverse_00030.tif","runtime-core-block_007-v1","core__BLOCK_007__index__reverse_stripes__reverse_00030.tif",427574,"https://github.com/JamilRamirez/FABDEM-Watershed-Runtime/releases/download/runtime-core-block_007-v1/core__BLOCK_007__index__reverse_stripes__reverse_00030.tif"
"core/BLOCK_007/index/reverse_stripes/reverse_00031.tif","runtime-core-block_007-v1","core__BLOCK_007__index__reverse_stripes__reverse_00031.tif",417796,"https://github.com/JamilRamirez/FABDEM-Watershed-Runtime/releases/download/runtime-core-block_007-v1/core__BLOCK_007__index__reverse_stripes__reverse_00031.tif"
"core/BLOCK_007/index/reverse_stripes/reverse_00032.tif","runtime-core-block_007-v1","core__BLOCK_007__index__reverse_stripes__reverse_00032.tif",393042,"https://github.com/JamilRamirez/FABDEM-Watershed-Runtime/releases/download/runtime-core-block_007-v1/core__BLOCK_007__index__reverse_stripes__reverse_00032.tif"
"core/BLOCK_007/index/reverse_stripes/reverse_00033.tif","runtime-core-block_007-v1","core__BLOCK_007__index__reverse_stripes__reverse_00033.tif",382944,"https://github.com/JamilRamirez/FABDEM-Watershed-Runtime/releases/download/runtime-core-block_007-v1/core__BLOCK_007__index__reverse_stripes__reverse_00033.tif"
"core/BLOCK_007/index/reverse_stripes/reverse_00034.tif","runtime-core-block_007-v1","core__BLOCK_007__index__reverse_stripes__reverse_00034.tif",370042,"https://github.com/JamilRamirez/FABDEM-Watershed-Runtime/releases/download/runtime-core-block_007-v1/core__BLOCK_007__index__reverse_stripes__reverse_00034.tif"
"core/BLOCK_007/index/reverse_stripes/reverse_00035.tif","runtime-core-block_007-v1","core__BLOCK_007__index__reverse_stripes__reverse_00035.tif",367620,"https://github.com/JamilRamirez/FABDEM-Watershed-Runtime/releases/download/runtime-core-block_007-v1/core__BLOCK_007__index__reverse_stripes__reverse_00035.tif"
"core/BLOCK_007/index/reverse_stripes/reverse_00036.tif","runtime-core-block_007-v1","core__BLOCK_007__index__reverse_stripes__reverse_00036.tif",364528,"https://github.com/JamilRamirez/FABDEM-Watershed-Runtime/releases/download/runtime-core-block_007-v1/core__BLOCK_007__index__reverse_stripes__reverse_00036.tif"
"core/BLOCK_007/index/reverse_stripes/reverse_00037.tif","runtime-core-block_007-v1","core__BLOCK_007__index__reverse_stripes__reverse_00037.tif",366668,"https://github.com/JamilRamirez/FABDEM-Watershed-Runtime/releases/download/runtime-core-block_007-v1/core__BLOCK_007__index__reverse_stripes__reverse_00037.tif"
"core/BLOCK_007/index/reverse_stripes/reverse_00038.tif","runtime-core-block_007-v1","core__BLOCK_007__index__reverse_stripes__reverse_00038.tif",365304,"https://github.com/JamilRamirez/FABDEM-Watershed-Runtime/releases/download/runtime-core-block_007-v1/core__BLOCK_007__index__reverse_stripes__reverse_00038.tif"
"core/BLOCK_007/index/reverse_stripes/reverse_00039.tif","runtime-core-block_007-v1","core__BLOCK_007__index__reverse_stripes__reverse_00039.tif",387028,"https://github.com/JamilRamirez/FABDEM-Watershed-Runtime/releases/download/runtime-core-block_007-v1/core__BLOCK_007__index__reverse_stripes__reverse_00039.tif"
"core/BLOCK_007/index/reverse_stripes/reverse_00040.tif","runtime-core-block_007-v1","core__BLOCK_007__index__reverse_stripes__reverse_00040.tif",432682,"https://github.com/JamilRamirez/FABDEM-Watershed-Runtime/releases/download/runtime-core-block_007-v1/core__BLOCK_007__index__reverse_stripes__reverse_00040.tif"
"core/BLOCK_007/index/reverse_stripes/reverse_00041.tif","runtime-core-block_007-v1","core__BLOCK_007__index__reverse_stripes__reverse_00041.tif",457012,"https://github.com/JamilRamirez/FABDEM-Watershed-Runtime/releases/download/runtime-core-block_007-v1/core__BLOCK_007__index__reverse_stripes__reverse_00041.tif"
"core/BLOCK_007/index/reverse_stripes/reverse_00042.tif","runtime-core-block_007-v1","core__BLOCK_007__index__reverse_stripes__reverse_00042.tif",415210,"https://github.com/JamilRamirez/FABDEM-Watershed-Runtime/releases/download/runtime-core-block_007-v1/core__BLOCK_007__index__reverse_stripes__reverse_00042.tif"
"core/BLOCK_007/index/reverse_stripes/reverse_00043.tif","runtime-core-block_007-v1","core__BLOCK_007__index__reverse_stripes__reverse_00043.tif",90194,"https://github.com/JamilRamirez/FABDEM-Watershed-Runtime/releases/download/runtime-core-block_007-v1/core__BLOCK_007__index__reverse_stripes__reverse_00043.tif"
"core/BLOCK_007/index/stream_stripes/stream_00001.tif","runtime-core-block_007-v1","core__BLOCK_007__index__stream_stripes__stream_00001.tif",22230,"https://github.com/JamilRamirez/FABDEM-Watershed-Runtime/releases/download/runtime-core-block_007-v1/core__BLOCK_007__index__stream_stripes__stream_00001.tif"
"core/BLOCK_007/index/stream_stripes/stream_00002.tif","runtime-core-block_007-v1","core__BLOCK_007__index__stream_stripes__stream_00002.tif",25236,"https://github.com/JamilRamirez/FABDEM-Watershed-Runtime/releases/download/runtime-core-block_007-v1/core__BLOCK_007__index__stream_stripes__stream_00002.tif"
"core/BLOCK_007/index/stream_stripes/stream_00003.tif","runtime-core-block_007-v1","core__BLOCK_007__index__stream_stripes__stream_00003.tif",25060,"https://github.com/JamilRamirez/FABDEM-Watershed-Runtime/releases/download/runtime-core-block_007-v1/core__BLOCK_007__index__stream_stripes__stream_00003.tif"
"core/BLOCK_007/index/stream_stripes/stream_00004.tif","runtime-core-block_007-v1","core__BLOCK_007__index__stream_stripes__stream_00004.tif",25646,"https://github.com/JamilRamirez/FABDEM-Watershed-Runtime/releases/download/runtime-core-block_007-v1/core__BLOCK_007__index__stream_stripes__stream_00004.tif"
"core/BLOCK_007/index/stream_stripes/stream_00005.tif","runtime-core-block_007-v1","core__BLOCK_007__index__stream_stripes__stream_00005.tif",21774,"https://github.com/JamilRamirez/FABDEM-Watershed-Runtime/releases/download/runtime-core-block_007-v1/core__BLOCK_007__index__stream_stripes__stream_00005.tif"
"core/BLOCK_007/index/stream_stripes/stream_00006.tif","runtime-core-block_007-v1","core__BLOCK_007__index__stream_stripes__stream_00006.tif",25428,"https://github.com/JamilRamirez/FABDEM-Watershed-Runtime/releases/download/runtime-core-block_007-v1/core__BLOCK_007__index__stream_stripes__stream_00006.tif"
"core/BLOCK_007/index/stream_stripes/stream_00007.tif","runtime-core-block_007-v1","core__BLOCK_007__index__stream_stripes__stream_00007.tif",23064,"https://github.com/JamilRamirez/FABDEM-Watershed-Runtime/releases/download/runtime-core-block_007-v1/core__BLOCK_007__index__stream_stripes__stream_00007.tif"
"core/BLOCK_007/index/stream_stripes/stream_00008.tif","runtime-core-block_007-v1","core__BLOCK_007__index__stream_stripes__stream_00008.tif",20794,"https://github.com/JamilRamirez/FABDEM-Watershed-Runtime/releases/download/runtime-core-block_007-v1/core__BLOCK_007__index__stream_stripes__stream_00008.tif"
"core/BLOCK_007/index/stream_stripes/stream_00009.tif","runtime-core-block_007-v1","core__BLOCK_007__index__stream_stripes__stream_00009.tif",21038,"https://github.com/JamilRamirez/FABDEM-Watershed-Runtime/releases/download/runtime-core-block_007-v1/core__BLOCK_007__index__stream_stripes__stream_00009.tif"
"core/BLOCK_007/index/stream_stripes/stream_00010.tif","runtime-core-block_007-v1","core__BLOCK_007__index__stream_stripes__stream_00010.tif",20972,"https://github.com/JamilRamirez/FABDEM-Watershed-Runtime/releases/download/runtime-core-block_007-v1/core__BLOCK_007__index__stream_stripes__stream_00010.tif"
"core/BLOCK_007/index/stream_stripes/stream_00011.tif","runtime-core-block_007-v1","core__BLOCK_007__index__stream_stripes__stream_00011.tif",20856,"https://github.com/JamilRamirez/FABDEM-Watershed-Runtime/releases/download/runtime-core-block_007-v1/core__BLOCK_007__index__stream_stripes__stream_00011.tif"
"core/BLOCK_007/index/stream_stripes/stream_00012.tif","runtime-core-block_007-v1","core__BLOCK_007__index__stream_stripes__stream_00012.tif",21162,"https://github.com/JamilRamirez/FABDEM-Watershed-Runtime/releases/download/runtime-core-block_007-v1/core__BLOCK_007__index__stream_stripes__stream_00012.tif"
"core/BLOCK_007/index/stream_stripes/stream_00013.tif","runtime-core-block_007-v1","core__BLOCK_007__index__stream_stripes__stream_00013.tif",20632,"https://github.com/JamilRamirez/FABDEM-Watershed-Runtime/releases/download/runtime-core-block_007-v1/core__BLOCK_007__index__stream_stripes__stream_00013.tif"
"core/BLOCK_007/index/stream_stripes/stream_00014.tif","runtime-core-block_007-v1","core__BLOCK_007__index__stream_stripes__stream_00014.tif",19572,"https://github.com/JamilRamirez/FABDEM-Watershed-Runtime/releases/download/runtime-core-block_007-v1/core__BLOCK_007__index__stream_stripes__stream_00014.tif"
"core/BLOCK_007/index/stream_stripes/stream_00015.tif","runtime-core-block_007-v1","core__BLOCK_007__index__stream_stripes__stream_00015.tif",21186,"https://github.com/JamilRamirez/FABDEM-Watershed-Runtime/releases/download/runtime-core-block_007-v1/core__BLOCK_007__index__stream_stripes__stream_00015.tif"
"core/BLOCK_007/index/stream_stripes/stream_00016.tif","runtime-core-block_007-v1","core__BLOCK_007__index__stream_stripes__stream_00016.tif",21762,"https://github.com/JamilRamirez/FABDEM-Watershed-Runtime/releases/download/runtime-core-block_007-v1/core__BLOCK_007__index__stream_stripes__stream_00016.tif"
"core/BLOCK_007/index/stream_stripes/stream_00017.tif","runtime-core-block_007-v1","core__BLOCK_007__index__stream_stripes__stream_00017.tif",19674,"https://github.com/JamilRamirez/FABDEM-Watershed-Runtime/releases/download/runtime-core-block_007-v1/core__BLOCK_007__index__stream_stripes__stream_00017.tif"
"core/BLOCK_007/index/stream_stripes/stream_00018.tif","runtime-core-block_007-v1","core__BLOCK_007__index__stream_stripes__stream_00018.tif",20924,"https://github.com/JamilRamirez/FABDEM-Watershed-Runtime/releases/download/runtime-core-block_007-v1/core__BLOCK_007__index__stream_stripes__stream_00018.tif"
"core/BLOCK_007/index/stream_stripes/stream_00019.tif","runtime-core-block_007-v1","core__BLOCK_007__index__stream_stripes__stream_00019.tif",20024,"https://github.com/JamilRamirez/FABDEM-Watershed-Runtime/releases/download/runtime-core-block_007-v1/core__BLOCK_007__index__stream_stripes__stream_00019.tif"
"core/BLOCK_007/index/stream_stripes/stream_00020.tif","runtime-core-block_007-v1","core__BLOCK_007__index__stream_stripes__stream_00020.tif",21032,"https://github.com/JamilRamirez/FABDEM-Watershed-Runtime/releases/download/runtime-core-block_007-v1/core__BLOCK_007__index__stream_stripes__stream_00020.tif"
"core/BLOCK_007/index/stream_stripes/stream_00021.tif","runtime-core-block_007-v1","core__BLOCK_007__index__stream_stripes__stream_00021.tif",18542,"https://github.com/JamilRamirez/FABDEM-Watershed-Runtime/releases/download/runtime-core-block_007-v1/core__BLOCK_007__index__stream_stripes__stream_00021.tif"
"core/BLOCK_007/index/stream_stripes/stream_00022.tif","runtime-core-block_007-v1","core__BLOCK_007__index__stream_stripes__stream_00022.tif",20928,"https://github.com/JamilRamirez/FABDEM-Watershed-Runtime/releases/download/runtime-core-block_007-v1/core__BLOCK_007__index__stream_stripes__stream_00022.tif"
"core/BLOCK_007/index/stream_stripes/stream_00023.tif","runtime-core-block_007-v1","core__BLOCK_007__index__stream_stripes__stream_00023.tif",18162,"https://github.com/JamilRamirez/FABDEM-Watershed-Runtime/releases/download/runtime-core-block_007-v1/core__BLOCK_007__index__stream_stripes__stream_00023.tif"
"core/BLOCK_007/index/stream_stripes/stream_00024.tif","runtime-core-block_007-v1","core__BLOCK_007__index__stream_stripes__stream_00024.tif",18868,"https://github.com/JamilRamirez/FABDEM-Watershed-Runtime/releases/download/runtime-core-block_007-v1/core__BLOCK_007__index__stream_stripes__stream_00024.tif"
"core/BLOCK_007/index/stream_stripes/stream_00025.tif","runtime-core-block_007-v1","core__BLOCK_007__index__stream_stripes__stream_00025.tif",18892,"https://github.com/JamilRamirez/FABDEM-Watershed-Runtime/releases/download/runtime-core-block_007-v1/core__BLOCK_007__index__stream_stripes__stream_00025.tif"
"core/BLOCK_007/index/stream_stripes/stream_00026.tif","runtime-core-block_007-v1","core__BLOCK_007__index__stream_stripes__stream_00026.tif",18824,"https://github.com/JamilRamirez/FABDEM-Watershed-Runtime/releases/download/runtime-core-block_007-v1/core__BLOCK_007__index__stream_stripes__stream_00026.tif"
"core/BLOCK_007/index/stream_stripes/stream_00027.tif","runtime-core-block_007-v1","core__BLOCK_007__index__stream_stripes__stream_00027.tif",17980,"https://github.com/JamilRamirez/FABDEM-Watershed-Runtime/releases/download/runtime-core-block_007-v1/core__BLOCK_007__index__stream_stripes__stream_00027.tif"
"core/BLOCK_007/index/stream_stripes/stream_00028.tif","runtime-core-block_007-v1","core__BLOCK_007__index__stream_stripes__stream_00028.tif",18692,"https://github.com/JamilRamirez/FABDEM-Watershed-Runtime/releases/download/runtime-core-block_007-v1/core__BLOCK_007__index__stream_stripes__stream_00028.tif"
"core/BLOCK_007/index/stream_stripes/stream_00029.tif","runtime-core-block_007-v1","core__BLOCK_007__index__stream_stripes__stream_00029.tif",15380,"https://github.com/JamilRamirez/FABDEM-Watershed-Runtime/releases/download/runtime-core-block_007-v1/core__BLOCK_007__index__stream_stripes__stream_00029.tif"
"core/BLOCK_007/index/stream_stripes/stream_00030.tif","runtime-core-block_007-v1","core__BLOCK_007__index__stream_stripes__stream_00030.tif",15250,"https://github.com/JamilRamirez/FABDEM-Watershed-Runtime/releases/download/runtime-core-block_007-v1/core__BLOCK_007__index__stream_stripes__stream_00030.tif"
"core/BLOCK_007/index/stream_stripes/stream_00031.tif","runtime-core-block_007-v1","core__BLOCK_007__index__stream_stripes__stream_00031.tif",14288,"https://github.com/JamilRamirez/FABDEM-Watershed-Runtime/releases/download/runtime-core-block_007-v1/core__BLOCK_007__index__stream_stripes__stream_00031.tif"
"core/BLOCK_007/index/stream_stripes/stream_00032.tif","runtime-core-block_007-v1","core__BLOCK_007__index__stream_stripes__stream_00032.tif",15666,"https://github.com/JamilRamirez/FABDEM-Watershed-Runtime/releases/download/runtime-core-block_007-v1/core__BLOCK_007__index__stream_stripes__stream_00032.tif"
"core/BLOCK_007/index/stream_stripes/stream_00033.tif","runtime-core-block_007-v1","core__BLOCK_007__index__stream_stripes__stream_00033.tif",16434,"https://github.com/JamilRamirez/FABDEM-Watershed-Runtime/releases/download/runtime-core-block_007-v1/core__BLOCK_007__index__stream_stripes__stream_00033.tif"
"core/BLOCK_007/index/stream_stripes/stream_00034.tif","runtime-core-block_007-v1","core__BLOCK_007__index__stream_stripes__stream_00034.tif",15548,"https://github.com/JamilRamirez/FABDEM-Watershed-Runtime/releases/download/runtime-core-block_007-v1/core__BLOCK_007__index__stream_stripes__stream_00034.tif"
"core/BLOCK_007/index/stream_stripes/stream_00035.tif","runtime-core-block_007-v1","core__BLOCK_007__index__stream_stripes__stream_00035.tif",14632,"https://github.com/JamilRamirez/FABDEM-Watershed-Runtime/releases/download/runtime-core-block_007-v1/core__BLOCK_007__index__stream_stripes__stream_00035.tif"
"core/BLOCK_007/index/stream_stripes/stream_00036.tif","runtime-core-block_007-v1","core__BLOCK_007__index__stream_stripes__stream_00036.tif",15272,"https://github.com/JamilRamirez/FABDEM-Watershed-Runtime/releases/download/runtime-core-block_007-v1/core__BLOCK_007__index__stream_stripes__stream_00036.tif"
"core/BLOCK_007/index/stream_stripes/stream_00037.tif","runtime-core-block_007-v1","core__BLOCK_007__index__stream_stripes__stream_00037.tif",14790,"https://github.com/JamilRamirez/FABDEM-Watershed-Runtime/releases/download/runtime-core-block_007-v1/core__BLOCK_007__index__stream_stripes__stream_00037.tif"
"core/BLOCK_007/index/stream_stripes/stream_00038.tif","runtime-core-block_007-v1","core__BLOCK_007__index__stream_stripes__stream_00038.tif",14666,"https://github.com/JamilRamirez/FABDEM-Watershed-Runtime/releases/download/runtime-core-block_007-v1/core__BLOCK_007__index__stream_stripes__stream_00038.tif"
"core/BLOCK_007/index/stream_stripes/stream_00039.tif","runtime-core-block_007-v1","core__BLOCK_007__index__stream_stripes__stream_00039.tif",15070,"https://github.com/JamilRamirez/FABDEM-Watershed-Runtime/releases/download/runtime-core-block_007-v1/core__BLOCK_007__index__stream_stripes__stream_00039.tif"
"core/BLOCK_007/index/stream_stripes/stream_00040.tif","runtime-core-block_007-v1","core__BLOCK_007__index__stream_stripes__stream_00040.tif",19360,"https://github.com/JamilRamirez/FABDEM-Watershed-Runtime/releases/download/runtime-core-block_007-v1/core__BLOCK_007__index__stream_stripes__stream_00040.tif"
"core/BLOCK_007/index/stream_stripes/stream_00041.tif","runtime-core-block_007-v1","core__BLOCK_007__index__stream_stripes__stream_00041.tif",18064,"https://github.com/JamilRamirez/FABDEM-Watershed-Runtime/releases/download/runtime-core-block_007-v1/core__BLOCK_007__index__stream_stripes__stream_00041.tif"
"core/BLOCK_007/index/stream_stripes/stream_00042.tif","runtime-core-block_007-v1","core__BLOCK_007__index__stream_stripes__stream_00042.tif",14922,"https://github.com/JamilRamirez/FABDEM-Watershed-Runtime/releases/download/runtime-core-block_007-v1/core__BLOCK_007__index__stream_stripes__stream_00042.tif"
"core/BLOCK_007/index/stream_stripes/stream_00043.tif","runtime-core-block_007-v1","core__BLOCK_007__index__stream_stripes__stream_00043.tif",7308,"https://github.com/JamilRamirez/FABDEM-Watershed-Runtime/releases/download/runtime-core-block_007-v1/core__BLOCK_007__index__stream_stripes__stream_00043.tif"
"core/BLOCK_008/index/index_metadata.rds","runtime-core-block_008-v1","core__BLOCK_008__index__index_metadata.rds",1331,"https://github.com/JamilRamirez/FABDEM-Watershed-Runtime/releases/download/runtime-core-block_008-v1/core__BLOCK_008__index__index_metadata.rds"
"core/BLOCK_008/index/reverse_stripes/reverse_00001.tif","runtime-core-block_008-v1","core__BLOCK_008__index__reverse_stripes__reverse_00001.tif",597212,"https://github.com/JamilRamirez/FABDEM-Watershed-Runtime/releases/download/runtime-core-block_008-v1/core__BLOCK_008__index__reverse_stripes__reverse_00001.tif"
"core/BLOCK_008/index/reverse_stripes/reverse_00002.tif","runtime-core-block_008-v1","core__BLOCK_008__index__reverse_stripes__reverse_00002.tif",596536,"https://github.com/JamilRamirez/FABDEM-Watershed-Runtime/releases/download/runtime-core-block_008-v1/core__BLOCK_008__index__reverse_stripes__reverse_00002.tif"
"core/BLOCK_008/index/reverse_stripes/reverse_00003.tif","runtime-core-block_008-v1","core__BLOCK_008__index__reverse_stripes__reverse_00003.tif",601362,"https://github.com/JamilRamirez/FABDEM-Watershed-Runtime/releases/download/runtime-core-block_008-v1/core__BLOCK_008__index__reverse_stripes__reverse_00003.tif"
"core/BLOCK_008/index/reverse_stripes/reverse_00004.tif","runtime-core-block_008-v1","core__BLOCK_008__index__reverse_stripes__reverse_00004.tif",600852,"https://github.com/JamilRamirez/FABDEM-Watershed-Runtime/releases/download/runtime-core-block_008-v1/core__BLOCK_008__index__reverse_stripes__reverse_00004.tif"
"core/BLOCK_008/index/reverse_stripes/reverse_00005.tif","runtime-core-block_008-v1","core__BLOCK_008__index__reverse_stripes__reverse_00005.tif",595466,"https://github.com/JamilRamirez/FABDEM-Watershed-Runtime/releases/download/runtime-core-block_008-v1/core__BLOCK_008__index__reverse_stripes__reverse_00005.tif"
"core/BLOCK_008/index/reverse_stripes/reverse_00006.tif","runtime-core-block_008-v1","core__BLOCK_008__index__reverse_stripes__reverse_00006.tif",600448,"https://github.com/JamilRamirez/FABDEM-Watershed-Runtime/releases/download/runtime-core-block_008-v1/core__BLOCK_008__index__reverse_stripes__reverse_00006.tif"
"core/BLOCK_008/index/reverse_stripes/reverse_00007.tif","runtime-core-block_008-v1","core__BLOCK_008__index__reverse_stripes__reverse_00007.tif",611544,"https://github.com/JamilRamirez/FABDEM-Watershed-Runtime/releases/download/runtime-core-block_008-v1/core__BLOCK_008__index__reverse_stripes__reverse_00007.tif"
"core/BLOCK_008/index/reverse_stripes/reverse_00008.tif","runtime-core-block_008-v1","core__BLOCK_008__index__reverse_stripes__reverse_00008.tif",611898,"https://github.com/JamilRamirez/FABDEM-Watershed-Runtime/releases/download/runtime-core-block_008-v1/core__BLOCK_008__index__reverse_stripes__reverse_00008.tif"
"core/BLOCK_008/index/reverse_stripes/reverse_00009.tif","runtime-core-block_008-v1","core__BLOCK_008__index__reverse_stripes__reverse_00009.tif",602246,"https://github.com/JamilRamirez/FABDEM-Watershed-Runtime/releases/download/runtime-core-block_008-v1/core__BLOCK_008__index__reverse_stripes__reverse_00009.tif"
"core/BLOCK_008/index/reverse_stripes/reverse_00010.tif","runtime-core-block_008-v1","core__BLOCK_008__index__reverse_stripes__reverse_00010.tif",599776,"https://github.com/JamilRamirez/FABDEM-Watershed-Runtime/releases/download/runtime-core-block_008-v1/core__BLOCK_008__index__reverse_stripes__reverse_00010.tif"
"core/BLOCK_008/index/reverse_stripes/reverse_00011.tif","runtime-core-block_008-v1","core__BLOCK_008__index__reverse_stripes__reverse_00011.tif",602084,"https://github.com/JamilRamirez/FABDEM-Watershed-Runtime/releases/download/runtime-core-block_008-v1/core__BLOCK_008__index__reverse_stripes__reverse_00011.tif"
"core/BLOCK_008/index/reverse_stripes/reverse_00012.tif","runtime-core-block_008-v1","core__BLOCK_008__index__reverse_stripes__reverse_00012.tif",615666,"https://github.com/JamilRamirez/FABDEM-Watershed-Runtime/releases/download/runtime-core-block_008-v1/core__BLOCK_008__index__reverse_stripes__reverse_00012.tif"
"core/BLOCK_008/index/reverse_stripes/reverse_00013.tif","runtime-core-block_008-v1","core__BLOCK_008__index__reverse_stripes__reverse_00013.tif",616994,"https://github.com/JamilRamirez/FABDEM-Watershed-Runtime/releases/download/runtime-core-block_008-v1/core__BLOCK_008__index__reverse_stripes__reverse_00013.tif"
"core/BLOCK_008/index/reverse_stripes/reverse_00014.tif","runtime-core-block_008-v1","core__BLOCK_008__index__reverse_stripes__reverse_00014.tif",612828,"https://github.com/JamilRamirez/FABDEM-Watershed-Runtime/releases/download/runtime-core-block_008-v1/core__BLOCK_008__index__reverse_stripes__reverse_00014.tif"
"core/BLOCK_008/index/reverse_stripes/reverse_00015.tif","runtime-core-block_008-v1","core__BLOCK_008__index__reverse_stripes__reverse_00015.tif",900718,"https://github.com/JamilRamirez/FABDEM-Watershed-Runtime/releases/download/runtime-core-block_008-v1/core__BLOCK_008__index__reverse_stripes__reverse_00015.tif"
"core/BLOCK_008/index/reverse_stripes/reverse_00016.tif","runtime-core-block_008-v1","core__BLOCK_008__index__reverse_stripes__reverse_00016.tif",906246,"https://github.com/JamilRamirez/FABDEM-Watershed-Runtime/releases/download/runtime-core-block_008-v1/core__BLOCK_008__index__reverse_stripes__reverse_00016.tif"
"core/BLOCK_008/index/reverse_stripes/reverse_00017.tif","runtime-core-block_008-v1","core__BLOCK_008__index__reverse_stripes__reverse_00017.tif",899014,"https://github.com/JamilRamirez/FABDEM-Watershed-Runtime/releases/download/runtime-core-block_008-v1/core__BLOCK_008__index__reverse_stripes__reverse_00017.tif"
"core/BLOCK_008/index/reverse_stripes/reverse_00018.tif","runtime-core-block_008-v1","core__BLOCK_008__index__reverse_stripes__reverse_00018.tif",901436,"https://github.com/JamilRamirez/FABDEM-Watershed-Runtime/releases/download/runtime-core-block_008-v1/core__BLOCK_008__index__reverse_stripes__reverse_00018.tif"
"core/BLOCK_008/index/reverse_stripes/reverse_00019.tif","runtime-core-block_008-v1","core__BLOCK_008__index__reverse_stripes__reverse_00019.tif",897884,"https://github.com/JamilRamirez/FABDEM-Watershed-Runtime/releases/download/runtime-core-block_008-v1/core__BLOCK_008__index__reverse_stripes__reverse_00019.tif"
"core/BLOCK_008/index/reverse_stripes/reverse_00020.tif","runtime-core-block_008-v1","core__BLOCK_008__index__reverse_stripes__reverse_00020.tif",906238,"https://github.com/JamilRamirez/FABDEM-Watershed-Runtime/releases/download/runtime-core-block_008-v1/core__BLOCK_008__index__reverse_stripes__reverse_00020.tif"
"core/BLOCK_008/index/reverse_stripes/reverse_00021.tif","runtime-core-block_008-v1","core__BLOCK_008__index__reverse_stripes__reverse_00021.tif",896922,"https://github.com/JamilRamirez/FABDEM-Watershed-Runtime/releases/download/runtime-core-block_008-v1/core__BLOCK_008__index__reverse_stripes__reverse_00021.tif"
"core/BLOCK_008/index/reverse_stripes/reverse_00022.tif","runtime-core-block_008-v1","core__BLOCK_008__index__reverse_stripes__reverse_00022.tif",920772,"https://github.com/JamilRamirez/FABDEM-Watershed-Runtime/releases/download/runtime-core-block_008-v1/core__BLOCK_008__index__reverse_stripes__reverse_00022.tif"
"core/BLOCK_008/index/reverse_stripes/reverse_00023.tif","runtime-core-block_008-v1","core__BLOCK_008__index__reverse_stripes__reverse_00023.tif",922408,"https://github.com/JamilRamirez/FABDEM-Watershed-Runtime/releases/download/runtime-core-block_008-v1/core__BLOCK_008__index__reverse_stripes__reverse_00023.tif"
"core/BLOCK_008/index/reverse_stripes/reverse_00024.tif","runtime-core-block_008-v1","core__BLOCK_008__index__reverse_stripes__reverse_00024.tif",902756,"https://github.com/JamilRamirez/FABDEM-Watershed-Runtime/releases/download/runtime-core-block_008-v1/core__BLOCK_008__index__reverse_stripes__reverse_00024.tif"
"core/BLOCK_008/index/reverse_stripes/reverse_00025.tif","runtime-core-block_008-v1","core__BLOCK_008__index__reverse_stripes__reverse_00025.tif",856846,"https://github.com/JamilRamirez/FABDEM-Watershed-Runtime/releases/download/runtime-core-block_008-v1/core__BLOCK_008__index__reverse_stripes__reverse_00025.tif"
"core/BLOCK_008/index/reverse_stripes/reverse_00026.tif","runtime-core-block_008-v1","core__BLOCK_008__index__reverse_stripes__reverse_00026.tif",833338,"https://github.com/JamilRamirez/FABDEM-Watershed-Runtime/releases/download/runtime-core-block_008-v1/core__BLOCK_008__index__reverse_stripes__reverse_00026.tif"
"core/BLOCK_008/index/reverse_stripes/reverse_00027.tif","runtime-core-block_008-v1","core__BLOCK_008__index__reverse_stripes__reverse_00027.tif",796998,"https://github.com/JamilRamirez/FABDEM-Watershed-Runtime/releases/download/runtime-core-block_008-v1/core__BLOCK_008__index__reverse_stripes__reverse_00027.tif"
"core/BLOCK_008/index/reverse_stripes/reverse_00028.tif","runtime-core-block_008-v1","core__BLOCK_008__index__reverse_stripes__reverse_00028.tif",770128,"https://github.com/JamilRamirez/FABDEM-Watershed-Runtime/releases/download/runtime-core-block_008-v1/core__BLOCK_008__index__reverse_stripes__reverse_00028.tif"
"core/BLOCK_008/index/reverse_stripes/reverse_00029.tif","runtime-core-block_008-v1","core__BLOCK_008__index__reverse_stripes__reverse_00029.tif",764012,"https://github.com/JamilRamirez/FABDEM-Watershed-Runtime/releases/download/runtime-core-block_008-v1/core__BLOCK_008__index__reverse_stripes__reverse_00029.tif"
"core/BLOCK_008/index/reverse_stripes/reverse_00030.tif","runtime-core-block_008-v1","core__BLOCK_008__index__reverse_stripes__reverse_00030.tif",770470,"https://github.com/JamilRamirez/FABDEM-Watershed-Runtime/releases/download/runtime-core-block_008-v1/core__BLOCK_008__index__reverse_stripes__reverse_00030.tif"
"core/BLOCK_008/index/reverse_stripes/reverse_00031.tif","runtime-core-block_008-v1","core__BLOCK_008__index__reverse_stripes__reverse_00031.tif",709910,"https://github.com/JamilRamirez/FABDEM-Watershed-Runtime/releases/download/runtime-core-block_008-v1/core__BLOCK_008__index__reverse_stripes__reverse_00031.tif"
"core/BLOCK_008/index/reverse_stripes/reverse_00032.tif","runtime-core-block_008-v1","core__BLOCK_008__index__reverse_stripes__reverse_00032.tif",678424,"https://github.com/JamilRamirez/FABDEM-Watershed-Runtime/releases/download/runtime-core-block_008-v1/core__BLOCK_008__index__reverse_stripes__reverse_00032.tif"
"core/BLOCK_008/index/reverse_stripes/reverse_00033.tif","runtime-core-block_008-v1","core__BLOCK_008__index__reverse_stripes__reverse_00033.tif",626088,"https://github.com/JamilRamirez/FABDEM-Watershed-Runtime/releases/download/runtime-core-block_008-v1/core__BLOCK_008__index__reverse_stripes__reverse_00033.tif"
"core/BLOCK_008/index/reverse_stripes/reverse_00034.tif","runtime-core-block_008-v1","core__BLOCK_008__index__reverse_stripes__reverse_00034.tif",643968,"https://github.com/JamilRamirez/FABDEM-Watershed-Runtime/releases/download/runtime-core-block_008-v1/core__BLOCK_008__index__reverse_stripes__reverse_00034.tif"
"core/BLOCK_008/index/reverse_stripes/reverse_00035.tif","runtime-core-block_008-v1","core__BLOCK_008__index__reverse_stripes__reverse_00035.tif",605384,"https://github.com/JamilRamirez/FABDEM-Watershed-Runtime/releases/download/runtime-core-block_008-v1/core__BLOCK_008__index__reverse_stripes__reverse_00035.tif"
"core/BLOCK_008/index/reverse_stripes/reverse_00036.tif","runtime-core-block_008-v1","core__BLOCK_008__index__reverse_stripes__reverse_00036.tif",588396,"https://github.com/JamilRamirez/FABDEM-Watershed-Runtime/releases/download/runtime-core-block_008-v1/core__BLOCK_008__index__reverse_stripes__reverse_00036.tif"
"core/BLOCK_008/index/reverse_stripes/reverse_00037.tif","runtime-core-block_008-v1","core__BLOCK_008__index__reverse_stripes__reverse_00037.tif",532634,"https://github.com/JamilRamirez/FABDEM-Watershed-Runtime/releases/download/runtime-core-block_008-v1/core__BLOCK_008__index__reverse_stripes__reverse_00037.tif"
"core/BLOCK_008/index/reverse_stripes/reverse_00038.tif","runtime-core-block_008-v1","core__BLOCK_008__index__reverse_stripes__reverse_00038.tif",511248,"https://github.com/JamilRamirez/FABDEM-Watershed-Runtime/releases/download/runtime-core-block_008-v1/core__BLOCK_008__index__reverse_stripes__reverse_00038.tif"
"core/BLOCK_008/index/reverse_stripes/reverse_00039.tif","runtime-core-block_008-v1","core__BLOCK_008__index__reverse_stripes__reverse_00039.tif",472532,"https://github.com/JamilRamirez/FABDEM-Watershed-Runtime/releases/download/runtime-core-block_008-v1/core__BLOCK_008__index__reverse_stripes__reverse_00039.tif"
"core/BLOCK_008/index/reverse_stripes/reverse_00040.tif","runtime-core-block_008-v1","core__BLOCK_008__index__reverse_stripes__reverse_00040.tif",470612,"https://github.com/JamilRamirez/FABDEM-Watershed-Runtime/releases/download/runtime-core-block_008-v1/core__BLOCK_008__index__reverse_stripes__reverse_00040.tif"
"core/BLOCK_008/index/reverse_stripes/reverse_00041.tif","runtime-core-block_008-v1","core__BLOCK_008__index__reverse_stripes__reverse_00041.tif",426522,"https://github.com/JamilRamirez/FABDEM-Watershed-Runtime/releases/download/runtime-core-block_008-v1/core__BLOCK_008__index__reverse_stripes__reverse_00041.tif"
"core/BLOCK_008/index/reverse_stripes/reverse_00042.tif","runtime-core-block_008-v1","core__BLOCK_008__index__reverse_stripes__reverse_00042.tif",374574,"https://github.com/JamilRamirez/FABDEM-Watershed-Runtime/releases/download/runtime-core-block_008-v1/core__BLOCK_008__index__reverse_stripes__reverse_00042.tif"
"core/BLOCK_008/index/reverse_stripes/reverse_00043.tif","runtime-core-block_008-v1","core__BLOCK_008__index__reverse_stripes__reverse_00043.tif",76366,"https://github.com/JamilRamirez/FABDEM-Watershed-Runtime/releases/download/runtime-core-block_008-v1/core__BLOCK_008__index__reverse_stripes__reverse_00043.tif"
"core/BLOCK_008/index/stream_stripes/stream_00001.tif","runtime-core-block_008-v1","core__BLOCK_008__index__stream_stripes__stream_00001.tif",16940,"https://github.com/JamilRamirez/FABDEM-Watershed-Runtime/releases/download/runtime-core-block_008-v1/core__BLOCK_008__index__stream_stripes__stream_00001.tif"
"core/BLOCK_008/index/stream_stripes/stream_00002.tif","runtime-core-block_008-v1","core__BLOCK_008__index__stream_stripes__stream_00002.tif",19708,"https://github.com/JamilRamirez/FABDEM-Watershed-Runtime/releases/download/runtime-core-block_008-v1/core__BLOCK_008__index__stream_stripes__stream_00002.tif"
"core/BLOCK_008/index/stream_stripes/stream_00003.tif","runtime-core-block_008-v1","core__BLOCK_008__index__stream_stripes__stream_00003.tif",19560,"https://github.com/JamilRamirez/FABDEM-Watershed-Runtime/releases/download/runtime-core-block_008-v1/core__BLOCK_008__index__stream_stripes__stream_00003.tif"
"core/BLOCK_008/index/stream_stripes/stream_00004.tif","runtime-core-block_008-v1","core__BLOCK_008__index__stream_stripes__stream_00004.tif",19952,"https://github.com/JamilRamirez/FABDEM-Watershed-Runtime/releases/download/runtime-core-block_008-v1/core__BLOCK_008__index__stream_stripes__stream_00004.tif"
"core/BLOCK_008/index/stream_stripes/stream_00005.tif","runtime-core-block_008-v1","core__BLOCK_008__index__stream_stripes__stream_00005.tif",19698,"https://github.com/JamilRamirez/FABDEM-Watershed-Runtime/releases/download/runtime-core-block_008-v1/core__BLOCK_008__index__stream_stripes__stream_00005.tif"
"core/BLOCK_008/index/stream_stripes/stream_00006.tif","runtime-core-block_008-v1","core__BLOCK_008__index__stream_stripes__stream_00006.tif",17978,"https://github.com/JamilRamirez/FABDEM-Watershed-Runtime/releases/download/runtime-core-block_008-v1/core__BLOCK_008__index__stream_stripes__stream_00006.tif"
"core/BLOCK_008/index/stream_stripes/stream_00007.tif","runtime-core-block_008-v1","core__BLOCK_008__index__stream_stripes__stream_00007.tif",19796,"https://github.com/JamilRamirez/FABDEM-Watershed-Runtime/releases/download/runtime-core-block_008-v1/core__BLOCK_008__index__stream_stripes__stream_00007.tif"
"core/BLOCK_008/index/stream_stripes/stream_00008.tif","runtime-core-block_008-v1","core__BLOCK_008__index__stream_stripes__stream_00008.tif",19362,"https://github.com/JamilRamirez/FABDEM-Watershed-Runtime/releases/download/runtime-core-block_008-v1/core__BLOCK_008__index__stream_stripes__stream_00008.tif"
"core/BLOCK_008/index/stream_stripes/stream_00009.tif","runtime-core-block_008-v1","core__BLOCK_008__index__stream_stripes__stream_00009.tif",21278,"https://github.com/JamilRamirez/FABDEM-Watershed-Runtime/releases/download/runtime-core-block_008-v1/core__BLOCK_008__index__stream_stripes__stream_00009.tif"
"core/BLOCK_008/index/stream_stripes/stream_00010.tif","runtime-core-block_008-v1","core__BLOCK_008__index__stream_stripes__stream_00010.tif",17056,"https://github.com/JamilRamirez/FABDEM-Watershed-Runtime/releases/download/runtime-core-block_008-v1/core__BLOCK_008__index__stream_stripes__stream_00010.tif"
"core/BLOCK_008/index/stream_stripes/stream_00011.tif","runtime-core-block_008-v1","core__BLOCK_008__index__stream_stripes__stream_00011.tif",19278,"https://github.com/JamilRamirez/FABDEM-Watershed-Runtime/releases/download/runtime-core-block_008-v1/core__BLOCK_008__index__stream_stripes__stream_00011.tif"
"core/BLOCK_008/index/stream_stripes/stream_00012.tif","runtime-core-block_008-v1","core__BLOCK_008__index__stream_stripes__stream_00012.tif",22150,"https://github.com/JamilRamirez/FABDEM-Watershed-Runtime/releases/download/runtime-core-block_008-v1/core__BLOCK_008__index__stream_stripes__stream_00012.tif"
"core/BLOCK_008/index/stream_stripes/stream_00013.tif","runtime-core-block_008-v1","core__BLOCK_008__index__stream_stripes__stream_00013.tif",20752,"https://github.com/JamilRamirez/FABDEM-Watershed-Runtime/releases/download/runtime-core-block_008-v1/core__BLOCK_008__index__stream_stripes__stream_00013.tif"
"core/BLOCK_008/index/stream_stripes/stream_00014.tif","runtime-core-block_008-v1","core__BLOCK_008__index__stream_stripes__stream_00014.tif",20458,"https://github.com/JamilRamirez/FABDEM-Watershed-Runtime/releases/download/runtime-core-block_008-v1/core__BLOCK_008__index__stream_stripes__stream_00014.tif"
"core/BLOCK_008/index/stream_stripes/stream_00015.tif","runtime-core-block_008-v1","core__BLOCK_008__index__stream_stripes__stream_00015.tif",27238,"https://github.com/JamilRamirez/FABDEM-Watershed-Runtime/releases/download/runtime-core-block_008-v1/core__BLOCK_008__index__stream_stripes__stream_00015.tif"
"core/BLOCK_008/index/stream_stripes/stream_00016.tif","runtime-core-block_008-v1","core__BLOCK_008__index__stream_stripes__stream_00016.tif",27700,"https://github.com/JamilRamirez/FABDEM-Watershed-Runtime/releases/download/runtime-core-block_008-v1/core__BLOCK_008__index__stream_stripes__stream_00016.tif"
"core/BLOCK_008/index/stream_stripes/stream_00017.tif","runtime-core-block_008-v1","core__BLOCK_008__index__stream_stripes__stream_00017.tif",27318,"https://github.com/JamilRamirez/FABDEM-Watershed-Runtime/releases/download/runtime-core-block_008-v1/core__BLOCK_008__index__stream_stripes__stream_00017.tif"
"core/BLOCK_008/index/stream_stripes/stream_00018.tif","runtime-core-block_008-v1","core__BLOCK_008__index__stream_stripes__stream_00018.tif",29696,"https://github.com/JamilRamirez/FABDEM-Watershed-Runtime/releases/download/runtime-core-block_008-v1/core__BLOCK_008__index__stream_stripes__stream_00018.tif"
"core/BLOCK_008/index/stream_stripes/stream_00019.tif","runtime-core-block_008-v1","core__BLOCK_008__index__stream_stripes__stream_00019.tif",27370,"https://github.com/JamilRamirez/FABDEM-Watershed-Runtime/releases/download/runtime-core-block_008-v1/core__BLOCK_008__index__stream_stripes__stream_00019.tif"
"core/BLOCK_008/index/stream_stripes/stream_00020.tif","runtime-core-block_008-v1","core__BLOCK_008__index__stream_stripes__stream_00020.tif",27222,"https://github.com/JamilRamirez/FABDEM-Watershed-Runtime/releases/download/runtime-core-block_008-v1/core__BLOCK_008__index__stream_stripes__stream_00020.tif"
"core/BLOCK_008/index/stream_stripes/stream_00021.tif","runtime-core-block_008-v1","core__BLOCK_008__index__stream_stripes__stream_00021.tif",28190,"https://github.com/JamilRamirez/FABDEM-Watershed-Runtime/releases/download/runtime-core-block_008-v1/core__BLOCK_008__index__stream_stripes__stream_00021.tif"
"core/BLOCK_008/index/stream_stripes/stream_00022.tif","runtime-core-block_008-v1","core__BLOCK_008__index__stream_stripes__stream_00022.tif",28990,"https://github.com/JamilRamirez/FABDEM-Watershed-Runtime/releases/download/runtime-core-block_008-v1/core__BLOCK_008__index__stream_stripes__stream_00022.tif"
"core/BLOCK_008/index/stream_stripes/stream_00023.tif","runtime-core-block_008-v1","core__BLOCK_008__index__stream_stripes__stream_00023.tif",27270,"https://github.com/JamilRamirez/FABDEM-Watershed-Runtime/releases/download/runtime-core-block_008-v1/core__BLOCK_008__index__stream_stripes__stream_00023.tif"
"core/BLOCK_008/index/stream_stripes/stream_00024.tif","runtime-core-block_008-v1","core__BLOCK_008__index__stream_stripes__stream_00024.tif",27516,"https://github.com/JamilRamirez/FABDEM-Watershed-Runtime/releases/download/runtime-core-block_008-v1/core__BLOCK_008__index__stream_stripes__stream_00024.tif"
"core/BLOCK_008/index/stream_stripes/stream_00025.tif","runtime-core-block_008-v1","core__BLOCK_008__index__stream_stripes__stream_00025.tif",27002,"https://github.com/JamilRamirez/FABDEM-Watershed-Runtime/releases/download/runtime-core-block_008-v1/core__BLOCK_008__index__stream_stripes__stream_00025.tif"
"core/BLOCK_008/index/stream_stripes/stream_00026.tif","runtime-core-block_008-v1","core__BLOCK_008__index__stream_stripes__stream_00026.tif",31058,"https://github.com/JamilRamirez/FABDEM-Watershed-Runtime/releases/download/runtime-core-block_008-v1/core__BLOCK_008__index__stream_stripes__stream_00026.tif"
"core/BLOCK_008/index/stream_stripes/stream_00027.tif","runtime-core-block_008-v1","core__BLOCK_008__index__stream_stripes__stream_00027.tif",25932,"https://github.com/JamilRamirez/FABDEM-Watershed-Runtime/releases/download/runtime-core-block_008-v1/core__BLOCK_008__index__stream_stripes__stream_00027.tif"
"core/BLOCK_008/index/stream_stripes/stream_00028.tif","runtime-core-block_008-v1","core__BLOCK_008__index__stream_stripes__stream_00028.tif",28560,"https://github.com/JamilRamirez/FABDEM-Watershed-Runtime/releases/download/runtime-core-block_008-v1/core__BLOCK_008__index__stream_stripes__stream_00028.tif"
"core/BLOCK_008/index/stream_stripes/stream_00029.tif","runtime-core-block_008-v1","core__BLOCK_008__index__stream_stripes__stream_00029.tif",23220,"https://github.com/JamilRamirez/FABDEM-Watershed-Runtime/releases/download/runtime-core-block_008-v1/core__BLOCK_008__index__stream_stripes__stream_00029.tif"
"core/BLOCK_008/index/stream_stripes/stream_00030.tif","runtime-core-block_008-v1","core__BLOCK_008__index__stream_stripes__stream_00030.tif",23264,"https://github.com/JamilRamirez/FABDEM-Watershed-Runtime/releases/download/runtime-core-block_008-v1/core__BLOCK_008__index__stream_stripes__stream_00030.tif"
"core/BLOCK_008/index/stream_stripes/stream_00031.tif","runtime-core-block_008-v1","core__BLOCK_008__index__stream_stripes__stream_00031.tif",21898,"https://github.com/JamilRamirez/FABDEM-Watershed-Runtime/releases/download/runtime-core-block_008-v1/core__BLOCK_008__index__stream_stripes__stream_00031.tif"
"core/BLOCK_008/index/stream_stripes/stream_00032.tif","runtime-core-block_008-v1","core__BLOCK_008__index__stream_stripes__stream_00032.tif",22638,"https://github.com/JamilRamirez/FABDEM-Watershed-Runtime/releases/download/runtime-core-block_008-v1/core__BLOCK_008__index__stream_stripes__stream_00032.tif"
"core/BLOCK_008/index/stream_stripes/stream_00033.tif","runtime-core-block_008-v1","core__BLOCK_008__index__stream_stripes__stream_00033.tif",19766,"https://github.com/JamilRamirez/FABDEM-Watershed-Runtime/releases/download/runtime-core-block_008-v1/core__BLOCK_008__index__stream_stripes__stream_00033.tif"
"core/BLOCK_008/index/stream_stripes/stream_00034.tif","runtime-core-block_008-v1","core__BLOCK_008__index__stream_stripes__stream_00034.tif",21280,"https://github.com/JamilRamirez/FABDEM-Watershed-Runtime/releases/download/runtime-core-block_008-v1/core__BLOCK_008__index__stream_stripes__stream_00034.tif"
"core/BLOCK_008/index/stream_stripes/stream_00035.tif","runtime-core-block_008-v1","core__BLOCK_008__index__stream_stripes__stream_00035.tif",21274,"https://github.com/JamilRamirez/FABDEM-Watershed-Runtime/releases/download/runtime-core-block_008-v1/core__BLOCK_008__index__stream_stripes__stream_00035.tif"
"core/BLOCK_008/index/stream_stripes/stream_00036.tif","runtime-core-block_008-v1","core__BLOCK_008__index__stream_stripes__stream_00036.tif",21464,"https://github.com/JamilRamirez/FABDEM-Watershed-Runtime/releases/download/runtime-core-block_008-v1/core__BLOCK_008__index__stream_stripes__stream_00036.tif"
"core/BLOCK_008/index/stream_stripes/stream_00037.tif","runtime-core-block_008-v1","core__BLOCK_008__index__stream_stripes__stream_00037.tif",20842,"https://github.com/JamilRamirez/FABDEM-Watershed-Runtime/releases/download/runtime-core-block_008-v1/core__BLOCK_008__index__stream_stripes__stream_00037.tif"
"core/BLOCK_008/index/stream_stripes/stream_00038.tif","runtime-core-block_008-v1","core__BLOCK_008__index__stream_stripes__stream_00038.tif",23242,"https://github.com/JamilRamirez/FABDEM-Watershed-Runtime/releases/download/runtime-core-block_008-v1/core__BLOCK_008__index__stream_stripes__stream_00038.tif"
"core/BLOCK_008/index/stream_stripes/stream_00039.tif","runtime-core-block_008-v1","core__BLOCK_008__index__stream_stripes__stream_00039.tif",21204,"https://github.com/JamilRamirez/FABDEM-Watershed-Runtime/releases/download/runtime-core-block_008-v1/core__BLOCK_008__index__stream_stripes__stream_00039.tif"
"core/BLOCK_008/index/stream_stripes/stream_00040.tif","runtime-core-block_008-v1","core__BLOCK_008__index__stream_stripes__stream_00040.tif",18604,"https://github.com/JamilRamirez/FABDEM-Watershed-Runtime/releases/download/runtime-core-block_008-v1/core__BLOCK_008__index__stream_stripes__stream_00040.tif"
"core/BLOCK_008/index/stream_stripes/stream_00041.tif","runtime-core-block_008-v1","core__BLOCK_008__index__stream_stripes__stream_00041.tif",17482,"https://github.com/JamilRamirez/FABDEM-Watershed-Runtime/releases/download/runtime-core-block_008-v1/core__BLOCK_008__index__stream_stripes__stream_00041.tif"
"core/BLOCK_008/index/stream_stripes/stream_00042.tif","runtime-core-block_008-v1","core__BLOCK_008__index__stream_stripes__stream_00042.tif",19006,"https://github.com/JamilRamirez/FABDEM-Watershed-Runtime/releases/download/runtime-core-block_008-v1/core__BLOCK_008__index__stream_stripes__stream_00042.tif"
"core/BLOCK_008/index/stream_stripes/stream_00043.tif","runtime-core-block_008-v1","core__BLOCK_008__index__stream_stripes__stream_00043.tif",8218,"https://github.com/JamilRamirez/FABDEM-Watershed-Runtime/releases/download/runtime-core-block_008-v1/core__BLOCK_008__index__stream_stripes__stream_00043.tif"
"core/BLOCK_009/index/index_metadata.rds","runtime-core-block_009-v1","core__BLOCK_009__index__index_metadata.rds",1345,"https://github.com/JamilRamirez/FABDEM-Watershed-Runtime/releases/download/runtime-core-block_009-v1/core__BLOCK_009__index__index_metadata.rds"
"core/BLOCK_009/index/reverse_stripes/reverse_00001.tif","runtime-core-block_009-v1","core__BLOCK_009__index__reverse_stripes__reverse_00001.tif",584140,"https://github.com/JamilRamirez/FABDEM-Watershed-Runtime/releases/download/runtime-core-block_009-v1/core__BLOCK_009__index__reverse_stripes__reverse_00001.tif"
"core/BLOCK_009/index/reverse_stripes/reverse_00002.tif","runtime-core-block_009-v1","core__BLOCK_009__index__reverse_stripes__reverse_00002.tif",589008,"https://github.com/JamilRamirez/FABDEM-Watershed-Runtime/releases/download/runtime-core-block_009-v1/core__BLOCK_009__index__reverse_stripes__reverse_00002.tif"
"core/BLOCK_009/index/reverse_stripes/reverse_00003.tif","runtime-core-block_009-v1","core__BLOCK_009__index__reverse_stripes__reverse_00003.tif",590588,"https://github.com/JamilRamirez/FABDEM-Watershed-Runtime/releases/download/runtime-core-block_009-v1/core__BLOCK_009__index__reverse_stripes__reverse_00003.tif"
"core/BLOCK_009/index/reverse_stripes/reverse_00004.tif","runtime-core-block_009-v1","core__BLOCK_009__index__reverse_stripes__reverse_00004.tif",599492,"https://github.com/JamilRamirez/FABDEM-Watershed-Runtime/releases/download/runtime-core-block_009-v1/core__BLOCK_009__index__reverse_stripes__reverse_00004.tif"
"core/BLOCK_009/index/reverse_stripes/reverse_00005.tif","runtime-core-block_009-v1","core__BLOCK_009__index__reverse_stripes__reverse_00005.tif",597400,"https://github.com/JamilRamirez/FABDEM-Watershed-Runtime/releases/download/runtime-core-block_009-v1/core__BLOCK_009__index__reverse_stripes__reverse_00005.tif"
"core/BLOCK_009/index/reverse_stripes/reverse_00006.tif","runtime-core-block_009-v1","core__BLOCK_009__index__reverse_stripes__reverse_00006.tif",610370,"https://github.com/JamilRamirez/FABDEM-Watershed-Runtime/releases/download/runtime-core-block_009-v1/core__BLOCK_009__index__reverse_stripes__reverse_00006.tif"
"core/BLOCK_009/index/reverse_stripes/reverse_00007.tif","runtime-core-block_009-v1","core__BLOCK_009__index__reverse_stripes__reverse_00007.tif",607002,"https://github.com/JamilRamirez/FABDEM-Watershed-Runtime/releases/download/runtime-core-block_009-v1/core__BLOCK_009__index__reverse_stripes__reverse_00007.tif"
"core/BLOCK_009/index/reverse_stripes/reverse_00008.tif","runtime-core-block_009-v1","core__BLOCK_009__index__reverse_stripes__reverse_00008.tif",600650,"https://github.com/JamilRamirez/FABDEM-Watershed-Runtime/releases/download/runtime-core-block_009-v1/core__BLOCK_009__index__reverse_stripes__reverse_00008.tif"
"core/BLOCK_009/index/reverse_stripes/reverse_00009.tif","runtime-core-block_009-v1","core__BLOCK_009__index__reverse_stripes__reverse_00009.tif",613628,"https://github.com/JamilRamirez/FABDEM-Watershed-Runtime/releases/download/runtime-core-block_009-v1/core__BLOCK_009__index__reverse_stripes__reverse_00009.tif"
"core/BLOCK_009/index/reverse_stripes/reverse_00010.tif","runtime-core-block_009-v1","core__BLOCK_009__index__reverse_stripes__reverse_00010.tif",608706,"https://github.com/JamilRamirez/FABDEM-Watershed-Runtime/releases/download/runtime-core-block_009-v1/core__BLOCK_009__index__reverse_stripes__reverse_00010.tif"
"core/BLOCK_009/index/reverse_stripes/reverse_00011.tif","runtime-core-block_009-v1","core__BLOCK_009__index__reverse_stripes__reverse_00011.tif",598008,"https://github.com/JamilRamirez/FABDEM-Watershed-Runtime/releases/download/runtime-core-block_009-v1/core__BLOCK_009__index__reverse_stripes__reverse_00011.tif"
"core/BLOCK_009/index/reverse_stripes/reverse_00012.tif","runtime-core-block_009-v1","core__BLOCK_009__index__reverse_stripes__reverse_00012.tif",601034,"https://github.com/JamilRamirez/FABDEM-Watershed-Runtime/releases/download/runtime-core-block_009-v1/core__BLOCK_009__index__reverse_stripes__reverse_00012.tif"
"core/BLOCK_009/index/reverse_stripes/reverse_00013.tif","runtime-core-block_009-v1","core__BLOCK_009__index__reverse_stripes__reverse_00013.tif",596264,"https://github.com/JamilRamirez/FABDEM-Watershed-Runtime/releases/download/runtime-core-block_009-v1/core__BLOCK_009__index__reverse_stripes__reverse_00013.tif"
"core/BLOCK_009/index/reverse_stripes/reverse_00014.tif","runtime-core-block_009-v1","core__BLOCK_009__index__reverse_stripes__reverse_00014.tif",612790,"https://github.com/JamilRamirez/FABDEM-Watershed-Runtime/releases/download/runtime-core-block_009-v1/core__BLOCK_009__index__reverse_stripes__reverse_00014.tif"
"core/BLOCK_009/index/reverse_stripes/reverse_00015.tif","runtime-core-block_009-v1","core__BLOCK_009__index__reverse_stripes__reverse_00015.tif",1192254,"https://github.com/JamilRamirez/FABDEM-Watershed-Runtime/releases/download/runtime-core-block_009-v1/core__BLOCK_009__index__reverse_stripes__reverse_00015.tif"
"core/BLOCK_009/index/reverse_stripes/reverse_00016.tif","runtime-core-block_009-v1","core__BLOCK_009__index__reverse_stripes__reverse_00016.tif",1208254,"https://github.com/JamilRamirez/FABDEM-Watershed-Runtime/releases/download/runtime-core-block_009-v1/core__BLOCK_009__index__reverse_stripes__reverse_00016.tif"
"core/BLOCK_009/index/reverse_stripes/reverse_00017.tif","runtime-core-block_009-v1","core__BLOCK_009__index__reverse_stripes__reverse_00017.tif",1197848,"https://github.com/JamilRamirez/FABDEM-Watershed-Runtime/releases/download/runtime-core-block_009-v1/core__BLOCK_009__index__reverse_stripes__reverse_00017.tif"
"core/BLOCK_009/index/reverse_stripes/reverse_00018.tif","runtime-core-block_009-v1","core__BLOCK_009__index__reverse_stripes__reverse_00018.tif",1202668,"https://github.com/JamilRamirez/FABDEM-Watershed-Runtime/releases/download/runtime-core-block_009-v1/core__BLOCK_009__index__reverse_stripes__reverse_00018.tif"
"core/BLOCK_009/index/reverse_stripes/reverse_00019.tif","runtime-core-block_009-v1","core__BLOCK_009__index__reverse_stripes__reverse_00019.tif",1156748,"https://github.com/JamilRamirez/FABDEM-Watershed-Runtime/releases/download/runtime-core-block_009-v1/core__BLOCK_009__index__reverse_stripes__reverse_00019.tif"
"core/BLOCK_009/index/reverse_stripes/reverse_00020.tif","runtime-core-block_009-v1","core__BLOCK_009__index__reverse_stripes__reverse_00020.tif",1186200,"https://github.com/JamilRamirez/FABDEM-Watershed-Runtime/releases/download/runtime-core-block_009-v1/core__BLOCK_009__index__reverse_stripes__reverse_00020.tif"
"core/BLOCK_009/index/reverse_stripes/reverse_00021.tif","runtime-core-block_009-v1","core__BLOCK_009__index__reverse_stripes__reverse_00021.tif",1193538,"https://github.com/JamilRamirez/FABDEM-Watershed-Runtime/releases/download/runtime-core-block_009-v1/core__BLOCK_009__index__reverse_stripes__reverse_00021.tif"
"core/BLOCK_009/index/reverse_stripes/reverse_00022.tif","runtime-core-block_009-v1","core__BLOCK_009__index__reverse_stripes__reverse_00022.tif",1185948,"https://github.com/JamilRamirez/FABDEM-Watershed-Runtime/releases/download/runtime-core-block_009-v1/core__BLOCK_009__index__reverse_stripes__reverse_00022.tif"
"core/BLOCK_009/index/reverse_stripes/reverse_00023.tif","runtime-core-block_009-v1","core__BLOCK_009__index__reverse_stripes__reverse_00023.tif",1171556,"https://github.com/JamilRamirez/FABDEM-Watershed-Runtime/releases/download/runtime-core-block_009-v1/core__BLOCK_009__index__reverse_stripes__reverse_00023.tif"
"core/BLOCK_009/index/reverse_stripes/reverse_00024.tif","runtime-core-block_009-v1","core__BLOCK_009__index__reverse_stripes__reverse_00024.tif",1193700,"https://github.com/JamilRamirez/FABDEM-Watershed-Runtime/releases/download/runtime-core-block_009-v1/core__BLOCK_009__index__reverse_stripes__reverse_00024.tif"
"core/BLOCK_009/index/reverse_stripes/reverse_00025.tif","runtime-core-block_009-v1","core__BLOCK_009__index__reverse_stripes__reverse_00025.tif",1170216,"https://github.com/JamilRamirez/FABDEM-Watershed-Runtime/releases/download/runtime-core-block_009-v1/core__BLOCK_009__index__reverse_stripes__reverse_00025.tif"
"core/BLOCK_009/index/reverse_stripes/reverse_00026.tif","runtime-core-block_009-v1","core__BLOCK_009__index__reverse_stripes__reverse_00026.tif",1207806,"https://github.com/JamilRamirez/FABDEM-Watershed-Runtime/releases/download/runtime-core-block_009-v1/core__BLOCK_009__index__reverse_stripes__reverse_00026.tif"
"core/BLOCK_009/index/reverse_stripes/reverse_00027.tif","runtime-core-block_009-v1","core__BLOCK_009__index__reverse_stripes__reverse_00027.tif",1234060,"https://github.com/JamilRamirez/FABDEM-Watershed-Runtime/releases/download/runtime-core-block_009-v1/core__BLOCK_009__index__reverse_stripes__reverse_00027.tif"
"core/BLOCK_009/index/reverse_stripes/reverse_00028.tif","runtime-core-block_009-v1","core__BLOCK_009__index__reverse_stripes__reverse_00028.tif",1242220,"https://github.com/JamilRamirez/FABDEM-Watershed-Runtime/releases/download/runtime-core-block_009-v1/core__BLOCK_009__index__reverse_stripes__reverse_00028.tif"
"core/BLOCK_009/index/reverse_stripes/reverse_00029.tif","runtime-core-block_009-v1","core__BLOCK_009__index__reverse_stripes__reverse_00029.tif",762292,"https://github.com/JamilRamirez/FABDEM-Watershed-Runtime/releases/download/runtime-core-block_009-v1/core__BLOCK_009__index__reverse_stripes__reverse_00029.tif"
"core/BLOCK_009/index/reverse_stripes/reverse_00030.tif","runtime-core-block_009-v1","core__BLOCK_009__index__reverse_stripes__reverse_00030.tif",641660,"https://github.com/JamilRamirez/FABDEM-Watershed-Runtime/releases/download/runtime-core-block_009-v1/core__BLOCK_009__index__reverse_stripes__reverse_00030.tif"
"core/BLOCK_009/index/reverse_stripes/reverse_00031.tif","runtime-core-block_009-v1","core__BLOCK_009__index__reverse_stripes__reverse_00031.tif",599326,"https://github.com/JamilRamirez/FABDEM-Watershed-Runtime/releases/download/runtime-core-block_009-v1/core__BLOCK_009__index__reverse_stripes__reverse_00031.tif"
"core/BLOCK_009/index/reverse_stripes/reverse_00032.tif","runtime-core-block_009-v1","core__BLOCK_009__index__reverse_stripes__reverse_00032.tif",532052,"https://github.com/JamilRamirez/FABDEM-Watershed-Runtime/releases/download/runtime-core-block_009-v1/core__BLOCK_009__index__reverse_stripes__reverse_00032.tif"
"core/BLOCK_009/index/reverse_stripes/reverse_00033.tif","runtime-core-block_009-v1","core__BLOCK_009__index__reverse_stripes__reverse_00033.tif",456812,"https://github.com/JamilRamirez/FABDEM-Watershed-Runtime/releases/download/runtime-core-block_009-v1/core__BLOCK_009__index__reverse_stripes__reverse_00033.tif"
"core/BLOCK_009/index/reverse_stripes/reverse_00034.tif","runtime-core-block_009-v1","core__BLOCK_009__index__reverse_stripes__reverse_00034.tif",426554,"https://github.com/JamilRamirez/FABDEM-Watershed-Runtime/releases/download/runtime-core-block_009-v1/core__BLOCK_009__index__reverse_stripes__reverse_00034.tif"
"core/BLOCK_009/index/reverse_stripes/reverse_00035.tif","runtime-core-block_009-v1","core__BLOCK_009__index__reverse_stripes__reverse_00035.tif",374076,"https://github.com/JamilRamirez/FABDEM-Watershed-Runtime/releases/download/runtime-core-block_009-v1/core__BLOCK_009__index__reverse_stripes__reverse_00035.tif"
"core/BLOCK_009/index/reverse_stripes/reverse_00036.tif","runtime-core-block_009-v1","core__BLOCK_009__index__reverse_stripes__reverse_00036.tif",329090,"https://github.com/JamilRamirez/FABDEM-Watershed-Runtime/releases/download/runtime-core-block_009-v1/core__BLOCK_009__index__reverse_stripes__reverse_00036.tif"
"core/BLOCK_009/index/reverse_stripes/reverse_00037.tif","runtime-core-block_009-v1","core__BLOCK_009__index__reverse_stripes__reverse_00037.tif",275392,"https://github.com/JamilRamirez/FABDEM-Watershed-Runtime/releases/download/runtime-core-block_009-v1/core__BLOCK_009__index__reverse_stripes__reverse_00037.tif"
"core/BLOCK_009/index/reverse_stripes/reverse_00038.tif","runtime-core-block_009-v1","core__BLOCK_009__index__reverse_stripes__reverse_00038.tif",210880,"https://github.com/JamilRamirez/FABDEM-Watershed-Runtime/releases/download/runtime-core-block_009-v1/core__BLOCK_009__index__reverse_stripes__reverse_00038.tif"
"core/BLOCK_009/index/reverse_stripes/reverse_00039.tif","runtime-core-block_009-v1","core__BLOCK_009__index__reverse_stripes__reverse_00039.tif",139842,"https://github.com/JamilRamirez/FABDEM-Watershed-Runtime/releases/download/runtime-core-block_009-v1/core__BLOCK_009__index__reverse_stripes__reverse_00039.tif"
"core/BLOCK_009/index/reverse_stripes/reverse_00040.tif","runtime-core-block_009-v1","core__BLOCK_009__index__reverse_stripes__reverse_00040.tif",113460,"https://github.com/JamilRamirez/FABDEM-Watershed-Runtime/releases/download/runtime-core-block_009-v1/core__BLOCK_009__index__reverse_stripes__reverse_00040.tif"
"core/BLOCK_009/index/reverse_stripes/reverse_00041.tif","runtime-core-block_009-v1","core__BLOCK_009__index__reverse_stripes__reverse_00041.tif",99998,"https://github.com/JamilRamirez/FABDEM-Watershed-Runtime/releases/download/runtime-core-block_009-v1/core__BLOCK_009__index__reverse_stripes__reverse_00041.tif"
"core/BLOCK_009/index/reverse_stripes/reverse_00042.tif","runtime-core-block_009-v1","core__BLOCK_009__index__reverse_stripes__reverse_00042.tif",59536,"https://github.com/JamilRamirez/FABDEM-Watershed-Runtime/releases/download/runtime-core-block_009-v1/core__BLOCK_009__index__reverse_stripes__reverse_00042.tif"
"core/BLOCK_009/index/reverse_stripes/reverse_00043.tif","runtime-core-block_009-v1","core__BLOCK_009__index__reverse_stripes__reverse_00043.tif",15228,"https://github.com/JamilRamirez/FABDEM-Watershed-Runtime/releases/download/runtime-core-block_009-v1/core__BLOCK_009__index__reverse_stripes__reverse_00043.tif"
"core/BLOCK_009/index/stream_stripes/stream_00001.tif","runtime-core-block_009-v1","core__BLOCK_009__index__stream_stripes__stream_00001.tif",20500,"https://github.com/JamilRamirez/FABDEM-Watershed-Runtime/releases/download/runtime-core-block_009-v1/core__BLOCK_009__index__stream_stripes__stream_00001.tif"
"core/BLOCK_009/index/stream_stripes/stream_00002.tif","runtime-core-block_009-v1","core__BLOCK_009__index__stream_stripes__stream_00002.tif",21014,"https://github.com/JamilRamirez/FABDEM-Watershed-Runtime/releases/download/runtime-core-block_009-v1/core__BLOCK_009__index__stream_stripes__stream_00002.tif"
"core/BLOCK_009/index/stream_stripes/stream_00003.tif","runtime-core-block_009-v1","core__BLOCK_009__index__stream_stripes__stream_00003.tif",21954,"https://github.com/JamilRamirez/FABDEM-Watershed-Runtime/releases/download/runtime-core-block_009-v1/core__BLOCK_009__index__stream_stripes__stream_00003.tif"
"core/BLOCK_009/index/stream_stripes/stream_00004.tif","runtime-core-block_009-v1","core__BLOCK_009__index__stream_stripes__stream_00004.tif",22804,"https://github.com/JamilRamirez/FABDEM-Watershed-Runtime/releases/download/runtime-core-block_009-v1/core__BLOCK_009__index__stream_stripes__stream_00004.tif"
"core/BLOCK_009/index/stream_stripes/stream_00005.tif","runtime-core-block_009-v1","core__BLOCK_009__index__stream_stripes__stream_00005.tif",23036,"https://github.com/JamilRamirez/FABDEM-Watershed-Runtime/releases/download/runtime-core-block_009-v1/core__BLOCK_009__index__stream_stripes__stream_00005.tif"
"core/BLOCK_009/index/stream_stripes/stream_00006.tif","runtime-core-block_009-v1","core__BLOCK_009__index__stream_stripes__stream_00006.tif",22722,"https://github.com/JamilRamirez/FABDEM-Watershed-Runtime/releases/download/runtime-core-block_009-v1/core__BLOCK_009__index__stream_stripes__stream_00006.tif"
"core/BLOCK_009/index/stream_stripes/stream_00007.tif","runtime-core-block_009-v1","core__BLOCK_009__index__stream_stripes__stream_00007.tif",20574,"https://github.com/JamilRamirez/FABDEM-Watershed-Runtime/releases/download/runtime-core-block_009-v1/core__BLOCK_009__index__stream_stripes__stream_00007.tif"
"core/BLOCK_009/index/stream_stripes/stream_00008.tif","runtime-core-block_009-v1","core__BLOCK_009__index__stream_stripes__stream_00008.tif",21216,"https://github.com/JamilRamirez/FABDEM-Watershed-Runtime/releases/download/runtime-core-block_009-v1/core__BLOCK_009__index__stream_stripes__stream_00008.tif"
"core/BLOCK_009/index/stream_stripes/stream_00009.tif","runtime-core-block_009-v1","core__BLOCK_009__index__stream_stripes__stream_00009.tif",20706,"https://github.com/JamilRamirez/FABDEM-Watershed-Runtime/releases/download/runtime-core-block_009-v1/core__BLOCK_009__index__stream_stripes__stream_00009.tif"
"core/BLOCK_009/index/stream_stripes/stream_00010.tif","runtime-core-block_009-v1","core__BLOCK_009__index__stream_stripes__stream_00010.tif",20382,"https://github.com/JamilRamirez/FABDEM-Watershed-Runtime/releases/download/runtime-core-block_009-v1/core__BLOCK_009__index__stream_stripes__stream_00010.tif"
"core/BLOCK_009/index/stream_stripes/stream_00011.tif","runtime-core-block_009-v1","core__BLOCK_009__index__stream_stripes__stream_00011.tif",19864,"https://github.com/JamilRamirez/FABDEM-Watershed-Runtime/releases/download/runtime-core-block_009-v1/core__BLOCK_009__index__stream_stripes__stream_00011.tif"
"core/BLOCK_009/index/stream_stripes/stream_00012.tif","runtime-core-block_009-v1","core__BLOCK_009__index__stream_stripes__stream_00012.tif",20502,"https://github.com/JamilRamirez/FABDEM-Watershed-Runtime/releases/download/runtime-core-block_009-v1/core__BLOCK_009__index__stream_stripes__stream_00012.tif"
"core/BLOCK_009/index/stream_stripes/stream_00013.tif","runtime-core-block_009-v1","core__BLOCK_009__index__stream_stripes__stream_00013.tif",20478,"https://github.com/JamilRamirez/FABDEM-Watershed-Runtime/releases/download/runtime-core-block_009-v1/core__BLOCK_009__index__stream_stripes__stream_00013.tif"
"core/BLOCK_009/index/stream_stripes/stream_00014.tif","runtime-core-block_009-v1","core__BLOCK_009__index__stream_stripes__stream_00014.tif",21382,"https://github.com/JamilRamirez/FABDEM-Watershed-Runtime/releases/download/runtime-core-block_009-v1/core__BLOCK_009__index__stream_stripes__stream_00014.tif"
"core/BLOCK_009/index/stream_stripes/stream_00015.tif","runtime-core-block_009-v1","core__BLOCK_009__index__stream_stripes__stream_00015.tif",32486,"https://github.com/JamilRamirez/FABDEM-Watershed-Runtime/releases/download/runtime-core-block_009-v1/core__BLOCK_009__index__stream_stripes__stream_00015.tif"
"core/BLOCK_009/index/stream_stripes/stream_00016.tif","runtime-core-block_009-v1","core__BLOCK_009__index__stream_stripes__stream_00016.tif",35676,"https://github.com/JamilRamirez/FABDEM-Watershed-Runtime/releases/download/runtime-core-block_009-v1/core__BLOCK_009__index__stream_stripes__stream_00016.tif"
"core/BLOCK_009/index/stream_stripes/stream_00017.tif","runtime-core-block_009-v1","core__BLOCK_009__index__stream_stripes__stream_00017.tif",36602,"https://github.com/JamilRamirez/FABDEM-Watershed-Runtime/releases/download/runtime-core-block_009-v1/core__BLOCK_009__index__stream_stripes__stream_00017.tif"
"core/BLOCK_009/index/stream_stripes/stream_00018.tif","runtime-core-block_009-v1","core__BLOCK_009__index__stream_stripes__stream_00018.tif",39190,"https://github.com/JamilRamirez/FABDEM-Watershed-Runtime/releases/download/runtime-core-block_009-v1/core__BLOCK_009__index__stream_stripes__stream_00018.tif"
"core/BLOCK_009/index/stream_stripes/stream_00019.tif","runtime-core-block_009-v1","core__BLOCK_009__index__stream_stripes__stream_00019.tif",34850,"https://github.com/JamilRamirez/FABDEM-Watershed-Runtime/releases/download/runtime-core-block_009-v1/core__BLOCK_009__index__stream_stripes__stream_00019.tif"
"core/BLOCK_009/index/stream_stripes/stream_00020.tif","runtime-core-block_009-v1","core__BLOCK_009__index__stream_stripes__stream_00020.tif",35850,"https://github.com/JamilRamirez/FABDEM-Watershed-Runtime/releases/download/runtime-core-block_009-v1/core__BLOCK_009__index__stream_stripes__stream_00020.tif"
"core/BLOCK_009/index/stream_stripes/stream_00021.tif","runtime-core-block_009-v1","core__BLOCK_009__index__stream_stripes__stream_00021.tif",37022,"https://github.com/JamilRamirez/FABDEM-Watershed-Runtime/releases/download/runtime-core-block_009-v1/core__BLOCK_009__index__stream_stripes__stream_00021.tif"
"core/BLOCK_009/index/stream_stripes/stream_00022.tif","runtime-core-block_009-v1","core__BLOCK_009__index__stream_stripes__stream_00022.tif",38980,"https://github.com/JamilRamirez/FABDEM-Watershed-Runtime/releases/download/runtime-core-block_009-v1/core__BLOCK_009__index__stream_stripes__stream_00022.tif"
"core/BLOCK_009/index/stream_stripes/stream_00023.tif","runtime-core-block_009-v1","core__BLOCK_009__index__stream_stripes__stream_00023.tif",37268,"https://github.com/JamilRamirez/FABDEM-Watershed-Runtime/releases/download/runtime-core-block_009-v1/core__BLOCK_009__index__stream_stripes__stream_00023.tif"
"core/BLOCK_009/index/stream_stripes/stream_00024.tif","runtime-core-block_009-v1","core__BLOCK_009__index__stream_stripes__stream_00024.tif",43546,"https://github.com/JamilRamirez/FABDEM-Watershed-Runtime/releases/download/runtime-core-block_009-v1/core__BLOCK_009__index__stream_stripes__stream_00024.tif"
"core/BLOCK_009/index/stream_stripes/stream_00025.tif","runtime-core-block_009-v1","core__BLOCK_009__index__stream_stripes__stream_00025.tif",37162,"https://github.com/JamilRamirez/FABDEM-Watershed-Runtime/releases/download/runtime-core-block_009-v1/core__BLOCK_009__index__stream_stripes__stream_00025.tif"
"core/BLOCK_009/index/stream_stripes/stream_00026.tif","runtime-core-block_009-v1","core__BLOCK_009__index__stream_stripes__stream_00026.tif",35640,"https://github.com/JamilRamirez/FABDEM-Watershed-Runtime/releases/download/runtime-core-block_009-v1/core__BLOCK_009__index__stream_stripes__stream_00026.tif"
"core/BLOCK_009/index/stream_stripes/stream_00027.tif","runtime-core-block_009-v1","core__BLOCK_009__index__stream_stripes__stream_00027.tif",35932,"https://github.com/JamilRamirez/FABDEM-Watershed-Runtime/releases/download/runtime-core-block_009-v1/core__BLOCK_009__index__stream_stripes__stream_00027.tif"
"core/BLOCK_009/index/stream_stripes/stream_00028.tif","runtime-core-block_009-v1","core__BLOCK_009__index__stream_stripes__stream_00028.tif",35064,"https://github.com/JamilRamirez/FABDEM-Watershed-Runtime/releases/download/runtime-core-block_009-v1/core__BLOCK_009__index__stream_stripes__stream_00028.tif"
"core/BLOCK_009/index/stream_stripes/stream_00029.tif","runtime-core-block_009-v1","core__BLOCK_009__index__stream_stripes__stream_00029.tif",23604,"https://github.com/JamilRamirez/FABDEM-Watershed-Runtime/releases/download/runtime-core-block_009-v1/core__BLOCK_009__index__stream_stripes__stream_00029.tif"
"core/BLOCK_009/index/stream_stripes/stream_00030.tif","runtime-core-block_009-v1","core__BLOCK_009__index__stream_stripes__stream_00030.tif",23882,"https://github.com/JamilRamirez/FABDEM-Watershed-Runtime/releases/download/runtime-core-block_009-v1/core__BLOCK_009__index__stream_stripes__stream_00030.tif"
"core/BLOCK_009/index/stream_stripes/stream_00031.tif","runtime-core-block_009-v1","core__BLOCK_009__index__stream_stripes__stream_00031.tif",25012,"https://github.com/JamilRamirez/FABDEM-Watershed-Runtime/releases/download/runtime-core-block_009-v1/core__BLOCK_009__index__stream_stripes__stream_00031.tif"
"core/BLOCK_009/index/stream_stripes/stream_00032.tif","runtime-core-block_009-v1","core__BLOCK_009__index__stream_stripes__stream_00032.tif",23262,"https://github.com/JamilRamirez/FABDEM-Watershed-Runtime/releases/download/runtime-core-block_009-v1/core__BLOCK_009__index__stream_stripes__stream_00032.tif"
"core/BLOCK_009/index/stream_stripes/stream_00033.tif","runtime-core-block_009-v1","core__BLOCK_009__index__stream_stripes__stream_00033.tif",22000,"https://github.com/JamilRamirez/FABDEM-Watershed-Runtime/releases/download/runtime-core-block_009-v1/core__BLOCK_009__index__stream_stripes__stream_00033.tif"
"core/BLOCK_009/index/stream_stripes/stream_00034.tif","runtime-core-block_009-v1","core__BLOCK_009__index__stream_stripes__stream_00034.tif",20652,"https://github.com/JamilRamirez/FABDEM-Watershed-Runtime/releases/download/runtime-core-block_009-v1/core__BLOCK_009__index__stream_stripes__stream_00034.tif"
"core/BLOCK_009/index/stream_stripes/stream_00035.tif","runtime-core-block_009-v1","core__BLOCK_009__index__stream_stripes__stream_00035.tif",20624,"https://github.com/JamilRamirez/FABDEM-Watershed-Runtime/releases/download/runtime-core-block_009-v1/core__BLOCK_009__index__stream_stripes__stream_00035.tif"
"core/BLOCK_009/index/stream_stripes/stream_00036.tif","runtime-core-block_009-v1","core__BLOCK_009__index__stream_stripes__stream_00036.tif",19396,"https://github.com/JamilRamirez/FABDEM-Watershed-Runtime/releases/download/runtime-core-block_009-v1/core__BLOCK_009__index__stream_stripes__stream_00036.tif"
"core/BLOCK_009/index/stream_stripes/stream_00037.tif","runtime-core-block_009-v1","core__BLOCK_009__index__stream_stripes__stream_00037.tif",18326,"https://github.com/JamilRamirez/FABDEM-Watershed-Runtime/releases/download/runtime-core-block_009-v1/core__BLOCK_009__index__stream_stripes__stream_00037.tif"
"core/BLOCK_009/index/stream_stripes/stream_00038.tif","runtime-core-block_009-v1","core__BLOCK_009__index__stream_stripes__stream_00038.tif",16684,"https://github.com/JamilRamirez/FABDEM-Watershed-Runtime/releases/download/runtime-core-block_009-v1/core__BLOCK_009__index__stream_stripes__stream_00038.tif"
"core/BLOCK_009/index/stream_stripes/stream_00039.tif","runtime-core-block_009-v1","core__BLOCK_009__index__stream_stripes__stream_00039.tif",13234,"https://github.com/JamilRamirez/FABDEM-Watershed-Runtime/releases/download/runtime-core-block_009-v1/core__BLOCK_009__index__stream_stripes__stream_00039.tif"
"core/BLOCK_009/index/stream_stripes/stream_00040.tif","runtime-core-block_009-v1","core__BLOCK_009__index__stream_stripes__stream_00040.tif",13724,"https://github.com/JamilRamirez/FABDEM-Watershed-Runtime/releases/download/runtime-core-block_009-v1/core__BLOCK_009__index__stream_stripes__stream_00040.tif"
"core/BLOCK_009/index/stream_stripes/stream_00041.tif","runtime-core-block_009-v1","core__BLOCK_009__index__stream_stripes__stream_00041.tif",13198,"https://github.com/JamilRamirez/FABDEM-Watershed-Runtime/releases/download/runtime-core-block_009-v1/core__BLOCK_009__index__stream_stripes__stream_00041.tif"
"core/BLOCK_009/index/stream_stripes/stream_00042.tif","runtime-core-block_009-v1","core__BLOCK_009__index__stream_stripes__stream_00042.tif",13926,"https://github.com/JamilRamirez/FABDEM-Watershed-Runtime/releases/download/runtime-core-block_009-v1/core__BLOCK_009__index__stream_stripes__stream_00042.tif"
"core/BLOCK_009/index/stream_stripes/stream_00043.tif","runtime-core-block_009-v1","core__BLOCK_009__index__stream_stripes__stream_00043.tif",8530,"https://github.com/JamilRamirez/FABDEM-Watershed-Runtime/releases/download/runtime-core-block_009-v1/core__BLOCK_009__index__stream_stripes__stream_00043.tif"
"core/BLOCK_010/index/index_metadata.rds","runtime-core-block_010-v1","core__BLOCK_010__index__index_metadata.rds",1347,"https://github.com/JamilRamirez/FABDEM-Watershed-Runtime/releases/download/runtime-core-block_010-v1/core__BLOCK_010__index__index_metadata.rds"
"core/BLOCK_010/index/reverse_stripes/reverse_00001.tif","runtime-core-block_010-v1","core__BLOCK_010__index__reverse_stripes__reverse_00001.tif",912640,"https://github.com/JamilRamirez/FABDEM-Watershed-Runtime/releases/download/runtime-core-block_010-v1/core__BLOCK_010__index__reverse_stripes__reverse_00001.tif"
"core/BLOCK_010/index/reverse_stripes/reverse_00002.tif","runtime-core-block_010-v1","core__BLOCK_010__index__reverse_stripes__reverse_00002.tif",896562,"https://github.com/JamilRamirez/FABDEM-Watershed-Runtime/releases/download/runtime-core-block_010-v1/core__BLOCK_010__index__reverse_stripes__reverse_00002.tif"
"core/BLOCK_010/index/reverse_stripes/reverse_00003.tif","runtime-core-block_010-v1","core__BLOCK_010__index__reverse_stripes__reverse_00003.tif",900884,"https://github.com/JamilRamirez/FABDEM-Watershed-Runtime/releases/download/runtime-core-block_010-v1/core__BLOCK_010__index__reverse_stripes__reverse_00003.tif"
"core/BLOCK_010/index/reverse_stripes/reverse_00004.tif","runtime-core-block_010-v1","core__BLOCK_010__index__reverse_stripes__reverse_00004.tif",922426,"https://github.com/JamilRamirez/FABDEM-Watershed-Runtime/releases/download/runtime-core-block_010-v1/core__BLOCK_010__index__reverse_stripes__reverse_00004.tif"
"core/BLOCK_010/index/reverse_stripes/reverse_00005.tif","runtime-core-block_010-v1","core__BLOCK_010__index__reverse_stripes__reverse_00005.tif",898402,"https://github.com/JamilRamirez/FABDEM-Watershed-Runtime/releases/download/runtime-core-block_010-v1/core__BLOCK_010__index__reverse_stripes__reverse_00005.tif"
"core/BLOCK_010/index/reverse_stripes/reverse_00006.tif","runtime-core-block_010-v1","core__BLOCK_010__index__reverse_stripes__reverse_00006.tif",901322,"https://github.com/JamilRamirez/FABDEM-Watershed-Runtime/releases/download/runtime-core-block_010-v1/core__BLOCK_010__index__reverse_stripes__reverse_00006.tif"
"core/BLOCK_010/index/reverse_stripes/reverse_00007.tif","runtime-core-block_010-v1","core__BLOCK_010__index__reverse_stripes__reverse_00007.tif",910422,"https://github.com/JamilRamirez/FABDEM-Watershed-Runtime/releases/download/runtime-core-block_010-v1/core__BLOCK_010__index__reverse_stripes__reverse_00007.tif"
"core/BLOCK_010/index/reverse_stripes/reverse_00008.tif","runtime-core-block_010-v1","core__BLOCK_010__index__reverse_stripes__reverse_00008.tif",889576,"https://github.com/JamilRamirez/FABDEM-Watershed-Runtime/releases/download/runtime-core-block_010-v1/core__BLOCK_010__index__reverse_stripes__reverse_00008.tif"
"core/BLOCK_010/index/reverse_stripes/reverse_00009.tif","runtime-core-block_010-v1","core__BLOCK_010__index__reverse_stripes__reverse_00009.tif",875734,"https://github.com/JamilRamirez/FABDEM-Watershed-Runtime/releases/download/runtime-core-block_010-v1/core__BLOCK_010__index__reverse_stripes__reverse_00009.tif"
"core/BLOCK_010/index/reverse_stripes/reverse_00010.tif","runtime-core-block_010-v1","core__BLOCK_010__index__reverse_stripes__reverse_00010.tif",883632,"https://github.com/JamilRamirez/FABDEM-Watershed-Runtime/releases/download/runtime-core-block_010-v1/core__BLOCK_010__index__reverse_stripes__reverse_00010.tif"
"core/BLOCK_010/index/reverse_stripes/reverse_00011.tif","runtime-core-block_010-v1","core__BLOCK_010__index__reverse_stripes__reverse_00011.tif",854488,"https://github.com/JamilRamirez/FABDEM-Watershed-Runtime/releases/download/runtime-core-block_010-v1/core__BLOCK_010__index__reverse_stripes__reverse_00011.tif"
"core/BLOCK_010/index/reverse_stripes/reverse_00012.tif","runtime-core-block_010-v1","core__BLOCK_010__index__reverse_stripes__reverse_00012.tif",878342,"https://github.com/JamilRamirez/FABDEM-Watershed-Runtime/releases/download/runtime-core-block_010-v1/core__BLOCK_010__index__reverse_stripes__reverse_00012.tif"
"core/BLOCK_010/index/reverse_stripes/reverse_00013.tif","runtime-core-block_010-v1","core__BLOCK_010__index__reverse_stripes__reverse_00013.tif",886006,"https://github.com/JamilRamirez/FABDEM-Watershed-Runtime/releases/download/runtime-core-block_010-v1/core__BLOCK_010__index__reverse_stripes__reverse_00013.tif"
"core/BLOCK_010/index/reverse_stripes/reverse_00014.tif","runtime-core-block_010-v1","core__BLOCK_010__index__reverse_stripes__reverse_00014.tif",898240,"https://github.com/JamilRamirez/FABDEM-Watershed-Runtime/releases/download/runtime-core-block_010-v1/core__BLOCK_010__index__reverse_stripes__reverse_00014.tif"
"core/BLOCK_010/index/reverse_stripes/reverse_00015.tif","runtime-core-block_010-v1","core__BLOCK_010__index__reverse_stripes__reverse_00015.tif",1108252,"https://github.com/JamilRamirez/FABDEM-Watershed-Runtime/releases/download/runtime-core-block_010-v1/core__BLOCK_010__index__reverse_stripes__reverse_00015.tif"
"core/BLOCK_010/index/reverse_stripes/reverse_00016.tif","runtime-core-block_010-v1","core__BLOCK_010__index__reverse_stripes__reverse_00016.tif",1135348,"https://github.com/JamilRamirez/FABDEM-Watershed-Runtime/releases/download/runtime-core-block_010-v1/core__BLOCK_010__index__reverse_stripes__reverse_00016.tif"
"core/BLOCK_010/index/reverse_stripes/reverse_00017.tif","runtime-core-block_010-v1","core__BLOCK_010__index__reverse_stripes__reverse_00017.tif",1119744,"https://github.com/JamilRamirez/FABDEM-Watershed-Runtime/releases/download/runtime-core-block_010-v1/core__BLOCK_010__index__reverse_stripes__reverse_00017.tif"
"core/BLOCK_010/index/reverse_stripes/reverse_00018.tif","runtime-core-block_010-v1","core__BLOCK_010__index__reverse_stripes__reverse_00018.tif",1161522,"https://github.com/JamilRamirez/FABDEM-Watershed-Runtime/releases/download/runtime-core-block_010-v1/core__BLOCK_010__index__reverse_stripes__reverse_00018.tif"
"core/BLOCK_010/index/reverse_stripes/reverse_00019.tif","runtime-core-block_010-v1","core__BLOCK_010__index__reverse_stripes__reverse_00019.tif",1173708,"https://github.com/JamilRamirez/FABDEM-Watershed-Runtime/releases/download/runtime-core-block_010-v1/core__BLOCK_010__index__reverse_stripes__reverse_00019.tif"
"core/BLOCK_010/index/reverse_stripes/reverse_00020.tif","runtime-core-block_010-v1","core__BLOCK_010__index__reverse_stripes__reverse_00020.tif",1160820,"https://github.com/JamilRamirez/FABDEM-Watershed-Runtime/releases/download/runtime-core-block_010-v1/core__BLOCK_010__index__reverse_stripes__reverse_00020.tif"
"core/BLOCK_010/index/reverse_stripes/reverse_00021.tif","runtime-core-block_010-v1","core__BLOCK_010__index__reverse_stripes__reverse_00021.tif",1199490,"https://github.com/JamilRamirez/FABDEM-Watershed-Runtime/releases/download/runtime-core-block_010-v1/core__BLOCK_010__index__reverse_stripes__reverse_00021.tif"
"core/BLOCK_010/index/reverse_stripes/reverse_00022.tif","runtime-core-block_010-v1","core__BLOCK_010__index__reverse_stripes__reverse_00022.tif",1198440,"https://github.com/JamilRamirez/FABDEM-Watershed-Runtime/releases/download/runtime-core-block_010-v1/core__BLOCK_010__index__reverse_stripes__reverse_00022.tif"
"core/BLOCK_010/index/reverse_stripes/reverse_00023.tif","runtime-core-block_010-v1","core__BLOCK_010__index__reverse_stripes__reverse_00023.tif",1148734,"https://github.com/JamilRamirez/FABDEM-Watershed-Runtime/releases/download/runtime-core-block_010-v1/core__BLOCK_010__index__reverse_stripes__reverse_00023.tif"
"core/BLOCK_010/index/reverse_stripes/reverse_00024.tif","runtime-core-block_010-v1","core__BLOCK_010__index__reverse_stripes__reverse_00024.tif",1069914,"https://github.com/JamilRamirez/FABDEM-Watershed-Runtime/releases/download/runtime-core-block_010-v1/core__BLOCK_010__index__reverse_stripes__reverse_00024.tif"
"core/BLOCK_010/index/reverse_stripes/reverse_00025.tif","runtime-core-block_010-v1","core__BLOCK_010__index__reverse_stripes__reverse_00025.tif",994102,"https://github.com/JamilRamirez/FABDEM-Watershed-Runtime/releases/download/runtime-core-block_010-v1/core__BLOCK_010__index__reverse_stripes__reverse_00025.tif"
"core/BLOCK_010/index/reverse_stripes/reverse_00026.tif","runtime-core-block_010-v1","core__BLOCK_010__index__reverse_stripes__reverse_00026.tif",985856,"https://github.com/JamilRamirez/FABDEM-Watershed-Runtime/releases/download/runtime-core-block_010-v1/core__BLOCK_010__index__reverse_stripes__reverse_00026.tif"
"core/BLOCK_010/index/reverse_stripes/reverse_00027.tif","runtime-core-block_010-v1","core__BLOCK_010__index__reverse_stripes__reverse_00027.tif",963704,"https://github.com/JamilRamirez/FABDEM-Watershed-Runtime/releases/download/runtime-core-block_010-v1/core__BLOCK_010__index__reverse_stripes__reverse_00027.tif"
"core/BLOCK_010/index/reverse_stripes/reverse_00028.tif","runtime-core-block_010-v1","core__BLOCK_010__index__reverse_stripes__reverse_00028.tif",937412,"https://github.com/JamilRamirez/FABDEM-Watershed-Runtime/releases/download/runtime-core-block_010-v1/core__BLOCK_010__index__reverse_stripes__reverse_00028.tif"
"core/BLOCK_010/index/reverse_stripes/reverse_00029.tif","runtime-core-block_010-v1","core__BLOCK_010__index__reverse_stripes__reverse_00029.tif",434608,"https://github.com/JamilRamirez/FABDEM-Watershed-Runtime/releases/download/runtime-core-block_010-v1/core__BLOCK_010__index__reverse_stripes__reverse_00029.tif"
"core/BLOCK_010/index/reverse_stripes/reverse_00030.tif","runtime-core-block_010-v1","core__BLOCK_010__index__reverse_stripes__reverse_00030.tif",330788,"https://github.com/JamilRamirez/FABDEM-Watershed-Runtime/releases/download/runtime-core-block_010-v1/core__BLOCK_010__index__reverse_stripes__reverse_00030.tif"
"core/BLOCK_010/index/reverse_stripes/reverse_00031.tif","runtime-core-block_010-v1","core__BLOCK_010__index__reverse_stripes__reverse_00031.tif",289674,"https://github.com/JamilRamirez/FABDEM-Watershed-Runtime/releases/download/runtime-core-block_010-v1/core__BLOCK_010__index__reverse_stripes__reverse_00031.tif"
"core/BLOCK_010/index/reverse_stripes/reverse_00032.tif","runtime-core-block_010-v1","core__BLOCK_010__index__reverse_stripes__reverse_00032.tif",212786,"https://github.com/JamilRamirez/FABDEM-Watershed-Runtime/releases/download/runtime-core-block_010-v1/core__BLOCK_010__index__reverse_stripes__reverse_00032.tif"
"core/BLOCK_010/index/reverse_stripes/reverse_00033.tif","runtime-core-block_010-v1","core__BLOCK_010__index__reverse_stripes__reverse_00033.tif",167516,"https://github.com/JamilRamirez/FABDEM-Watershed-Runtime/releases/download/runtime-core-block_010-v1/core__BLOCK_010__index__reverse_stripes__reverse_00033.tif"
"core/BLOCK_010/index/reverse_stripes/reverse_00034.tif","runtime-core-block_010-v1","core__BLOCK_010__index__reverse_stripes__reverse_00034.tif",141424,"https://github.com/JamilRamirez/FABDEM-Watershed-Runtime/releases/download/runtime-core-block_010-v1/core__BLOCK_010__index__reverse_stripes__reverse_00034.tif"
"core/BLOCK_010/index/reverse_stripes/reverse_00035.tif","runtime-core-block_010-v1","core__BLOCK_010__index__reverse_stripes__reverse_00035.tif",141856,"https://github.com/JamilRamirez/FABDEM-Watershed-Runtime/releases/download/runtime-core-block_010-v1/core__BLOCK_010__index__reverse_stripes__reverse_00035.tif"
"core/BLOCK_010/index/reverse_stripes/reverse_00036.tif","runtime-core-block_010-v1","core__BLOCK_010__index__reverse_stripes__reverse_00036.tif",133406,"https://github.com/JamilRamirez/FABDEM-Watershed-Runtime/releases/download/runtime-core-block_010-v1/core__BLOCK_010__index__reverse_stripes__reverse_00036.tif"
"core/BLOCK_010/index/reverse_stripes/reverse_00037.tif","runtime-core-block_010-v1","core__BLOCK_010__index__reverse_stripes__reverse_00037.tif",123090,"https://github.com/JamilRamirez/FABDEM-Watershed-Runtime/releases/download/runtime-core-block_010-v1/core__BLOCK_010__index__reverse_stripes__reverse_00037.tif"
"core/BLOCK_010/index/reverse_stripes/reverse_00038.tif","runtime-core-block_010-v1","core__BLOCK_010__index__reverse_stripes__reverse_00038.tif",126776,"https://github.com/JamilRamirez/FABDEM-Watershed-Runtime/releases/download/runtime-core-block_010-v1/core__BLOCK_010__index__reverse_stripes__reverse_00038.tif"
"core/BLOCK_010/index/reverse_stripes/reverse_00039.tif","runtime-core-block_010-v1","core__BLOCK_010__index__reverse_stripes__reverse_00039.tif",83256,"https://github.com/JamilRamirez/FABDEM-Watershed-Runtime/releases/download/runtime-core-block_010-v1/core__BLOCK_010__index__reverse_stripes__reverse_00039.tif"
"core/BLOCK_010/index/reverse_stripes/reverse_00040.tif","runtime-core-block_010-v1","core__BLOCK_010__index__reverse_stripes__reverse_00040.tif",59398,"https://github.com/JamilRamirez/FABDEM-Watershed-Runtime/releases/download/runtime-core-block_010-v1/core__BLOCK_010__index__reverse_stripes__reverse_00040.tif"
"core/BLOCK_010/index/reverse_stripes/reverse_00041.tif","runtime-core-block_010-v1","core__BLOCK_010__index__reverse_stripes__reverse_00041.tif",25748,"https://github.com/JamilRamirez/FABDEM-Watershed-Runtime/releases/download/runtime-core-block_010-v1/core__BLOCK_010__index__reverse_stripes__reverse_00041.tif"
"core/BLOCK_010/index/reverse_stripes/reverse_00042.tif","runtime-core-block_010-v1","core__BLOCK_010__index__reverse_stripes__reverse_00042.tif",8871,"https://github.com/JamilRamirez/FABDEM-Watershed-Runtime/releases/download/runtime-core-block_010-v1/core__BLOCK_010__index__reverse_stripes__reverse_00042.tif"
"core/BLOCK_010/index/reverse_stripes/reverse_00043.tif","runtime-core-block_010-v1","core__BLOCK_010__index__reverse_stripes__reverse_00043.tif",7417,"https://github.com/JamilRamirez/FABDEM-Watershed-Runtime/releases/download/runtime-core-block_010-v1/core__BLOCK_010__index__reverse_stripes__reverse_00043.tif"
"core/BLOCK_010/index/stream_stripes/stream_00001.tif","runtime-core-block_010-v1","core__BLOCK_010__index__stream_stripes__stream_00001.tif",24832,"https://github.com/JamilRamirez/FABDEM-Watershed-Runtime/releases/download/runtime-core-block_010-v1/core__BLOCK_010__index__stream_stripes__stream_00001.tif"
"core/BLOCK_010/index/stream_stripes/stream_00002.tif","runtime-core-block_010-v1","core__BLOCK_010__index__stream_stripes__stream_00002.tif",27840,"https://github.com/JamilRamirez/FABDEM-Watershed-Runtime/releases/download/runtime-core-block_010-v1/core__BLOCK_010__index__stream_stripes__stream_00002.tif"
"core/BLOCK_010/index/stream_stripes/stream_00003.tif","runtime-core-block_010-v1","core__BLOCK_010__index__stream_stripes__stream_00003.tif",29424,"https://github.com/JamilRamirez/FABDEM-Watershed-Runtime/releases/download/runtime-core-block_010-v1/core__BLOCK_010__index__stream_stripes__stream_00003.tif"
"core/BLOCK_010/index/stream_stripes/stream_00004.tif","runtime-core-block_010-v1","core__BLOCK_010__index__stream_stripes__stream_00004.tif",30754,"https://github.com/JamilRamirez/FABDEM-Watershed-Runtime/releases/download/runtime-core-block_010-v1/core__BLOCK_010__index__stream_stripes__stream_00004.tif"
"core/BLOCK_010/index/stream_stripes/stream_00005.tif","runtime-core-block_010-v1","core__BLOCK_010__index__stream_stripes__stream_00005.tif",28170,"https://github.com/JamilRamirez/FABDEM-Watershed-Runtime/releases/download/runtime-core-block_010-v1/core__BLOCK_010__index__stream_stripes__stream_00005.tif"
"core/BLOCK_010/index/stream_stripes/stream_00006.tif","runtime-core-block_010-v1","core__BLOCK_010__index__stream_stripes__stream_00006.tif",29414,"https://github.com/JamilRamirez/FABDEM-Watershed-Runtime/releases/download/runtime-core-block_010-v1/core__BLOCK_010__index__stream_stripes__stream_00006.tif"
"core/BLOCK_010/index/stream_stripes/stream_00007.tif","runtime-core-block_010-v1","core__BLOCK_010__index__stream_stripes__stream_00007.tif",29988,"https://github.com/JamilRamirez/FABDEM-Watershed-Runtime/releases/download/runtime-core-block_010-v1/core__BLOCK_010__index__stream_stripes__stream_00007.tif"
"core/BLOCK_010/index/stream_stripes/stream_00008.tif","runtime-core-block_010-v1","core__BLOCK_010__index__stream_stripes__stream_00008.tif",30482,"https://github.com/JamilRamirez/FABDEM-Watershed-Runtime/releases/download/runtime-core-block_010-v1/core__BLOCK_010__index__stream_stripes__stream_00008.tif"
"core/BLOCK_010/index/stream_stripes/stream_00009.tif","runtime-core-block_010-v1","core__BLOCK_010__index__stream_stripes__stream_00009.tif",29202,"https://github.com/JamilRamirez/FABDEM-Watershed-Runtime/releases/download/runtime-core-block_010-v1/core__BLOCK_010__index__stream_stripes__stream_00009.tif"
"core/BLOCK_010/index/stream_stripes/stream_00010.tif","runtime-core-block_010-v1","core__BLOCK_010__index__stream_stripes__stream_00010.tif",32576,"https://github.com/JamilRamirez/FABDEM-Watershed-Runtime/releases/download/runtime-core-block_010-v1/core__BLOCK_010__index__stream_stripes__stream_00010.tif"
"core/BLOCK_010/index/stream_stripes/stream_00011.tif","runtime-core-block_010-v1","core__BLOCK_010__index__stream_stripes__stream_00011.tif",27682,"https://github.com/JamilRamirez/FABDEM-Watershed-Runtime/releases/download/runtime-core-block_010-v1/core__BLOCK_010__index__stream_stripes__stream_00011.tif"
"core/BLOCK_010/index/stream_stripes/stream_00012.tif","runtime-core-block_010-v1","core__BLOCK_010__index__stream_stripes__stream_00012.tif",30070,"https://github.com/JamilRamirez/FABDEM-Watershed-Runtime/releases/download/runtime-core-block_010-v1/core__BLOCK_010__index__stream_stripes__stream_00012.tif"
"core/BLOCK_010/index/stream_stripes/stream_00013.tif","runtime-core-block_010-v1","core__BLOCK_010__index__stream_stripes__stream_00013.tif",29426,"https://github.com/JamilRamirez/FABDEM-Watershed-Runtime/releases/download/runtime-core-block_010-v1/core__BLOCK_010__index__stream_stripes__stream_00013.tif"
"core/BLOCK_010/index/stream_stripes/stream_00014.tif","runtime-core-block_010-v1","core__BLOCK_010__index__stream_stripes__stream_00014.tif",28462,"https://github.com/JamilRamirez/FABDEM-Watershed-Runtime/releases/download/runtime-core-block_010-v1/core__BLOCK_010__index__stream_stripes__stream_00014.tif"
"core/BLOCK_010/index/stream_stripes/stream_00015.tif","runtime-core-block_010-v1","core__BLOCK_010__index__stream_stripes__stream_00015.tif",33868,"https://github.com/JamilRamirez/FABDEM-Watershed-Runtime/releases/download/runtime-core-block_010-v1/core__BLOCK_010__index__stream_stripes__stream_00015.tif"
"core/BLOCK_010/index/stream_stripes/stream_00016.tif","runtime-core-block_010-v1","core__BLOCK_010__index__stream_stripes__stream_00016.tif",38556,"https://github.com/JamilRamirez/FABDEM-Watershed-Runtime/releases/download/runtime-core-block_010-v1/core__BLOCK_010__index__stream_stripes__stream_00016.tif"
"core/BLOCK_010/index/stream_stripes/stream_00017.tif","runtime-core-block_010-v1","core__BLOCK_010__index__stream_stripes__stream_00017.tif",37330,"https://github.com/JamilRamirez/FABDEM-Watershed-Runtime/releases/download/runtime-core-block_010-v1/core__BLOCK_010__index__stream_stripes__stream_00017.tif"
"core/BLOCK_010/index/stream_stripes/stream_00018.tif","runtime-core-block_010-v1","core__BLOCK_010__index__stream_stripes__stream_00018.tif",36790,"https://github.com/JamilRamirez/FABDEM-Watershed-Runtime/releases/download/runtime-core-block_010-v1/core__BLOCK_010__index__stream_stripes__stream_00018.tif"
"core/BLOCK_010/index/stream_stripes/stream_00019.tif","runtime-core-block_010-v1","core__BLOCK_010__index__stream_stripes__stream_00019.tif",38094,"https://github.com/JamilRamirez/FABDEM-Watershed-Runtime/releases/download/runtime-core-block_010-v1/core__BLOCK_010__index__stream_stripes__stream_00019.tif"
"core/BLOCK_010/index/stream_stripes/stream_00020.tif","runtime-core-block_010-v1","core__BLOCK_010__index__stream_stripes__stream_00020.tif",41170,"https://github.com/JamilRamirez/FABDEM-Watershed-Runtime/releases/download/runtime-core-block_010-v1/core__BLOCK_010__index__stream_stripes__stream_00020.tif"
"core/BLOCK_010/index/stream_stripes/stream_00021.tif","runtime-core-block_010-v1","core__BLOCK_010__index__stream_stripes__stream_00021.tif",39788,"https://github.com/JamilRamirez/FABDEM-Watershed-Runtime/releases/download/runtime-core-block_010-v1/core__BLOCK_010__index__stream_stripes__stream_00021.tif"
"core/BLOCK_010/index/stream_stripes/stream_00022.tif","runtime-core-block_010-v1","core__BLOCK_010__index__stream_stripes__stream_00022.tif",37910,"https://github.com/JamilRamirez/FABDEM-Watershed-Runtime/releases/download/runtime-core-block_010-v1/core__BLOCK_010__index__stream_stripes__stream_00022.tif"
"core/BLOCK_010/index/stream_stripes/stream_00023.tif","runtime-core-block_010-v1","core__BLOCK_010__index__stream_stripes__stream_00023.tif",36638,"https://github.com/JamilRamirez/FABDEM-Watershed-Runtime/releases/download/runtime-core-block_010-v1/core__BLOCK_010__index__stream_stripes__stream_00023.tif"
"core/BLOCK_010/index/stream_stripes/stream_00024.tif","runtime-core-block_010-v1","core__BLOCK_010__index__stream_stripes__stream_00024.tif",37500,"https://github.com/JamilRamirez/FABDEM-Watershed-Runtime/releases/download/runtime-core-block_010-v1/core__BLOCK_010__index__stream_stripes__stream_00024.tif"
"core/BLOCK_010/index/stream_stripes/stream_00025.tif","runtime-core-block_010-v1","core__BLOCK_010__index__stream_stripes__stream_00025.tif",36150,"https://github.com/JamilRamirez/FABDEM-Watershed-Runtime/releases/download/runtime-core-block_010-v1/core__BLOCK_010__index__stream_stripes__stream_00025.tif"
"core/BLOCK_010/index/stream_stripes/stream_00026.tif","runtime-core-block_010-v1","core__BLOCK_010__index__stream_stripes__stream_00026.tif",32962,"https://github.com/JamilRamirez/FABDEM-Watershed-Runtime/releases/download/runtime-core-block_010-v1/core__BLOCK_010__index__stream_stripes__stream_00026.tif"
"core/BLOCK_010/index/stream_stripes/stream_00027.tif","runtime-core-block_010-v1","core__BLOCK_010__index__stream_stripes__stream_00027.tif",31974,"https://github.com/JamilRamirez/FABDEM-Watershed-Runtime/releases/download/runtime-core-block_010-v1/core__BLOCK_010__index__stream_stripes__stream_00027.tif"
"core/BLOCK_010/index/stream_stripes/stream_00028.tif","runtime-core-block_010-v1","core__BLOCK_010__index__stream_stripes__stream_00028.tif",31642,"https://github.com/JamilRamirez/FABDEM-Watershed-Runtime/releases/download/runtime-core-block_010-v1/core__BLOCK_010__index__stream_stripes__stream_00028.tif"
"core/BLOCK_010/index/stream_stripes/stream_00029.tif","runtime-core-block_010-v1","core__BLOCK_010__index__stream_stripes__stream_00029.tif",16226,"https://github.com/JamilRamirez/FABDEM-Watershed-Runtime/releases/download/runtime-core-block_010-v1/core__BLOCK_010__index__stream_stripes__stream_00029.tif"
"core/BLOCK_010/index/stream_stripes/stream_00030.tif","runtime-core-block_010-v1","core__BLOCK_010__index__stream_stripes__stream_00030.tif",14080,"https://github.com/JamilRamirez/FABDEM-Watershed-Runtime/releases/download/runtime-core-block_010-v1/core__BLOCK_010__index__stream_stripes__stream_00030.tif"
"core/BLOCK_010/index/stream_stripes/stream_00031.tif","runtime-core-block_010-v1","core__BLOCK_010__index__stream_stripes__stream_00031.tif",13330,"https://github.com/JamilRamirez/FABDEM-Watershed-Runtime/releases/download/runtime-core-block_010-v1/core__BLOCK_010__index__stream_stripes__stream_00031.tif"
"core/BLOCK_010/index/stream_stripes/stream_00032.tif","runtime-core-block_010-v1","core__BLOCK_010__index__stream_stripes__stream_00032.tif",12386,"https://github.com/JamilRamirez/FABDEM-Watershed-Runtime/releases/download/runtime-core-block_010-v1/core__BLOCK_010__index__stream_stripes__stream_00032.tif"
"core/BLOCK_010/index/stream_stripes/stream_00033.tif","runtime-core-block_010-v1","core__BLOCK_010__index__stream_stripes__stream_00033.tif",11104,"https://github.com/JamilRamirez/FABDEM-Watershed-Runtime/releases/download/runtime-core-block_010-v1/core__BLOCK_010__index__stream_stripes__stream_00033.tif"
"core/BLOCK_010/index/stream_stripes/stream_00034.tif","runtime-core-block_010-v1","core__BLOCK_010__index__stream_stripes__stream_00034.tif",9532,"https://github.com/JamilRamirez/FABDEM-Watershed-Runtime/releases/download/runtime-core-block_010-v1/core__BLOCK_010__index__stream_stripes__stream_00034.tif"
"core/BLOCK_010/index/stream_stripes/stream_00035.tif","runtime-core-block_010-v1","core__BLOCK_010__index__stream_stripes__stream_00035.tif",9586,"https://github.com/JamilRamirez/FABDEM-Watershed-Runtime/releases/download/runtime-core-block_010-v1/core__BLOCK_010__index__stream_stripes__stream_00035.tif"
"core/BLOCK_010/index/stream_stripes/stream_00036.tif","runtime-core-block_010-v1","core__BLOCK_010__index__stream_stripes__stream_00036.tif",9968,"https://github.com/JamilRamirez/FABDEM-Watershed-Runtime/releases/download/runtime-core-block_010-v1/core__BLOCK_010__index__stream_stripes__stream_00036.tif"
"core/BLOCK_010/index/stream_stripes/stream_00037.tif","runtime-core-block_010-v1","core__BLOCK_010__index__stream_stripes__stream_00037.tif",10732,"https://github.com/JamilRamirez/FABDEM-Watershed-Runtime/releases/download/runtime-core-block_010-v1/core__BLOCK_010__index__stream_stripes__stream_00037.tif"
"core/BLOCK_010/index/stream_stripes/stream_00038.tif","runtime-core-block_010-v1","core__BLOCK_010__index__stream_stripes__stream_00038.tif",9422,"https://github.com/JamilRamirez/FABDEM-Watershed-Runtime/releases/download/runtime-core-block_010-v1/core__BLOCK_010__index__stream_stripes__stream_00038.tif"
"core/BLOCK_010/index/stream_stripes/stream_00039.tif","runtime-core-block_010-v1","core__BLOCK_010__index__stream_stripes__stream_00039.tif",9048,"https://github.com/JamilRamirez/FABDEM-Watershed-Runtime/releases/download/runtime-core-block_010-v1/core__BLOCK_010__index__stream_stripes__stream_00039.tif"
"core/BLOCK_010/index/stream_stripes/stream_00040.tif","runtime-core-block_010-v1","core__BLOCK_010__index__stream_stripes__stream_00040.tif",9022,"https://github.com/JamilRamirez/FABDEM-Watershed-Runtime/releases/download/runtime-core-block_010-v1/core__BLOCK_010__index__stream_stripes__stream_00040.tif"
"core/BLOCK_010/index/stream_stripes/stream_00041.tif","runtime-core-block_010-v1","core__BLOCK_010__index__stream_stripes__stream_00041.tif",8198,"https://github.com/JamilRamirez/FABDEM-Watershed-Runtime/releases/download/runtime-core-block_010-v1/core__BLOCK_010__index__stream_stripes__stream_00041.tif"
"core/BLOCK_010/index/stream_stripes/stream_00042.tif","runtime-core-block_010-v1","core__BLOCK_010__index__stream_stripes__stream_00042.tif",7544,"https://github.com/JamilRamirez/FABDEM-Watershed-Runtime/releases/download/runtime-core-block_010-v1/core__BLOCK_010__index__stream_stripes__stream_00042.tif"
"core/BLOCK_010/index/stream_stripes/stream_00043.tif","runtime-core-block_010-v1","core__BLOCK_010__index__stream_stripes__stream_00043.tif",7078,"https://github.com/JamilRamirez/FABDEM-Watershed-Runtime/releases/download/runtime-core-block_010-v1/core__BLOCK_010__index__stream_stripes__stream_00043.tif"
"core/BLOCK_011/index/index_metadata.rds","runtime-core-block_011-v1","core__BLOCK_011__index__index_metadata.rds",1334,"https://github.com/JamilRamirez/FABDEM-Watershed-Runtime/releases/download/runtime-core-block_011-v1/core__BLOCK_011__index__index_metadata.rds"
"core/BLOCK_011/index/reverse_stripes/reverse_00001.tif","runtime-core-block_011-v1","core__BLOCK_011__index__reverse_stripes__reverse_00001.tif",443588,"https://github.com/JamilRamirez/FABDEM-Watershed-Runtime/releases/download/runtime-core-block_011-v1/core__BLOCK_011__index__reverse_stripes__reverse_00001.tif"
"core/BLOCK_011/index/reverse_stripes/reverse_00002.tif","runtime-core-block_011-v1","core__BLOCK_011__index__reverse_stripes__reverse_00002.tif",425938,"https://github.com/JamilRamirez/FABDEM-Watershed-Runtime/releases/download/runtime-core-block_011-v1/core__BLOCK_011__index__reverse_stripes__reverse_00002.tif"
"core/BLOCK_011/index/reverse_stripes/reverse_00003.tif","runtime-core-block_011-v1","core__BLOCK_011__index__reverse_stripes__reverse_00003.tif",414394,"https://github.com/JamilRamirez/FABDEM-Watershed-Runtime/releases/download/runtime-core-block_011-v1/core__BLOCK_011__index__reverse_stripes__reverse_00003.tif"
"core/BLOCK_011/index/reverse_stripes/reverse_00004.tif","runtime-core-block_011-v1","core__BLOCK_011__index__reverse_stripes__reverse_00004.tif",390052,"https://github.com/JamilRamirez/FABDEM-Watershed-Runtime/releases/download/runtime-core-block_011-v1/core__BLOCK_011__index__reverse_stripes__reverse_00004.tif"
"core/BLOCK_011/index/reverse_stripes/reverse_00005.tif","runtime-core-block_011-v1","core__BLOCK_011__index__reverse_stripes__reverse_00005.tif",380022,"https://github.com/JamilRamirez/FABDEM-Watershed-Runtime/releases/download/runtime-core-block_011-v1/core__BLOCK_011__index__reverse_stripes__reverse_00005.tif"
"core/BLOCK_011/index/reverse_stripes/reverse_00006.tif","runtime-core-block_011-v1","core__BLOCK_011__index__reverse_stripes__reverse_00006.tif",368946,"https://github.com/JamilRamirez/FABDEM-Watershed-Runtime/releases/download/runtime-core-block_011-v1/core__BLOCK_011__index__reverse_stripes__reverse_00006.tif"
"core/BLOCK_011/index/reverse_stripes/reverse_00007.tif","runtime-core-block_011-v1","core__BLOCK_011__index__reverse_stripes__reverse_00007.tif",364578,"https://github.com/JamilRamirez/FABDEM-Watershed-Runtime/releases/download/runtime-core-block_011-v1/core__BLOCK_011__index__reverse_stripes__reverse_00007.tif"
"core/BLOCK_011/index/reverse_stripes/reverse_00008.tif","runtime-core-block_011-v1","core__BLOCK_011__index__reverse_stripes__reverse_00008.tif",362630,"https://github.com/JamilRamirez/FABDEM-Watershed-Runtime/releases/download/runtime-core-block_011-v1/core__BLOCK_011__index__reverse_stripes__reverse_00008.tif"
"core/BLOCK_011/index/reverse_stripes/reverse_00009.tif","runtime-core-block_011-v1","core__BLOCK_011__index__reverse_stripes__reverse_00009.tif",364688,"https://github.com/JamilRamirez/FABDEM-Watershed-Runtime/releases/download/runtime-core-block_011-v1/core__BLOCK_011__index__reverse_stripes__reverse_00009.tif"
"core/BLOCK_011/index/reverse_stripes/reverse_00010.tif","runtime-core-block_011-v1","core__BLOCK_011__index__reverse_stripes__reverse_00010.tif",364402,"https://github.com/JamilRamirez/FABDEM-Watershed-Runtime/releases/download/runtime-core-block_011-v1/core__BLOCK_011__index__reverse_stripes__reverse_00010.tif"
"core/BLOCK_011/index/reverse_stripes/reverse_00011.tif","runtime-core-block_011-v1","core__BLOCK_011__index__reverse_stripes__reverse_00011.tif",387610,"https://github.com/JamilRamirez/FABDEM-Watershed-Runtime/releases/download/runtime-core-block_011-v1/core__BLOCK_011__index__reverse_stripes__reverse_00011.tif"
"core/BLOCK_011/index/reverse_stripes/reverse_00012.tif","runtime-core-block_011-v1","core__BLOCK_011__index__reverse_stripes__reverse_00012.tif",436870,"https://github.com/JamilRamirez/FABDEM-Watershed-Runtime/releases/download/runtime-core-block_011-v1/core__BLOCK_011__index__reverse_stripes__reverse_00012.tif"
"core/BLOCK_011/index/reverse_stripes/reverse_00013.tif","runtime-core-block_011-v1","core__BLOCK_011__index__reverse_stripes__reverse_00013.tif",451138,"https://github.com/JamilRamirez/FABDEM-Watershed-Runtime/releases/download/runtime-core-block_011-v1/core__BLOCK_011__index__reverse_stripes__reverse_00013.tif"
"core/BLOCK_011/index/reverse_stripes/reverse_00014.tif","runtime-core-block_011-v1","core__BLOCK_011__index__reverse_stripes__reverse_00014.tif",411994,"https://github.com/JamilRamirez/FABDEM-Watershed-Runtime/releases/download/runtime-core-block_011-v1/core__BLOCK_011__index__reverse_stripes__reverse_00014.tif"
"core/BLOCK_011/index/reverse_stripes/reverse_00015.tif","runtime-core-block_011-v1","core__BLOCK_011__index__reverse_stripes__reverse_00015.tif",420900,"https://github.com/JamilRamirez/FABDEM-Watershed-Runtime/releases/download/runtime-core-block_011-v1/core__BLOCK_011__index__reverse_stripes__reverse_00015.tif"
"core/BLOCK_011/index/reverse_stripes/reverse_00016.tif","runtime-core-block_011-v1","core__BLOCK_011__index__reverse_stripes__reverse_00016.tif",428492,"https://github.com/JamilRamirez/FABDEM-Watershed-Runtime/releases/download/runtime-core-block_011-v1/core__BLOCK_011__index__reverse_stripes__reverse_00016.tif"
"core/BLOCK_011/index/reverse_stripes/reverse_00017.tif","runtime-core-block_011-v1","core__BLOCK_011__index__reverse_stripes__reverse_00017.tif",399800,"https://github.com/JamilRamirez/FABDEM-Watershed-Runtime/releases/download/runtime-core-block_011-v1/core__BLOCK_011__index__reverse_stripes__reverse_00017.tif"
"core/BLOCK_011/index/reverse_stripes/reverse_00018.tif","runtime-core-block_011-v1","core__BLOCK_011__index__reverse_stripes__reverse_00018.tif",369350,"https://github.com/JamilRamirez/FABDEM-Watershed-Runtime/releases/download/runtime-core-block_011-v1/core__BLOCK_011__index__reverse_stripes__reverse_00018.tif"
"core/BLOCK_011/index/reverse_stripes/reverse_00019.tif","runtime-core-block_011-v1","core__BLOCK_011__index__reverse_stripes__reverse_00019.tif",360742,"https://github.com/JamilRamirez/FABDEM-Watershed-Runtime/releases/download/runtime-core-block_011-v1/core__BLOCK_011__index__reverse_stripes__reverse_00019.tif"
"core/BLOCK_011/index/reverse_stripes/reverse_00020.tif","runtime-core-block_011-v1","core__BLOCK_011__index__reverse_stripes__reverse_00020.tif",353138,"https://github.com/JamilRamirez/FABDEM-Watershed-Runtime/releases/download/runtime-core-block_011-v1/core__BLOCK_011__index__reverse_stripes__reverse_00020.tif"
"core/BLOCK_011/index/reverse_stripes/reverse_00021.tif","runtime-core-block_011-v1","core__BLOCK_011__index__reverse_stripes__reverse_00021.tif",319430,"https://github.com/JamilRamirez/FABDEM-Watershed-Runtime/releases/download/runtime-core-block_011-v1/core__BLOCK_011__index__reverse_stripes__reverse_00021.tif"
"core/BLOCK_011/index/reverse_stripes/reverse_00022.tif","runtime-core-block_011-v1","core__BLOCK_011__index__reverse_stripes__reverse_00022.tif",331280,"https://github.com/JamilRamirez/FABDEM-Watershed-Runtime/releases/download/runtime-core-block_011-v1/core__BLOCK_011__index__reverse_stripes__reverse_00022.tif"
"core/BLOCK_011/index/reverse_stripes/reverse_00023.tif","runtime-core-block_011-v1","core__BLOCK_011__index__reverse_stripes__reverse_00023.tif",322632,"https://github.com/JamilRamirez/FABDEM-Watershed-Runtime/releases/download/runtime-core-block_011-v1/core__BLOCK_011__index__reverse_stripes__reverse_00023.tif"
"core/BLOCK_011/index/reverse_stripes/reverse_00024.tif","runtime-core-block_011-v1","core__BLOCK_011__index__reverse_stripes__reverse_00024.tif",309218,"https://github.com/JamilRamirez/FABDEM-Watershed-Runtime/releases/download/runtime-core-block_011-v1/core__BLOCK_011__index__reverse_stripes__reverse_00024.tif"
"core/BLOCK_011/index/reverse_stripes/reverse_00025.tif","runtime-core-block_011-v1","core__BLOCK_011__index__reverse_stripes__reverse_00025.tif",261406,"https://github.com/JamilRamirez/FABDEM-Watershed-Runtime/releases/download/runtime-core-block_011-v1/core__BLOCK_011__index__reverse_stripes__reverse_00025.tif"
"core/BLOCK_011/index/reverse_stripes/reverse_00026.tif","runtime-core-block_011-v1","core__BLOCK_011__index__reverse_stripes__reverse_00026.tif",233324,"https://github.com/JamilRamirez/FABDEM-Watershed-Runtime/releases/download/runtime-core-block_011-v1/core__BLOCK_011__index__reverse_stripes__reverse_00026.tif"
"core/BLOCK_011/index/reverse_stripes/reverse_00027.tif","runtime-core-block_011-v1","core__BLOCK_011__index__reverse_stripes__reverse_00027.tif",191810,"https://github.com/JamilRamirez/FABDEM-Watershed-Runtime/releases/download/runtime-core-block_011-v1/core__BLOCK_011__index__reverse_stripes__reverse_00027.tif"
"core/BLOCK_011/index/reverse_stripes/reverse_00028.tif","runtime-core-block_011-v1","core__BLOCK_011__index__reverse_stripes__reverse_00028.tif",158812,"https://github.com/JamilRamirez/FABDEM-Watershed-Runtime/releases/download/runtime-core-block_011-v1/core__BLOCK_011__index__reverse_stripes__reverse_00028.tif"
"core/BLOCK_011/index/reverse_stripes/reverse_00029.tif","runtime-core-block_011-v1","core__BLOCK_011__index__reverse_stripes__reverse_00029.tif",25310,"https://github.com/JamilRamirez/FABDEM-Watershed-Runtime/releases/download/runtime-core-block_011-v1/core__BLOCK_011__index__reverse_stripes__reverse_00029.tif"
"core/BLOCK_011/index/stream_stripes/stream_00001.tif","runtime-core-block_011-v1","core__BLOCK_011__index__stream_stripes__stream_00001.tif",12702,"https://github.com/JamilRamirez/FABDEM-Watershed-Runtime/releases/download/runtime-core-block_011-v1/core__BLOCK_011__index__stream_stripes__stream_00001.tif"
"core/BLOCK_011/index/stream_stripes/stream_00002.tif","runtime-core-block_011-v1","core__BLOCK_011__index__stream_stripes__stream_00002.tif",14118,"https://github.com/JamilRamirez/FABDEM-Watershed-Runtime/releases/download/runtime-core-block_011-v1/core__BLOCK_011__index__stream_stripes__stream_00002.tif"
"core/BLOCK_011/index/stream_stripes/stream_00003.tif","runtime-core-block_011-v1","core__BLOCK_011__index__stream_stripes__stream_00003.tif",13626,"https://github.com/JamilRamirez/FABDEM-Watershed-Runtime/releases/download/runtime-core-block_011-v1/core__BLOCK_011__index__stream_stripes__stream_00003.tif"
"core/BLOCK_011/index/stream_stripes/stream_00004.tif","runtime-core-block_011-v1","core__BLOCK_011__index__stream_stripes__stream_00004.tif",14474,"https://github.com/JamilRamirez/FABDEM-Watershed-Runtime/releases/download/runtime-core-block_011-v1/core__BLOCK_011__index__stream_stripes__stream_00004.tif"
"core/BLOCK_011/index/stream_stripes/stream_00005.tif","runtime-core-block_011-v1","core__BLOCK_011__index__stream_stripes__stream_00005.tif",14720,"https://github.com/JamilRamirez/FABDEM-Watershed-Runtime/releases/download/runtime-core-block_011-v1/core__BLOCK_011__index__stream_stripes__stream_00005.tif"
"core/BLOCK_011/index/stream_stripes/stream_00006.tif","runtime-core-block_011-v1","core__BLOCK_011__index__stream_stripes__stream_00006.tif",13694,"https://github.com/JamilRamirez/FABDEM-Watershed-Runtime/releases/download/runtime-core-block_011-v1/core__BLOCK_011__index__stream_stripes__stream_00006.tif"
"core/BLOCK_011/index/stream_stripes/stream_00007.tif","runtime-core-block_011-v1","core__BLOCK_011__index__stream_stripes__stream_00007.tif",12736,"https://github.com/JamilRamirez/FABDEM-Watershed-Runtime/releases/download/runtime-core-block_011-v1/core__BLOCK_011__index__stream_stripes__stream_00007.tif"
"core/BLOCK_011/index/stream_stripes/stream_00008.tif","runtime-core-block_011-v1","core__BLOCK_011__index__stream_stripes__stream_00008.tif",14068,"https://github.com/JamilRamirez/FABDEM-Watershed-Runtime/releases/download/runtime-core-block_011-v1/core__BLOCK_011__index__stream_stripes__stream_00008.tif"
"core/BLOCK_011/index/stream_stripes/stream_00009.tif","runtime-core-block_011-v1","core__BLOCK_011__index__stream_stripes__stream_00009.tif",12734,"https://github.com/JamilRamirez/FABDEM-Watershed-Runtime/releases/download/runtime-core-block_011-v1/core__BLOCK_011__index__stream_stripes__stream_00009.tif"
"core/BLOCK_011/index/stream_stripes/stream_00010.tif","runtime-core-block_011-v1","core__BLOCK_011__index__stream_stripes__stream_00010.tif",12224,"https://github.com/JamilRamirez/FABDEM-Watershed-Runtime/releases/download/runtime-core-block_011-v1/core__BLOCK_011__index__stream_stripes__stream_00010.tif"
"core/BLOCK_011/index/stream_stripes/stream_00011.tif","runtime-core-block_011-v1","core__BLOCK_011__index__stream_stripes__stream_00011.tif",13084,"https://github.com/JamilRamirez/FABDEM-Watershed-Runtime/releases/download/runtime-core-block_011-v1/core__BLOCK_011__index__stream_stripes__stream_00011.tif"
"core/BLOCK_011/index/stream_stripes/stream_00012.tif","runtime-core-block_011-v1","core__BLOCK_011__index__stream_stripes__stream_00012.tif",17568,"https://github.com/JamilRamirez/FABDEM-Watershed-Runtime/releases/download/runtime-core-block_011-v1/core__BLOCK_011__index__stream_stripes__stream_00012.tif"
"core/BLOCK_011/index/stream_stripes/stream_00013.tif","runtime-core-block_011-v1","core__BLOCK_011__index__stream_stripes__stream_00013.tif",15620,"https://github.com/JamilRamirez/FABDEM-Watershed-Runtime/releases/download/runtime-core-block_011-v1/core__BLOCK_011__index__stream_stripes__stream_00013.tif"
"core/BLOCK_011/index/stream_stripes/stream_00014.tif","runtime-core-block_011-v1","core__BLOCK_011__index__stream_stripes__stream_00014.tif",13598,"https://github.com/JamilRamirez/FABDEM-Watershed-Runtime/releases/download/runtime-core-block_011-v1/core__BLOCK_011__index__stream_stripes__stream_00014.tif"
"core/BLOCK_011/index/stream_stripes/stream_00015.tif","runtime-core-block_011-v1","core__BLOCK_011__index__stream_stripes__stream_00015.tif",13070,"https://github.com/JamilRamirez/FABDEM-Watershed-Runtime/releases/download/runtime-core-block_011-v1/core__BLOCK_011__index__stream_stripes__stream_00015.tif"
"core/BLOCK_011/index/stream_stripes/stream_00016.tif","runtime-core-block_011-v1","core__BLOCK_011__index__stream_stripes__stream_00016.tif",14398,"https://github.com/JamilRamirez/FABDEM-Watershed-Runtime/releases/download/runtime-core-block_011-v1/core__BLOCK_011__index__stream_stripes__stream_00016.tif"
"core/BLOCK_011/index/stream_stripes/stream_00017.tif","runtime-core-block_011-v1","core__BLOCK_011__index__stream_stripes__stream_00017.tif",13184,"https://github.com/JamilRamirez/FABDEM-Watershed-Runtime/releases/download/runtime-core-block_011-v1/core__BLOCK_011__index__stream_stripes__stream_00017.tif"
"core/BLOCK_011/index/stream_stripes/stream_00018.tif","runtime-core-block_011-v1","core__BLOCK_011__index__stream_stripes__stream_00018.tif",13240,"https://github.com/JamilRamirez/FABDEM-Watershed-Runtime/releases/download/runtime-core-block_011-v1/core__BLOCK_011__index__stream_stripes__stream_00018.tif"
"core/BLOCK_011/index/stream_stripes/stream_00019.tif","runtime-core-block_011-v1","core__BLOCK_011__index__stream_stripes__stream_00019.tif",13534,"https://github.com/JamilRamirez/FABDEM-Watershed-Runtime/releases/download/runtime-core-block_011-v1/core__BLOCK_011__index__stream_stripes__stream_00019.tif"
"core/BLOCK_011/index/stream_stripes/stream_00020.tif","runtime-core-block_011-v1","core__BLOCK_011__index__stream_stripes__stream_00020.tif",11894,"https://github.com/JamilRamirez/FABDEM-Watershed-Runtime/releases/download/runtime-core-block_011-v1/core__BLOCK_011__index__stream_stripes__stream_00020.tif"
"core/BLOCK_011/index/stream_stripes/stream_00021.tif","runtime-core-block_011-v1","core__BLOCK_011__index__stream_stripes__stream_00021.tif",13612,"https://github.com/JamilRamirez/FABDEM-Watershed-Runtime/releases/download/runtime-core-block_011-v1/core__BLOCK_011__index__stream_stripes__stream_00021.tif"
"core/BLOCK_011/index/stream_stripes/stream_00022.tif","runtime-core-block_011-v1","core__BLOCK_011__index__stream_stripes__stream_00022.tif",13350,"https://github.com/JamilRamirez/FABDEM-Watershed-Runtime/releases/download/runtime-core-block_011-v1/core__BLOCK_011__index__stream_stripes__stream_00022.tif"
"core/BLOCK_011/index/stream_stripes/stream_00023.tif","runtime-core-block_011-v1","core__BLOCK_011__index__stream_stripes__stream_00023.tif",11936,"https://github.com/JamilRamirez/FABDEM-Watershed-Runtime/releases/download/runtime-core-block_011-v1/core__BLOCK_011__index__stream_stripes__stream_00023.tif"
"core/BLOCK_011/index/stream_stripes/stream_00024.tif","runtime-core-block_011-v1","core__BLOCK_011__index__stream_stripes__stream_00024.tif",12754,"https://github.com/JamilRamirez/FABDEM-Watershed-Runtime/releases/download/runtime-core-block_011-v1/core__BLOCK_011__index__stream_stripes__stream_00024.tif"
"core/BLOCK_011/index/stream_stripes/stream_00025.tif","runtime-core-block_011-v1","core__BLOCK_011__index__stream_stripes__stream_00025.tif",10892,"https://github.com/JamilRamirez/FABDEM-Watershed-Runtime/releases/download/runtime-core-block_011-v1/core__BLOCK_011__index__stream_stripes__stream_00025.tif"
"core/BLOCK_011/index/stream_stripes/stream_00026.tif","runtime-core-block_011-v1","core__BLOCK_011__index__stream_stripes__stream_00026.tif",12600,"https://github.com/JamilRamirez/FABDEM-Watershed-Runtime/releases/download/runtime-core-block_011-v1/core__BLOCK_011__index__stream_stripes__stream_00026.tif"
"core/BLOCK_011/index/stream_stripes/stream_00027.tif","runtime-core-block_011-v1","core__BLOCK_011__index__stream_stripes__stream_00027.tif",10934,"https://github.com/JamilRamirez/FABDEM-Watershed-Runtime/releases/download/runtime-core-block_011-v1/core__BLOCK_011__index__stream_stripes__stream_00027.tif"
"core/BLOCK_011/index/stream_stripes/stream_00028.tif","runtime-core-block_011-v1","core__BLOCK_011__index__stream_stripes__stream_00028.tif",9910,"https://github.com/JamilRamirez/FABDEM-Watershed-Runtime/releases/download/runtime-core-block_011-v1/core__BLOCK_011__index__stream_stripes__stream_00028.tif"
"core/BLOCK_011/index/stream_stripes/stream_00029.tif","runtime-core-block_011-v1","core__BLOCK_011__index__stream_stripes__stream_00029.tif",4606,"https://github.com/JamilRamirez/FABDEM-Watershed-Runtime/releases/download/runtime-core-block_011-v1/core__BLOCK_011__index__stream_stripes__stream_00029.tif"
"core/BLOCK_012/index/index_metadata.rds","runtime-core-block_012-v1","core__BLOCK_012__index__index_metadata.rds",1333,"https://github.com/JamilRamirez/FABDEM-Watershed-Runtime/releases/download/runtime-core-block_012-v1/core__BLOCK_012__index__index_metadata.rds"
"core/BLOCK_012/index/reverse_stripes/reverse_00001.tif","runtime-core-block_012-v1","core__BLOCK_012__index__reverse_stripes__reverse_00001.tif",683298,"https://github.com/JamilRamirez/FABDEM-Watershed-Runtime/releases/download/runtime-core-block_012-v1/core__BLOCK_012__index__reverse_stripes__reverse_00001.tif"
"core/BLOCK_012/index/reverse_stripes/reverse_00002.tif","runtime-core-block_012-v1","core__BLOCK_012__index__reverse_stripes__reverse_00002.tif",695086,"https://github.com/JamilRamirez/FABDEM-Watershed-Runtime/releases/download/runtime-core-block_012-v1/core__BLOCK_012__index__reverse_stripes__reverse_00002.tif"
"core/BLOCK_012/index/reverse_stripes/reverse_00003.tif","runtime-core-block_012-v1","core__BLOCK_012__index__reverse_stripes__reverse_00003.tif",709254,"https://github.com/JamilRamirez/FABDEM-Watershed-Runtime/releases/download/runtime-core-block_012-v1/core__BLOCK_012__index__reverse_stripes__reverse_00003.tif"
"core/BLOCK_012/index/reverse_stripes/reverse_00004.tif","runtime-core-block_012-v1","core__BLOCK_012__index__reverse_stripes__reverse_00004.tif",704004,"https://github.com/JamilRamirez/FABDEM-Watershed-Runtime/releases/download/runtime-core-block_012-v1/core__BLOCK_012__index__reverse_stripes__reverse_00004.tif"
"core/BLOCK_012/index/reverse_stripes/reverse_00005.tif","runtime-core-block_012-v1","core__BLOCK_012__index__reverse_stripes__reverse_00005.tif",701094,"https://github.com/JamilRamirez/FABDEM-Watershed-Runtime/releases/download/runtime-core-block_012-v1/core__BLOCK_012__index__reverse_stripes__reverse_00005.tif"
"core/BLOCK_012/index/reverse_stripes/reverse_00006.tif","runtime-core-block_012-v1","core__BLOCK_012__index__reverse_stripes__reverse_00006.tif",687752,"https://github.com/JamilRamirez/FABDEM-Watershed-Runtime/releases/download/runtime-core-block_012-v1/core__BLOCK_012__index__reverse_stripes__reverse_00006.tif"
"core/BLOCK_012/index/reverse_stripes/reverse_00007.tif","runtime-core-block_012-v1","core__BLOCK_012__index__reverse_stripes__reverse_00007.tif",661758,"https://github.com/JamilRamirez/FABDEM-Watershed-Runtime/releases/download/runtime-core-block_012-v1/core__BLOCK_012__index__reverse_stripes__reverse_00007.tif"
"core/BLOCK_012/index/reverse_stripes/reverse_00008.tif","runtime-core-block_012-v1","core__BLOCK_012__index__reverse_stripes__reverse_00008.tif",642094,"https://github.com/JamilRamirez/FABDEM-Watershed-Runtime/releases/download/runtime-core-block_012-v1/core__BLOCK_012__index__reverse_stripes__reverse_00008.tif"
"core/BLOCK_012/index/reverse_stripes/reverse_00009.tif","runtime-core-block_012-v1","core__BLOCK_012__index__reverse_stripes__reverse_00009.tif",647756,"https://github.com/JamilRamirez/FABDEM-Watershed-Runtime/releases/download/runtime-core-block_012-v1/core__BLOCK_012__index__reverse_stripes__reverse_00009.tif"
"core/BLOCK_012/index/reverse_stripes/reverse_00010.tif","runtime-core-block_012-v1","core__BLOCK_012__index__reverse_stripes__reverse_00010.tif",628824,"https://github.com/JamilRamirez/FABDEM-Watershed-Runtime/releases/download/runtime-core-block_012-v1/core__BLOCK_012__index__reverse_stripes__reverse_00010.tif"
"core/BLOCK_012/index/reverse_stripes/reverse_00011.tif","runtime-core-block_012-v1","core__BLOCK_012__index__reverse_stripes__reverse_00011.tif",618346,"https://github.com/JamilRamirez/FABDEM-Watershed-Runtime/releases/download/runtime-core-block_012-v1/core__BLOCK_012__index__reverse_stripes__reverse_00011.tif"
"core/BLOCK_012/index/reverse_stripes/reverse_00012.tif","runtime-core-block_012-v1","core__BLOCK_012__index__reverse_stripes__reverse_00012.tif",659218,"https://github.com/JamilRamirez/FABDEM-Watershed-Runtime/releases/download/runtime-core-block_012-v1/core__BLOCK_012__index__reverse_stripes__reverse_00012.tif"
"core/BLOCK_012/index/reverse_stripes/reverse_00013.tif","runtime-core-block_012-v1","core__BLOCK_012__index__reverse_stripes__reverse_00013.tif",704012,"https://github.com/JamilRamirez/FABDEM-Watershed-Runtime/releases/download/runtime-core-block_012-v1/core__BLOCK_012__index__reverse_stripes__reverse_00013.tif"
"core/BLOCK_012/index/reverse_stripes/reverse_00014.tif","runtime-core-block_012-v1","core__BLOCK_012__index__reverse_stripes__reverse_00014.tif",699786,"https://github.com/JamilRamirez/FABDEM-Watershed-Runtime/releases/download/runtime-core-block_012-v1/core__BLOCK_012__index__reverse_stripes__reverse_00014.tif"
"core/BLOCK_012/index/reverse_stripes/reverse_00015.tif","runtime-core-block_012-v1","core__BLOCK_012__index__reverse_stripes__reverse_00015.tif",957328,"https://github.com/JamilRamirez/FABDEM-Watershed-Runtime/releases/download/runtime-core-block_012-v1/core__BLOCK_012__index__reverse_stripes__reverse_00015.tif"
"core/BLOCK_012/index/reverse_stripes/reverse_00016.tif","runtime-core-block_012-v1","core__BLOCK_012__index__reverse_stripes__reverse_00016.tif",969758,"https://github.com/JamilRamirez/FABDEM-Watershed-Runtime/releases/download/runtime-core-block_012-v1/core__BLOCK_012__index__reverse_stripes__reverse_00016.tif"
"core/BLOCK_012/index/reverse_stripes/reverse_00017.tif","runtime-core-block_012-v1","core__BLOCK_012__index__reverse_stripes__reverse_00017.tif",918012,"https://github.com/JamilRamirez/FABDEM-Watershed-Runtime/releases/download/runtime-core-block_012-v1/core__BLOCK_012__index__reverse_stripes__reverse_00017.tif"
"core/BLOCK_012/index/reverse_stripes/reverse_00018.tif","runtime-core-block_012-v1","core__BLOCK_012__index__reverse_stripes__reverse_00018.tif",846522,"https://github.com/JamilRamirez/FABDEM-Watershed-Runtime/releases/download/runtime-core-block_012-v1/core__BLOCK_012__index__reverse_stripes__reverse_00018.tif"
"core/BLOCK_012/index/reverse_stripes/reverse_00019.tif","runtime-core-block_012-v1","core__BLOCK_012__index__reverse_stripes__reverse_00019.tif",734432,"https://github.com/JamilRamirez/FABDEM-Watershed-Runtime/releases/download/runtime-core-block_012-v1/core__BLOCK_012__index__reverse_stripes__reverse_00019.tif"
"core/BLOCK_012/index/reverse_stripes/reverse_00020.tif","runtime-core-block_012-v1","core__BLOCK_012__index__reverse_stripes__reverse_00020.tif",728376,"https://github.com/JamilRamirez/FABDEM-Watershed-Runtime/releases/download/runtime-core-block_012-v1/core__BLOCK_012__index__reverse_stripes__reverse_00020.tif"
"core/BLOCK_012/index/reverse_stripes/reverse_00021.tif","runtime-core-block_012-v1","core__BLOCK_012__index__reverse_stripes__reverse_00021.tif",745766,"https://github.com/JamilRamirez/FABDEM-Watershed-Runtime/releases/download/runtime-core-block_012-v1/core__BLOCK_012__index__reverse_stripes__reverse_00021.tif"
"core/BLOCK_012/index/reverse_stripes/reverse_00022.tif","runtime-core-block_012-v1","core__BLOCK_012__index__reverse_stripes__reverse_00022.tif",721928,"https://github.com/JamilRamirez/FABDEM-Watershed-Runtime/releases/download/runtime-core-block_012-v1/core__BLOCK_012__index__reverse_stripes__reverse_00022.tif"
"core/BLOCK_012/index/reverse_stripes/reverse_00023.tif","runtime-core-block_012-v1","core__BLOCK_012__index__reverse_stripes__reverse_00023.tif",696578,"https://github.com/JamilRamirez/FABDEM-Watershed-Runtime/releases/download/runtime-core-block_012-v1/core__BLOCK_012__index__reverse_stripes__reverse_00023.tif"
"core/BLOCK_012/index/reverse_stripes/reverse_00024.tif","runtime-core-block_012-v1","core__BLOCK_012__index__reverse_stripes__reverse_00024.tif",673848,"https://github.com/JamilRamirez/FABDEM-Watershed-Runtime/releases/download/runtime-core-block_012-v1/core__BLOCK_012__index__reverse_stripes__reverse_00024.tif"
"core/BLOCK_012/index/reverse_stripes/reverse_00025.tif","runtime-core-block_012-v1","core__BLOCK_012__index__reverse_stripes__reverse_00025.tif",653720,"https://github.com/JamilRamirez/FABDEM-Watershed-Runtime/releases/download/runtime-core-block_012-v1/core__BLOCK_012__index__reverse_stripes__reverse_00025.tif"
"core/BLOCK_012/index/reverse_stripes/reverse_00026.tif","runtime-core-block_012-v1","core__BLOCK_012__index__reverse_stripes__reverse_00026.tif",644556,"https://github.com/JamilRamirez/FABDEM-Watershed-Runtime/releases/download/runtime-core-block_012-v1/core__BLOCK_012__index__reverse_stripes__reverse_00026.tif"
"core/BLOCK_012/index/reverse_stripes/reverse_00027.tif","runtime-core-block_012-v1","core__BLOCK_012__index__reverse_stripes__reverse_00027.tif",629004,"https://github.com/JamilRamirez/FABDEM-Watershed-Runtime/releases/download/runtime-core-block_012-v1/core__BLOCK_012__index__reverse_stripes__reverse_00027.tif"
"core/BLOCK_012/index/reverse_stripes/reverse_00028.tif","runtime-core-block_012-v1","core__BLOCK_012__index__reverse_stripes__reverse_00028.tif",610368,"https://github.com/JamilRamirez/FABDEM-Watershed-Runtime/releases/download/runtime-core-block_012-v1/core__BLOCK_012__index__reverse_stripes__reverse_00028.tif"
"core/BLOCK_012/index/reverse_stripes/reverse_00029.tif","runtime-core-block_012-v1","core__BLOCK_012__index__reverse_stripes__reverse_00029.tif",584604,"https://github.com/JamilRamirez/FABDEM-Watershed-Runtime/releases/download/runtime-core-block_012-v1/core__BLOCK_012__index__reverse_stripes__reverse_00029.tif"
"core/BLOCK_012/index/reverse_stripes/reverse_00030.tif","runtime-core-block_012-v1","core__BLOCK_012__index__reverse_stripes__reverse_00030.tif",539190,"https://github.com/JamilRamirez/FABDEM-Watershed-Runtime/releases/download/runtime-core-block_012-v1/core__BLOCK_012__index__reverse_stripes__reverse_00030.tif"
"core/BLOCK_012/index/reverse_stripes/reverse_00031.tif","runtime-core-block_012-v1","core__BLOCK_012__index__reverse_stripes__reverse_00031.tif",529510,"https://github.com/JamilRamirez/FABDEM-Watershed-Runtime/releases/download/runtime-core-block_012-v1/core__BLOCK_012__index__reverse_stripes__reverse_00031.tif"
"core/BLOCK_012/index/reverse_stripes/reverse_00032.tif","runtime-core-block_012-v1","core__BLOCK_012__index__reverse_stripes__reverse_00032.tif",510992,"https://github.com/JamilRamirez/FABDEM-Watershed-Runtime/releases/download/runtime-core-block_012-v1/core__BLOCK_012__index__reverse_stripes__reverse_00032.tif"
"core/BLOCK_012/index/reverse_stripes/reverse_00033.tif","runtime-core-block_012-v1","core__BLOCK_012__index__reverse_stripes__reverse_00033.tif",499448,"https://github.com/JamilRamirez/FABDEM-Watershed-Runtime/releases/download/runtime-core-block_012-v1/core__BLOCK_012__index__reverse_stripes__reverse_00033.tif"
"core/BLOCK_012/index/reverse_stripes/reverse_00034.tif","runtime-core-block_012-v1","core__BLOCK_012__index__reverse_stripes__reverse_00034.tif",498736,"https://github.com/JamilRamirez/FABDEM-Watershed-Runtime/releases/download/runtime-core-block_012-v1/core__BLOCK_012__index__reverse_stripes__reverse_00034.tif"
"core/BLOCK_012/index/reverse_stripes/reverse_00035.tif","runtime-core-block_012-v1","core__BLOCK_012__index__reverse_stripes__reverse_00035.tif",500848,"https://github.com/JamilRamirez/FABDEM-Watershed-Runtime/releases/download/runtime-core-block_012-v1/core__BLOCK_012__index__reverse_stripes__reverse_00035.tif"
"core/BLOCK_012/index/reverse_stripes/reverse_00036.tif","runtime-core-block_012-v1","core__BLOCK_012__index__reverse_stripes__reverse_00036.tif",487624,"https://github.com/JamilRamirez/FABDEM-Watershed-Runtime/releases/download/runtime-core-block_012-v1/core__BLOCK_012__index__reverse_stripes__reverse_00036.tif"
"core/BLOCK_012/index/reverse_stripes/reverse_00037.tif","runtime-core-block_012-v1","core__BLOCK_012__index__reverse_stripes__reverse_00037.tif",493238,"https://github.com/JamilRamirez/FABDEM-Watershed-Runtime/releases/download/runtime-core-block_012-v1/core__BLOCK_012__index__reverse_stripes__reverse_00037.tif"
"core/BLOCK_012/index/reverse_stripes/reverse_00038.tif","runtime-core-block_012-v1","core__BLOCK_012__index__reverse_stripes__reverse_00038.tif",469594,"https://github.com/JamilRamirez/FABDEM-Watershed-Runtime/releases/download/runtime-core-block_012-v1/core__BLOCK_012__index__reverse_stripes__reverse_00038.tif"
"core/BLOCK_012/index/reverse_stripes/reverse_00039.tif","runtime-core-block_012-v1","core__BLOCK_012__index__reverse_stripes__reverse_00039.tif",455688,"https://github.com/JamilRamirez/FABDEM-Watershed-Runtime/releases/download/runtime-core-block_012-v1/core__BLOCK_012__index__reverse_stripes__reverse_00039.tif"
"core/BLOCK_012/index/reverse_stripes/reverse_00040.tif","runtime-core-block_012-v1","core__BLOCK_012__index__reverse_stripes__reverse_00040.tif",429882,"https://github.com/JamilRamirez/FABDEM-Watershed-Runtime/releases/download/runtime-core-block_012-v1/core__BLOCK_012__index__reverse_stripes__reverse_00040.tif"
"core/BLOCK_012/index/reverse_stripes/reverse_00041.tif","runtime-core-block_012-v1","core__BLOCK_012__index__reverse_stripes__reverse_00041.tif",412360,"https://github.com/JamilRamirez/FABDEM-Watershed-Runtime/releases/download/runtime-core-block_012-v1/core__BLOCK_012__index__reverse_stripes__reverse_00041.tif"
"core/BLOCK_012/index/reverse_stripes/reverse_00042.tif","runtime-core-block_012-v1","core__BLOCK_012__index__reverse_stripes__reverse_00042.tif",404954,"https://github.com/JamilRamirez/FABDEM-Watershed-Runtime/releases/download/runtime-core-block_012-v1/core__BLOCK_012__index__reverse_stripes__reverse_00042.tif"
"core/BLOCK_012/index/reverse_stripes/reverse_00043.tif","runtime-core-block_012-v1","core__BLOCK_012__index__reverse_stripes__reverse_00043.tif",85792,"https://github.com/JamilRamirez/FABDEM-Watershed-Runtime/releases/download/runtime-core-block_012-v1/core__BLOCK_012__index__reverse_stripes__reverse_00043.tif"
"core/BLOCK_012/index/stream_stripes/stream_00001.tif","runtime-core-block_012-v1","core__BLOCK_012__index__stream_stripes__stream_00001.tif",18906,"https://github.com/JamilRamirez/FABDEM-Watershed-Runtime/releases/download/runtime-core-block_012-v1/core__BLOCK_012__index__stream_stripes__stream_00001.tif"
"core/BLOCK_012/index/stream_stripes/stream_00002.tif","runtime-core-block_012-v1","core__BLOCK_012__index__stream_stripes__stream_00002.tif",21242,"https://github.com/JamilRamirez/FABDEM-Watershed-Runtime/releases/download/runtime-core-block_012-v1/core__BLOCK_012__index__stream_stripes__stream_00002.tif"
"core/BLOCK_012/index/stream_stripes/stream_00003.tif","runtime-core-block_012-v1","core__BLOCK_012__index__stream_stripes__stream_00003.tif",21196,"https://github.com/JamilRamirez/FABDEM-Watershed-Runtime/releases/download/runtime-core-block_012-v1/core__BLOCK_012__index__stream_stripes__stream_00003.tif"
"core/BLOCK_012/index/stream_stripes/stream_00004.tif","runtime-core-block_012-v1","core__BLOCK_012__index__stream_stripes__stream_00004.tif",21514,"https://github.com/JamilRamirez/FABDEM-Watershed-Runtime/releases/download/runtime-core-block_012-v1/core__BLOCK_012__index__stream_stripes__stream_00004.tif"
"core/BLOCK_012/index/stream_stripes/stream_00005.tif","runtime-core-block_012-v1","core__BLOCK_012__index__stream_stripes__stream_00005.tif",22152,"https://github.com/JamilRamirez/FABDEM-Watershed-Runtime/releases/download/runtime-core-block_012-v1/core__BLOCK_012__index__stream_stripes__stream_00005.tif"
"core/BLOCK_012/index/stream_stripes/stream_00006.tif","runtime-core-block_012-v1","core__BLOCK_012__index__stream_stripes__stream_00006.tif",22886,"https://github.com/JamilRamirez/FABDEM-Watershed-Runtime/releases/download/runtime-core-block_012-v1/core__BLOCK_012__index__stream_stripes__stream_00006.tif"
"core/BLOCK_012/index/stream_stripes/stream_00007.tif","runtime-core-block_012-v1","core__BLOCK_012__index__stream_stripes__stream_00007.tif",21178,"https://github.com/JamilRamirez/FABDEM-Watershed-Runtime/releases/download/runtime-core-block_012-v1/core__BLOCK_012__index__stream_stripes__stream_00007.tif"
"core/BLOCK_012/index/stream_stripes/stream_00008.tif","runtime-core-block_012-v1","core__BLOCK_012__index__stream_stripes__stream_00008.tif",19974,"https://github.com/JamilRamirez/FABDEM-Watershed-Runtime/releases/download/runtime-core-block_012-v1/core__BLOCK_012__index__stream_stripes__stream_00008.tif"
"core/BLOCK_012/index/stream_stripes/stream_00009.tif","runtime-core-block_012-v1","core__BLOCK_012__index__stream_stripes__stream_00009.tif",19180,"https://github.com/JamilRamirez/FABDEM-Watershed-Runtime/releases/download/runtime-core-block_012-v1/core__BLOCK_012__index__stream_stripes__stream_00009.tif"
"core/BLOCK_012/index/stream_stripes/stream_00010.tif","runtime-core-block_012-v1","core__BLOCK_012__index__stream_stripes__stream_00010.tif",19940,"https://github.com/JamilRamirez/FABDEM-Watershed-Runtime/releases/download/runtime-core-block_012-v1/core__BLOCK_012__index__stream_stripes__stream_00010.tif"
"core/BLOCK_012/index/stream_stripes/stream_00011.tif","runtime-core-block_012-v1","core__BLOCK_012__index__stream_stripes__stream_00011.tif",22390,"https://github.com/JamilRamirez/FABDEM-Watershed-Runtime/releases/download/runtime-core-block_012-v1/core__BLOCK_012__index__stream_stripes__stream_00011.tif"
"core/BLOCK_012/index/stream_stripes/stream_00012.tif","runtime-core-block_012-v1","core__BLOCK_012__index__stream_stripes__stream_00012.tif",22796,"https://github.com/JamilRamirez/FABDEM-Watershed-Runtime/releases/download/runtime-core-block_012-v1/core__BLOCK_012__index__stream_stripes__stream_00012.tif"
"core/BLOCK_012/index/stream_stripes/stream_00013.tif","runtime-core-block_012-v1","core__BLOCK_012__index__stream_stripes__stream_00013.tif",24906,"https://github.com/JamilRamirez/FABDEM-Watershed-Runtime/releases/download/runtime-core-block_012-v1/core__BLOCK_012__index__stream_stripes__stream_00013.tif"
"core/BLOCK_012/index/stream_stripes/stream_00014.tif","runtime-core-block_012-v1","core__BLOCK_012__index__stream_stripes__stream_00014.tif",19474,"https://github.com/JamilRamirez/FABDEM-Watershed-Runtime/releases/download/runtime-core-block_012-v1/core__BLOCK_012__index__stream_stripes__stream_00014.tif"
"core/BLOCK_012/index/stream_stripes/stream_00015.tif","runtime-core-block_012-v1","core__BLOCK_012__index__stream_stripes__stream_00015.tif",27506,"https://github.com/JamilRamirez/FABDEM-Watershed-Runtime/releases/download/runtime-core-block_012-v1/core__BLOCK_012__index__stream_stripes__stream_00015.tif"
"core/BLOCK_012/index/stream_stripes/stream_00016.tif","runtime-core-block_012-v1","core__BLOCK_012__index__stream_stripes__stream_00016.tif",28344,"https://github.com/JamilRamirez/FABDEM-Watershed-Runtime/releases/download/runtime-core-block_012-v1/core__BLOCK_012__index__stream_stripes__stream_00016.tif"
"core/BLOCK_012/index/stream_stripes/stream_00017.tif","runtime-core-block_012-v1","core__BLOCK_012__index__stream_stripes__stream_00017.tif",27514,"https://github.com/JamilRamirez/FABDEM-Watershed-Runtime/releases/download/runtime-core-block_012-v1/core__BLOCK_012__index__stream_stripes__stream_00017.tif"
"core/BLOCK_012/index/stream_stripes/stream_00018.tif","runtime-core-block_012-v1","core__BLOCK_012__index__stream_stripes__stream_00018.tif",28208,"https://github.com/JamilRamirez/FABDEM-Watershed-Runtime/releases/download/runtime-core-block_012-v1/core__BLOCK_012__index__stream_stripes__stream_00018.tif"
"core/BLOCK_012/index/stream_stripes/stream_00019.tif","runtime-core-block_012-v1","core__BLOCK_012__index__stream_stripes__stream_00019.tif",24660,"https://github.com/JamilRamirez/FABDEM-Watershed-Runtime/releases/download/runtime-core-block_012-v1/core__BLOCK_012__index__stream_stripes__stream_00019.tif"
"core/BLOCK_012/index/stream_stripes/stream_00020.tif","runtime-core-block_012-v1","core__BLOCK_012__index__stream_stripes__stream_00020.tif",24558,"https://github.com/JamilRamirez/FABDEM-Watershed-Runtime/releases/download/runtime-core-block_012-v1/core__BLOCK_012__index__stream_stripes__stream_00020.tif"
"core/BLOCK_012/index/stream_stripes/stream_00021.tif","runtime-core-block_012-v1","core__BLOCK_012__index__stream_stripes__stream_00021.tif",22774,"https://github.com/JamilRamirez/FABDEM-Watershed-Runtime/releases/download/runtime-core-block_012-v1/core__BLOCK_012__index__stream_stripes__stream_00021.tif"
"core/BLOCK_012/index/stream_stripes/stream_00022.tif","runtime-core-block_012-v1","core__BLOCK_012__index__stream_stripes__stream_00022.tif",21860,"https://github.com/JamilRamirez/FABDEM-Watershed-Runtime/releases/download/runtime-core-block_012-v1/core__BLOCK_012__index__stream_stripes__stream_00022.tif"
"core/BLOCK_012/index/stream_stripes/stream_00023.tif","runtime-core-block_012-v1","core__BLOCK_012__index__stream_stripes__stream_00023.tif",22754,"https://github.com/JamilRamirez/FABDEM-Watershed-Runtime/releases/download/runtime-core-block_012-v1/core__BLOCK_012__index__stream_stripes__stream_00023.tif"
"core/BLOCK_012/index/stream_stripes/stream_00024.tif","runtime-core-block_012-v1","core__BLOCK_012__index__stream_stripes__stream_00024.tif",21928,"https://github.com/JamilRamirez/FABDEM-Watershed-Runtime/releases/download/runtime-core-block_012-v1/core__BLOCK_012__index__stream_stripes__stream_00024.tif"
"core/BLOCK_012/index/stream_stripes/stream_00025.tif","runtime-core-block_012-v1","core__BLOCK_012__index__stream_stripes__stream_00025.tif",21456,"https://github.com/JamilRamirez/FABDEM-Watershed-Runtime/releases/download/runtime-core-block_012-v1/core__BLOCK_012__index__stream_stripes__stream_00025.tif"
"core/BLOCK_012/index/stream_stripes/stream_00026.tif","runtime-core-block_012-v1","core__BLOCK_012__index__stream_stripes__stream_00026.tif",20032,"https://github.com/JamilRamirez/FABDEM-Watershed-Runtime/releases/download/runtime-core-block_012-v1/core__BLOCK_012__index__stream_stripes__stream_00026.tif"
"core/BLOCK_012/index/stream_stripes/stream_00027.tif","runtime-core-block_012-v1","core__BLOCK_012__index__stream_stripes__stream_00027.tif",19080,"https://github.com/JamilRamirez/FABDEM-Watershed-Runtime/releases/download/runtime-core-block_012-v1/core__BLOCK_012__index__stream_stripes__stream_00027.tif"
"core/BLOCK_012/index/stream_stripes/stream_00028.tif","runtime-core-block_012-v1","core__BLOCK_012__index__stream_stripes__stream_00028.tif",18244,"https://github.com/JamilRamirez/FABDEM-Watershed-Runtime/releases/download/runtime-core-block_012-v1/core__BLOCK_012__index__stream_stripes__stream_00028.tif"
"core/BLOCK_012/index/stream_stripes/stream_00029.tif","runtime-core-block_012-v1","core__BLOCK_012__index__stream_stripes__stream_00029.tif",18274,"https://github.com/JamilRamirez/FABDEM-Watershed-Runtime/releases/download/runtime-core-block_012-v1/core__BLOCK_012__index__stream_stripes__stream_00029.tif"
"core/BLOCK_012/index/stream_stripes/stream_00030.tif","runtime-core-block_012-v1","core__BLOCK_012__index__stream_stripes__stream_00030.tif",17678,"https://github.com/JamilRamirez/FABDEM-Watershed-Runtime/releases/download/runtime-core-block_012-v1/core__BLOCK_012__index__stream_stripes__stream_00030.tif"
"core/BLOCK_012/index/stream_stripes/stream_00031.tif","runtime-core-block_012-v1","core__BLOCK_012__index__stream_stripes__stream_00031.tif",18134,"https://github.com/JamilRamirez/FABDEM-Watershed-Runtime/releases/download/runtime-core-block_012-v1/core__BLOCK_012__index__stream_stripes__stream_00031.tif"
"core/BLOCK_012/index/stream_stripes/stream_00032.tif","runtime-core-block_012-v1","core__BLOCK_012__index__stream_stripes__stream_00032.tif",17332,"https://github.com/JamilRamirez/FABDEM-Watershed-Runtime/releases/download/runtime-core-block_012-v1/core__BLOCK_012__index__stream_stripes__stream_00032.tif"
"core/BLOCK_012/index/stream_stripes/stream_00033.tif","runtime-core-block_012-v1","core__BLOCK_012__index__stream_stripes__stream_00033.tif",17580,"https://github.com/JamilRamirez/FABDEM-Watershed-Runtime/releases/download/runtime-core-block_012-v1/core__BLOCK_012__index__stream_stripes__stream_00033.tif"
"core/BLOCK_012/index/stream_stripes/stream_00034.tif","runtime-core-block_012-v1","core__BLOCK_012__index__stream_stripes__stream_00034.tif",12796,"https://github.com/JamilRamirez/FABDEM-Watershed-Runtime/releases/download/runtime-core-block_012-v1/core__BLOCK_012__index__stream_stripes__stream_00034.tif"
"core/BLOCK_012/index/stream_stripes/stream_00035.tif","runtime-core-block_012-v1","core__BLOCK_012__index__stream_stripes__stream_00035.tif",18294,"https://github.com/JamilRamirez/FABDEM-Watershed-Runtime/releases/download/runtime-core-block_012-v1/core__BLOCK_012__index__stream_stripes__stream_00035.tif"
"core/BLOCK_012/index/stream_stripes/stream_00036.tif","runtime-core-block_012-v1","core__BLOCK_012__index__stream_stripes__stream_00036.tif",17088,"https://github.com/JamilRamirez/FABDEM-Watershed-Runtime/releases/download/runtime-core-block_012-v1/core__BLOCK_012__index__stream_stripes__stream_00036.tif"
"core/BLOCK_012/index/stream_stripes/stream_00037.tif","runtime-core-block_012-v1","core__BLOCK_012__index__stream_stripes__stream_00037.tif",18050,"https://github.com/JamilRamirez/FABDEM-Watershed-Runtime/releases/download/runtime-core-block_012-v1/core__BLOCK_012__index__stream_stripes__stream_00037.tif"
"core/BLOCK_012/index/stream_stripes/stream_00038.tif","runtime-core-block_012-v1","core__BLOCK_012__index__stream_stripes__stream_00038.tif",17362,"https://github.com/JamilRamirez/FABDEM-Watershed-Runtime/releases/download/runtime-core-block_012-v1/core__BLOCK_012__index__stream_stripes__stream_00038.tif"
"core/BLOCK_012/index/stream_stripes/stream_00039.tif","runtime-core-block_012-v1","core__BLOCK_012__index__stream_stripes__stream_00039.tif",18356,"https://github.com/JamilRamirez/FABDEM-Watershed-Runtime/releases/download/runtime-core-block_012-v1/core__BLOCK_012__index__stream_stripes__stream_00039.tif"
"core/BLOCK_012/index/stream_stripes/stream_00040.tif","runtime-core-block_012-v1","core__BLOCK_012__index__stream_stripes__stream_00040.tif",16842,"https://github.com/JamilRamirez/FABDEM-Watershed-Runtime/releases/download/runtime-core-block_012-v1/core__BLOCK_012__index__stream_stripes__stream_00040.tif"
"core/BLOCK_012/index/stream_stripes/stream_00041.tif","runtime-core-block_012-v1","core__BLOCK_012__index__stream_stripes__stream_00041.tif",16218,"https://github.com/JamilRamirez/FABDEM-Watershed-Runtime/releases/download/runtime-core-block_012-v1/core__BLOCK_012__index__stream_stripes__stream_00041.tif"
"core/BLOCK_012/index/stream_stripes/stream_00042.tif","runtime-core-block_012-v1","core__BLOCK_012__index__stream_stripes__stream_00042.tif",15902,"https://github.com/JamilRamirez/FABDEM-Watershed-Runtime/releases/download/runtime-core-block_012-v1/core__BLOCK_012__index__stream_stripes__stream_00042.tif"
"core/BLOCK_012/index/stream_stripes/stream_00043.tif","runtime-core-block_012-v1","core__BLOCK_012__index__stream_stripes__stream_00043.tif",7714,"https://github.com/JamilRamirez/FABDEM-Watershed-Runtime/releases/download/runtime-core-block_012-v1/core__BLOCK_012__index__stream_stripes__stream_00043.tif"
"core/BLOCK_013/index/index_metadata.rds","runtime-core-block_013-v1","core__BLOCK_013__index__index_metadata.rds",1327,"https://github.com/JamilRamirez/FABDEM-Watershed-Runtime/releases/download/runtime-core-block_013-v1/core__BLOCK_013__index__index_metadata.rds"
"core/BLOCK_013/index/reverse_stripes/reverse_00001.tif","runtime-core-block_013-v1","core__BLOCK_013__index__reverse_stripes__reverse_00001.tif",377700,"https://github.com/JamilRamirez/FABDEM-Watershed-Runtime/releases/download/runtime-core-block_013-v1/core__BLOCK_013__index__reverse_stripes__reverse_00001.tif"
"core/BLOCK_013/index/reverse_stripes/reverse_00002.tif","runtime-core-block_013-v1","core__BLOCK_013__index__reverse_stripes__reverse_00002.tif",419294,"https://github.com/JamilRamirez/FABDEM-Watershed-Runtime/releases/download/runtime-core-block_013-v1/core__BLOCK_013__index__reverse_stripes__reverse_00002.tif"
"core/BLOCK_013/index/reverse_stripes/reverse_00003.tif","runtime-core-block_013-v1","core__BLOCK_013__index__reverse_stripes__reverse_00003.tif",434894,"https://github.com/JamilRamirez/FABDEM-Watershed-Runtime/releases/download/runtime-core-block_013-v1/core__BLOCK_013__index__reverse_stripes__reverse_00003.tif"
"core/BLOCK_013/index/reverse_stripes/reverse_00004.tif","runtime-core-block_013-v1","core__BLOCK_013__index__reverse_stripes__reverse_00004.tif",434604,"https://github.com/JamilRamirez/FABDEM-Watershed-Runtime/releases/download/runtime-core-block_013-v1/core__BLOCK_013__index__reverse_stripes__reverse_00004.tif"
"core/BLOCK_013/index/reverse_stripes/reverse_00005.tif","runtime-core-block_013-v1","core__BLOCK_013__index__reverse_stripes__reverse_00005.tif",395472,"https://github.com/JamilRamirez/FABDEM-Watershed-Runtime/releases/download/runtime-core-block_013-v1/core__BLOCK_013__index__reverse_stripes__reverse_00005.tif"
"core/BLOCK_013/index/reverse_stripes/reverse_00006.tif","runtime-core-block_013-v1","core__BLOCK_013__index__reverse_stripes__reverse_00006.tif",364404,"https://github.com/JamilRamirez/FABDEM-Watershed-Runtime/releases/download/runtime-core-block_013-v1/core__BLOCK_013__index__reverse_stripes__reverse_00006.tif"
"core/BLOCK_013/index/reverse_stripes/reverse_00007.tif","runtime-core-block_013-v1","core__BLOCK_013__index__reverse_stripes__reverse_00007.tif",341264,"https://github.com/JamilRamirez/FABDEM-Watershed-Runtime/releases/download/runtime-core-block_013-v1/core__BLOCK_013__index__reverse_stripes__reverse_00007.tif"
"core/BLOCK_013/index/reverse_stripes/reverse_00008.tif","runtime-core-block_013-v1","core__BLOCK_013__index__reverse_stripes__reverse_00008.tif",326046,"https://github.com/JamilRamirez/FABDEM-Watershed-Runtime/releases/download/runtime-core-block_013-v1/core__BLOCK_013__index__reverse_stripes__reverse_00008.tif"
"core/BLOCK_013/index/reverse_stripes/reverse_00009.tif","runtime-core-block_013-v1","core__BLOCK_013__index__reverse_stripes__reverse_00009.tif",317370,"https://github.com/JamilRamirez/FABDEM-Watershed-Runtime/releases/download/runtime-core-block_013-v1/core__BLOCK_013__index__reverse_stripes__reverse_00009.tif"
"core/BLOCK_013/index/reverse_stripes/reverse_00010.tif","runtime-core-block_013-v1","core__BLOCK_013__index__reverse_stripes__reverse_00010.tif",296420,"https://github.com/JamilRamirez/FABDEM-Watershed-Runtime/releases/download/runtime-core-block_013-v1/core__BLOCK_013__index__reverse_stripes__reverse_00010.tif"
"core/BLOCK_013/index/reverse_stripes/reverse_00011.tif","runtime-core-block_013-v1","core__BLOCK_013__index__reverse_stripes__reverse_00011.tif",285982,"https://github.com/JamilRamirez/FABDEM-Watershed-Runtime/releases/download/runtime-core-block_013-v1/core__BLOCK_013__index__reverse_stripes__reverse_00011.tif"
"core/BLOCK_013/index/reverse_stripes/reverse_00012.tif","runtime-core-block_013-v1","core__BLOCK_013__index__reverse_stripes__reverse_00012.tif",349290,"https://github.com/JamilRamirez/FABDEM-Watershed-Runtime/releases/download/runtime-core-block_013-v1/core__BLOCK_013__index__reverse_stripes__reverse_00012.tif"
"core/BLOCK_013/index/reverse_stripes/reverse_00013.tif","runtime-core-block_013-v1","core__BLOCK_013__index__reverse_stripes__reverse_00013.tif",413638,"https://github.com/JamilRamirez/FABDEM-Watershed-Runtime/releases/download/runtime-core-block_013-v1/core__BLOCK_013__index__reverse_stripes__reverse_00013.tif"
"core/BLOCK_013/index/reverse_stripes/reverse_00014.tif","runtime-core-block_013-v1","core__BLOCK_013__index__reverse_stripes__reverse_00014.tif",422410,"https://github.com/JamilRamirez/FABDEM-Watershed-Runtime/releases/download/runtime-core-block_013-v1/core__BLOCK_013__index__reverse_stripes__reverse_00014.tif"
"core/BLOCK_013/index/reverse_stripes/reverse_00015.tif","runtime-core-block_013-v1","core__BLOCK_013__index__reverse_stripes__reverse_00015.tif",369718,"https://github.com/JamilRamirez/FABDEM-Watershed-Runtime/releases/download/runtime-core-block_013-v1/core__BLOCK_013__index__reverse_stripes__reverse_00015.tif"
"core/BLOCK_013/index/reverse_stripes/reverse_00016.tif","runtime-core-block_013-v1","core__BLOCK_013__index__reverse_stripes__reverse_00016.tif",338230,"https://github.com/JamilRamirez/FABDEM-Watershed-Runtime/releases/download/runtime-core-block_013-v1/core__BLOCK_013__index__reverse_stripes__reverse_00016.tif"
"core/BLOCK_013/index/reverse_stripes/reverse_00017.tif","runtime-core-block_013-v1","core__BLOCK_013__index__reverse_stripes__reverse_00017.tif",261648,"https://github.com/JamilRamirez/FABDEM-Watershed-Runtime/releases/download/runtime-core-block_013-v1/core__BLOCK_013__index__reverse_stripes__reverse_00017.tif"
"core/BLOCK_013/index/reverse_stripes/reverse_00018.tif","runtime-core-block_013-v1","core__BLOCK_013__index__reverse_stripes__reverse_00018.tif",201050,"https://github.com/JamilRamirez/FABDEM-Watershed-Runtime/releases/download/runtime-core-block_013-v1/core__BLOCK_013__index__reverse_stripes__reverse_00018.tif"
"core/BLOCK_013/index/reverse_stripes/reverse_00019.tif","runtime-core-block_013-v1","core__BLOCK_013__index__reverse_stripes__reverse_00019.tif",107788,"https://github.com/JamilRamirez/FABDEM-Watershed-Runtime/releases/download/runtime-core-block_013-v1/core__BLOCK_013__index__reverse_stripes__reverse_00019.tif"
"core/BLOCK_013/index/reverse_stripes/reverse_00020.tif","runtime-core-block_013-v1","core__BLOCK_013__index__reverse_stripes__reverse_00020.tif",94470,"https://github.com/JamilRamirez/FABDEM-Watershed-Runtime/releases/download/runtime-core-block_013-v1/core__BLOCK_013__index__reverse_stripes__reverse_00020.tif"
"core/BLOCK_013/index/reverse_stripes/reverse_00021.tif","runtime-core-block_013-v1","core__BLOCK_013__index__reverse_stripes__reverse_00021.tif",88712,"https://github.com/JamilRamirez/FABDEM-Watershed-Runtime/releases/download/runtime-core-block_013-v1/core__BLOCK_013__index__reverse_stripes__reverse_00021.tif"
"core/BLOCK_013/index/reverse_stripes/reverse_00022.tif","runtime-core-block_013-v1","core__BLOCK_013__index__reverse_stripes__reverse_00022.tif",69868,"https://github.com/JamilRamirez/FABDEM-Watershed-Runtime/releases/download/runtime-core-block_013-v1/core__BLOCK_013__index__reverse_stripes__reverse_00022.tif"
"core/BLOCK_013/index/reverse_stripes/reverse_00023.tif","runtime-core-block_013-v1","core__BLOCK_013__index__reverse_stripes__reverse_00023.tif",51930,"https://github.com/JamilRamirez/FABDEM-Watershed-Runtime/releases/download/runtime-core-block_013-v1/core__BLOCK_013__index__reverse_stripes__reverse_00023.tif"
"core/BLOCK_013/index/reverse_stripes/reverse_00024.tif","runtime-core-block_013-v1","core__BLOCK_013__index__reverse_stripes__reverse_00024.tif",33540,"https://github.com/JamilRamirez/FABDEM-Watershed-Runtime/releases/download/runtime-core-block_013-v1/core__BLOCK_013__index__reverse_stripes__reverse_00024.tif"
"core/BLOCK_013/index/reverse_stripes/reverse_00025.tif","runtime-core-block_013-v1","core__BLOCK_013__index__reverse_stripes__reverse_00025.tif",10158,"https://github.com/JamilRamirez/FABDEM-Watershed-Runtime/releases/download/runtime-core-block_013-v1/core__BLOCK_013__index__reverse_stripes__reverse_00025.tif"
"core/BLOCK_013/index/reverse_stripes/reverse_00026.tif","runtime-core-block_013-v1","core__BLOCK_013__index__reverse_stripes__reverse_00026.tif",6311,"https://github.com/JamilRamirez/FABDEM-Watershed-Runtime/releases/download/runtime-core-block_013-v1/core__BLOCK_013__index__reverse_stripes__reverse_00026.tif"
"core/BLOCK_013/index/reverse_stripes/reverse_00027.tif","runtime-core-block_013-v1","core__BLOCK_013__index__reverse_stripes__reverse_00027.tif",6420,"https://github.com/JamilRamirez/FABDEM-Watershed-Runtime/releases/download/runtime-core-block_013-v1/core__BLOCK_013__index__reverse_stripes__reverse_00027.tif"
"core/BLOCK_013/index/reverse_stripes/reverse_00028.tif","runtime-core-block_013-v1","core__BLOCK_013__index__reverse_stripes__reverse_00028.tif",8908,"https://github.com/JamilRamirez/FABDEM-Watershed-Runtime/releases/download/runtime-core-block_013-v1/core__BLOCK_013__index__reverse_stripes__reverse_00028.tif"
"core/BLOCK_013/index/reverse_stripes/reverse_00029.tif","runtime-core-block_013-v1","core__BLOCK_013__index__reverse_stripes__reverse_00029.tif",4537,"https://github.com/JamilRamirez/FABDEM-Watershed-Runtime/releases/download/runtime-core-block_013-v1/core__BLOCK_013__index__reverse_stripes__reverse_00029.tif"
"core/BLOCK_013/index/stream_stripes/stream_00001.tif","runtime-core-block_013-v1","core__BLOCK_013__index__stream_stripes__stream_00001.tif",12338,"https://github.com/JamilRamirez/FABDEM-Watershed-Runtime/releases/download/runtime-core-block_013-v1/core__BLOCK_013__index__stream_stripes__stream_00001.tif"
"core/BLOCK_013/index/stream_stripes/stream_00002.tif","runtime-core-block_013-v1","core__BLOCK_013__index__stream_stripes__stream_00002.tif",14978,"https://github.com/JamilRamirez/FABDEM-Watershed-Runtime/releases/download/runtime-core-block_013-v1/core__BLOCK_013__index__stream_stripes__stream_00002.tif"
"core/BLOCK_013/index/stream_stripes/stream_00003.tif","runtime-core-block_013-v1","core__BLOCK_013__index__stream_stripes__stream_00003.tif",13304,"https://github.com/JamilRamirez/FABDEM-Watershed-Runtime/releases/download/runtime-core-block_013-v1/core__BLOCK_013__index__stream_stripes__stream_00003.tif"
"core/BLOCK_013/index/stream_stripes/stream_00004.tif","runtime-core-block_013-v1","core__BLOCK_013__index__stream_stripes__stream_00004.tif",13452,"https://github.com/JamilRamirez/FABDEM-Watershed-Runtime/releases/download/runtime-core-block_013-v1/core__BLOCK_013__index__stream_stripes__stream_00004.tif"
"core/BLOCK_013/index/stream_stripes/stream_00005.tif","runtime-core-block_013-v1","core__BLOCK_013__index__stream_stripes__stream_00005.tif",14824,"https://github.com/JamilRamirez/FABDEM-Watershed-Runtime/releases/download/runtime-core-block_013-v1/core__BLOCK_013__index__stream_stripes__stream_00005.tif"
"core/BLOCK_013/index/stream_stripes/stream_00006.tif","runtime-core-block_013-v1","core__BLOCK_013__index__stream_stripes__stream_00006.tif",13974,"https://github.com/JamilRamirez/FABDEM-Watershed-Runtime/releases/download/runtime-core-block_013-v1/core__BLOCK_013__index__stream_stripes__stream_00006.tif"
"core/BLOCK_013/index/stream_stripes/stream_00007.tif","runtime-core-block_013-v1","core__BLOCK_013__index__stream_stripes__stream_00007.tif",13892,"https://github.com/JamilRamirez/FABDEM-Watershed-Runtime/releases/download/runtime-core-block_013-v1/core__BLOCK_013__index__stream_stripes__stream_00007.tif"
"core/BLOCK_013/index/stream_stripes/stream_00008.tif","runtime-core-block_013-v1","core__BLOCK_013__index__stream_stripes__stream_00008.tif",13366,"https://github.com/JamilRamirez/FABDEM-Watershed-Runtime/releases/download/runtime-core-block_013-v1/core__BLOCK_013__index__stream_stripes__stream_00008.tif"
"core/BLOCK_013/index/stream_stripes/stream_00009.tif","runtime-core-block_013-v1","core__BLOCK_013__index__stream_stripes__stream_00009.tif",12912,"https://github.com/JamilRamirez/FABDEM-Watershed-Runtime/releases/download/runtime-core-block_013-v1/core__BLOCK_013__index__stream_stripes__stream_00009.tif"
"core/BLOCK_013/index/stream_stripes/stream_00010.tif","runtime-core-block_013-v1","core__BLOCK_013__index__stream_stripes__stream_00010.tif",13370,"https://github.com/JamilRamirez/FABDEM-Watershed-Runtime/releases/download/runtime-core-block_013-v1/core__BLOCK_013__index__stream_stripes__stream_00010.tif"
"core/BLOCK_013/index/stream_stripes/stream_00011.tif","runtime-core-block_013-v1","core__BLOCK_013__index__stream_stripes__stream_00011.tif",14656,"https://github.com/JamilRamirez/FABDEM-Watershed-Runtime/releases/download/runtime-core-block_013-v1/core__BLOCK_013__index__stream_stripes__stream_00011.tif"
"core/BLOCK_013/index/stream_stripes/stream_00012.tif","runtime-core-block_013-v1","core__BLOCK_013__index__stream_stripes__stream_00012.tif",15062,"https://github.com/JamilRamirez/FABDEM-Watershed-Runtime/releases/download/runtime-core-block_013-v1/core__BLOCK_013__index__stream_stripes__stream_00012.tif"
"core/BLOCK_013/index/stream_stripes/stream_00013.tif","runtime-core-block_013-v1","core__BLOCK_013__index__stream_stripes__stream_00013.tif",15664,"https://github.com/JamilRamirez/FABDEM-Watershed-Runtime/releases/download/runtime-core-block_013-v1/core__BLOCK_013__index__stream_stripes__stream_00013.tif"
"core/BLOCK_013/index/stream_stripes/stream_00014.tif","runtime-core-block_013-v1","core__BLOCK_013__index__stream_stripes__stream_00014.tif",11610,"https://github.com/JamilRamirez/FABDEM-Watershed-Runtime/releases/download/runtime-core-block_013-v1/core__BLOCK_013__index__stream_stripes__stream_00014.tif"
"core/BLOCK_013/index/stream_stripes/stream_00015.tif","runtime-core-block_013-v1","core__BLOCK_013__index__stream_stripes__stream_00015.tif",12994,"https://github.com/JamilRamirez/FABDEM-Watershed-Runtime/releases/download/runtime-core-block_013-v1/core__BLOCK_013__index__stream_stripes__stream_00015.tif"
"core/BLOCK_013/index/stream_stripes/stream_00016.tif","runtime-core-block_013-v1","core__BLOCK_013__index__stream_stripes__stream_00016.tif",13488,"https://github.com/JamilRamirez/FABDEM-Watershed-Runtime/releases/download/runtime-core-block_013-v1/core__BLOCK_013__index__stream_stripes__stream_00016.tif"
"core/BLOCK_013/index/stream_stripes/stream_00017.tif","runtime-core-block_013-v1","core__BLOCK_013__index__stream_stripes__stream_00017.tif",13800,"https://github.com/JamilRamirez/FABDEM-Watershed-Runtime/releases/download/runtime-core-block_013-v1/core__BLOCK_013__index__stream_stripes__stream_00017.tif"
"core/BLOCK_013/index/stream_stripes/stream_00018.tif","runtime-core-block_013-v1","core__BLOCK_013__index__stream_stripes__stream_00018.tif",11582,"https://github.com/JamilRamirez/FABDEM-Watershed-Runtime/releases/download/runtime-core-block_013-v1/core__BLOCK_013__index__stream_stripes__stream_00018.tif"
"core/BLOCK_013/index/stream_stripes/stream_00019.tif","runtime-core-block_013-v1","core__BLOCK_013__index__stream_stripes__stream_00019.tif",8568,"https://github.com/JamilRamirez/FABDEM-Watershed-Runtime/releases/download/runtime-core-block_013-v1/core__BLOCK_013__index__stream_stripes__stream_00019.tif"
"core/BLOCK_013/index/stream_stripes/stream_00020.tif","runtime-core-block_013-v1","core__BLOCK_013__index__stream_stripes__stream_00020.tif",8466,"https://github.com/JamilRamirez/FABDEM-Watershed-Runtime/releases/download/runtime-core-block_013-v1/core__BLOCK_013__index__stream_stripes__stream_00020.tif"
"core/BLOCK_013/index/stream_stripes/stream_00021.tif","runtime-core-block_013-v1","core__BLOCK_013__index__stream_stripes__stream_00021.tif",7854,"https://github.com/JamilRamirez/FABDEM-Watershed-Runtime/releases/download/runtime-core-block_013-v1/core__BLOCK_013__index__stream_stripes__stream_00021.tif"
"core/BLOCK_013/index/stream_stripes/stream_00022.tif","runtime-core-block_013-v1","core__BLOCK_013__index__stream_stripes__stream_00022.tif",6750,"https://github.com/JamilRamirez/FABDEM-Watershed-Runtime/releases/download/runtime-core-block_013-v1/core__BLOCK_013__index__stream_stripes__stream_00022.tif"
"core/BLOCK_013/index/stream_stripes/stream_00023.tif","runtime-core-block_013-v1","core__BLOCK_013__index__stream_stripes__stream_00023.tif",6732,"https://github.com/JamilRamirez/FABDEM-Watershed-Runtime/releases/download/runtime-core-block_013-v1/core__BLOCK_013__index__stream_stripes__stream_00023.tif"
"core/BLOCK_013/index/stream_stripes/stream_00024.tif","runtime-core-block_013-v1","core__BLOCK_013__index__stream_stripes__stream_00024.tif",6246,"https://github.com/JamilRamirez/FABDEM-Watershed-Runtime/releases/download/runtime-core-block_013-v1/core__BLOCK_013__index__stream_stripes__stream_00024.tif"
"core/BLOCK_013/index/stream_stripes/stream_00025.tif","runtime-core-block_013-v1","core__BLOCK_013__index__stream_stripes__stream_00025.tif",5286,"https://github.com/JamilRamirez/FABDEM-Watershed-Runtime/releases/download/runtime-core-block_013-v1/core__BLOCK_013__index__stream_stripes__stream_00025.tif"
"core/BLOCK_013/index/stream_stripes/stream_00026.tif","runtime-core-block_013-v1","core__BLOCK_013__index__stream_stripes__stream_00026.tif",5662,"https://github.com/JamilRamirez/FABDEM-Watershed-Runtime/releases/download/runtime-core-block_013-v1/core__BLOCK_013__index__stream_stripes__stream_00026.tif"
"core/BLOCK_013/index/stream_stripes/stream_00027.tif","runtime-core-block_013-v1","core__BLOCK_013__index__stream_stripes__stream_00027.tif",5158,"https://github.com/JamilRamirez/FABDEM-Watershed-Runtime/releases/download/runtime-core-block_013-v1/core__BLOCK_013__index__stream_stripes__stream_00027.tif"
"core/BLOCK_013/index/stream_stripes/stream_00028.tif","runtime-core-block_013-v1","core__BLOCK_013__index__stream_stripes__stream_00028.tif",5554,"https://github.com/JamilRamirez/FABDEM-Watershed-Runtime/releases/download/runtime-core-block_013-v1/core__BLOCK_013__index__stream_stripes__stream_00028.tif"
"core/BLOCK_013/index/stream_stripes/stream_00029.tif","runtime-core-block_013-v1","core__BLOCK_013__index__stream_stripes__stream_00029.tif",4354,"https://github.com/JamilRamirez/FABDEM-Watershed-Runtime/releases/download/runtime-core-block_013-v1/core__BLOCK_013__index__stream_stripes__stream_00029.tif"
"core/BLOCK_014/index/index_metadata.rds","runtime-core-block_014-v1","core__BLOCK_014__index__index_metadata.rds",1352,"https://github.com/JamilRamirez/FABDEM-Watershed-Runtime/releases/download/runtime-core-block_014-v1/core__BLOCK_014__index__index_metadata.rds"
"core/BLOCK_014/index/reverse_stripes/reverse_00001.tif","runtime-core-block_014-v1","core__BLOCK_014__index__reverse_stripes__reverse_00001.tif",331776,"https://github.com/JamilRamirez/FABDEM-Watershed-Runtime/releases/download/runtime-core-block_014-v1/core__BLOCK_014__index__reverse_stripes__reverse_00001.tif"
"core/BLOCK_014/index/reverse_stripes/reverse_00002.tif","runtime-core-block_014-v1","core__BLOCK_014__index__reverse_stripes__reverse_00002.tif",317282,"https://github.com/JamilRamirez/FABDEM-Watershed-Runtime/releases/download/runtime-core-block_014-v1/core__BLOCK_014__index__reverse_stripes__reverse_00002.tif"
"core/BLOCK_014/index/reverse_stripes/reverse_00003.tif","runtime-core-block_014-v1","core__BLOCK_014__index__reverse_stripes__reverse_00003.tif",318764,"https://github.com/JamilRamirez/FABDEM-Watershed-Runtime/releases/download/runtime-core-block_014-v1/core__BLOCK_014__index__reverse_stripes__reverse_00003.tif"
"core/BLOCK_014/index/reverse_stripes/reverse_00004.tif","runtime-core-block_014-v1","core__BLOCK_014__index__reverse_stripes__reverse_00004.tif",310224,"https://github.com/JamilRamirez/FABDEM-Watershed-Runtime/releases/download/runtime-core-block_014-v1/core__BLOCK_014__index__reverse_stripes__reverse_00004.tif"
"core/BLOCK_014/index/reverse_stripes/reverse_00005.tif","runtime-core-block_014-v1","core__BLOCK_014__index__reverse_stripes__reverse_00005.tif",305794,"https://github.com/JamilRamirez/FABDEM-Watershed-Runtime/releases/download/runtime-core-block_014-v1/core__BLOCK_014__index__reverse_stripes__reverse_00005.tif"
"core/BLOCK_014/index/reverse_stripes/reverse_00006.tif","runtime-core-block_014-v1","core__BLOCK_014__index__reverse_stripes__reverse_00006.tif",310628,"https://github.com/JamilRamirez/FABDEM-Watershed-Runtime/releases/download/runtime-core-block_014-v1/core__BLOCK_014__index__reverse_stripes__reverse_00006.tif"
"core/BLOCK_014/index/reverse_stripes/reverse_00007.tif","runtime-core-block_014-v1","core__BLOCK_014__index__reverse_stripes__reverse_00007.tif",315466,"https://github.com/JamilRamirez/FABDEM-Watershed-Runtime/releases/download/runtime-core-block_014-v1/core__BLOCK_014__index__reverse_stripes__reverse_00007.tif"
"core/BLOCK_014/index/reverse_stripes/reverse_00008.tif","runtime-core-block_014-v1","core__BLOCK_014__index__reverse_stripes__reverse_00008.tif",321444,"https://github.com/JamilRamirez/FABDEM-Watershed-Runtime/releases/download/runtime-core-block_014-v1/core__BLOCK_014__index__reverse_stripes__reverse_00008.tif"
"core/BLOCK_014/index/reverse_stripes/reverse_00009.tif","runtime-core-block_014-v1","core__BLOCK_014__index__reverse_stripes__reverse_00009.tif",327840,"https://github.com/JamilRamirez/FABDEM-Watershed-Runtime/releases/download/runtime-core-block_014-v1/core__BLOCK_014__index__reverse_stripes__reverse_00009.tif"
"core/BLOCK_014/index/reverse_stripes/reverse_00010.tif","runtime-core-block_014-v1","core__BLOCK_014__index__reverse_stripes__reverse_00010.tif",322830,"https://github.com/JamilRamirez/FABDEM-Watershed-Runtime/releases/download/runtime-core-block_014-v1/core__BLOCK_014__index__reverse_stripes__reverse_00010.tif"
"core/BLOCK_014/index/reverse_stripes/reverse_00011.tif","runtime-core-block_014-v1","core__BLOCK_014__index__reverse_stripes__reverse_00011.tif",318444,"https://github.com/JamilRamirez/FABDEM-Watershed-Runtime/releases/download/runtime-core-block_014-v1/core__BLOCK_014__index__reverse_stripes__reverse_00011.tif"
"core/BLOCK_014/index/reverse_stripes/reverse_00012.tif","runtime-core-block_014-v1","core__BLOCK_014__index__reverse_stripes__reverse_00012.tif",314362,"https://github.com/JamilRamirez/FABDEM-Watershed-Runtime/releases/download/runtime-core-block_014-v1/core__BLOCK_014__index__reverse_stripes__reverse_00012.tif"
"core/BLOCK_014/index/reverse_stripes/reverse_00013.tif","runtime-core-block_014-v1","core__BLOCK_014__index__reverse_stripes__reverse_00013.tif",311832,"https://github.com/JamilRamirez/FABDEM-Watershed-Runtime/releases/download/runtime-core-block_014-v1/core__BLOCK_014__index__reverse_stripes__reverse_00013.tif"
"core/BLOCK_014/index/reverse_stripes/reverse_00014.tif","runtime-core-block_014-v1","core__BLOCK_014__index__reverse_stripes__reverse_00014.tif",317674,"https://github.com/JamilRamirez/FABDEM-Watershed-Runtime/releases/download/runtime-core-block_014-v1/core__BLOCK_014__index__reverse_stripes__reverse_00014.tif"
"core/BLOCK_014/index/reverse_stripes/reverse_00015.tif","runtime-core-block_014-v1","core__BLOCK_014__index__reverse_stripes__reverse_00015.tif",379222,"https://github.com/JamilRamirez/FABDEM-Watershed-Runtime/releases/download/runtime-core-block_014-v1/core__BLOCK_014__index__reverse_stripes__reverse_00015.tif"
"core/BLOCK_014/index/reverse_stripes/reverse_00016.tif","runtime-core-block_014-v1","core__BLOCK_014__index__reverse_stripes__reverse_00016.tif",351908,"https://github.com/JamilRamirez/FABDEM-Watershed-Runtime/releases/download/runtime-core-block_014-v1/core__BLOCK_014__index__reverse_stripes__reverse_00016.tif"
"core/BLOCK_014/index/reverse_stripes/reverse_00017.tif","runtime-core-block_014-v1","core__BLOCK_014__index__reverse_stripes__reverse_00017.tif",329686,"https://github.com/JamilRamirez/FABDEM-Watershed-Runtime/releases/download/runtime-core-block_014-v1/core__BLOCK_014__index__reverse_stripes__reverse_00017.tif"
"core/BLOCK_014/index/reverse_stripes/reverse_00018.tif","runtime-core-block_014-v1","core__BLOCK_014__index__reverse_stripes__reverse_00018.tif",312416,"https://github.com/JamilRamirez/FABDEM-Watershed-Runtime/releases/download/runtime-core-block_014-v1/core__BLOCK_014__index__reverse_stripes__reverse_00018.tif"
"core/BLOCK_014/index/reverse_stripes/reverse_00019.tif","runtime-core-block_014-v1","core__BLOCK_014__index__reverse_stripes__reverse_00019.tif",298734,"https://github.com/JamilRamirez/FABDEM-Watershed-Runtime/releases/download/runtime-core-block_014-v1/core__BLOCK_014__index__reverse_stripes__reverse_00019.tif"
"core/BLOCK_014/index/reverse_stripes/reverse_00020.tif","runtime-core-block_014-v1","core__BLOCK_014__index__reverse_stripes__reverse_00020.tif",285840,"https://github.com/JamilRamirez/FABDEM-Watershed-Runtime/releases/download/runtime-core-block_014-v1/core__BLOCK_014__index__reverse_stripes__reverse_00020.tif"
"core/BLOCK_014/index/reverse_stripes/reverse_00021.tif","runtime-core-block_014-v1","core__BLOCK_014__index__reverse_stripes__reverse_00021.tif",293748,"https://github.com/JamilRamirez/FABDEM-Watershed-Runtime/releases/download/runtime-core-block_014-v1/core__BLOCK_014__index__reverse_stripes__reverse_00021.tif"
"core/BLOCK_014/index/reverse_stripes/reverse_00022.tif","runtime-core-block_014-v1","core__BLOCK_014__index__reverse_stripes__reverse_00022.tif",270924,"https://github.com/JamilRamirez/FABDEM-Watershed-Runtime/releases/download/runtime-core-block_014-v1/core__BLOCK_014__index__reverse_stripes__reverse_00022.tif"
"core/BLOCK_014/index/reverse_stripes/reverse_00023.tif","runtime-core-block_014-v1","core__BLOCK_014__index__reverse_stripes__reverse_00023.tif",251996,"https://github.com/JamilRamirez/FABDEM-Watershed-Runtime/releases/download/runtime-core-block_014-v1/core__BLOCK_014__index__reverse_stripes__reverse_00023.tif"
"core/BLOCK_014/index/reverse_stripes/reverse_00024.tif","runtime-core-block_014-v1","core__BLOCK_014__index__reverse_stripes__reverse_00024.tif",243416,"https://github.com/JamilRamirez/FABDEM-Watershed-Runtime/releases/download/runtime-core-block_014-v1/core__BLOCK_014__index__reverse_stripes__reverse_00024.tif"
"core/BLOCK_014/index/reverse_stripes/reverse_00025.tif","runtime-core-block_014-v1","core__BLOCK_014__index__reverse_stripes__reverse_00025.tif",247536,"https://github.com/JamilRamirez/FABDEM-Watershed-Runtime/releases/download/runtime-core-block_014-v1/core__BLOCK_014__index__reverse_stripes__reverse_00025.tif"
"core/BLOCK_014/index/reverse_stripes/reverse_00026.tif","runtime-core-block_014-v1","core__BLOCK_014__index__reverse_stripes__reverse_00026.tif",235634,"https://github.com/JamilRamirez/FABDEM-Watershed-Runtime/releases/download/runtime-core-block_014-v1/core__BLOCK_014__index__reverse_stripes__reverse_00026.tif"
"core/BLOCK_014/index/reverse_stripes/reverse_00027.tif","runtime-core-block_014-v1","core__BLOCK_014__index__reverse_stripes__reverse_00027.tif",222774,"https://github.com/JamilRamirez/FABDEM-Watershed-Runtime/releases/download/runtime-core-block_014-v1/core__BLOCK_014__index__reverse_stripes__reverse_00027.tif"
"core/BLOCK_014/index/reverse_stripes/reverse_00028.tif","runtime-core-block_014-v1","core__BLOCK_014__index__reverse_stripes__reverse_00028.tif",215696,"https://github.com/JamilRamirez/FABDEM-Watershed-Runtime/releases/download/runtime-core-block_014-v1/core__BLOCK_014__index__reverse_stripes__reverse_00028.tif"
"core/BLOCK_014/index/reverse_stripes/reverse_00029.tif","runtime-core-block_014-v1","core__BLOCK_014__index__reverse_stripes__reverse_00029.tif",296554,"https://github.com/JamilRamirez/FABDEM-Watershed-Runtime/releases/download/runtime-core-block_014-v1/core__BLOCK_014__index__reverse_stripes__reverse_00029.tif"
"core/BLOCK_014/index/reverse_stripes/reverse_00030.tif","runtime-core-block_014-v1","core__BLOCK_014__index__reverse_stripes__reverse_00030.tif",304350,"https://github.com/JamilRamirez/FABDEM-Watershed-Runtime/releases/download/runtime-core-block_014-v1/core__BLOCK_014__index__reverse_stripes__reverse_00030.tif"
"core/BLOCK_014/index/reverse_stripes/reverse_00031.tif","runtime-core-block_014-v1","core__BLOCK_014__index__reverse_stripes__reverse_00031.tif",302332,"https://github.com/JamilRamirez/FABDEM-Watershed-Runtime/releases/download/runtime-core-block_014-v1/core__BLOCK_014__index__reverse_stripes__reverse_00031.tif"
"core/BLOCK_014/index/reverse_stripes/reverse_00032.tif","runtime-core-block_014-v1","core__BLOCK_014__index__reverse_stripes__reverse_00032.tif",301272,"https://github.com/JamilRamirez/FABDEM-Watershed-Runtime/releases/download/runtime-core-block_014-v1/core__BLOCK_014__index__reverse_stripes__reverse_00032.tif"
"core/BLOCK_014/index/reverse_stripes/reverse_00033.tif","runtime-core-block_014-v1","core__BLOCK_014__index__reverse_stripes__reverse_00033.tif",293328,"https://github.com/JamilRamirez/FABDEM-Watershed-Runtime/releases/download/runtime-core-block_014-v1/core__BLOCK_014__index__reverse_stripes__reverse_00033.tif"
"core/BLOCK_014/index/reverse_stripes/reverse_00034.tif","runtime-core-block_014-v1","core__BLOCK_014__index__reverse_stripes__reverse_00034.tif",288392,"https://github.com/JamilRamirez/FABDEM-Watershed-Runtime/releases/download/runtime-core-block_014-v1/core__BLOCK_014__index__reverse_stripes__reverse_00034.tif"
"core/BLOCK_014/index/reverse_stripes/reverse_00035.tif","runtime-core-block_014-v1","core__BLOCK_014__index__reverse_stripes__reverse_00035.tif",292554,"https://github.com/JamilRamirez/FABDEM-Watershed-Runtime/releases/download/runtime-core-block_014-v1/core__BLOCK_014__index__reverse_stripes__reverse_00035.tif"
"core/BLOCK_014/index/reverse_stripes/reverse_00036.tif","runtime-core-block_014-v1","core__BLOCK_014__index__reverse_stripes__reverse_00036.tif",303020,"https://github.com/JamilRamirez/FABDEM-Watershed-Runtime/releases/download/runtime-core-block_014-v1/core__BLOCK_014__index__reverse_stripes__reverse_00036.tif"
"core/BLOCK_014/index/reverse_stripes/reverse_00037.tif","runtime-core-block_014-v1","core__BLOCK_014__index__reverse_stripes__reverse_00037.tif",299802,"https://github.com/JamilRamirez/FABDEM-Watershed-Runtime/releases/download/runtime-core-block_014-v1/core__BLOCK_014__index__reverse_stripes__reverse_00037.tif"
"core/BLOCK_014/index/reverse_stripes/reverse_00038.tif","runtime-core-block_014-v1","core__BLOCK_014__index__reverse_stripes__reverse_00038.tif",294440,"https://github.com/JamilRamirez/FABDEM-Watershed-Runtime/releases/download/runtime-core-block_014-v1/core__BLOCK_014__index__reverse_stripes__reverse_00038.tif"
"core/BLOCK_014/index/reverse_stripes/reverse_00039.tif","runtime-core-block_014-v1","core__BLOCK_014__index__reverse_stripes__reverse_00039.tif",294908,"https://github.com/JamilRamirez/FABDEM-Watershed-Runtime/releases/download/runtime-core-block_014-v1/core__BLOCK_014__index__reverse_stripes__reverse_00039.tif"
"core/BLOCK_014/index/reverse_stripes/reverse_00040.tif","runtime-core-block_014-v1","core__BLOCK_014__index__reverse_stripes__reverse_00040.tif",292564,"https://github.com/JamilRamirez/FABDEM-Watershed-Runtime/releases/download/runtime-core-block_014-v1/core__BLOCK_014__index__reverse_stripes__reverse_00040.tif"
"core/BLOCK_014/index/reverse_stripes/reverse_00041.tif","runtime-core-block_014-v1","core__BLOCK_014__index__reverse_stripes__reverse_00041.tif",295646,"https://github.com/JamilRamirez/FABDEM-Watershed-Runtime/releases/download/runtime-core-block_014-v1/core__BLOCK_014__index__reverse_stripes__reverse_00041.tif"
"core/BLOCK_014/index/reverse_stripes/reverse_00042.tif","runtime-core-block_014-v1","core__BLOCK_014__index__reverse_stripes__reverse_00042.tif",296404,"https://github.com/JamilRamirez/FABDEM-Watershed-Runtime/releases/download/runtime-core-block_014-v1/core__BLOCK_014__index__reverse_stripes__reverse_00042.tif"
"core/BLOCK_014/index/reverse_stripes/reverse_00043.tif","runtime-core-block_014-v1","core__BLOCK_014__index__reverse_stripes__reverse_00043.tif",552544,"https://github.com/JamilRamirez/FABDEM-Watershed-Runtime/releases/download/runtime-core-block_014-v1/core__BLOCK_014__index__reverse_stripes__reverse_00043.tif"
"core/BLOCK_014/index/reverse_stripes/reverse_00044.tif","runtime-core-block_014-v1","core__BLOCK_014__index__reverse_stripes__reverse_00044.tif",609692,"https://github.com/JamilRamirez/FABDEM-Watershed-Runtime/releases/download/runtime-core-block_014-v1/core__BLOCK_014__index__reverse_stripes__reverse_00044.tif"
"core/BLOCK_014/index/reverse_stripes/reverse_00045.tif","runtime-core-block_014-v1","core__BLOCK_014__index__reverse_stripes__reverse_00045.tif",598482,"https://github.com/JamilRamirez/FABDEM-Watershed-Runtime/releases/download/runtime-core-block_014-v1/core__BLOCK_014__index__reverse_stripes__reverse_00045.tif"
"core/BLOCK_014/index/reverse_stripes/reverse_00046.tif","runtime-core-block_014-v1","core__BLOCK_014__index__reverse_stripes__reverse_00046.tif",598840,"https://github.com/JamilRamirez/FABDEM-Watershed-Runtime/releases/download/runtime-core-block_014-v1/core__BLOCK_014__index__reverse_stripes__reverse_00046.tif"
"core/BLOCK_014/index/reverse_stripes/reverse_00047.tif","runtime-core-block_014-v1","core__BLOCK_014__index__reverse_stripes__reverse_00047.tif",603574,"https://github.com/JamilRamirez/FABDEM-Watershed-Runtime/releases/download/runtime-core-block_014-v1/core__BLOCK_014__index__reverse_stripes__reverse_00047.tif"
"core/BLOCK_014/index/reverse_stripes/reverse_00048.tif","runtime-core-block_014-v1","core__BLOCK_014__index__reverse_stripes__reverse_00048.tif",605526,"https://github.com/JamilRamirez/FABDEM-Watershed-Runtime/releases/download/runtime-core-block_014-v1/core__BLOCK_014__index__reverse_stripes__reverse_00048.tif"
"core/BLOCK_014/index/reverse_stripes/reverse_00049.tif","runtime-core-block_014-v1","core__BLOCK_014__index__reverse_stripes__reverse_00049.tif",611224,"https://github.com/JamilRamirez/FABDEM-Watershed-Runtime/releases/download/runtime-core-block_014-v1/core__BLOCK_014__index__reverse_stripes__reverse_00049.tif"
"core/BLOCK_014/index/reverse_stripes/reverse_00050.tif","runtime-core-block_014-v1","core__BLOCK_014__index__reverse_stripes__reverse_00050.tif",603238,"https://github.com/JamilRamirez/FABDEM-Watershed-Runtime/releases/download/runtime-core-block_014-v1/core__BLOCK_014__index__reverse_stripes__reverse_00050.tif"
"core/BLOCK_014/index/reverse_stripes/reverse_00051.tif","runtime-core-block_014-v1","core__BLOCK_014__index__reverse_stripes__reverse_00051.tif",597520,"https://github.com/JamilRamirez/FABDEM-Watershed-Runtime/releases/download/runtime-core-block_014-v1/core__BLOCK_014__index__reverse_stripes__reverse_00051.tif"
"core/BLOCK_014/index/reverse_stripes/reverse_00052.tif","runtime-core-block_014-v1","core__BLOCK_014__index__reverse_stripes__reverse_00052.tif",572958,"https://github.com/JamilRamirez/FABDEM-Watershed-Runtime/releases/download/runtime-core-block_014-v1/core__BLOCK_014__index__reverse_stripes__reverse_00052.tif"
"core/BLOCK_014/index/reverse_stripes/reverse_00053.tif","runtime-core-block_014-v1","core__BLOCK_014__index__reverse_stripes__reverse_00053.tif",552414,"https://github.com/JamilRamirez/FABDEM-Watershed-Runtime/releases/download/runtime-core-block_014-v1/core__BLOCK_014__index__reverse_stripes__reverse_00053.tif"
"core/BLOCK_014/index/reverse_stripes/reverse_00054.tif","runtime-core-block_014-v1","core__BLOCK_014__index__reverse_stripes__reverse_00054.tif",527086,"https://github.com/JamilRamirez/FABDEM-Watershed-Runtime/releases/download/runtime-core-block_014-v1/core__BLOCK_014__index__reverse_stripes__reverse_00054.tif"
"core/BLOCK_014/index/reverse_stripes/reverse_00055.tif","runtime-core-block_014-v1","core__BLOCK_014__index__reverse_stripes__reverse_00055.tif",510492,"https://github.com/JamilRamirez/FABDEM-Watershed-Runtime/releases/download/runtime-core-block_014-v1/core__BLOCK_014__index__reverse_stripes__reverse_00055.tif"
"core/BLOCK_014/index/reverse_stripes/reverse_00056.tif","runtime-core-block_014-v1","core__BLOCK_014__index__reverse_stripes__reverse_00056.tif",521290,"https://github.com/JamilRamirez/FABDEM-Watershed-Runtime/releases/download/runtime-core-block_014-v1/core__BLOCK_014__index__reverse_stripes__reverse_00056.tif"
"core/BLOCK_014/index/reverse_stripes/reverse_00057.tif","runtime-core-block_014-v1","core__BLOCK_014__index__reverse_stripes__reverse_00057.tif",471128,"https://github.com/JamilRamirez/FABDEM-Watershed-Runtime/releases/download/runtime-core-block_014-v1/core__BLOCK_014__index__reverse_stripes__reverse_00057.tif"
"core/BLOCK_014/index/reverse_stripes/reverse_00058.tif","runtime-core-block_014-v1","core__BLOCK_014__index__reverse_stripes__reverse_00058.tif",478688,"https://github.com/JamilRamirez/FABDEM-Watershed-Runtime/releases/download/runtime-core-block_014-v1/core__BLOCK_014__index__reverse_stripes__reverse_00058.tif"
"core/BLOCK_014/index/reverse_stripes/reverse_00059.tif","runtime-core-block_014-v1","core__BLOCK_014__index__reverse_stripes__reverse_00059.tif",503288,"https://github.com/JamilRamirez/FABDEM-Watershed-Runtime/releases/download/runtime-core-block_014-v1/core__BLOCK_014__index__reverse_stripes__reverse_00059.tif"
"core/BLOCK_014/index/reverse_stripes/reverse_00060.tif","runtime-core-block_014-v1","core__BLOCK_014__index__reverse_stripes__reverse_00060.tif",516500,"https://github.com/JamilRamirez/FABDEM-Watershed-Runtime/releases/download/runtime-core-block_014-v1/core__BLOCK_014__index__reverse_stripes__reverse_00060.tif"
"core/BLOCK_014/index/reverse_stripes/reverse_00061.tif","runtime-core-block_014-v1","core__BLOCK_014__index__reverse_stripes__reverse_00061.tif",502752,"https://github.com/JamilRamirez/FABDEM-Watershed-Runtime/releases/download/runtime-core-block_014-v1/core__BLOCK_014__index__reverse_stripes__reverse_00061.tif"
"core/BLOCK_014/index/reverse_stripes/reverse_00062.tif","runtime-core-block_014-v1","core__BLOCK_014__index__reverse_stripes__reverse_00062.tif",476468,"https://github.com/JamilRamirez/FABDEM-Watershed-Runtime/releases/download/runtime-core-block_014-v1/core__BLOCK_014__index__reverse_stripes__reverse_00062.tif"
"core/BLOCK_014/index/reverse_stripes/reverse_00063.tif","runtime-core-block_014-v1","core__BLOCK_014__index__reverse_stripes__reverse_00063.tif",441810,"https://github.com/JamilRamirez/FABDEM-Watershed-Runtime/releases/download/runtime-core-block_014-v1/core__BLOCK_014__index__reverse_stripes__reverse_00063.tif"
"core/BLOCK_014/index/reverse_stripes/reverse_00064.tif","runtime-core-block_014-v1","core__BLOCK_014__index__reverse_stripes__reverse_00064.tif",417420,"https://github.com/JamilRamirez/FABDEM-Watershed-Runtime/releases/download/runtime-core-block_014-v1/core__BLOCK_014__index__reverse_stripes__reverse_00064.tif"
"core/BLOCK_014/index/reverse_stripes/reverse_00065.tif","runtime-core-block_014-v1","core__BLOCK_014__index__reverse_stripes__reverse_00065.tif",394434,"https://github.com/JamilRamirez/FABDEM-Watershed-Runtime/releases/download/runtime-core-block_014-v1/core__BLOCK_014__index__reverse_stripes__reverse_00065.tif"
"core/BLOCK_014/index/reverse_stripes/reverse_00066.tif","runtime-core-block_014-v1","core__BLOCK_014__index__reverse_stripes__reverse_00066.tif",364902,"https://github.com/JamilRamirez/FABDEM-Watershed-Runtime/releases/download/runtime-core-block_014-v1/core__BLOCK_014__index__reverse_stripes__reverse_00066.tif"
"core/BLOCK_014/index/reverse_stripes/reverse_00067.tif","runtime-core-block_014-v1","core__BLOCK_014__index__reverse_stripes__reverse_00067.tif",352774,"https://github.com/JamilRamirez/FABDEM-Watershed-Runtime/releases/download/runtime-core-block_014-v1/core__BLOCK_014__index__reverse_stripes__reverse_00067.tif"
"core/BLOCK_014/index/reverse_stripes/reverse_00068.tif","runtime-core-block_014-v1","core__BLOCK_014__index__reverse_stripes__reverse_00068.tif",356524,"https://github.com/JamilRamirez/FABDEM-Watershed-Runtime/releases/download/runtime-core-block_014-v1/core__BLOCK_014__index__reverse_stripes__reverse_00068.tif"
"core/BLOCK_014/index/reverse_stripes/reverse_00069.tif","runtime-core-block_014-v1","core__BLOCK_014__index__reverse_stripes__reverse_00069.tif",356804,"https://github.com/JamilRamirez/FABDEM-Watershed-Runtime/releases/download/runtime-core-block_014-v1/core__BLOCK_014__index__reverse_stripes__reverse_00069.tif"
"core/BLOCK_014/index/reverse_stripes/reverse_00070.tif","runtime-core-block_014-v1","core__BLOCK_014__index__reverse_stripes__reverse_00070.tif",356668,"https://github.com/JamilRamirez/FABDEM-Watershed-Runtime/releases/download/runtime-core-block_014-v1/core__BLOCK_014__index__reverse_stripes__reverse_00070.tif"
"core/BLOCK_014/index/reverse_stripes/reverse_00071.tif","runtime-core-block_014-v1","core__BLOCK_014__index__reverse_stripes__reverse_00071.tif",121448,"https://github.com/JamilRamirez/FABDEM-Watershed-Runtime/releases/download/runtime-core-block_014-v1/core__BLOCK_014__index__reverse_stripes__reverse_00071.tif"
"core/BLOCK_014/index/stream_stripes/stream_00001.tif","runtime-core-block_014-v1","core__BLOCK_014__index__stream_stripes__stream_00001.tif",11660,"https://github.com/JamilRamirez/FABDEM-Watershed-Runtime/releases/download/runtime-core-block_014-v1/core__BLOCK_014__index__stream_stripes__stream_00001.tif"
"core/BLOCK_014/index/stream_stripes/stream_00002.tif","runtime-core-block_014-v1","core__BLOCK_014__index__stream_stripes__stream_00002.tif",13704,"https://github.com/JamilRamirez/FABDEM-Watershed-Runtime/releases/download/runtime-core-block_014-v1/core__BLOCK_014__index__stream_stripes__stream_00002.tif"
"core/BLOCK_014/index/stream_stripes/stream_00003.tif","runtime-core-block_014-v1","core__BLOCK_014__index__stream_stripes__stream_00003.tif",13544,"https://github.com/JamilRamirez/FABDEM-Watershed-Runtime/releases/download/runtime-core-block_014-v1/core__BLOCK_014__index__stream_stripes__stream_00003.tif"
"core/BLOCK_014/index/stream_stripes/stream_00004.tif","runtime-core-block_014-v1","core__BLOCK_014__index__stream_stripes__stream_00004.tif",14634,"https://github.com/JamilRamirez/FABDEM-Watershed-Runtime/releases/download/runtime-core-block_014-v1/core__BLOCK_014__index__stream_stripes__stream_00004.tif"
"core/BLOCK_014/index/stream_stripes/stream_00005.tif","runtime-core-block_014-v1","core__BLOCK_014__index__stream_stripes__stream_00005.tif",14074,"https://github.com/JamilRamirez/FABDEM-Watershed-Runtime/releases/download/runtime-core-block_014-v1/core__BLOCK_014__index__stream_stripes__stream_00005.tif"
"core/BLOCK_014/index/stream_stripes/stream_00006.tif","runtime-core-block_014-v1","core__BLOCK_014__index__stream_stripes__stream_00006.tif",11188,"https://github.com/JamilRamirez/FABDEM-Watershed-Runtime/releases/download/runtime-core-block_014-v1/core__BLOCK_014__index__stream_stripes__stream_00006.tif"
"core/BLOCK_014/index/stream_stripes/stream_00007.tif","runtime-core-block_014-v1","core__BLOCK_014__index__stream_stripes__stream_00007.tif",15152,"https://github.com/JamilRamirez/FABDEM-Watershed-Runtime/releases/download/runtime-core-block_014-v1/core__BLOCK_014__index__stream_stripes__stream_00007.tif"
"core/BLOCK_014/index/stream_stripes/stream_00008.tif","runtime-core-block_014-v1","core__BLOCK_014__index__stream_stripes__stream_00008.tif",15284,"https://github.com/JamilRamirez/FABDEM-Watershed-Runtime/releases/download/runtime-core-block_014-v1/core__BLOCK_014__index__stream_stripes__stream_00008.tif"
"core/BLOCK_014/index/stream_stripes/stream_00009.tif","runtime-core-block_014-v1","core__BLOCK_014__index__stream_stripes__stream_00009.tif",14384,"https://github.com/JamilRamirez/FABDEM-Watershed-Runtime/releases/download/runtime-core-block_014-v1/core__BLOCK_014__index__stream_stripes__stream_00009.tif"
"core/BLOCK_014/index/stream_stripes/stream_00010.tif","runtime-core-block_014-v1","core__BLOCK_014__index__stream_stripes__stream_00010.tif",14788,"https://github.com/JamilRamirez/FABDEM-Watershed-Runtime/releases/download/runtime-core-block_014-v1/core__BLOCK_014__index__stream_stripes__stream_00010.tif"
"core/BLOCK_014/index/stream_stripes/stream_00011.tif","runtime-core-block_014-v1","core__BLOCK_014__index__stream_stripes__stream_00011.tif",14382,"https://github.com/JamilRamirez/FABDEM-Watershed-Runtime/releases/download/runtime-core-block_014-v1/core__BLOCK_014__index__stream_stripes__stream_00011.tif"
"core/BLOCK_014/index/stream_stripes/stream_00012.tif","runtime-core-block_014-v1","core__BLOCK_014__index__stream_stripes__stream_00012.tif",13990,"https://github.com/JamilRamirez/FABDEM-Watershed-Runtime/releases/download/runtime-core-block_014-v1/core__BLOCK_014__index__stream_stripes__stream_00012.tif"
"core/BLOCK_014/index/stream_stripes/stream_00013.tif","runtime-core-block_014-v1","core__BLOCK_014__index__stream_stripes__stream_00013.tif",12654,"https://github.com/JamilRamirez/FABDEM-Watershed-Runtime/releases/download/runtime-core-block_014-v1/core__BLOCK_014__index__stream_stripes__stream_00013.tif"
"core/BLOCK_014/index/stream_stripes/stream_00014.tif","runtime-core-block_014-v1","core__BLOCK_014__index__stream_stripes__stream_00014.tif",14092,"https://github.com/JamilRamirez/FABDEM-Watershed-Runtime/releases/download/runtime-core-block_014-v1/core__BLOCK_014__index__stream_stripes__stream_00014.tif"
"core/BLOCK_014/index/stream_stripes/stream_00015.tif","runtime-core-block_014-v1","core__BLOCK_014__index__stream_stripes__stream_00015.tif",14936,"https://github.com/JamilRamirez/FABDEM-Watershed-Runtime/releases/download/runtime-core-block_014-v1/core__BLOCK_014__index__stream_stripes__stream_00015.tif"
"core/BLOCK_014/index/stream_stripes/stream_00016.tif","runtime-core-block_014-v1","core__BLOCK_014__index__stream_stripes__stream_00016.tif",14260,"https://github.com/JamilRamirez/FABDEM-Watershed-Runtime/releases/download/runtime-core-block_014-v1/core__BLOCK_014__index__stream_stripes__stream_00016.tif"
"core/BLOCK_014/index/stream_stripes/stream_00017.tif","runtime-core-block_014-v1","core__BLOCK_014__index__stream_stripes__stream_00017.tif",14858,"https://github.com/JamilRamirez/FABDEM-Watershed-Runtime/releases/download/runtime-core-block_014-v1/core__BLOCK_014__index__stream_stripes__stream_00017.tif"
"core/BLOCK_014/index/stream_stripes/stream_00018.tif","runtime-core-block_014-v1","core__BLOCK_014__index__stream_stripes__stream_00018.tif",14010,"https://github.com/JamilRamirez/FABDEM-Watershed-Runtime/releases/download/runtime-core-block_014-v1/core__BLOCK_014__index__stream_stripes__stream_00018.tif"
"core/BLOCK_014/index/stream_stripes/stream_00019.tif","runtime-core-block_014-v1","core__BLOCK_014__index__stream_stripes__stream_00019.tif",13630,"https://github.com/JamilRamirez/FABDEM-Watershed-Runtime/releases/download/runtime-core-block_014-v1/core__BLOCK_014__index__stream_stripes__stream_00019.tif"
"core/BLOCK_014/index/stream_stripes/stream_00020.tif","runtime-core-block_014-v1","core__BLOCK_014__index__stream_stripes__stream_00020.tif",13670,"https://github.com/JamilRamirez/FABDEM-Watershed-Runtime/releases/download/runtime-core-block_014-v1/core__BLOCK_014__index__stream_stripes__stream_00020.tif"
"core/BLOCK_014/index/stream_stripes/stream_00021.tif","runtime-core-block_014-v1","core__BLOCK_014__index__stream_stripes__stream_00021.tif",13956,"https://github.com/JamilRamirez/FABDEM-Watershed-Runtime/releases/download/runtime-core-block_014-v1/core__BLOCK_014__index__stream_stripes__stream_00021.tif"
"core/BLOCK_014/index/stream_stripes/stream_00022.tif","runtime-core-block_014-v1","core__BLOCK_014__index__stream_stripes__stream_00022.tif",12766,"https://github.com/JamilRamirez/FABDEM-Watershed-Runtime/releases/download/runtime-core-block_014-v1/core__BLOCK_014__index__stream_stripes__stream_00022.tif"
"core/BLOCK_014/index/stream_stripes/stream_00023.tif","runtime-core-block_014-v1","core__BLOCK_014__index__stream_stripes__stream_00023.tif",12730,"https://github.com/JamilRamirez/FABDEM-Watershed-Runtime/releases/download/runtime-core-block_014-v1/core__BLOCK_014__index__stream_stripes__stream_00023.tif"
"core/BLOCK_014/index/stream_stripes/stream_00024.tif","runtime-core-block_014-v1","core__BLOCK_014__index__stream_stripes__stream_00024.tif",13306,"https://github.com/JamilRamirez/FABDEM-Watershed-Runtime/releases/download/runtime-core-block_014-v1/core__BLOCK_014__index__stream_stripes__stream_00024.tif"
"core/BLOCK_014/index/stream_stripes/stream_00025.tif","runtime-core-block_014-v1","core__BLOCK_014__index__stream_stripes__stream_00025.tif",13216,"https://github.com/JamilRamirez/FABDEM-Watershed-Runtime/releases/download/runtime-core-block_014-v1/core__BLOCK_014__index__stream_stripes__stream_00025.tif"
"core/BLOCK_014/index/stream_stripes/stream_00026.tif","runtime-core-block_014-v1","core__BLOCK_014__index__stream_stripes__stream_00026.tif",11734,"https://github.com/JamilRamirez/FABDEM-Watershed-Runtime/releases/download/runtime-core-block_014-v1/core__BLOCK_014__index__stream_stripes__stream_00026.tif"
"core/BLOCK_014/index/stream_stripes/stream_00027.tif","runtime-core-block_014-v1","core__BLOCK_014__index__stream_stripes__stream_00027.tif",12668,"https://github.com/JamilRamirez/FABDEM-Watershed-Runtime/releases/download/runtime-core-block_014-v1/core__BLOCK_014__index__stream_stripes__stream_00027.tif"
"core/BLOCK_014/index/stream_stripes/stream_00028.tif","runtime-core-block_014-v1","core__BLOCK_014__index__stream_stripes__stream_00028.tif",12740,"https://github.com/JamilRamirez/FABDEM-Watershed-Runtime/releases/download/runtime-core-block_014-v1/core__BLOCK_014__index__stream_stripes__stream_00028.tif"
"core/BLOCK_014/index/stream_stripes/stream_00029.tif","runtime-core-block_014-v1","core__BLOCK_014__index__stream_stripes__stream_00029.tif",12630,"https://github.com/JamilRamirez/FABDEM-Watershed-Runtime/releases/download/runtime-core-block_014-v1/core__BLOCK_014__index__stream_stripes__stream_00029.tif"
"core/BLOCK_014/index/stream_stripes/stream_00030.tif","runtime-core-block_014-v1","core__BLOCK_014__index__stream_stripes__stream_00030.tif",13032,"https://github.com/JamilRamirez/FABDEM-Watershed-Runtime/releases/download/runtime-core-block_014-v1/core__BLOCK_014__index__stream_stripes__stream_00030.tif"
"core/BLOCK_014/index/stream_stripes/stream_00031.tif","runtime-core-block_014-v1","core__BLOCK_014__index__stream_stripes__stream_00031.tif",12378,"https://github.com/JamilRamirez/FABDEM-Watershed-Runtime/releases/download/runtime-core-block_014-v1/core__BLOCK_014__index__stream_stripes__stream_00031.tif"
"core/BLOCK_014/index/stream_stripes/stream_00032.tif","runtime-core-block_014-v1","core__BLOCK_014__index__stream_stripes__stream_00032.tif",12706,"https://github.com/JamilRamirez/FABDEM-Watershed-Runtime/releases/download/runtime-core-block_014-v1/core__BLOCK_014__index__stream_stripes__stream_00032.tif"
"core/BLOCK_014/index/stream_stripes/stream_00033.tif","runtime-core-block_014-v1","core__BLOCK_014__index__stream_stripes__stream_00033.tif",14348,"https://github.com/JamilRamirez/FABDEM-Watershed-Runtime/releases/download/runtime-core-block_014-v1/core__BLOCK_014__index__stream_stripes__stream_00033.tif"
"core/BLOCK_014/index/stream_stripes/stream_00034.tif","runtime-core-block_014-v1","core__BLOCK_014__index__stream_stripes__stream_00034.tif",13222,"https://github.com/JamilRamirez/FABDEM-Watershed-Runtime/releases/download/runtime-core-block_014-v1/core__BLOCK_014__index__stream_stripes__stream_00034.tif"
"core/BLOCK_014/index/stream_stripes/stream_00035.tif","runtime-core-block_014-v1","core__BLOCK_014__index__stream_stripes__stream_00035.tif",13340,"https://github.com/JamilRamirez/FABDEM-Watershed-Runtime/releases/download/runtime-core-block_014-v1/core__BLOCK_014__index__stream_stripes__stream_00035.tif"
"core/BLOCK_014/index/stream_stripes/stream_00036.tif","runtime-core-block_014-v1","core__BLOCK_014__index__stream_stripes__stream_00036.tif",14354,"https://github.com/JamilRamirez/FABDEM-Watershed-Runtime/releases/download/runtime-core-block_014-v1/core__BLOCK_014__index__stream_stripes__stream_00036.tif"
"core/BLOCK_014/index/stream_stripes/stream_00037.tif","runtime-core-block_014-v1","core__BLOCK_014__index__stream_stripes__stream_00037.tif",12974,"https://github.com/JamilRamirez/FABDEM-Watershed-Runtime/releases/download/runtime-core-block_014-v1/core__BLOCK_014__index__stream_stripes__stream_00037.tif"
"core/BLOCK_014/index/stream_stripes/stream_00038.tif","runtime-core-block_014-v1","core__BLOCK_014__index__stream_stripes__stream_00038.tif",12688,"https://github.com/JamilRamirez/FABDEM-Watershed-Runtime/releases/download/runtime-core-block_014-v1/core__BLOCK_014__index__stream_stripes__stream_00038.tif"
"core/BLOCK_014/index/stream_stripes/stream_00039.tif","runtime-core-block_014-v1","core__BLOCK_014__index__stream_stripes__stream_00039.tif",14420,"https://github.com/JamilRamirez/FABDEM-Watershed-Runtime/releases/download/runtime-core-block_014-v1/core__BLOCK_014__index__stream_stripes__stream_00039.tif"
"core/BLOCK_014/index/stream_stripes/stream_00040.tif","runtime-core-block_014-v1","core__BLOCK_014__index__stream_stripes__stream_00040.tif",13326,"https://github.com/JamilRamirez/FABDEM-Watershed-Runtime/releases/download/runtime-core-block_014-v1/core__BLOCK_014__index__stream_stripes__stream_00040.tif"
"core/BLOCK_014/index/stream_stripes/stream_00041.tif","runtime-core-block_014-v1","core__BLOCK_014__index__stream_stripes__stream_00041.tif",12584,"https://github.com/JamilRamirez/FABDEM-Watershed-Runtime/releases/download/runtime-core-block_014-v1/core__BLOCK_014__index__stream_stripes__stream_00041.tif"
"core/BLOCK_014/index/stream_stripes/stream_00042.tif","runtime-core-block_014-v1","core__BLOCK_014__index__stream_stripes__stream_00042.tif",13328,"https://github.com/JamilRamirez/FABDEM-Watershed-Runtime/releases/download/runtime-core-block_014-v1/core__BLOCK_014__index__stream_stripes__stream_00042.tif"
"core/BLOCK_014/index/stream_stripes/stream_00043.tif","runtime-core-block_014-v1","core__BLOCK_014__index__stream_stripes__stream_00043.tif",19192,"https://github.com/JamilRamirez/FABDEM-Watershed-Runtime/releases/download/runtime-core-block_014-v1/core__BLOCK_014__index__stream_stripes__stream_00043.tif"
"core/BLOCK_014/index/stream_stripes/stream_00044.tif","runtime-core-block_014-v1","core__BLOCK_014__index__stream_stripes__stream_00044.tif",20608,"https://github.com/JamilRamirez/FABDEM-Watershed-Runtime/releases/download/runtime-core-block_014-v1/core__BLOCK_014__index__stream_stripes__stream_00044.tif"
"core/BLOCK_014/index/stream_stripes/stream_00045.tif","runtime-core-block_014-v1","core__BLOCK_014__index__stream_stripes__stream_00045.tif",22178,"https://github.com/JamilRamirez/FABDEM-Watershed-Runtime/releases/download/runtime-core-block_014-v1/core__BLOCK_014__index__stream_stripes__stream_00045.tif"
"core/BLOCK_014/index/stream_stripes/stream_00046.tif","runtime-core-block_014-v1","core__BLOCK_014__index__stream_stripes__stream_00046.tif",21486,"https://github.com/JamilRamirez/FABDEM-Watershed-Runtime/releases/download/runtime-core-block_014-v1/core__BLOCK_014__index__stream_stripes__stream_00046.tif"
"core/BLOCK_014/index/stream_stripes/stream_00047.tif","runtime-core-block_014-v1","core__BLOCK_014__index__stream_stripes__stream_00047.tif",20634,"https://github.com/JamilRamirez/FABDEM-Watershed-Runtime/releases/download/runtime-core-block_014-v1/core__BLOCK_014__index__stream_stripes__stream_00047.tif"
"core/BLOCK_014/index/stream_stripes/stream_00048.tif","runtime-core-block_014-v1","core__BLOCK_014__index__stream_stripes__stream_00048.tif",20284,"https://github.com/JamilRamirez/FABDEM-Watershed-Runtime/releases/download/runtime-core-block_014-v1/core__BLOCK_014__index__stream_stripes__stream_00048.tif"
"core/BLOCK_014/index/stream_stripes/stream_00049.tif","runtime-core-block_014-v1","core__BLOCK_014__index__stream_stripes__stream_00049.tif",20042,"https://github.com/JamilRamirez/FABDEM-Watershed-Runtime/releases/download/runtime-core-block_014-v1/core__BLOCK_014__index__stream_stripes__stream_00049.tif"
"core/BLOCK_014/index/stream_stripes/stream_00050.tif","runtime-core-block_014-v1","core__BLOCK_014__index__stream_stripes__stream_00050.tif",20806,"https://github.com/JamilRamirez/FABDEM-Watershed-Runtime/releases/download/runtime-core-block_014-v1/core__BLOCK_014__index__stream_stripes__stream_00050.tif"
"core/BLOCK_014/index/stream_stripes/stream_00051.tif","runtime-core-block_014-v1","core__BLOCK_014__index__stream_stripes__stream_00051.tif",20948,"https://github.com/JamilRamirez/FABDEM-Watershed-Runtime/releases/download/runtime-core-block_014-v1/core__BLOCK_014__index__stream_stripes__stream_00051.tif"
"core/BLOCK_014/index/stream_stripes/stream_00052.tif","runtime-core-block_014-v1","core__BLOCK_014__index__stream_stripes__stream_00052.tif",19770,"https://github.com/JamilRamirez/FABDEM-Watershed-Runtime/releases/download/runtime-core-block_014-v1/core__BLOCK_014__index__stream_stripes__stream_00052.tif"
"core/BLOCK_014/index/stream_stripes/stream_00053.tif","runtime-core-block_014-v1","core__BLOCK_014__index__stream_stripes__stream_00053.tif",17552,"https://github.com/JamilRamirez/FABDEM-Watershed-Runtime/releases/download/runtime-core-block_014-v1/core__BLOCK_014__index__stream_stripes__stream_00053.tif"
"core/BLOCK_014/index/stream_stripes/stream_00054.tif","runtime-core-block_014-v1","core__BLOCK_014__index__stream_stripes__stream_00054.tif",19056,"https://github.com/JamilRamirez/FABDEM-Watershed-Runtime/releases/download/runtime-core-block_014-v1/core__BLOCK_014__index__stream_stripes__stream_00054.tif"
"core/BLOCK_014/index/stream_stripes/stream_00055.tif","runtime-core-block_014-v1","core__BLOCK_014__index__stream_stripes__stream_00055.tif",21880,"https://github.com/JamilRamirez/FABDEM-Watershed-Runtime/releases/download/runtime-core-block_014-v1/core__BLOCK_014__index__stream_stripes__stream_00055.tif"
"core/BLOCK_014/index/stream_stripes/stream_00056.tif","runtime-core-block_014-v1","core__BLOCK_014__index__stream_stripes__stream_00056.tif",20716,"https://github.com/JamilRamirez/FABDEM-Watershed-Runtime/releases/download/runtime-core-block_014-v1/core__BLOCK_014__index__stream_stripes__stream_00056.tif"
"core/BLOCK_014/index/stream_stripes/stream_00057.tif","runtime-core-block_014-v1","core__BLOCK_014__index__stream_stripes__stream_00057.tif",16666,"https://github.com/JamilRamirez/FABDEM-Watershed-Runtime/releases/download/runtime-core-block_014-v1/core__BLOCK_014__index__stream_stripes__stream_00057.tif"
"core/BLOCK_014/index/stream_stripes/stream_00058.tif","runtime-core-block_014-v1","core__BLOCK_014__index__stream_stripes__stream_00058.tif",18636,"https://github.com/JamilRamirez/FABDEM-Watershed-Runtime/releases/download/runtime-core-block_014-v1/core__BLOCK_014__index__stream_stripes__stream_00058.tif"
"core/BLOCK_014/index/stream_stripes/stream_00059.tif","runtime-core-block_014-v1","core__BLOCK_014__index__stream_stripes__stream_00059.tif",19118,"https://github.com/JamilRamirez/FABDEM-Watershed-Runtime/releases/download/runtime-core-block_014-v1/core__BLOCK_014__index__stream_stripes__stream_00059.tif"
"core/BLOCK_014/index/stream_stripes/stream_00060.tif","runtime-core-block_014-v1","core__BLOCK_014__index__stream_stripes__stream_00060.tif",18420,"https://github.com/JamilRamirez/FABDEM-Watershed-Runtime/releases/download/runtime-core-block_014-v1/core__BLOCK_014__index__stream_stripes__stream_00060.tif"
"core/BLOCK_014/index/stream_stripes/stream_00061.tif","runtime-core-block_014-v1","core__BLOCK_014__index__stream_stripes__stream_00061.tif",17786,"https://github.com/JamilRamirez/FABDEM-Watershed-Runtime/releases/download/runtime-core-block_014-v1/core__BLOCK_014__index__stream_stripes__stream_00061.tif"
"core/BLOCK_014/index/stream_stripes/stream_00062.tif","runtime-core-block_014-v1","core__BLOCK_014__index__stream_stripes__stream_00062.tif",18792,"https://github.com/JamilRamirez/FABDEM-Watershed-Runtime/releases/download/runtime-core-block_014-v1/core__BLOCK_014__index__stream_stripes__stream_00062.tif"
"core/BLOCK_014/index/stream_stripes/stream_00063.tif","runtime-core-block_014-v1","core__BLOCK_014__index__stream_stripes__stream_00063.tif",16882,"https://github.com/JamilRamirez/FABDEM-Watershed-Runtime/releases/download/runtime-core-block_014-v1/core__BLOCK_014__index__stream_stripes__stream_00063.tif"
"core/BLOCK_014/index/stream_stripes/stream_00064.tif","runtime-core-block_014-v1","core__BLOCK_014__index__stream_stripes__stream_00064.tif",16272,"https://github.com/JamilRamirez/FABDEM-Watershed-Runtime/releases/download/runtime-core-block_014-v1/core__BLOCK_014__index__stream_stripes__stream_00064.tif"
"core/BLOCK_014/index/stream_stripes/stream_00065.tif","runtime-core-block_014-v1","core__BLOCK_014__index__stream_stripes__stream_00065.tif",16764,"https://github.com/JamilRamirez/FABDEM-Watershed-Runtime/releases/download/runtime-core-block_014-v1/core__BLOCK_014__index__stream_stripes__stream_00065.tif"
"core/BLOCK_014/index/stream_stripes/stream_00066.tif","runtime-core-block_014-v1","core__BLOCK_014__index__stream_stripes__stream_00066.tif",17202,"https://github.com/JamilRamirez/FABDEM-Watershed-Runtime/releases/download/runtime-core-block_014-v1/core__BLOCK_014__index__stream_stripes__stream_00066.tif"
"core/BLOCK_014/index/stream_stripes/stream_00067.tif","runtime-core-block_014-v1","core__BLOCK_014__index__stream_stripes__stream_00067.tif",15758,"https://github.com/JamilRamirez/FABDEM-Watershed-Runtime/releases/download/runtime-core-block_014-v1/core__BLOCK_014__index__stream_stripes__stream_00067.tif"
"core/BLOCK_014/index/stream_stripes/stream_00068.tif","runtime-core-block_014-v1","core__BLOCK_014__index__stream_stripes__stream_00068.tif",16152,"https://github.com/JamilRamirez/FABDEM-Watershed-Runtime/releases/download/runtime-core-block_014-v1/core__BLOCK_014__index__stream_stripes__stream_00068.tif"
"core/BLOCK_014/index/stream_stripes/stream_00069.tif","runtime-core-block_014-v1","core__BLOCK_014__index__stream_stripes__stream_00069.tif",16834,"https://github.com/JamilRamirez/FABDEM-Watershed-Runtime/releases/download/runtime-core-block_014-v1/core__BLOCK_014__index__stream_stripes__stream_00069.tif"
"core/BLOCK_014/index/stream_stripes/stream_00070.tif","runtime-core-block_014-v1","core__BLOCK_014__index__stream_stripes__stream_00070.tif",16302,"https://github.com/JamilRamirez/FABDEM-Watershed-Runtime/releases/download/runtime-core-block_014-v1/core__BLOCK_014__index__stream_stripes__stream_00070.tif"
"core/BLOCK_014/index/stream_stripes/stream_00071.tif","runtime-core-block_014-v1","core__BLOCK_014__index__stream_stripes__stream_00071.tif",9756,"https://github.com/JamilRamirez/FABDEM-Watershed-Runtime/releases/download/runtime-core-block_014-v1/core__BLOCK_014__index__stream_stripes__stream_00071.tif"
"core/BLOCK_015/index/index_metadata.rds","runtime-core-block_015-v1","core__BLOCK_015__index__index_metadata.rds",1343,"https://github.com/JamilRamirez/FABDEM-Watershed-Runtime/releases/download/runtime-core-block_015-v1/core__BLOCK_015__index__index_metadata.rds"
"core/BLOCK_015/index/reverse_stripes/reverse_00001.tif","runtime-core-block_015-v1","core__BLOCK_015__index__reverse_stripes__reverse_00001.tif",604330,"https://github.com/JamilRamirez/FABDEM-Watershed-Runtime/releases/download/runtime-core-block_015-v1/core__BLOCK_015__index__reverse_stripes__reverse_00001.tif"
"core/BLOCK_015/index/reverse_stripes/reverse_00002.tif","runtime-core-block_015-v1","core__BLOCK_015__index__reverse_stripes__reverse_00002.tif",606804,"https://github.com/JamilRamirez/FABDEM-Watershed-Runtime/releases/download/runtime-core-block_015-v1/core__BLOCK_015__index__reverse_stripes__reverse_00002.tif"
"core/BLOCK_015/index/reverse_stripes/reverse_00003.tif","runtime-core-block_015-v1","core__BLOCK_015__index__reverse_stripes__reverse_00003.tif",592918,"https://github.com/JamilRamirez/FABDEM-Watershed-Runtime/releases/download/runtime-core-block_015-v1/core__BLOCK_015__index__reverse_stripes__reverse_00003.tif"
"core/BLOCK_015/index/reverse_stripes/reverse_00004.tif","runtime-core-block_015-v1","core__BLOCK_015__index__reverse_stripes__reverse_00004.tif",596272,"https://github.com/JamilRamirez/FABDEM-Watershed-Runtime/releases/download/runtime-core-block_015-v1/core__BLOCK_015__index__reverse_stripes__reverse_00004.tif"
"core/BLOCK_015/index/reverse_stripes/reverse_00005.tif","runtime-core-block_015-v1","core__BLOCK_015__index__reverse_stripes__reverse_00005.tif",581190,"https://github.com/JamilRamirez/FABDEM-Watershed-Runtime/releases/download/runtime-core-block_015-v1/core__BLOCK_015__index__reverse_stripes__reverse_00005.tif"
"core/BLOCK_015/index/reverse_stripes/reverse_00006.tif","runtime-core-block_015-v1","core__BLOCK_015__index__reverse_stripes__reverse_00006.tif",572516,"https://github.com/JamilRamirez/FABDEM-Watershed-Runtime/releases/download/runtime-core-block_015-v1/core__BLOCK_015__index__reverse_stripes__reverse_00006.tif"
"core/BLOCK_015/index/reverse_stripes/reverse_00007.tif","runtime-core-block_015-v1","core__BLOCK_015__index__reverse_stripes__reverse_00007.tif",614386,"https://github.com/JamilRamirez/FABDEM-Watershed-Runtime/releases/download/runtime-core-block_015-v1/core__BLOCK_015__index__reverse_stripes__reverse_00007.tif"
"core/BLOCK_015/index/reverse_stripes/reverse_00008.tif","runtime-core-block_015-v1","core__BLOCK_015__index__reverse_stripes__reverse_00008.tif",610378,"https://github.com/JamilRamirez/FABDEM-Watershed-Runtime/releases/download/runtime-core-block_015-v1/core__BLOCK_015__index__reverse_stripes__reverse_00008.tif"
"core/BLOCK_015/index/reverse_stripes/reverse_00009.tif","runtime-core-block_015-v1","core__BLOCK_015__index__reverse_stripes__reverse_00009.tif",599330,"https://github.com/JamilRamirez/FABDEM-Watershed-Runtime/releases/download/runtime-core-block_015-v1/core__BLOCK_015__index__reverse_stripes__reverse_00009.tif"
"core/BLOCK_015/index/reverse_stripes/reverse_00010.tif","runtime-core-block_015-v1","core__BLOCK_015__index__reverse_stripes__reverse_00010.tif",593586,"https://github.com/JamilRamirez/FABDEM-Watershed-Runtime/releases/download/runtime-core-block_015-v1/core__BLOCK_015__index__reverse_stripes__reverse_00010.tif"
"core/BLOCK_015/index/reverse_stripes/reverse_00011.tif","runtime-core-block_015-v1","core__BLOCK_015__index__reverse_stripes__reverse_00011.tif",584712,"https://github.com/JamilRamirez/FABDEM-Watershed-Runtime/releases/download/runtime-core-block_015-v1/core__BLOCK_015__index__reverse_stripes__reverse_00011.tif"
"core/BLOCK_015/index/reverse_stripes/reverse_00012.tif","runtime-core-block_015-v1","core__BLOCK_015__index__reverse_stripes__reverse_00012.tif",605054,"https://github.com/JamilRamirez/FABDEM-Watershed-Runtime/releases/download/runtime-core-block_015-v1/core__BLOCK_015__index__reverse_stripes__reverse_00012.tif"
"core/BLOCK_015/index/reverse_stripes/reverse_00013.tif","runtime-core-block_015-v1","core__BLOCK_015__index__reverse_stripes__reverse_00013.tif",606218,"https://github.com/JamilRamirez/FABDEM-Watershed-Runtime/releases/download/runtime-core-block_015-v1/core__BLOCK_015__index__reverse_stripes__reverse_00013.tif"
"core/BLOCK_015/index/reverse_stripes/reverse_00014.tif","runtime-core-block_015-v1","core__BLOCK_015__index__reverse_stripes__reverse_00014.tif",620940,"https://github.com/JamilRamirez/FABDEM-Watershed-Runtime/releases/download/runtime-core-block_015-v1/core__BLOCK_015__index__reverse_stripes__reverse_00014.tif"
"core/BLOCK_015/index/reverse_stripes/reverse_00015.tif","runtime-core-block_015-v1","core__BLOCK_015__index__reverse_stripes__reverse_00015.tif",878684,"https://github.com/JamilRamirez/FABDEM-Watershed-Runtime/releases/download/runtime-core-block_015-v1/core__BLOCK_015__index__reverse_stripes__reverse_00015.tif"
"core/BLOCK_015/index/reverse_stripes/reverse_00016.tif","runtime-core-block_015-v1","core__BLOCK_015__index__reverse_stripes__reverse_00016.tif",845936,"https://github.com/JamilRamirez/FABDEM-Watershed-Runtime/releases/download/runtime-core-block_015-v1/core__BLOCK_015__index__reverse_stripes__reverse_00016.tif"
"core/BLOCK_015/index/reverse_stripes/reverse_00017.tif","runtime-core-block_015-v1","core__BLOCK_015__index__reverse_stripes__reverse_00017.tif",838910,"https://github.com/JamilRamirez/FABDEM-Watershed-Runtime/releases/download/runtime-core-block_015-v1/core__BLOCK_015__index__reverse_stripes__reverse_00017.tif"
"core/BLOCK_015/index/reverse_stripes/reverse_00018.tif","runtime-core-block_015-v1","core__BLOCK_015__index__reverse_stripes__reverse_00018.tif",793444,"https://github.com/JamilRamirez/FABDEM-Watershed-Runtime/releases/download/runtime-core-block_015-v1/core__BLOCK_015__index__reverse_stripes__reverse_00018.tif"
"core/BLOCK_015/index/reverse_stripes/reverse_00019.tif","runtime-core-block_015-v1","core__BLOCK_015__index__reverse_stripes__reverse_00019.tif",764880,"https://github.com/JamilRamirez/FABDEM-Watershed-Runtime/releases/download/runtime-core-block_015-v1/core__BLOCK_015__index__reverse_stripes__reverse_00019.tif"
"core/BLOCK_015/index/reverse_stripes/reverse_00020.tif","runtime-core-block_015-v1","core__BLOCK_015__index__reverse_stripes__reverse_00020.tif",760262,"https://github.com/JamilRamirez/FABDEM-Watershed-Runtime/releases/download/runtime-core-block_015-v1/core__BLOCK_015__index__reverse_stripes__reverse_00020.tif"
"core/BLOCK_015/index/reverse_stripes/reverse_00021.tif","runtime-core-block_015-v1","core__BLOCK_015__index__reverse_stripes__reverse_00021.tif",780016,"https://github.com/JamilRamirez/FABDEM-Watershed-Runtime/releases/download/runtime-core-block_015-v1/core__BLOCK_015__index__reverse_stripes__reverse_00021.tif"
"core/BLOCK_015/index/reverse_stripes/reverse_00022.tif","runtime-core-block_015-v1","core__BLOCK_015__index__reverse_stripes__reverse_00022.tif",793438,"https://github.com/JamilRamirez/FABDEM-Watershed-Runtime/releases/download/runtime-core-block_015-v1/core__BLOCK_015__index__reverse_stripes__reverse_00022.tif"
"core/BLOCK_015/index/reverse_stripes/reverse_00023.tif","runtime-core-block_015-v1","core__BLOCK_015__index__reverse_stripes__reverse_00023.tif",752602,"https://github.com/JamilRamirez/FABDEM-Watershed-Runtime/releases/download/runtime-core-block_015-v1/core__BLOCK_015__index__reverse_stripes__reverse_00023.tif"
"core/BLOCK_015/index/reverse_stripes/reverse_00024.tif","runtime-core-block_015-v1","core__BLOCK_015__index__reverse_stripes__reverse_00024.tif",751418,"https://github.com/JamilRamirez/FABDEM-Watershed-Runtime/releases/download/runtime-core-block_015-v1/core__BLOCK_015__index__reverse_stripes__reverse_00024.tif"
"core/BLOCK_015/index/reverse_stripes/reverse_00025.tif","runtime-core-block_015-v1","core__BLOCK_015__index__reverse_stripes__reverse_00025.tif",697200,"https://github.com/JamilRamirez/FABDEM-Watershed-Runtime/releases/download/runtime-core-block_015-v1/core__BLOCK_015__index__reverse_stripes__reverse_00025.tif"
"core/BLOCK_015/index/reverse_stripes/reverse_00026.tif","runtime-core-block_015-v1","core__BLOCK_015__index__reverse_stripes__reverse_00026.tif",635406,"https://github.com/JamilRamirez/FABDEM-Watershed-Runtime/releases/download/runtime-core-block_015-v1/core__BLOCK_015__index__reverse_stripes__reverse_00026.tif"
"core/BLOCK_015/index/reverse_stripes/reverse_00027.tif","runtime-core-block_015-v1","core__BLOCK_015__index__reverse_stripes__reverse_00027.tif",599622,"https://github.com/JamilRamirez/FABDEM-Watershed-Runtime/releases/download/runtime-core-block_015-v1/core__BLOCK_015__index__reverse_stripes__reverse_00027.tif"
"core/BLOCK_015/index/reverse_stripes/reverse_00028.tif","runtime-core-block_015-v1","core__BLOCK_015__index__reverse_stripes__reverse_00028.tif",564716,"https://github.com/JamilRamirez/FABDEM-Watershed-Runtime/releases/download/runtime-core-block_015-v1/core__BLOCK_015__index__reverse_stripes__reverse_00028.tif"
"core/BLOCK_015/index/reverse_stripes/reverse_00029.tif","runtime-core-block_015-v1","core__BLOCK_015__index__reverse_stripes__reverse_00029.tif",529916,"https://github.com/JamilRamirez/FABDEM-Watershed-Runtime/releases/download/runtime-core-block_015-v1/core__BLOCK_015__index__reverse_stripes__reverse_00029.tif"
"core/BLOCK_015/index/reverse_stripes/reverse_00030.tif","runtime-core-block_015-v1","core__BLOCK_015__index__reverse_stripes__reverse_00030.tif",507484,"https://github.com/JamilRamirez/FABDEM-Watershed-Runtime/releases/download/runtime-core-block_015-v1/core__BLOCK_015__index__reverse_stripes__reverse_00030.tif"
"core/BLOCK_015/index/reverse_stripes/reverse_00031.tif","runtime-core-block_015-v1","core__BLOCK_015__index__reverse_stripes__reverse_00031.tif",487612,"https://github.com/JamilRamirez/FABDEM-Watershed-Runtime/releases/download/runtime-core-block_015-v1/core__BLOCK_015__index__reverse_stripes__reverse_00031.tif"
"core/BLOCK_015/index/reverse_stripes/reverse_00032.tif","runtime-core-block_015-v1","core__BLOCK_015__index__reverse_stripes__reverse_00032.tif",427286,"https://github.com/JamilRamirez/FABDEM-Watershed-Runtime/releases/download/runtime-core-block_015-v1/core__BLOCK_015__index__reverse_stripes__reverse_00032.tif"
"core/BLOCK_015/index/reverse_stripes/reverse_00033.tif","runtime-core-block_015-v1","core__BLOCK_015__index__reverse_stripes__reverse_00033.tif",407706,"https://github.com/JamilRamirez/FABDEM-Watershed-Runtime/releases/download/runtime-core-block_015-v1/core__BLOCK_015__index__reverse_stripes__reverse_00033.tif"
"core/BLOCK_015/index/reverse_stripes/reverse_00034.tif","runtime-core-block_015-v1","core__BLOCK_015__index__reverse_stripes__reverse_00034.tif",410866,"https://github.com/JamilRamirez/FABDEM-Watershed-Runtime/releases/download/runtime-core-block_015-v1/core__BLOCK_015__index__reverse_stripes__reverse_00034.tif"
"core/BLOCK_015/index/reverse_stripes/reverse_00035.tif","runtime-core-block_015-v1","core__BLOCK_015__index__reverse_stripes__reverse_00035.tif",400154,"https://github.com/JamilRamirez/FABDEM-Watershed-Runtime/releases/download/runtime-core-block_015-v1/core__BLOCK_015__index__reverse_stripes__reverse_00035.tif"
"core/BLOCK_015/index/reverse_stripes/reverse_00036.tif","runtime-core-block_015-v1","core__BLOCK_015__index__reverse_stripes__reverse_00036.tif",403210,"https://github.com/JamilRamirez/FABDEM-Watershed-Runtime/releases/download/runtime-core-block_015-v1/core__BLOCK_015__index__reverse_stripes__reverse_00036.tif"
"core/BLOCK_015/index/reverse_stripes/reverse_00037.tif","runtime-core-block_015-v1","core__BLOCK_015__index__reverse_stripes__reverse_00037.tif",403894,"https://github.com/JamilRamirez/FABDEM-Watershed-Runtime/releases/download/runtime-core-block_015-v1/core__BLOCK_015__index__reverse_stripes__reverse_00037.tif"
"core/BLOCK_015/index/reverse_stripes/reverse_00038.tif","runtime-core-block_015-v1","core__BLOCK_015__index__reverse_stripes__reverse_00038.tif",403790,"https://github.com/JamilRamirez/FABDEM-Watershed-Runtime/releases/download/runtime-core-block_015-v1/core__BLOCK_015__index__reverse_stripes__reverse_00038.tif"
"core/BLOCK_015/index/reverse_stripes/reverse_00039.tif","runtime-core-block_015-v1","core__BLOCK_015__index__reverse_stripes__reverse_00039.tif",391922,"https://github.com/JamilRamirez/FABDEM-Watershed-Runtime/releases/download/runtime-core-block_015-v1/core__BLOCK_015__index__reverse_stripes__reverse_00039.tif"
"core/BLOCK_015/index/reverse_stripes/reverse_00040.tif","runtime-core-block_015-v1","core__BLOCK_015__index__reverse_stripes__reverse_00040.tif",377892,"https://github.com/JamilRamirez/FABDEM-Watershed-Runtime/releases/download/runtime-core-block_015-v1/core__BLOCK_015__index__reverse_stripes__reverse_00040.tif"
"core/BLOCK_015/index/reverse_stripes/reverse_00041.tif","runtime-core-block_015-v1","core__BLOCK_015__index__reverse_stripes__reverse_00041.tif",367760,"https://github.com/JamilRamirez/FABDEM-Watershed-Runtime/releases/download/runtime-core-block_015-v1/core__BLOCK_015__index__reverse_stripes__reverse_00041.tif"
"core/BLOCK_015/index/reverse_stripes/reverse_00042.tif","runtime-core-block_015-v1","core__BLOCK_015__index__reverse_stripes__reverse_00042.tif",384784,"https://github.com/JamilRamirez/FABDEM-Watershed-Runtime/releases/download/runtime-core-block_015-v1/core__BLOCK_015__index__reverse_stripes__reverse_00042.tif"
"core/BLOCK_015/index/reverse_stripes/reverse_00043.tif","runtime-core-block_015-v1","core__BLOCK_015__index__reverse_stripes__reverse_00043.tif",78812,"https://github.com/JamilRamirez/FABDEM-Watershed-Runtime/releases/download/runtime-core-block_015-v1/core__BLOCK_015__index__reverse_stripes__reverse_00043.tif"
"core/BLOCK_015/index/stream_stripes/stream_00001.tif","runtime-core-block_015-v1","core__BLOCK_015__index__stream_stripes__stream_00001.tif",15570,"https://github.com/JamilRamirez/FABDEM-Watershed-Runtime/releases/download/runtime-core-block_015-v1/core__BLOCK_015__index__stream_stripes__stream_00001.tif"
"core/BLOCK_015/index/stream_stripes/stream_00002.tif","runtime-core-block_015-v1","core__BLOCK_015__index__stream_stripes__stream_00002.tif",21032,"https://github.com/JamilRamirez/FABDEM-Watershed-Runtime/releases/download/runtime-core-block_015-v1/core__BLOCK_015__index__stream_stripes__stream_00002.tif"
"core/BLOCK_015/index/stream_stripes/stream_00003.tif","runtime-core-block_015-v1","core__BLOCK_015__index__stream_stripes__stream_00003.tif",19860,"https://github.com/JamilRamirez/FABDEM-Watershed-Runtime/releases/download/runtime-core-block_015-v1/core__BLOCK_015__index__stream_stripes__stream_00003.tif"
"core/BLOCK_015/index/stream_stripes/stream_00004.tif","runtime-core-block_015-v1","core__BLOCK_015__index__stream_stripes__stream_00004.tif",18440,"https://github.com/JamilRamirez/FABDEM-Watershed-Runtime/releases/download/runtime-core-block_015-v1/core__BLOCK_015__index__stream_stripes__stream_00004.tif"
"core/BLOCK_015/index/stream_stripes/stream_00005.tif","runtime-core-block_015-v1","core__BLOCK_015__index__stream_stripes__stream_00005.tif",19258,"https://github.com/JamilRamirez/FABDEM-Watershed-Runtime/releases/download/runtime-core-block_015-v1/core__BLOCK_015__index__stream_stripes__stream_00005.tif"
"core/BLOCK_015/index/stream_stripes/stream_00006.tif","runtime-core-block_015-v1","core__BLOCK_015__index__stream_stripes__stream_00006.tif",22724,"https://github.com/JamilRamirez/FABDEM-Watershed-Runtime/releases/download/runtime-core-block_015-v1/core__BLOCK_015__index__stream_stripes__stream_00006.tif"
"core/BLOCK_015/index/stream_stripes/stream_00007.tif","runtime-core-block_015-v1","core__BLOCK_015__index__stream_stripes__stream_00007.tif",20542,"https://github.com/JamilRamirez/FABDEM-Watershed-Runtime/releases/download/runtime-core-block_015-v1/core__BLOCK_015__index__stream_stripes__stream_00007.tif"
"core/BLOCK_015/index/stream_stripes/stream_00008.tif","runtime-core-block_015-v1","core__BLOCK_015__index__stream_stripes__stream_00008.tif",20836,"https://github.com/JamilRamirez/FABDEM-Watershed-Runtime/releases/download/runtime-core-block_015-v1/core__BLOCK_015__index__stream_stripes__stream_00008.tif"
"core/BLOCK_015/index/stream_stripes/stream_00009.tif","runtime-core-block_015-v1","core__BLOCK_015__index__stream_stripes__stream_00009.tif",18106,"https://github.com/JamilRamirez/FABDEM-Watershed-Runtime/releases/download/runtime-core-block_015-v1/core__BLOCK_015__index__stream_stripes__stream_00009.tif"
"core/BLOCK_015/index/stream_stripes/stream_00010.tif","runtime-core-block_015-v1","core__BLOCK_015__index__stream_stripes__stream_00010.tif",21998,"https://github.com/JamilRamirez/FABDEM-Watershed-Runtime/releases/download/runtime-core-block_015-v1/core__BLOCK_015__index__stream_stripes__stream_00010.tif"
"core/BLOCK_015/index/stream_stripes/stream_00011.tif","runtime-core-block_015-v1","core__BLOCK_015__index__stream_stripes__stream_00011.tif",22684,"https://github.com/JamilRamirez/FABDEM-Watershed-Runtime/releases/download/runtime-core-block_015-v1/core__BLOCK_015__index__stream_stripes__stream_00011.tif"
"core/BLOCK_015/index/stream_stripes/stream_00012.tif","runtime-core-block_015-v1","core__BLOCK_015__index__stream_stripes__stream_00012.tif",20234,"https://github.com/JamilRamirez/FABDEM-Watershed-Runtime/releases/download/runtime-core-block_015-v1/core__BLOCK_015__index__stream_stripes__stream_00012.tif"
"core/BLOCK_015/index/stream_stripes/stream_00013.tif","runtime-core-block_015-v1","core__BLOCK_015__index__stream_stripes__stream_00013.tif",20172,"https://github.com/JamilRamirez/FABDEM-Watershed-Runtime/releases/download/runtime-core-block_015-v1/core__BLOCK_015__index__stream_stripes__stream_00013.tif"
"core/BLOCK_015/index/stream_stripes/stream_00014.tif","runtime-core-block_015-v1","core__BLOCK_015__index__stream_stripes__stream_00014.tif",21842,"https://github.com/JamilRamirez/FABDEM-Watershed-Runtime/releases/download/runtime-core-block_015-v1/core__BLOCK_015__index__stream_stripes__stream_00014.tif"
"core/BLOCK_015/index/stream_stripes/stream_00015.tif","runtime-core-block_015-v1","core__BLOCK_015__index__stream_stripes__stream_00015.tif",27118,"https://github.com/JamilRamirez/FABDEM-Watershed-Runtime/releases/download/runtime-core-block_015-v1/core__BLOCK_015__index__stream_stripes__stream_00015.tif"
"core/BLOCK_015/index/stream_stripes/stream_00016.tif","runtime-core-block_015-v1","core__BLOCK_015__index__stream_stripes__stream_00016.tif",24850,"https://github.com/JamilRamirez/FABDEM-Watershed-Runtime/releases/download/runtime-core-block_015-v1/core__BLOCK_015__index__stream_stripes__stream_00016.tif"
"core/BLOCK_015/index/stream_stripes/stream_00017.tif","runtime-core-block_015-v1","core__BLOCK_015__index__stream_stripes__stream_00017.tif",25536,"https://github.com/JamilRamirez/FABDEM-Watershed-Runtime/releases/download/runtime-core-block_015-v1/core__BLOCK_015__index__stream_stripes__stream_00017.tif"
"core/BLOCK_015/index/stream_stripes/stream_00018.tif","runtime-core-block_015-v1","core__BLOCK_015__index__stream_stripes__stream_00018.tif",26350,"https://github.com/JamilRamirez/FABDEM-Watershed-Runtime/releases/download/runtime-core-block_015-v1/core__BLOCK_015__index__stream_stripes__stream_00018.tif"
"core/BLOCK_015/index/stream_stripes/stream_00019.tif","runtime-core-block_015-v1","core__BLOCK_015__index__stream_stripes__stream_00019.tif",25564,"https://github.com/JamilRamirez/FABDEM-Watershed-Runtime/releases/download/runtime-core-block_015-v1/core__BLOCK_015__index__stream_stripes__stream_00019.tif"
"core/BLOCK_015/index/stream_stripes/stream_00020.tif","runtime-core-block_015-v1","core__BLOCK_015__index__stream_stripes__stream_00020.tif",24972,"https://github.com/JamilRamirez/FABDEM-Watershed-Runtime/releases/download/runtime-core-block_015-v1/core__BLOCK_015__index__stream_stripes__stream_00020.tif"
"core/BLOCK_015/index/stream_stripes/stream_00021.tif","runtime-core-block_015-v1","core__BLOCK_015__index__stream_stripes__stream_00021.tif",25312,"https://github.com/JamilRamirez/FABDEM-Watershed-Runtime/releases/download/runtime-core-block_015-v1/core__BLOCK_015__index__stream_stripes__stream_00021.tif"
"core/BLOCK_015/index/stream_stripes/stream_00022.tif","runtime-core-block_015-v1","core__BLOCK_015__index__stream_stripes__stream_00022.tif",25804,"https://github.com/JamilRamirez/FABDEM-Watershed-Runtime/releases/download/runtime-core-block_015-v1/core__BLOCK_015__index__stream_stripes__stream_00022.tif"
"core/BLOCK_015/index/stream_stripes/stream_00023.tif","runtime-core-block_015-v1","core__BLOCK_015__index__stream_stripes__stream_00023.tif",24050,"https://github.com/JamilRamirez/FABDEM-Watershed-Runtime/releases/download/runtime-core-block_015-v1/core__BLOCK_015__index__stream_stripes__stream_00023.tif"
"core/BLOCK_015/index/stream_stripes/stream_00024.tif","runtime-core-block_015-v1","core__BLOCK_015__index__stream_stripes__stream_00024.tif",25262,"https://github.com/JamilRamirez/FABDEM-Watershed-Runtime/releases/download/runtime-core-block_015-v1/core__BLOCK_015__index__stream_stripes__stream_00024.tif"
"core/BLOCK_015/index/stream_stripes/stream_00025.tif","runtime-core-block_015-v1","core__BLOCK_015__index__stream_stripes__stream_00025.tif",22558,"https://github.com/JamilRamirez/FABDEM-Watershed-Runtime/releases/download/runtime-core-block_015-v1/core__BLOCK_015__index__stream_stripes__stream_00025.tif"
"core/BLOCK_015/index/stream_stripes/stream_00026.tif","runtime-core-block_015-v1","core__BLOCK_015__index__stream_stripes__stream_00026.tif",24574,"https://github.com/JamilRamirez/FABDEM-Watershed-Runtime/releases/download/runtime-core-block_015-v1/core__BLOCK_015__index__stream_stripes__stream_00026.tif"
"core/BLOCK_015/index/stream_stripes/stream_00027.tif","runtime-core-block_015-v1","core__BLOCK_015__index__stream_stripes__stream_00027.tif",26422,"https://github.com/JamilRamirez/FABDEM-Watershed-Runtime/releases/download/runtime-core-block_015-v1/core__BLOCK_015__index__stream_stripes__stream_00027.tif"
"core/BLOCK_015/index/stream_stripes/stream_00028.tif","runtime-core-block_015-v1","core__BLOCK_015__index__stream_stripes__stream_00028.tif",25210,"https://github.com/JamilRamirez/FABDEM-Watershed-Runtime/releases/download/runtime-core-block_015-v1/core__BLOCK_015__index__stream_stripes__stream_00028.tif"
"core/BLOCK_015/index/stream_stripes/stream_00029.tif","runtime-core-block_015-v1","core__BLOCK_015__index__stream_stripes__stream_00029.tif",22658,"https://github.com/JamilRamirez/FABDEM-Watershed-Runtime/releases/download/runtime-core-block_015-v1/core__BLOCK_015__index__stream_stripes__stream_00029.tif"
"core/BLOCK_015/index/stream_stripes/stream_00030.tif","runtime-core-block_015-v1","core__BLOCK_015__index__stream_stripes__stream_00030.tif",17400,"https://github.com/JamilRamirez/FABDEM-Watershed-Runtime/releases/download/runtime-core-block_015-v1/core__BLOCK_015__index__stream_stripes__stream_00030.tif"
"core/BLOCK_015/index/stream_stripes/stream_00031.tif","runtime-core-block_015-v1","core__BLOCK_015__index__stream_stripes__stream_00031.tif",21924,"https://github.com/JamilRamirez/FABDEM-Watershed-Runtime/releases/download/runtime-core-block_015-v1/core__BLOCK_015__index__stream_stripes__stream_00031.tif"
"core/BLOCK_015/index/stream_stripes/stream_00032.tif","runtime-core-block_015-v1","core__BLOCK_015__index__stream_stripes__stream_00032.tif",18392,"https://github.com/JamilRamirez/FABDEM-Watershed-Runtime/releases/download/runtime-core-block_015-v1/core__BLOCK_015__index__stream_stripes__stream_00032.tif"
"core/BLOCK_015/index/stream_stripes/stream_00033.tif","runtime-core-block_015-v1","core__BLOCK_015__index__stream_stripes__stream_00033.tif",18046,"https://github.com/JamilRamirez/FABDEM-Watershed-Runtime/releases/download/runtime-core-block_015-v1/core__BLOCK_015__index__stream_stripes__stream_00033.tif"
"core/BLOCK_015/index/stream_stripes/stream_00034.tif","runtime-core-block_015-v1","core__BLOCK_015__index__stream_stripes__stream_00034.tif",17186,"https://github.com/JamilRamirez/FABDEM-Watershed-Runtime/releases/download/runtime-core-block_015-v1/core__BLOCK_015__index__stream_stripes__stream_00034.tif"
"core/BLOCK_015/index/stream_stripes/stream_00035.tif","runtime-core-block_015-v1","core__BLOCK_015__index__stream_stripes__stream_00035.tif",16512,"https://github.com/JamilRamirez/FABDEM-Watershed-Runtime/releases/download/runtime-core-block_015-v1/core__BLOCK_015__index__stream_stripes__stream_00035.tif"
"core/BLOCK_015/index/stream_stripes/stream_00036.tif","runtime-core-block_015-v1","core__BLOCK_015__index__stream_stripes__stream_00036.tif",17068,"https://github.com/JamilRamirez/FABDEM-Watershed-Runtime/releases/download/runtime-core-block_015-v1/core__BLOCK_015__index__stream_stripes__stream_00036.tif"
"core/BLOCK_015/index/stream_stripes/stream_00037.tif","runtime-core-block_015-v1","core__BLOCK_015__index__stream_stripes__stream_00037.tif",15822,"https://github.com/JamilRamirez/FABDEM-Watershed-Runtime/releases/download/runtime-core-block_015-v1/core__BLOCK_015__index__stream_stripes__stream_00037.tif"
"core/BLOCK_015/index/stream_stripes/stream_00038.tif","runtime-core-block_015-v1","core__BLOCK_015__index__stream_stripes__stream_00038.tif",17056,"https://github.com/JamilRamirez/FABDEM-Watershed-Runtime/releases/download/runtime-core-block_015-v1/core__BLOCK_015__index__stream_stripes__stream_00038.tif"
"core/BLOCK_015/index/stream_stripes/stream_00039.tif","runtime-core-block_015-v1","core__BLOCK_015__index__stream_stripes__stream_00039.tif",15280,"https://github.com/JamilRamirez/FABDEM-Watershed-Runtime/releases/download/runtime-core-block_015-v1/core__BLOCK_015__index__stream_stripes__stream_00039.tif"
"core/BLOCK_015/index/stream_stripes/stream_00040.tif","runtime-core-block_015-v1","core__BLOCK_015__index__stream_stripes__stream_00040.tif",17396,"https://github.com/JamilRamirez/FABDEM-Watershed-Runtime/releases/download/runtime-core-block_015-v1/core__BLOCK_015__index__stream_stripes__stream_00040.tif"
"core/BLOCK_015/index/stream_stripes/stream_00041.tif","runtime-core-block_015-v1","core__BLOCK_015__index__stream_stripes__stream_00041.tif",16786,"https://github.com/JamilRamirez/FABDEM-Watershed-Runtime/releases/download/runtime-core-block_015-v1/core__BLOCK_015__index__stream_stripes__stream_00041.tif"
"core/BLOCK_015/index/stream_stripes/stream_00042.tif","runtime-core-block_015-v1","core__BLOCK_015__index__stream_stripes__stream_00042.tif",15168,"https://github.com/JamilRamirez/FABDEM-Watershed-Runtime/releases/download/runtime-core-block_015-v1/core__BLOCK_015__index__stream_stripes__stream_00042.tif"
"core/BLOCK_015/index/stream_stripes/stream_00043.tif","runtime-core-block_015-v1","core__BLOCK_015__index__stream_stripes__stream_00043.tif",6012,"https://github.com/JamilRamirez/FABDEM-Watershed-Runtime/releases/download/runtime-core-block_015-v1/core__BLOCK_015__index__stream_stripes__stream_00043.tif"
"core/BLOCK_016/index/index_metadata.rds","runtime-core-block_016-v1","core__BLOCK_016__index__index_metadata.rds",1341,"https://github.com/JamilRamirez/FABDEM-Watershed-Runtime/releases/download/runtime-core-block_016-v1/core__BLOCK_016__index__index_metadata.rds"
"core/BLOCK_016/index/reverse_stripes/reverse_00001.tif","runtime-core-block_016-v1","core__BLOCK_016__index__reverse_stripes__reverse_00001.tif",634840,"https://github.com/JamilRamirez/FABDEM-Watershed-Runtime/releases/download/runtime-core-block_016-v1/core__BLOCK_016__index__reverse_stripes__reverse_00001.tif"
"core/BLOCK_016/index/reverse_stripes/reverse_00002.tif","runtime-core-block_016-v1","core__BLOCK_016__index__reverse_stripes__reverse_00002.tif",641004,"https://github.com/JamilRamirez/FABDEM-Watershed-Runtime/releases/download/runtime-core-block_016-v1/core__BLOCK_016__index__reverse_stripes__reverse_00002.tif"
"core/BLOCK_016/index/reverse_stripes/reverse_00003.tif","runtime-core-block_016-v1","core__BLOCK_016__index__reverse_stripes__reverse_00003.tif",628792,"https://github.com/JamilRamirez/FABDEM-Watershed-Runtime/releases/download/runtime-core-block_016-v1/core__BLOCK_016__index__reverse_stripes__reverse_00003.tif"
"core/BLOCK_016/index/reverse_stripes/reverse_00004.tif","runtime-core-block_016-v1","core__BLOCK_016__index__reverse_stripes__reverse_00004.tif",618426,"https://github.com/JamilRamirez/FABDEM-Watershed-Runtime/releases/download/runtime-core-block_016-v1/core__BLOCK_016__index__reverse_stripes__reverse_00004.tif"
"core/BLOCK_016/index/reverse_stripes/reverse_00005.tif","runtime-core-block_016-v1","core__BLOCK_016__index__reverse_stripes__reverse_00005.tif",605688,"https://github.com/JamilRamirez/FABDEM-Watershed-Runtime/releases/download/runtime-core-block_016-v1/core__BLOCK_016__index__reverse_stripes__reverse_00005.tif"
"core/BLOCK_016/index/reverse_stripes/reverse_00006.tif","runtime-core-block_016-v1","core__BLOCK_016__index__reverse_stripes__reverse_00006.tif",607084,"https://github.com/JamilRamirez/FABDEM-Watershed-Runtime/releases/download/runtime-core-block_016-v1/core__BLOCK_016__index__reverse_stripes__reverse_00006.tif"
"core/BLOCK_016/index/reverse_stripes/reverse_00007.tif","runtime-core-block_016-v1","core__BLOCK_016__index__reverse_stripes__reverse_00007.tif",646894,"https://github.com/JamilRamirez/FABDEM-Watershed-Runtime/releases/download/runtime-core-block_016-v1/core__BLOCK_016__index__reverse_stripes__reverse_00007.tif"
"core/BLOCK_016/index/reverse_stripes/reverse_00008.tif","runtime-core-block_016-v1","core__BLOCK_016__index__reverse_stripes__reverse_00008.tif",627158,"https://github.com/JamilRamirez/FABDEM-Watershed-Runtime/releases/download/runtime-core-block_016-v1/core__BLOCK_016__index__reverse_stripes__reverse_00008.tif"
"core/BLOCK_016/index/reverse_stripes/reverse_00009.tif","runtime-core-block_016-v1","core__BLOCK_016__index__reverse_stripes__reverse_00009.tif",565230,"https://github.com/JamilRamirez/FABDEM-Watershed-Runtime/releases/download/runtime-core-block_016-v1/core__BLOCK_016__index__reverse_stripes__reverse_00009.tif"
"core/BLOCK_016/index/reverse_stripes/reverse_00010.tif","runtime-core-block_016-v1","core__BLOCK_016__index__reverse_stripes__reverse_00010.tif",498864,"https://github.com/JamilRamirez/FABDEM-Watershed-Runtime/releases/download/runtime-core-block_016-v1/core__BLOCK_016__index__reverse_stripes__reverse_00010.tif"
"core/BLOCK_016/index/reverse_stripes/reverse_00011.tif","runtime-core-block_016-v1","core__BLOCK_016__index__reverse_stripes__reverse_00011.tif",442092,"https://github.com/JamilRamirez/FABDEM-Watershed-Runtime/releases/download/runtime-core-block_016-v1/core__BLOCK_016__index__reverse_stripes__reverse_00011.tif"
"core/BLOCK_016/index/reverse_stripes/reverse_00012.tif","runtime-core-block_016-v1","core__BLOCK_016__index__reverse_stripes__reverse_00012.tif",430696,"https://github.com/JamilRamirez/FABDEM-Watershed-Runtime/releases/download/runtime-core-block_016-v1/core__BLOCK_016__index__reverse_stripes__reverse_00012.tif"
"core/BLOCK_016/index/reverse_stripes/reverse_00013.tif","runtime-core-block_016-v1","core__BLOCK_016__index__reverse_stripes__reverse_00013.tif",432188,"https://github.com/JamilRamirez/FABDEM-Watershed-Runtime/releases/download/runtime-core-block_016-v1/core__BLOCK_016__index__reverse_stripes__reverse_00013.tif"
"core/BLOCK_016/index/reverse_stripes/reverse_00014.tif","runtime-core-block_016-v1","core__BLOCK_016__index__reverse_stripes__reverse_00014.tif",399278,"https://github.com/JamilRamirez/FABDEM-Watershed-Runtime/releases/download/runtime-core-block_016-v1/core__BLOCK_016__index__reverse_stripes__reverse_00014.tif"
"core/BLOCK_016/index/reverse_stripes/reverse_00015.tif","runtime-core-block_016-v1","core__BLOCK_016__index__reverse_stripes__reverse_00015.tif",365166,"https://github.com/JamilRamirez/FABDEM-Watershed-Runtime/releases/download/runtime-core-block_016-v1/core__BLOCK_016__index__reverse_stripes__reverse_00015.tif"
"core/BLOCK_016/index/reverse_stripes/reverse_00016.tif","runtime-core-block_016-v1","core__BLOCK_016__index__reverse_stripes__reverse_00016.tif",325180,"https://github.com/JamilRamirez/FABDEM-Watershed-Runtime/releases/download/runtime-core-block_016-v1/core__BLOCK_016__index__reverse_stripes__reverse_00016.tif"
"core/BLOCK_016/index/reverse_stripes/reverse_00017.tif","runtime-core-block_016-v1","core__BLOCK_016__index__reverse_stripes__reverse_00017.tif",284388,"https://github.com/JamilRamirez/FABDEM-Watershed-Runtime/releases/download/runtime-core-block_016-v1/core__BLOCK_016__index__reverse_stripes__reverse_00017.tif"
"core/BLOCK_016/index/reverse_stripes/reverse_00018.tif","runtime-core-block_016-v1","core__BLOCK_016__index__reverse_stripes__reverse_00018.tif",205790,"https://github.com/JamilRamirez/FABDEM-Watershed-Runtime/releases/download/runtime-core-block_016-v1/core__BLOCK_016__index__reverse_stripes__reverse_00018.tif"
"core/BLOCK_016/index/reverse_stripes/reverse_00019.tif","runtime-core-block_016-v1","core__BLOCK_016__index__reverse_stripes__reverse_00019.tif",162958,"https://github.com/JamilRamirez/FABDEM-Watershed-Runtime/releases/download/runtime-core-block_016-v1/core__BLOCK_016__index__reverse_stripes__reverse_00019.tif"
"core/BLOCK_016/index/reverse_stripes/reverse_00020.tif","runtime-core-block_016-v1","core__BLOCK_016__index__reverse_stripes__reverse_00020.tif",138712,"https://github.com/JamilRamirez/FABDEM-Watershed-Runtime/releases/download/runtime-core-block_016-v1/core__BLOCK_016__index__reverse_stripes__reverse_00020.tif"
"core/BLOCK_016/index/reverse_stripes/reverse_00021.tif","runtime-core-block_016-v1","core__BLOCK_016__index__reverse_stripes__reverse_00021.tif",138380,"https://github.com/JamilRamirez/FABDEM-Watershed-Runtime/releases/download/runtime-core-block_016-v1/core__BLOCK_016__index__reverse_stripes__reverse_00021.tif"
"core/BLOCK_016/index/reverse_stripes/reverse_00022.tif","runtime-core-block_016-v1","core__BLOCK_016__index__reverse_stripes__reverse_00022.tif",130214,"https://github.com/JamilRamirez/FABDEM-Watershed-Runtime/releases/download/runtime-core-block_016-v1/core__BLOCK_016__index__reverse_stripes__reverse_00022.tif"
"core/BLOCK_016/index/reverse_stripes/reverse_00023.tif","runtime-core-block_016-v1","core__BLOCK_016__index__reverse_stripes__reverse_00023.tif",119494,"https://github.com/JamilRamirez/FABDEM-Watershed-Runtime/releases/download/runtime-core-block_016-v1/core__BLOCK_016__index__reverse_stripes__reverse_00023.tif"
"core/BLOCK_016/index/reverse_stripes/reverse_00024.tif","runtime-core-block_016-v1","core__BLOCK_016__index__reverse_stripes__reverse_00024.tif",122560,"https://github.com/JamilRamirez/FABDEM-Watershed-Runtime/releases/download/runtime-core-block_016-v1/core__BLOCK_016__index__reverse_stripes__reverse_00024.tif"
"core/BLOCK_016/index/reverse_stripes/reverse_00025.tif","runtime-core-block_016-v1","core__BLOCK_016__index__reverse_stripes__reverse_00025.tif",77746,"https://github.com/JamilRamirez/FABDEM-Watershed-Runtime/releases/download/runtime-core-block_016-v1/core__BLOCK_016__index__reverse_stripes__reverse_00025.tif"
"core/BLOCK_016/index/reverse_stripes/reverse_00026.tif","runtime-core-block_016-v1","core__BLOCK_016__index__reverse_stripes__reverse_00026.tif",54974,"https://github.com/JamilRamirez/FABDEM-Watershed-Runtime/releases/download/runtime-core-block_016-v1/core__BLOCK_016__index__reverse_stripes__reverse_00026.tif"
"core/BLOCK_016/index/reverse_stripes/reverse_00027.tif","runtime-core-block_016-v1","core__BLOCK_016__index__reverse_stripes__reverse_00027.tif",20446,"https://github.com/JamilRamirez/FABDEM-Watershed-Runtime/releases/download/runtime-core-block_016-v1/core__BLOCK_016__index__reverse_stripes__reverse_00027.tif"
"core/BLOCK_016/index/reverse_stripes/reverse_00028.tif","runtime-core-block_016-v1","core__BLOCK_016__index__reverse_stripes__reverse_00028.tif",6045,"https://github.com/JamilRamirez/FABDEM-Watershed-Runtime/releases/download/runtime-core-block_016-v1/core__BLOCK_016__index__reverse_stripes__reverse_00028.tif"
"core/BLOCK_016/index/reverse_stripes/reverse_00029.tif","runtime-core-block_016-v1","core__BLOCK_016__index__reverse_stripes__reverse_00029.tif",4499,"https://github.com/JamilRamirez/FABDEM-Watershed-Runtime/releases/download/runtime-core-block_016-v1/core__BLOCK_016__index__reverse_stripes__reverse_00029.tif"
"core/BLOCK_016/index/stream_stripes/stream_00001.tif","runtime-core-block_016-v1","core__BLOCK_016__index__stream_stripes__stream_00001.tif",13698,"https://github.com/JamilRamirez/FABDEM-Watershed-Runtime/releases/download/runtime-core-block_016-v1/core__BLOCK_016__index__stream_stripes__stream_00001.tif"
"core/BLOCK_016/index/stream_stripes/stream_00002.tif","runtime-core-block_016-v1","core__BLOCK_016__index__stream_stripes__stream_00002.tif",21130,"https://github.com/JamilRamirez/FABDEM-Watershed-Runtime/releases/download/runtime-core-block_016-v1/core__BLOCK_016__index__stream_stripes__stream_00002.tif"
"core/BLOCK_016/index/stream_stripes/stream_00003.tif","runtime-core-block_016-v1","core__BLOCK_016__index__stream_stripes__stream_00003.tif",20622,"https://github.com/JamilRamirez/FABDEM-Watershed-Runtime/releases/download/runtime-core-block_016-v1/core__BLOCK_016__index__stream_stripes__stream_00003.tif"
"core/BLOCK_016/index/stream_stripes/stream_00004.tif","runtime-core-block_016-v1","core__BLOCK_016__index__stream_stripes__stream_00004.tif",20880,"https://github.com/JamilRamirez/FABDEM-Watershed-Runtime/releases/download/runtime-core-block_016-v1/core__BLOCK_016__index__stream_stripes__stream_00004.tif"
"core/BLOCK_016/index/stream_stripes/stream_00005.tif","runtime-core-block_016-v1","core__BLOCK_016__index__stream_stripes__stream_00005.tif",22842,"https://github.com/JamilRamirez/FABDEM-Watershed-Runtime/releases/download/runtime-core-block_016-v1/core__BLOCK_016__index__stream_stripes__stream_00005.tif"
"core/BLOCK_016/index/stream_stripes/stream_00006.tif","runtime-core-block_016-v1","core__BLOCK_016__index__stream_stripes__stream_00006.tif",23944,"https://github.com/JamilRamirez/FABDEM-Watershed-Runtime/releases/download/runtime-core-block_016-v1/core__BLOCK_016__index__stream_stripes__stream_00006.tif"
"core/BLOCK_016/index/stream_stripes/stream_00007.tif","runtime-core-block_016-v1","core__BLOCK_016__index__stream_stripes__stream_00007.tif",24082,"https://github.com/JamilRamirez/FABDEM-Watershed-Runtime/releases/download/runtime-core-block_016-v1/core__BLOCK_016__index__stream_stripes__stream_00007.tif"
"core/BLOCK_016/index/stream_stripes/stream_00008.tif","runtime-core-block_016-v1","core__BLOCK_016__index__stream_stripes__stream_00008.tif",21458,"https://github.com/JamilRamirez/FABDEM-Watershed-Runtime/releases/download/runtime-core-block_016-v1/core__BLOCK_016__index__stream_stripes__stream_00008.tif"
"core/BLOCK_016/index/stream_stripes/stream_00009.tif","runtime-core-block_016-v1","core__BLOCK_016__index__stream_stripes__stream_00009.tif",19908,"https://github.com/JamilRamirez/FABDEM-Watershed-Runtime/releases/download/runtime-core-block_016-v1/core__BLOCK_016__index__stream_stripes__stream_00009.tif"
"core/BLOCK_016/index/stream_stripes/stream_00010.tif","runtime-core-block_016-v1","core__BLOCK_016__index__stream_stripes__stream_00010.tif",19970,"https://github.com/JamilRamirez/FABDEM-Watershed-Runtime/releases/download/runtime-core-block_016-v1/core__BLOCK_016__index__stream_stripes__stream_00010.tif"
"core/BLOCK_016/index/stream_stripes/stream_00011.tif","runtime-core-block_016-v1","core__BLOCK_016__index__stream_stripes__stream_00011.tif",15066,"https://github.com/JamilRamirez/FABDEM-Watershed-Runtime/releases/download/runtime-core-block_016-v1/core__BLOCK_016__index__stream_stripes__stream_00011.tif"
"core/BLOCK_016/index/stream_stripes/stream_00012.tif","runtime-core-block_016-v1","core__BLOCK_016__index__stream_stripes__stream_00012.tif",14590,"https://github.com/JamilRamirez/FABDEM-Watershed-Runtime/releases/download/runtime-core-block_016-v1/core__BLOCK_016__index__stream_stripes__stream_00012.tif"
"core/BLOCK_016/index/stream_stripes/stream_00013.tif","runtime-core-block_016-v1","core__BLOCK_016__index__stream_stripes__stream_00013.tif",15372,"https://github.com/JamilRamirez/FABDEM-Watershed-Runtime/releases/download/runtime-core-block_016-v1/core__BLOCK_016__index__stream_stripes__stream_00013.tif"
"core/BLOCK_016/index/stream_stripes/stream_00014.tif","runtime-core-block_016-v1","core__BLOCK_016__index__stream_stripes__stream_00014.tif",14130,"https://github.com/JamilRamirez/FABDEM-Watershed-Runtime/releases/download/runtime-core-block_016-v1/core__BLOCK_016__index__stream_stripes__stream_00014.tif"
"core/BLOCK_016/index/stream_stripes/stream_00015.tif","runtime-core-block_016-v1","core__BLOCK_016__index__stream_stripes__stream_00015.tif",12014,"https://github.com/JamilRamirez/FABDEM-Watershed-Runtime/releases/download/runtime-core-block_016-v1/core__BLOCK_016__index__stream_stripes__stream_00015.tif"
"core/BLOCK_016/index/stream_stripes/stream_00016.tif","runtime-core-block_016-v1","core__BLOCK_016__index__stream_stripes__stream_00016.tif",11878,"https://github.com/JamilRamirez/FABDEM-Watershed-Runtime/releases/download/runtime-core-block_016-v1/core__BLOCK_016__index__stream_stripes__stream_00016.tif"
"core/BLOCK_016/index/stream_stripes/stream_00017.tif","runtime-core-block_016-v1","core__BLOCK_016__index__stream_stripes__stream_00017.tif",11486,"https://github.com/JamilRamirez/FABDEM-Watershed-Runtime/releases/download/runtime-core-block_016-v1/core__BLOCK_016__index__stream_stripes__stream_00017.tif"
"core/BLOCK_016/index/stream_stripes/stream_00018.tif","runtime-core-block_016-v1","core__BLOCK_016__index__stream_stripes__stream_00018.tif",10866,"https://github.com/JamilRamirez/FABDEM-Watershed-Runtime/releases/download/runtime-core-block_016-v1/core__BLOCK_016__index__stream_stripes__stream_00018.tif"
"core/BLOCK_016/index/stream_stripes/stream_00019.tif","runtime-core-block_016-v1","core__BLOCK_016__index__stream_stripes__stream_00019.tif",10176,"https://github.com/JamilRamirez/FABDEM-Watershed-Runtime/releases/download/runtime-core-block_016-v1/core__BLOCK_016__index__stream_stripes__stream_00019.tif"
"core/BLOCK_016/index/stream_stripes/stream_00020.tif","runtime-core-block_016-v1","core__BLOCK_016__index__stream_stripes__stream_00020.tif",9312,"https://github.com/JamilRamirez/FABDEM-Watershed-Runtime/releases/download/runtime-core-block_016-v1/core__BLOCK_016__index__stream_stripes__stream_00020.tif"
"core/BLOCK_016/index/stream_stripes/stream_00021.tif","runtime-core-block_016-v1","core__BLOCK_016__index__stream_stripes__stream_00021.tif",9700,"https://github.com/JamilRamirez/FABDEM-Watershed-Runtime/releases/download/runtime-core-block_016-v1/core__BLOCK_016__index__stream_stripes__stream_00021.tif"
"core/BLOCK_016/index/stream_stripes/stream_00022.tif","runtime-core-block_016-v1","core__BLOCK_016__index__stream_stripes__stream_00022.tif",9814,"https://github.com/JamilRamirez/FABDEM-Watershed-Runtime/releases/download/runtime-core-block_016-v1/core__BLOCK_016__index__stream_stripes__stream_00022.tif"
"core/BLOCK_016/index/stream_stripes/stream_00023.tif","runtime-core-block_016-v1","core__BLOCK_016__index__stream_stripes__stream_00023.tif",10542,"https://github.com/JamilRamirez/FABDEM-Watershed-Runtime/releases/download/runtime-core-block_016-v1/core__BLOCK_016__index__stream_stripes__stream_00023.tif"
"core/BLOCK_016/index/stream_stripes/stream_00024.tif","runtime-core-block_016-v1","core__BLOCK_016__index__stream_stripes__stream_00024.tif",9540,"https://github.com/JamilRamirez/FABDEM-Watershed-Runtime/releases/download/runtime-core-block_016-v1/core__BLOCK_016__index__stream_stripes__stream_00024.tif"
"core/BLOCK_016/index/stream_stripes/stream_00025.tif","runtime-core-block_016-v1","core__BLOCK_016__index__stream_stripes__stream_00025.tif",9390,"https://github.com/JamilRamirez/FABDEM-Watershed-Runtime/releases/download/runtime-core-block_016-v1/core__BLOCK_016__index__stream_stripes__stream_00025.tif"
"core/BLOCK_016/index/stream_stripes/stream_00026.tif","runtime-core-block_016-v1","core__BLOCK_016__index__stream_stripes__stream_00026.tif",9312,"https://github.com/JamilRamirez/FABDEM-Watershed-Runtime/releases/download/runtime-core-block_016-v1/core__BLOCK_016__index__stream_stripes__stream_00026.tif"
"core/BLOCK_016/index/stream_stripes/stream_00027.tif","runtime-core-block_016-v1","core__BLOCK_016__index__stream_stripes__stream_00027.tif",8450,"https://github.com/JamilRamirez/FABDEM-Watershed-Runtime/releases/download/runtime-core-block_016-v1/core__BLOCK_016__index__stream_stripes__stream_00027.tif"
"core/BLOCK_016/index/stream_stripes/stream_00028.tif","runtime-core-block_016-v1","core__BLOCK_016__index__stream_stripes__stream_00028.tif",7872,"https://github.com/JamilRamirez/FABDEM-Watershed-Runtime/releases/download/runtime-core-block_016-v1/core__BLOCK_016__index__stream_stripes__stream_00028.tif"
"core/BLOCK_016/index/stream_stripes/stream_00029.tif","runtime-core-block_016-v1","core__BLOCK_016__index__stream_stripes__stream_00029.tif",4742,"https://github.com/JamilRamirez/FABDEM-Watershed-Runtime/releases/download/runtime-core-block_016-v1/core__BLOCK_016__index__stream_stripes__stream_00029.tif"
"core/BLOCK_017/index/index_metadata.rds","runtime-core-block_017-v1","core__BLOCK_017__index__index_metadata.rds",1338,"https://github.com/JamilRamirez/FABDEM-Watershed-Runtime/releases/download/runtime-core-block_017-v1/core__BLOCK_017__index__index_metadata.rds"
"core/BLOCK_017/index/reverse_stripes/reverse_00001.tif","runtime-core-block_017-v1","core__BLOCK_017__index__reverse_stripes__reverse_00001.tif",629700,"https://github.com/JamilRamirez/FABDEM-Watershed-Runtime/releases/download/runtime-core-block_017-v1/core__BLOCK_017__index__reverse_stripes__reverse_00001.tif"
"core/BLOCK_017/index/reverse_stripes/reverse_00002.tif","runtime-core-block_017-v1","core__BLOCK_017__index__reverse_stripes__reverse_00002.tif",643944,"https://github.com/JamilRamirez/FABDEM-Watershed-Runtime/releases/download/runtime-core-block_017-v1/core__BLOCK_017__index__reverse_stripes__reverse_00002.tif"
"core/BLOCK_017/index/reverse_stripes/reverse_00003.tif","runtime-core-block_017-v1","core__BLOCK_017__index__reverse_stripes__reverse_00003.tif",616162,"https://github.com/JamilRamirez/FABDEM-Watershed-Runtime/releases/download/runtime-core-block_017-v1/core__BLOCK_017__index__reverse_stripes__reverse_00003.tif"
"core/BLOCK_017/index/reverse_stripes/reverse_00004.tif","runtime-core-block_017-v1","core__BLOCK_017__index__reverse_stripes__reverse_00004.tif",595658,"https://github.com/JamilRamirez/FABDEM-Watershed-Runtime/releases/download/runtime-core-block_017-v1/core__BLOCK_017__index__reverse_stripes__reverse_00004.tif"
"core/BLOCK_017/index/reverse_stripes/reverse_00005.tif","runtime-core-block_017-v1","core__BLOCK_017__index__reverse_stripes__reverse_00005.tif",571938,"https://github.com/JamilRamirez/FABDEM-Watershed-Runtime/releases/download/runtime-core-block_017-v1/core__BLOCK_017__index__reverse_stripes__reverse_00005.tif"
"core/BLOCK_017/index/reverse_stripes/reverse_00006.tif","runtime-core-block_017-v1","core__BLOCK_017__index__reverse_stripes__reverse_00006.tif",590870,"https://github.com/JamilRamirez/FABDEM-Watershed-Runtime/releases/download/runtime-core-block_017-v1/core__BLOCK_017__index__reverse_stripes__reverse_00006.tif"
"core/BLOCK_017/index/reverse_stripes/reverse_00007.tif","runtime-core-block_017-v1","core__BLOCK_017__index__reverse_stripes__reverse_00007.tif",591990,"https://github.com/JamilRamirez/FABDEM-Watershed-Runtime/releases/download/runtime-core-block_017-v1/core__BLOCK_017__index__reverse_stripes__reverse_00007.tif"
"core/BLOCK_017/index/reverse_stripes/reverse_00008.tif","runtime-core-block_017-v1","core__BLOCK_017__index__reverse_stripes__reverse_00008.tif",578236,"https://github.com/JamilRamirez/FABDEM-Watershed-Runtime/releases/download/runtime-core-block_017-v1/core__BLOCK_017__index__reverse_stripes__reverse_00008.tif"
"core/BLOCK_017/index/reverse_stripes/reverse_00009.tif","runtime-core-block_017-v1","core__BLOCK_017__index__reverse_stripes__reverse_00009.tif",528902,"https://github.com/JamilRamirez/FABDEM-Watershed-Runtime/releases/download/runtime-core-block_017-v1/core__BLOCK_017__index__reverse_stripes__reverse_00009.tif"
"core/BLOCK_017/index/reverse_stripes/reverse_00010.tif","runtime-core-block_017-v1","core__BLOCK_017__index__reverse_stripes__reverse_00010.tif",502898,"https://github.com/JamilRamirez/FABDEM-Watershed-Runtime/releases/download/runtime-core-block_017-v1/core__BLOCK_017__index__reverse_stripes__reverse_00010.tif"
"core/BLOCK_017/index/reverse_stripes/reverse_00011.tif","runtime-core-block_017-v1","core__BLOCK_017__index__reverse_stripes__reverse_00011.tif",469946,"https://github.com/JamilRamirez/FABDEM-Watershed-Runtime/releases/download/runtime-core-block_017-v1/core__BLOCK_017__index__reverse_stripes__reverse_00011.tif"
"core/BLOCK_017/index/reverse_stripes/reverse_00012.tif","runtime-core-block_017-v1","core__BLOCK_017__index__reverse_stripes__reverse_00012.tif",463782,"https://github.com/JamilRamirez/FABDEM-Watershed-Runtime/releases/download/runtime-core-block_017-v1/core__BLOCK_017__index__reverse_stripes__reverse_00012.tif"
"core/BLOCK_017/index/reverse_stripes/reverse_00013.tif","runtime-core-block_017-v1","core__BLOCK_017__index__reverse_stripes__reverse_00013.tif",418366,"https://github.com/JamilRamirez/FABDEM-Watershed-Runtime/releases/download/runtime-core-block_017-v1/core__BLOCK_017__index__reverse_stripes__reverse_00013.tif"
"core/BLOCK_017/index/reverse_stripes/reverse_00014.tif","runtime-core-block_017-v1","core__BLOCK_017__index__reverse_stripes__reverse_00014.tif",366914,"https://github.com/JamilRamirez/FABDEM-Watershed-Runtime/releases/download/runtime-core-block_017-v1/core__BLOCK_017__index__reverse_stripes__reverse_00014.tif"
"core/BLOCK_017/index/reverse_stripes/reverse_00015.tif","runtime-core-block_017-v1","core__BLOCK_017__index__reverse_stripes__reverse_00015.tif",347424,"https://github.com/JamilRamirez/FABDEM-Watershed-Runtime/releases/download/runtime-core-block_017-v1/core__BLOCK_017__index__reverse_stripes__reverse_00015.tif"
"core/BLOCK_017/index/reverse_stripes/reverse_00016.tif","runtime-core-block_017-v1","core__BLOCK_017__index__reverse_stripes__reverse_00016.tif",303444,"https://github.com/JamilRamirez/FABDEM-Watershed-Runtime/releases/download/runtime-core-block_017-v1/core__BLOCK_017__index__reverse_stripes__reverse_00016.tif"
"core/BLOCK_017/index/reverse_stripes/reverse_00017.tif","runtime-core-block_017-v1","core__BLOCK_017__index__reverse_stripes__reverse_00017.tif",264318,"https://github.com/JamilRamirez/FABDEM-Watershed-Runtime/releases/download/runtime-core-block_017-v1/core__BLOCK_017__index__reverse_stripes__reverse_00017.tif"
"core/BLOCK_017/index/reverse_stripes/reverse_00018.tif","runtime-core-block_017-v1","core__BLOCK_017__index__reverse_stripes__reverse_00018.tif",202064,"https://github.com/JamilRamirez/FABDEM-Watershed-Runtime/releases/download/runtime-core-block_017-v1/core__BLOCK_017__index__reverse_stripes__reverse_00018.tif"
"core/BLOCK_017/index/reverse_stripes/reverse_00019.tif","runtime-core-block_017-v1","core__BLOCK_017__index__reverse_stripes__reverse_00019.tif",130332,"https://github.com/JamilRamirez/FABDEM-Watershed-Runtime/releases/download/runtime-core-block_017-v1/core__BLOCK_017__index__reverse_stripes__reverse_00019.tif"
"core/BLOCK_017/index/reverse_stripes/reverse_00020.tif","runtime-core-block_017-v1","core__BLOCK_017__index__reverse_stripes__reverse_00020.tif",95692,"https://github.com/JamilRamirez/FABDEM-Watershed-Runtime/releases/download/runtime-core-block_017-v1/core__BLOCK_017__index__reverse_stripes__reverse_00020.tif"
"core/BLOCK_017/index/reverse_stripes/reverse_00021.tif","runtime-core-block_017-v1","core__BLOCK_017__index__reverse_stripes__reverse_00021.tif",39632,"https://github.com/JamilRamirez/FABDEM-Watershed-Runtime/releases/download/runtime-core-block_017-v1/core__BLOCK_017__index__reverse_stripes__reverse_00021.tif"
"core/BLOCK_017/index/reverse_stripes/reverse_00022.tif","runtime-core-block_017-v1","core__BLOCK_017__index__reverse_stripes__reverse_00022.tif",8410,"https://github.com/JamilRamirez/FABDEM-Watershed-Runtime/releases/download/runtime-core-block_017-v1/core__BLOCK_017__index__reverse_stripes__reverse_00022.tif"
"core/BLOCK_017/index/reverse_stripes/reverse_00023.tif","runtime-core-block_017-v1","core__BLOCK_017__index__reverse_stripes__reverse_00023.tif",6045,"https://github.com/JamilRamirez/FABDEM-Watershed-Runtime/releases/download/runtime-core-block_017-v1/core__BLOCK_017__index__reverse_stripes__reverse_00023.tif"
"core/BLOCK_017/index/reverse_stripes/reverse_00024.tif","runtime-core-block_017-v1","core__BLOCK_017__index__reverse_stripes__reverse_00024.tif",6045,"https://github.com/JamilRamirez/FABDEM-Watershed-Runtime/releases/download/runtime-core-block_017-v1/core__BLOCK_017__index__reverse_stripes__reverse_00024.tif"
"core/BLOCK_017/index/reverse_stripes/reverse_00025.tif","runtime-core-block_017-v1","core__BLOCK_017__index__reverse_stripes__reverse_00025.tif",6045,"https://github.com/JamilRamirez/FABDEM-Watershed-Runtime/releases/download/runtime-core-block_017-v1/core__BLOCK_017__index__reverse_stripes__reverse_00025.tif"
"core/BLOCK_017/index/reverse_stripes/reverse_00026.tif","runtime-core-block_017-v1","core__BLOCK_017__index__reverse_stripes__reverse_00026.tif",6045,"https://github.com/JamilRamirez/FABDEM-Watershed-Runtime/releases/download/runtime-core-block_017-v1/core__BLOCK_017__index__reverse_stripes__reverse_00026.tif"
"core/BLOCK_017/index/reverse_stripes/reverse_00027.tif","runtime-core-block_017-v1","core__BLOCK_017__index__reverse_stripes__reverse_00027.tif",6045,"https://github.com/JamilRamirez/FABDEM-Watershed-Runtime/releases/download/runtime-core-block_017-v1/core__BLOCK_017__index__reverse_stripes__reverse_00027.tif"
"core/BLOCK_017/index/reverse_stripes/reverse_00028.tif","runtime-core-block_017-v1","core__BLOCK_017__index__reverse_stripes__reverse_00028.tif",6045,"https://github.com/JamilRamirez/FABDEM-Watershed-Runtime/releases/download/runtime-core-block_017-v1/core__BLOCK_017__index__reverse_stripes__reverse_00028.tif"
"core/BLOCK_017/index/reverse_stripes/reverse_00029.tif","runtime-core-block_017-v1","core__BLOCK_017__index__reverse_stripes__reverse_00029.tif",4499,"https://github.com/JamilRamirez/FABDEM-Watershed-Runtime/releases/download/runtime-core-block_017-v1/core__BLOCK_017__index__reverse_stripes__reverse_00029.tif"
"core/BLOCK_017/index/stream_stripes/stream_00001.tif","runtime-core-block_017-v1","core__BLOCK_017__index__stream_stripes__stream_00001.tif",15762,"https://github.com/JamilRamirez/FABDEM-Watershed-Runtime/releases/download/runtime-core-block_017-v1/core__BLOCK_017__index__stream_stripes__stream_00001.tif"
"core/BLOCK_017/index/stream_stripes/stream_00002.tif","runtime-core-block_017-v1","core__BLOCK_017__index__stream_stripes__stream_00002.tif",18352,"https://github.com/JamilRamirez/FABDEM-Watershed-Runtime/releases/download/runtime-core-block_017-v1/core__BLOCK_017__index__stream_stripes__stream_00002.tif"
"core/BLOCK_017/index/stream_stripes/stream_00003.tif","runtime-core-block_017-v1","core__BLOCK_017__index__stream_stripes__stream_00003.tif",18930,"https://github.com/JamilRamirez/FABDEM-Watershed-Runtime/releases/download/runtime-core-block_017-v1/core__BLOCK_017__index__stream_stripes__stream_00003.tif"
"core/BLOCK_017/index/stream_stripes/stream_00004.tif","runtime-core-block_017-v1","core__BLOCK_017__index__stream_stripes__stream_00004.tif",19350,"https://github.com/JamilRamirez/FABDEM-Watershed-Runtime/releases/download/runtime-core-block_017-v1/core__BLOCK_017__index__stream_stripes__stream_00004.tif"
"core/BLOCK_017/index/stream_stripes/stream_00005.tif","runtime-core-block_017-v1","core__BLOCK_017__index__stream_stripes__stream_00005.tif",18058,"https://github.com/JamilRamirez/FABDEM-Watershed-Runtime/releases/download/runtime-core-block_017-v1/core__BLOCK_017__index__stream_stripes__stream_00005.tif"
"core/BLOCK_017/index/stream_stripes/stream_00006.tif","runtime-core-block_017-v1","core__BLOCK_017__index__stream_stripes__stream_00006.tif",18824,"https://github.com/JamilRamirez/FABDEM-Watershed-Runtime/releases/download/runtime-core-block_017-v1/core__BLOCK_017__index__stream_stripes__stream_00006.tif"
"core/BLOCK_017/index/stream_stripes/stream_00007.tif","runtime-core-block_017-v1","core__BLOCK_017__index__stream_stripes__stream_00007.tif",18518,"https://github.com/JamilRamirez/FABDEM-Watershed-Runtime/releases/download/runtime-core-block_017-v1/core__BLOCK_017__index__stream_stripes__stream_00007.tif"
"core/BLOCK_017/index/stream_stripes/stream_00008.tif","runtime-core-block_017-v1","core__BLOCK_017__index__stream_stripes__stream_00008.tif",19310,"https://github.com/JamilRamirez/FABDEM-Watershed-Runtime/releases/download/runtime-core-block_017-v1/core__BLOCK_017__index__stream_stripes__stream_00008.tif"
"core/BLOCK_017/index/stream_stripes/stream_00009.tif","runtime-core-block_017-v1","core__BLOCK_017__index__stream_stripes__stream_00009.tif",18378,"https://github.com/JamilRamirez/FABDEM-Watershed-Runtime/releases/download/runtime-core-block_017-v1/core__BLOCK_017__index__stream_stripes__stream_00009.tif"
"core/BLOCK_017/index/stream_stripes/stream_00010.tif","runtime-core-block_017-v1","core__BLOCK_017__index__stream_stripes__stream_00010.tif",19790,"https://github.com/JamilRamirez/FABDEM-Watershed-Runtime/releases/download/runtime-core-block_017-v1/core__BLOCK_017__index__stream_stripes__stream_00010.tif"
"core/BLOCK_017/index/stream_stripes/stream_00011.tif","runtime-core-block_017-v1","core__BLOCK_017__index__stream_stripes__stream_00011.tif",17018,"https://github.com/JamilRamirez/FABDEM-Watershed-Runtime/releases/download/runtime-core-block_017-v1/core__BLOCK_017__index__stream_stripes__stream_00011.tif"
"core/BLOCK_017/index/stream_stripes/stream_00012.tif","runtime-core-block_017-v1","core__BLOCK_017__index__stream_stripes__stream_00012.tif",13320,"https://github.com/JamilRamirez/FABDEM-Watershed-Runtime/releases/download/runtime-core-block_017-v1/core__BLOCK_017__index__stream_stripes__stream_00012.tif"
"core/BLOCK_017/index/stream_stripes/stream_00013.tif","runtime-core-block_017-v1","core__BLOCK_017__index__stream_stripes__stream_00013.tif",11650,"https://github.com/JamilRamirez/FABDEM-Watershed-Runtime/releases/download/runtime-core-block_017-v1/core__BLOCK_017__index__stream_stripes__stream_00013.tif"
"core/BLOCK_017/index/stream_stripes/stream_00014.tif","runtime-core-block_017-v1","core__BLOCK_017__index__stream_stripes__stream_00014.tif",12678,"https://github.com/JamilRamirez/FABDEM-Watershed-Runtime/releases/download/runtime-core-block_017-v1/core__BLOCK_017__index__stream_stripes__stream_00014.tif"
"core/BLOCK_017/index/stream_stripes/stream_00015.tif","runtime-core-block_017-v1","core__BLOCK_017__index__stream_stripes__stream_00015.tif",11548,"https://github.com/JamilRamirez/FABDEM-Watershed-Runtime/releases/download/runtime-core-block_017-v1/core__BLOCK_017__index__stream_stripes__stream_00015.tif"
"core/BLOCK_017/index/stream_stripes/stream_00016.tif","runtime-core-block_017-v1","core__BLOCK_017__index__stream_stripes__stream_00016.tif",13246,"https://github.com/JamilRamirez/FABDEM-Watershed-Runtime/releases/download/runtime-core-block_017-v1/core__BLOCK_017__index__stream_stripes__stream_00016.tif"
"core/BLOCK_017/index/stream_stripes/stream_00017.tif","runtime-core-block_017-v1","core__BLOCK_017__index__stream_stripes__stream_00017.tif",13776,"https://github.com/JamilRamirez/FABDEM-Watershed-Runtime/releases/download/runtime-core-block_017-v1/core__BLOCK_017__index__stream_stripes__stream_00017.tif"
"core/BLOCK_017/index/stream_stripes/stream_00018.tif","runtime-core-block_017-v1","core__BLOCK_017__index__stream_stripes__stream_00018.tif",11072,"https://github.com/JamilRamirez/FABDEM-Watershed-Runtime/releases/download/runtime-core-block_017-v1/core__BLOCK_017__index__stream_stripes__stream_00018.tif"
"core/BLOCK_017/index/stream_stripes/stream_00019.tif","runtime-core-block_017-v1","core__BLOCK_017__index__stream_stripes__stream_00019.tif",9064,"https://github.com/JamilRamirez/FABDEM-Watershed-Runtime/releases/download/runtime-core-block_017-v1/core__BLOCK_017__index__stream_stripes__stream_00019.tif"
"core/BLOCK_017/index/stream_stripes/stream_00020.tif","runtime-core-block_017-v1","core__BLOCK_017__index__stream_stripes__stream_00020.tif",8464,"https://github.com/JamilRamirez/FABDEM-Watershed-Runtime/releases/download/runtime-core-block_017-v1/core__BLOCK_017__index__stream_stripes__stream_00020.tif"
"core/BLOCK_017/index/stream_stripes/stream_00021.tif","runtime-core-block_017-v1","core__BLOCK_017__index__stream_stripes__stream_00021.tif",6070,"https://github.com/JamilRamirez/FABDEM-Watershed-Runtime/releases/download/runtime-core-block_017-v1/core__BLOCK_017__index__stream_stripes__stream_00021.tif"
"core/BLOCK_017/index/stream_stripes/stream_00022.tif","runtime-core-block_017-v1","core__BLOCK_017__index__stream_stripes__stream_00022.tif",4798,"https://github.com/JamilRamirez/FABDEM-Watershed-Runtime/releases/download/runtime-core-block_017-v1/core__BLOCK_017__index__stream_stripes__stream_00022.tif"
"core/BLOCK_017/index/stream_stripes/stream_00023.tif","runtime-core-block_017-v1","core__BLOCK_017__index__stream_stripes__stream_00023.tif",4650,"https://github.com/JamilRamirez/FABDEM-Watershed-Runtime/releases/download/runtime-core-block_017-v1/core__BLOCK_017__index__stream_stripes__stream_00023.tif"
"core/BLOCK_017/index/stream_stripes/stream_00024.tif","runtime-core-block_017-v1","core__BLOCK_017__index__stream_stripes__stream_00024.tif",4650,"https://github.com/JamilRamirez/FABDEM-Watershed-Runtime/releases/download/runtime-core-block_017-v1/core__BLOCK_017__index__stream_stripes__stream_00024.tif"
"core/BLOCK_017/index/stream_stripes/stream_00025.tif","runtime-core-block_017-v1","core__BLOCK_017__index__stream_stripes__stream_00025.tif",4650,"https://github.com/JamilRamirez/FABDEM-Watershed-Runtime/releases/download/runtime-core-block_017-v1/core__BLOCK_017__index__stream_stripes__stream_00025.tif"
"core/BLOCK_017/index/stream_stripes/stream_00026.tif","runtime-core-block_017-v1","core__BLOCK_017__index__stream_stripes__stream_00026.tif",4650,"https://github.com/JamilRamirez/FABDEM-Watershed-Runtime/releases/download/runtime-core-block_017-v1/core__BLOCK_017__index__stream_stripes__stream_00026.tif"
"core/BLOCK_017/index/stream_stripes/stream_00027.tif","runtime-core-block_017-v1","core__BLOCK_017__index__stream_stripes__stream_00027.tif",4650,"https://github.com/JamilRamirez/FABDEM-Watershed-Runtime/releases/download/runtime-core-block_017-v1/core__BLOCK_017__index__stream_stripes__stream_00027.tif"
"core/BLOCK_017/index/stream_stripes/stream_00028.tif","runtime-core-block_017-v1","core__BLOCK_017__index__stream_stripes__stream_00028.tif",4650,"https://github.com/JamilRamirez/FABDEM-Watershed-Runtime/releases/download/runtime-core-block_017-v1/core__BLOCK_017__index__stream_stripes__stream_00028.tif"
"core/BLOCK_017/index/stream_stripes/stream_00029.tif","runtime-core-block_017-v1","core__BLOCK_017__index__stream_stripes__stream_00029.tif",4224,"https://github.com/JamilRamirez/FABDEM-Watershed-Runtime/releases/download/runtime-core-block_017-v1/core__BLOCK_017__index__stream_stripes__stream_00029.tif"
"core/BLOCK_018/index/index_metadata.rds","runtime-core-block_018-v1","core__BLOCK_018__index__index_metadata.rds",1343,"https://github.com/JamilRamirez/FABDEM-Watershed-Runtime/releases/download/runtime-core-block_018-v1/core__BLOCK_018__index__index_metadata.rds"
"core/BLOCK_018/index/reverse_stripes/reverse_00001.tif","runtime-core-block_018-v1","core__BLOCK_018__index__reverse_stripes__reverse_00001.tif",580824,"https://github.com/JamilRamirez/FABDEM-Watershed-Runtime/releases/download/runtime-core-block_018-v1/core__BLOCK_018__index__reverse_stripes__reverse_00001.tif"
"core/BLOCK_018/index/reverse_stripes/reverse_00002.tif","runtime-core-block_018-v1","core__BLOCK_018__index__reverse_stripes__reverse_00002.tif",531634,"https://github.com/JamilRamirez/FABDEM-Watershed-Runtime/releases/download/runtime-core-block_018-v1/core__BLOCK_018__index__reverse_stripes__reverse_00002.tif"
"core/BLOCK_018/index/reverse_stripes/reverse_00003.tif","runtime-core-block_018-v1","core__BLOCK_018__index__reverse_stripes__reverse_00003.tif",530936,"https://github.com/JamilRamirez/FABDEM-Watershed-Runtime/releases/download/runtime-core-block_018-v1/core__BLOCK_018__index__reverse_stripes__reverse_00003.tif"
"core/BLOCK_018/index/reverse_stripes/reverse_00004.tif","runtime-core-block_018-v1","core__BLOCK_018__index__reverse_stripes__reverse_00004.tif",507034,"https://github.com/JamilRamirez/FABDEM-Watershed-Runtime/releases/download/runtime-core-block_018-v1/core__BLOCK_018__index__reverse_stripes__reverse_00004.tif"
"core/BLOCK_018/index/reverse_stripes/reverse_00005.tif","runtime-core-block_018-v1","core__BLOCK_018__index__reverse_stripes__reverse_00005.tif",498214,"https://github.com/JamilRamirez/FABDEM-Watershed-Runtime/releases/download/runtime-core-block_018-v1/core__BLOCK_018__index__reverse_stripes__reverse_00005.tif"
"core/BLOCK_018/index/reverse_stripes/reverse_00006.tif","runtime-core-block_018-v1","core__BLOCK_018__index__reverse_stripes__reverse_00006.tif",499750,"https://github.com/JamilRamirez/FABDEM-Watershed-Runtime/releases/download/runtime-core-block_018-v1/core__BLOCK_018__index__reverse_stripes__reverse_00006.tif"
"core/BLOCK_018/index/reverse_stripes/reverse_00007.tif","runtime-core-block_018-v1","core__BLOCK_018__index__reverse_stripes__reverse_00007.tif",496974,"https://github.com/JamilRamirez/FABDEM-Watershed-Runtime/releases/download/runtime-core-block_018-v1/core__BLOCK_018__index__reverse_stripes__reverse_00007.tif"
"core/BLOCK_018/index/reverse_stripes/reverse_00008.tif","runtime-core-block_018-v1","core__BLOCK_018__index__reverse_stripes__reverse_00008.tif",486880,"https://github.com/JamilRamirez/FABDEM-Watershed-Runtime/releases/download/runtime-core-block_018-v1/core__BLOCK_018__index__reverse_stripes__reverse_00008.tif"
"core/BLOCK_018/index/reverse_stripes/reverse_00009.tif","runtime-core-block_018-v1","core__BLOCK_018__index__reverse_stripes__reverse_00009.tif",487940,"https://github.com/JamilRamirez/FABDEM-Watershed-Runtime/releases/download/runtime-core-block_018-v1/core__BLOCK_018__index__reverse_stripes__reverse_00009.tif"
"core/BLOCK_018/index/reverse_stripes/reverse_00010.tif","runtime-core-block_018-v1","core__BLOCK_018__index__reverse_stripes__reverse_00010.tif",465610,"https://github.com/JamilRamirez/FABDEM-Watershed-Runtime/releases/download/runtime-core-block_018-v1/core__BLOCK_018__index__reverse_stripes__reverse_00010.tif"
"core/BLOCK_018/index/reverse_stripes/reverse_00011.tif","runtime-core-block_018-v1","core__BLOCK_018__index__reverse_stripes__reverse_00011.tif",449472,"https://github.com/JamilRamirez/FABDEM-Watershed-Runtime/releases/download/runtime-core-block_018-v1/core__BLOCK_018__index__reverse_stripes__reverse_00011.tif"
"core/BLOCK_018/index/reverse_stripes/reverse_00012.tif","runtime-core-block_018-v1","core__BLOCK_018__index__reverse_stripes__reverse_00012.tif",425462,"https://github.com/JamilRamirez/FABDEM-Watershed-Runtime/releases/download/runtime-core-block_018-v1/core__BLOCK_018__index__reverse_stripes__reverse_00012.tif"
"core/BLOCK_018/index/reverse_stripes/reverse_00013.tif","runtime-core-block_018-v1","core__BLOCK_018__index__reverse_stripes__reverse_00013.tif",407664,"https://github.com/JamilRamirez/FABDEM-Watershed-Runtime/releases/download/runtime-core-block_018-v1/core__BLOCK_018__index__reverse_stripes__reverse_00013.tif"
"core/BLOCK_018/index/reverse_stripes/reverse_00014.tif","runtime-core-block_018-v1","core__BLOCK_018__index__reverse_stripes__reverse_00014.tif",402340,"https://github.com/JamilRamirez/FABDEM-Watershed-Runtime/releases/download/runtime-core-block_018-v1/core__BLOCK_018__index__reverse_stripes__reverse_00014.tif"
"core/BLOCK_018/index/reverse_stripes/reverse_00015.tif","runtime-core-block_018-v1","core__BLOCK_018__index__reverse_stripes__reverse_00015.tif",379234,"https://github.com/JamilRamirez/FABDEM-Watershed-Runtime/releases/download/runtime-core-block_018-v1/core__BLOCK_018__index__reverse_stripes__reverse_00015.tif"
"core/BLOCK_018/index/reverse_stripes/reverse_00016.tif","runtime-core-block_018-v1","core__BLOCK_018__index__reverse_stripes__reverse_00016.tif",347692,"https://github.com/JamilRamirez/FABDEM-Watershed-Runtime/releases/download/runtime-core-block_018-v1/core__BLOCK_018__index__reverse_stripes__reverse_00016.tif"
"core/BLOCK_018/index/reverse_stripes/reverse_00017.tif","runtime-core-block_018-v1","core__BLOCK_018__index__reverse_stripes__reverse_00017.tif",326334,"https://github.com/JamilRamirez/FABDEM-Watershed-Runtime/releases/download/runtime-core-block_018-v1/core__BLOCK_018__index__reverse_stripes__reverse_00017.tif"
"core/BLOCK_018/index/reverse_stripes/reverse_00018.tif","runtime-core-block_018-v1","core__BLOCK_018__index__reverse_stripes__reverse_00018.tif",309086,"https://github.com/JamilRamirez/FABDEM-Watershed-Runtime/releases/download/runtime-core-block_018-v1/core__BLOCK_018__index__reverse_stripes__reverse_00018.tif"
"core/BLOCK_018/index/reverse_stripes/reverse_00019.tif","runtime-core-block_018-v1","core__BLOCK_018__index__reverse_stripes__reverse_00019.tif",295876,"https://github.com/JamilRamirez/FABDEM-Watershed-Runtime/releases/download/runtime-core-block_018-v1/core__BLOCK_018__index__reverse_stripes__reverse_00019.tif"
"core/BLOCK_018/index/reverse_stripes/reverse_00020.tif","runtime-core-block_018-v1","core__BLOCK_018__index__reverse_stripes__reverse_00020.tif",283054,"https://github.com/JamilRamirez/FABDEM-Watershed-Runtime/releases/download/runtime-core-block_018-v1/core__BLOCK_018__index__reverse_stripes__reverse_00020.tif"
"core/BLOCK_018/index/reverse_stripes/reverse_00021.tif","runtime-core-block_018-v1","core__BLOCK_018__index__reverse_stripes__reverse_00021.tif",290278,"https://github.com/JamilRamirez/FABDEM-Watershed-Runtime/releases/download/runtime-core-block_018-v1/core__BLOCK_018__index__reverse_stripes__reverse_00021.tif"
"core/BLOCK_018/index/reverse_stripes/reverse_00022.tif","runtime-core-block_018-v1","core__BLOCK_018__index__reverse_stripes__reverse_00022.tif",267192,"https://github.com/JamilRamirez/FABDEM-Watershed-Runtime/releases/download/runtime-core-block_018-v1/core__BLOCK_018__index__reverse_stripes__reverse_00022.tif"
"core/BLOCK_018/index/reverse_stripes/reverse_00023.tif","runtime-core-block_018-v1","core__BLOCK_018__index__reverse_stripes__reverse_00023.tif",248702,"https://github.com/JamilRamirez/FABDEM-Watershed-Runtime/releases/download/runtime-core-block_018-v1/core__BLOCK_018__index__reverse_stripes__reverse_00023.tif"
"core/BLOCK_018/index/reverse_stripes/reverse_00024.tif","runtime-core-block_018-v1","core__BLOCK_018__index__reverse_stripes__reverse_00024.tif",239900,"https://github.com/JamilRamirez/FABDEM-Watershed-Runtime/releases/download/runtime-core-block_018-v1/core__BLOCK_018__index__reverse_stripes__reverse_00024.tif"
"core/BLOCK_018/index/reverse_stripes/reverse_00025.tif","runtime-core-block_018-v1","core__BLOCK_018__index__reverse_stripes__reverse_00025.tif",243920,"https://github.com/JamilRamirez/FABDEM-Watershed-Runtime/releases/download/runtime-core-block_018-v1/core__BLOCK_018__index__reverse_stripes__reverse_00025.tif"
"core/BLOCK_018/index/reverse_stripes/reverse_00026.tif","runtime-core-block_018-v1","core__BLOCK_018__index__reverse_stripes__reverse_00026.tif",232144,"https://github.com/JamilRamirez/FABDEM-Watershed-Runtime/releases/download/runtime-core-block_018-v1/core__BLOCK_018__index__reverse_stripes__reverse_00026.tif"
"core/BLOCK_018/index/reverse_stripes/reverse_00027.tif","runtime-core-block_018-v1","core__BLOCK_018__index__reverse_stripes__reverse_00027.tif",219354,"https://github.com/JamilRamirez/FABDEM-Watershed-Runtime/releases/download/runtime-core-block_018-v1/core__BLOCK_018__index__reverse_stripes__reverse_00027.tif"
"core/BLOCK_018/index/reverse_stripes/reverse_00028.tif","runtime-core-block_018-v1","core__BLOCK_018__index__reverse_stripes__reverse_00028.tif",212604,"https://github.com/JamilRamirez/FABDEM-Watershed-Runtime/releases/download/runtime-core-block_018-v1/core__BLOCK_018__index__reverse_stripes__reverse_00028.tif"
"core/BLOCK_018/index/reverse_stripes/reverse_00029.tif","runtime-core-block_018-v1","core__BLOCK_018__index__reverse_stripes__reverse_00029.tif",34240,"https://github.com/JamilRamirez/FABDEM-Watershed-Runtime/releases/download/runtime-core-block_018-v1/core__BLOCK_018__index__reverse_stripes__reverse_00029.tif"
"core/BLOCK_018/index/stream_stripes/stream_00001.tif","runtime-core-block_018-v1","core__BLOCK_018__index__stream_stripes__stream_00001.tif",12918,"https://github.com/JamilRamirez/FABDEM-Watershed-Runtime/releases/download/runtime-core-block_018-v1/core__BLOCK_018__index__stream_stripes__stream_00001.tif"
"core/BLOCK_018/index/stream_stripes/stream_00002.tif","runtime-core-block_018-v1","core__BLOCK_018__index__stream_stripes__stream_00002.tif",16398,"https://github.com/JamilRamirez/FABDEM-Watershed-Runtime/releases/download/runtime-core-block_018-v1/core__BLOCK_018__index__stream_stripes__stream_00002.tif"
"core/BLOCK_018/index/stream_stripes/stream_00003.tif","runtime-core-block_018-v1","core__BLOCK_018__index__stream_stripes__stream_00003.tif",16718,"https://github.com/JamilRamirez/FABDEM-Watershed-Runtime/releases/download/runtime-core-block_018-v1/core__BLOCK_018__index__stream_stripes__stream_00003.tif"
"core/BLOCK_018/index/stream_stripes/stream_00004.tif","runtime-core-block_018-v1","core__BLOCK_018__index__stream_stripes__stream_00004.tif",16642,"https://github.com/JamilRamirez/FABDEM-Watershed-Runtime/releases/download/runtime-core-block_018-v1/core__BLOCK_018__index__stream_stripes__stream_00004.tif"
"core/BLOCK_018/index/stream_stripes/stream_00005.tif","runtime-core-block_018-v1","core__BLOCK_018__index__stream_stripes__stream_00005.tif",15896,"https://github.com/JamilRamirez/FABDEM-Watershed-Runtime/releases/download/runtime-core-block_018-v1/core__BLOCK_018__index__stream_stripes__stream_00005.tif"
"core/BLOCK_018/index/stream_stripes/stream_00006.tif","runtime-core-block_018-v1","core__BLOCK_018__index__stream_stripes__stream_00006.tif",11858,"https://github.com/JamilRamirez/FABDEM-Watershed-Runtime/releases/download/runtime-core-block_018-v1/core__BLOCK_018__index__stream_stripes__stream_00006.tif"
"core/BLOCK_018/index/stream_stripes/stream_00007.tif","runtime-core-block_018-v1","core__BLOCK_018__index__stream_stripes__stream_00007.tif",17402,"https://github.com/JamilRamirez/FABDEM-Watershed-Runtime/releases/download/runtime-core-block_018-v1/core__BLOCK_018__index__stream_stripes__stream_00007.tif"
"core/BLOCK_018/index/stream_stripes/stream_00008.tif","runtime-core-block_018-v1","core__BLOCK_018__index__stream_stripes__stream_00008.tif",15722,"https://github.com/JamilRamirez/FABDEM-Watershed-Runtime/releases/download/runtime-core-block_018-v1/core__BLOCK_018__index__stream_stripes__stream_00008.tif"
"core/BLOCK_018/index/stream_stripes/stream_00009.tif","runtime-core-block_018-v1","core__BLOCK_018__index__stream_stripes__stream_00009.tif",15732,"https://github.com/JamilRamirez/FABDEM-Watershed-Runtime/releases/download/runtime-core-block_018-v1/core__BLOCK_018__index__stream_stripes__stream_00009.tif"
"core/BLOCK_018/index/stream_stripes/stream_00010.tif","runtime-core-block_018-v1","core__BLOCK_018__index__stream_stripes__stream_00010.tif",15124,"https://github.com/JamilRamirez/FABDEM-Watershed-Runtime/releases/download/runtime-core-block_018-v1/core__BLOCK_018__index__stream_stripes__stream_00010.tif"
"core/BLOCK_018/index/stream_stripes/stream_00011.tif","runtime-core-block_018-v1","core__BLOCK_018__index__stream_stripes__stream_00011.tif",16210,"https://github.com/JamilRamirez/FABDEM-Watershed-Runtime/releases/download/runtime-core-block_018-v1/core__BLOCK_018__index__stream_stripes__stream_00011.tif"
"core/BLOCK_018/index/stream_stripes/stream_00012.tif","runtime-core-block_018-v1","core__BLOCK_018__index__stream_stripes__stream_00012.tif",14102,"https://github.com/JamilRamirez/FABDEM-Watershed-Runtime/releases/download/runtime-core-block_018-v1/core__BLOCK_018__index__stream_stripes__stream_00012.tif"
"core/BLOCK_018/index/stream_stripes/stream_00013.tif","runtime-core-block_018-v1","core__BLOCK_018__index__stream_stripes__stream_00013.tif",13206,"https://github.com/JamilRamirez/FABDEM-Watershed-Runtime/releases/download/runtime-core-block_018-v1/core__BLOCK_018__index__stream_stripes__stream_00013.tif"
"core/BLOCK_018/index/stream_stripes/stream_00014.tif","runtime-core-block_018-v1","core__BLOCK_018__index__stream_stripes__stream_00014.tif",13406,"https://github.com/JamilRamirez/FABDEM-Watershed-Runtime/releases/download/runtime-core-block_018-v1/core__BLOCK_018__index__stream_stripes__stream_00014.tif"
"core/BLOCK_018/index/stream_stripes/stream_00015.tif","runtime-core-block_018-v1","core__BLOCK_018__index__stream_stripes__stream_00015.tif",12742,"https://github.com/JamilRamirez/FABDEM-Watershed-Runtime/releases/download/runtime-core-block_018-v1/core__BLOCK_018__index__stream_stripes__stream_00015.tif"
"core/BLOCK_018/index/stream_stripes/stream_00016.tif","runtime-core-block_018-v1","core__BLOCK_018__index__stream_stripes__stream_00016.tif",11108,"https://github.com/JamilRamirez/FABDEM-Watershed-Runtime/releases/download/runtime-core-block_018-v1/core__BLOCK_018__index__stream_stripes__stream_00016.tif"
"core/BLOCK_018/index/stream_stripes/stream_00017.tif","runtime-core-block_018-v1","core__BLOCK_018__index__stream_stripes__stream_00017.tif",12362,"https://github.com/JamilRamirez/FABDEM-Watershed-Runtime/releases/download/runtime-core-block_018-v1/core__BLOCK_018__index__stream_stripes__stream_00017.tif"
"core/BLOCK_018/index/stream_stripes/stream_00018.tif","runtime-core-block_018-v1","core__BLOCK_018__index__stream_stripes__stream_00018.tif",12190,"https://github.com/JamilRamirez/FABDEM-Watershed-Runtime/releases/download/runtime-core-block_018-v1/core__BLOCK_018__index__stream_stripes__stream_00018.tif"
"core/BLOCK_018/index/stream_stripes/stream_00019.tif","runtime-core-block_018-v1","core__BLOCK_018__index__stream_stripes__stream_00019.tif",11958,"https://github.com/JamilRamirez/FABDEM-Watershed-Runtime/releases/download/runtime-core-block_018-v1/core__BLOCK_018__index__stream_stripes__stream_00019.tif"
"core/BLOCK_018/index/stream_stripes/stream_00020.tif","runtime-core-block_018-v1","core__BLOCK_018__index__stream_stripes__stream_00020.tif",12236,"https://github.com/JamilRamirez/FABDEM-Watershed-Runtime/releases/download/runtime-core-block_018-v1/core__BLOCK_018__index__stream_stripes__stream_00020.tif"
"core/BLOCK_018/index/stream_stripes/stream_00021.tif","runtime-core-block_018-v1","core__BLOCK_018__index__stream_stripes__stream_00021.tif",12466,"https://github.com/JamilRamirez/FABDEM-Watershed-Runtime/releases/download/runtime-core-block_018-v1/core__BLOCK_018__index__stream_stripes__stream_00021.tif"
"core/BLOCK_018/index/stream_stripes/stream_00022.tif","runtime-core-block_018-v1","core__BLOCK_018__index__stream_stripes__stream_00022.tif",11764,"https://github.com/JamilRamirez/FABDEM-Watershed-Runtime/releases/download/runtime-core-block_018-v1/core__BLOCK_018__index__stream_stripes__stream_00022.tif"
"core/BLOCK_018/index/stream_stripes/stream_00023.tif","runtime-core-block_018-v1","core__BLOCK_018__index__stream_stripes__stream_00023.tif",11646,"https://github.com/JamilRamirez/FABDEM-Watershed-Runtime/releases/download/runtime-core-block_018-v1/core__BLOCK_018__index__stream_stripes__stream_00023.tif"
"core/BLOCK_018/index/stream_stripes/stream_00024.tif","runtime-core-block_018-v1","core__BLOCK_018__index__stream_stripes__stream_00024.tif",12232,"https://github.com/JamilRamirez/FABDEM-Watershed-Runtime/releases/download/runtime-core-block_018-v1/core__BLOCK_018__index__stream_stripes__stream_00024.tif"
"core/BLOCK_018/index/stream_stripes/stream_00025.tif","runtime-core-block_018-v1","core__BLOCK_018__index__stream_stripes__stream_00025.tif",12132,"https://github.com/JamilRamirez/FABDEM-Watershed-Runtime/releases/download/runtime-core-block_018-v1/core__BLOCK_018__index__stream_stripes__stream_00025.tif"
"core/BLOCK_018/index/stream_stripes/stream_00026.tif","runtime-core-block_018-v1","core__BLOCK_018__index__stream_stripes__stream_00026.tif",10646,"https://github.com/JamilRamirez/FABDEM-Watershed-Runtime/releases/download/runtime-core-block_018-v1/core__BLOCK_018__index__stream_stripes__stream_00026.tif"
"core/BLOCK_018/index/stream_stripes/stream_00027.tif","runtime-core-block_018-v1","core__BLOCK_018__index__stream_stripes__stream_00027.tif",11590,"https://github.com/JamilRamirez/FABDEM-Watershed-Runtime/releases/download/runtime-core-block_018-v1/core__BLOCK_018__index__stream_stripes__stream_00027.tif"
"core/BLOCK_018/index/stream_stripes/stream_00028.tif","runtime-core-block_018-v1","core__BLOCK_018__index__stream_stripes__stream_00028.tif",11654,"https://github.com/JamilRamirez/FABDEM-Watershed-Runtime/releases/download/runtime-core-block_018-v1/core__BLOCK_018__index__stream_stripes__stream_00028.tif"
"core/BLOCK_018/index/stream_stripes/stream_00029.tif","runtime-core-block_018-v1","core__BLOCK_018__index__stream_stripes__stream_00029.tif",4768,"https://github.com/JamilRamirez/FABDEM-Watershed-Runtime/releases/download/runtime-core-block_018-v1/core__BLOCK_018__index__stream_stripes__stream_00029.tif"
"core/BLOCK_019/index/index_metadata.rds","runtime-core-block_019-v1","core__BLOCK_019__index__index_metadata.rds",1346,"https://github.com/JamilRamirez/FABDEM-Watershed-Runtime/releases/download/runtime-core-block_019-v1/core__BLOCK_019__index__index_metadata.rds"
"core/BLOCK_019/index/reverse_stripes/reverse_00001.tif","runtime-core-block_019-v1","core__BLOCK_019__index__reverse_stripes__reverse_00001.tif",898094,"https://github.com/JamilRamirez/FABDEM-Watershed-Runtime/releases/download/runtime-core-block_019-v1/core__BLOCK_019__index__reverse_stripes__reverse_00001.tif"
"core/BLOCK_019/index/reverse_stripes/reverse_00002.tif","runtime-core-block_019-v1","core__BLOCK_019__index__reverse_stripes__reverse_00002.tif",892696,"https://github.com/JamilRamirez/FABDEM-Watershed-Runtime/releases/download/runtime-core-block_019-v1/core__BLOCK_019__index__reverse_stripes__reverse_00002.tif"
"core/BLOCK_019/index/reverse_stripes/reverse_00003.tif","runtime-core-block_019-v1","core__BLOCK_019__index__reverse_stripes__reverse_00003.tif",881918,"https://github.com/JamilRamirez/FABDEM-Watershed-Runtime/releases/download/runtime-core-block_019-v1/core__BLOCK_019__index__reverse_stripes__reverse_00003.tif"
"core/BLOCK_019/index/reverse_stripes/reverse_00004.tif","runtime-core-block_019-v1","core__BLOCK_019__index__reverse_stripes__reverse_00004.tif",894244,"https://github.com/JamilRamirez/FABDEM-Watershed-Runtime/releases/download/runtime-core-block_019-v1/core__BLOCK_019__index__reverse_stripes__reverse_00004.tif"
"core/BLOCK_019/index/reverse_stripes/reverse_00005.tif","runtime-core-block_019-v1","core__BLOCK_019__index__reverse_stripes__reverse_00005.tif",845780,"https://github.com/JamilRamirez/FABDEM-Watershed-Runtime/releases/download/runtime-core-block_019-v1/core__BLOCK_019__index__reverse_stripes__reverse_00005.tif"
"core/BLOCK_019/index/reverse_stripes/reverse_00006.tif","runtime-core-block_019-v1","core__BLOCK_019__index__reverse_stripes__reverse_00006.tif",795572,"https://github.com/JamilRamirez/FABDEM-Watershed-Runtime/releases/download/runtime-core-block_019-v1/core__BLOCK_019__index__reverse_stripes__reverse_00006.tif"
"core/BLOCK_019/index/reverse_stripes/reverse_00007.tif","runtime-core-block_019-v1","core__BLOCK_019__index__reverse_stripes__reverse_00007.tif",773540,"https://github.com/JamilRamirez/FABDEM-Watershed-Runtime/releases/download/runtime-core-block_019-v1/core__BLOCK_019__index__reverse_stripes__reverse_00007.tif"
"core/BLOCK_019/index/reverse_stripes/reverse_00008.tif","runtime-core-block_019-v1","core__BLOCK_019__index__reverse_stripes__reverse_00008.tif",740022,"https://github.com/JamilRamirez/FABDEM-Watershed-Runtime/releases/download/runtime-core-block_019-v1/core__BLOCK_019__index__reverse_stripes__reverse_00008.tif"
"core/BLOCK_019/index/reverse_stripes/reverse_00009.tif","runtime-core-block_019-v1","core__BLOCK_019__index__reverse_stripes__reverse_00009.tif",739742,"https://github.com/JamilRamirez/FABDEM-Watershed-Runtime/releases/download/runtime-core-block_019-v1/core__BLOCK_019__index__reverse_stripes__reverse_00009.tif"
"core/BLOCK_019/index/reverse_stripes/reverse_00010.tif","runtime-core-block_019-v1","core__BLOCK_019__index__reverse_stripes__reverse_00010.tif",735860,"https://github.com/JamilRamirez/FABDEM-Watershed-Runtime/releases/download/runtime-core-block_019-v1/core__BLOCK_019__index__reverse_stripes__reverse_00010.tif"
"core/BLOCK_019/index/reverse_stripes/reverse_00011.tif","runtime-core-block_019-v1","core__BLOCK_019__index__reverse_stripes__reverse_00011.tif",631864,"https://github.com/JamilRamirez/FABDEM-Watershed-Runtime/releases/download/runtime-core-block_019-v1/core__BLOCK_019__index__reverse_stripes__reverse_00011.tif"
"core/BLOCK_019/index/reverse_stripes/reverse_00012.tif","runtime-core-block_019-v1","core__BLOCK_019__index__reverse_stripes__reverse_00012.tif",622604,"https://github.com/JamilRamirez/FABDEM-Watershed-Runtime/releases/download/runtime-core-block_019-v1/core__BLOCK_019__index__reverse_stripes__reverse_00012.tif"
"core/BLOCK_019/index/reverse_stripes/reverse_00013.tif","runtime-core-block_019-v1","core__BLOCK_019__index__reverse_stripes__reverse_00013.tif",645038,"https://github.com/JamilRamirez/FABDEM-Watershed-Runtime/releases/download/runtime-core-block_019-v1/core__BLOCK_019__index__reverse_stripes__reverse_00013.tif"
"core/BLOCK_019/index/reverse_stripes/reverse_00014.tif","runtime-core-block_019-v1","core__BLOCK_019__index__reverse_stripes__reverse_00014.tif",695824,"https://github.com/JamilRamirez/FABDEM-Watershed-Runtime/releases/download/runtime-core-block_019-v1/core__BLOCK_019__index__reverse_stripes__reverse_00014.tif"
"core/BLOCK_019/index/reverse_stripes/reverse_00015.tif","runtime-core-block_019-v1","core__BLOCK_019__index__reverse_stripes__reverse_00015.tif",733074,"https://github.com/JamilRamirez/FABDEM-Watershed-Runtime/releases/download/runtime-core-block_019-v1/core__BLOCK_019__index__reverse_stripes__reverse_00015.tif"
"core/BLOCK_019/index/reverse_stripes/reverse_00016.tif","runtime-core-block_019-v1","core__BLOCK_019__index__reverse_stripes__reverse_00016.tif",760758,"https://github.com/JamilRamirez/FABDEM-Watershed-Runtime/releases/download/runtime-core-block_019-v1/core__BLOCK_019__index__reverse_stripes__reverse_00016.tif"
"core/BLOCK_019/index/reverse_stripes/reverse_00017.tif","runtime-core-block_019-v1","core__BLOCK_019__index__reverse_stripes__reverse_00017.tif",749138,"https://github.com/JamilRamirez/FABDEM-Watershed-Runtime/releases/download/runtime-core-block_019-v1/core__BLOCK_019__index__reverse_stripes__reverse_00017.tif"
"core/BLOCK_019/index/reverse_stripes/reverse_00018.tif","runtime-core-block_019-v1","core__BLOCK_019__index__reverse_stripes__reverse_00018.tif",750746,"https://github.com/JamilRamirez/FABDEM-Watershed-Runtime/releases/download/runtime-core-block_019-v1/core__BLOCK_019__index__reverse_stripes__reverse_00018.tif"
"core/BLOCK_019/index/reverse_stripes/reverse_00019.tif","runtime-core-block_019-v1","core__BLOCK_019__index__reverse_stripes__reverse_00019.tif",777566,"https://github.com/JamilRamirez/FABDEM-Watershed-Runtime/releases/download/runtime-core-block_019-v1/core__BLOCK_019__index__reverse_stripes__reverse_00019.tif"
"core/BLOCK_019/index/reverse_stripes/reverse_00020.tif","runtime-core-block_019-v1","core__BLOCK_019__index__reverse_stripes__reverse_00020.tif",770706,"https://github.com/JamilRamirez/FABDEM-Watershed-Runtime/releases/download/runtime-core-block_019-v1/core__BLOCK_019__index__reverse_stripes__reverse_00020.tif"
"core/BLOCK_019/index/reverse_stripes/reverse_00021.tif","runtime-core-block_019-v1","core__BLOCK_019__index__reverse_stripes__reverse_00021.tif",839652,"https://github.com/JamilRamirez/FABDEM-Watershed-Runtime/releases/download/runtime-core-block_019-v1/core__BLOCK_019__index__reverse_stripes__reverse_00021.tif"
"core/BLOCK_019/index/reverse_stripes/reverse_00022.tif","runtime-core-block_019-v1","core__BLOCK_019__index__reverse_stripes__reverse_00022.tif",838560,"https://github.com/JamilRamirez/FABDEM-Watershed-Runtime/releases/download/runtime-core-block_019-v1/core__BLOCK_019__index__reverse_stripes__reverse_00022.tif"
"core/BLOCK_019/index/reverse_stripes/reverse_00023.tif","runtime-core-block_019-v1","core__BLOCK_019__index__reverse_stripes__reverse_00023.tif",870508,"https://github.com/JamilRamirez/FABDEM-Watershed-Runtime/releases/download/runtime-core-block_019-v1/core__BLOCK_019__index__reverse_stripes__reverse_00023.tif"
"core/BLOCK_019/index/reverse_stripes/reverse_00024.tif","runtime-core-block_019-v1","core__BLOCK_019__index__reverse_stripes__reverse_00024.tif",868260,"https://github.com/JamilRamirez/FABDEM-Watershed-Runtime/releases/download/runtime-core-block_019-v1/core__BLOCK_019__index__reverse_stripes__reverse_00024.tif"
"core/BLOCK_019/index/reverse_stripes/reverse_00025.tif","runtime-core-block_019-v1","core__BLOCK_019__index__reverse_stripes__reverse_00025.tif",847844,"https://github.com/JamilRamirez/FABDEM-Watershed-Runtime/releases/download/runtime-core-block_019-v1/core__BLOCK_019__index__reverse_stripes__reverse_00025.tif"
"core/BLOCK_019/index/reverse_stripes/reverse_00026.tif","runtime-core-block_019-v1","core__BLOCK_019__index__reverse_stripes__reverse_00026.tif",868672,"https://github.com/JamilRamirez/FABDEM-Watershed-Runtime/releases/download/runtime-core-block_019-v1/core__BLOCK_019__index__reverse_stripes__reverse_00026.tif"
"core/BLOCK_019/index/reverse_stripes/reverse_00027.tif","runtime-core-block_019-v1","core__BLOCK_019__index__reverse_stripes__reverse_00027.tif",849052,"https://github.com/JamilRamirez/FABDEM-Watershed-Runtime/releases/download/runtime-core-block_019-v1/core__BLOCK_019__index__reverse_stripes__reverse_00027.tif"
"core/BLOCK_019/index/reverse_stripes/reverse_00028.tif","runtime-core-block_019-v1","core__BLOCK_019__index__reverse_stripes__reverse_00028.tif",862930,"https://github.com/JamilRamirez/FABDEM-Watershed-Runtime/releases/download/runtime-core-block_019-v1/core__BLOCK_019__index__reverse_stripes__reverse_00028.tif"
"core/BLOCK_019/index/reverse_stripes/reverse_00029.tif","runtime-core-block_019-v1","core__BLOCK_019__index__reverse_stripes__reverse_00029.tif",591830,"https://github.com/JamilRamirez/FABDEM-Watershed-Runtime/releases/download/runtime-core-block_019-v1/core__BLOCK_019__index__reverse_stripes__reverse_00029.tif"
"core/BLOCK_019/index/reverse_stripes/reverse_00030.tif","runtime-core-block_019-v1","core__BLOCK_019__index__reverse_stripes__reverse_00030.tif",530528,"https://github.com/JamilRamirez/FABDEM-Watershed-Runtime/releases/download/runtime-core-block_019-v1/core__BLOCK_019__index__reverse_stripes__reverse_00030.tif"
"core/BLOCK_019/index/reverse_stripes/reverse_00031.tif","runtime-core-block_019-v1","core__BLOCK_019__index__reverse_stripes__reverse_00031.tif",557552,"https://github.com/JamilRamirez/FABDEM-Watershed-Runtime/releases/download/runtime-core-block_019-v1/core__BLOCK_019__index__reverse_stripes__reverse_00031.tif"
"core/BLOCK_019/index/reverse_stripes/reverse_00032.tif","runtime-core-block_019-v1","core__BLOCK_019__index__reverse_stripes__reverse_00032.tif",593888,"https://github.com/JamilRamirez/FABDEM-Watershed-Runtime/releases/download/runtime-core-block_019-v1/core__BLOCK_019__index__reverse_stripes__reverse_00032.tif"
"core/BLOCK_019/index/reverse_stripes/reverse_00033.tif","runtime-core-block_019-v1","core__BLOCK_019__index__reverse_stripes__reverse_00033.tif",610544,"https://github.com/JamilRamirez/FABDEM-Watershed-Runtime/releases/download/runtime-core-block_019-v1/core__BLOCK_019__index__reverse_stripes__reverse_00033.tif"
"core/BLOCK_019/index/reverse_stripes/reverse_00034.tif","runtime-core-block_019-v1","core__BLOCK_019__index__reverse_stripes__reverse_00034.tif",627752,"https://github.com/JamilRamirez/FABDEM-Watershed-Runtime/releases/download/runtime-core-block_019-v1/core__BLOCK_019__index__reverse_stripes__reverse_00034.tif"
"core/BLOCK_019/index/reverse_stripes/reverse_00035.tif","runtime-core-block_019-v1","core__BLOCK_019__index__reverse_stripes__reverse_00035.tif",648910,"https://github.com/JamilRamirez/FABDEM-Watershed-Runtime/releases/download/runtime-core-block_019-v1/core__BLOCK_019__index__reverse_stripes__reverse_00035.tif"
"core/BLOCK_019/index/reverse_stripes/reverse_00036.tif","runtime-core-block_019-v1","core__BLOCK_019__index__reverse_stripes__reverse_00036.tif",671102,"https://github.com/JamilRamirez/FABDEM-Watershed-Runtime/releases/download/runtime-core-block_019-v1/core__BLOCK_019__index__reverse_stripes__reverse_00036.tif"
"core/BLOCK_019/index/reverse_stripes/reverse_00037.tif","runtime-core-block_019-v1","core__BLOCK_019__index__reverse_stripes__reverse_00037.tif",643714,"https://github.com/JamilRamirez/FABDEM-Watershed-Runtime/releases/download/runtime-core-block_019-v1/core__BLOCK_019__index__reverse_stripes__reverse_00037.tif"
"core/BLOCK_019/index/reverse_stripes/reverse_00038.tif","runtime-core-block_019-v1","core__BLOCK_019__index__reverse_stripes__reverse_00038.tif",636078,"https://github.com/JamilRamirez/FABDEM-Watershed-Runtime/releases/download/runtime-core-block_019-v1/core__BLOCK_019__index__reverse_stripes__reverse_00038.tif"
"core/BLOCK_019/index/reverse_stripes/reverse_00039.tif","runtime-core-block_019-v1","core__BLOCK_019__index__reverse_stripes__reverse_00039.tif",628382,"https://github.com/JamilRamirez/FABDEM-Watershed-Runtime/releases/download/runtime-core-block_019-v1/core__BLOCK_019__index__reverse_stripes__reverse_00039.tif"
"core/BLOCK_019/index/reverse_stripes/reverse_00040.tif","runtime-core-block_019-v1","core__BLOCK_019__index__reverse_stripes__reverse_00040.tif",590930,"https://github.com/JamilRamirez/FABDEM-Watershed-Runtime/releases/download/runtime-core-block_019-v1/core__BLOCK_019__index__reverse_stripes__reverse_00040.tif"
"core/BLOCK_019/index/reverse_stripes/reverse_00041.tif","runtime-core-block_019-v1","core__BLOCK_019__index__reverse_stripes__reverse_00041.tif",586922,"https://github.com/JamilRamirez/FABDEM-Watershed-Runtime/releases/download/runtime-core-block_019-v1/core__BLOCK_019__index__reverse_stripes__reverse_00041.tif"
"core/BLOCK_019/index/reverse_stripes/reverse_00042.tif","runtime-core-block_019-v1","core__BLOCK_019__index__reverse_stripes__reverse_00042.tif",564904,"https://github.com/JamilRamirez/FABDEM-Watershed-Runtime/releases/download/runtime-core-block_019-v1/core__BLOCK_019__index__reverse_stripes__reverse_00042.tif"
"core/BLOCK_019/index/reverse_stripes/reverse_00043.tif","runtime-core-block_019-v1","core__BLOCK_019__index__reverse_stripes__reverse_00043.tif",120116,"https://github.com/JamilRamirez/FABDEM-Watershed-Runtime/releases/download/runtime-core-block_019-v1/core__BLOCK_019__index__reverse_stripes__reverse_00043.tif"
"core/BLOCK_019/index/stream_stripes/stream_00001.tif","runtime-core-block_019-v1","core__BLOCK_019__index__stream_stripes__stream_00001.tif",25206,"https://github.com/JamilRamirez/FABDEM-Watershed-Runtime/releases/download/runtime-core-block_019-v1/core__BLOCK_019__index__stream_stripes__stream_00001.tif"
"core/BLOCK_019/index/stream_stripes/stream_00002.tif","runtime-core-block_019-v1","core__BLOCK_019__index__stream_stripes__stream_00002.tif",26822,"https://github.com/JamilRamirez/FABDEM-Watershed-Runtime/releases/download/runtime-core-block_019-v1/core__BLOCK_019__index__stream_stripes__stream_00002.tif"
"core/BLOCK_019/index/stream_stripes/stream_00003.tif","runtime-core-block_019-v1","core__BLOCK_019__index__stream_stripes__stream_00003.tif",28398,"https://github.com/JamilRamirez/FABDEM-Watershed-Runtime/releases/download/runtime-core-block_019-v1/core__BLOCK_019__index__stream_stripes__stream_00003.tif"
"core/BLOCK_019/index/stream_stripes/stream_00004.tif","runtime-core-block_019-v1","core__BLOCK_019__index__stream_stripes__stream_00004.tif",29216,"https://github.com/JamilRamirez/FABDEM-Watershed-Runtime/releases/download/runtime-core-block_019-v1/core__BLOCK_019__index__stream_stripes__stream_00004.tif"
"core/BLOCK_019/index/stream_stripes/stream_00005.tif","runtime-core-block_019-v1","core__BLOCK_019__index__stream_stripes__stream_00005.tif",27416,"https://github.com/JamilRamirez/FABDEM-Watershed-Runtime/releases/download/runtime-core-block_019-v1/core__BLOCK_019__index__stream_stripes__stream_00005.tif"
"core/BLOCK_019/index/stream_stripes/stream_00006.tif","runtime-core-block_019-v1","core__BLOCK_019__index__stream_stripes__stream_00006.tif",26456,"https://github.com/JamilRamirez/FABDEM-Watershed-Runtime/releases/download/runtime-core-block_019-v1/core__BLOCK_019__index__stream_stripes__stream_00006.tif"
"core/BLOCK_019/index/stream_stripes/stream_00007.tif","runtime-core-block_019-v1","core__BLOCK_019__index__stream_stripes__stream_00007.tif",26544,"https://github.com/JamilRamirez/FABDEM-Watershed-Runtime/releases/download/runtime-core-block_019-v1/core__BLOCK_019__index__stream_stripes__stream_00007.tif"
"core/BLOCK_019/index/stream_stripes/stream_00008.tif","runtime-core-block_019-v1","core__BLOCK_019__index__stream_stripes__stream_00008.tif",28250,"https://github.com/JamilRamirez/FABDEM-Watershed-Runtime/releases/download/runtime-core-block_019-v1/core__BLOCK_019__index__stream_stripes__stream_00008.tif"
"core/BLOCK_019/index/stream_stripes/stream_00009.tif","runtime-core-block_019-v1","core__BLOCK_019__index__stream_stripes__stream_00009.tif",26120,"https://github.com/JamilRamirez/FABDEM-Watershed-Runtime/releases/download/runtime-core-block_019-v1/core__BLOCK_019__index__stream_stripes__stream_00009.tif"
"core/BLOCK_019/index/stream_stripes/stream_00010.tif","runtime-core-block_019-v1","core__BLOCK_019__index__stream_stripes__stream_00010.tif",27326,"https://github.com/JamilRamirez/FABDEM-Watershed-Runtime/releases/download/runtime-core-block_019-v1/core__BLOCK_019__index__stream_stripes__stream_00010.tif"
"core/BLOCK_019/index/stream_stripes/stream_00011.tif","runtime-core-block_019-v1","core__BLOCK_019__index__stream_stripes__stream_00011.tif",21812,"https://github.com/JamilRamirez/FABDEM-Watershed-Runtime/releases/download/runtime-core-block_019-v1/core__BLOCK_019__index__stream_stripes__stream_00011.tif"
"core/BLOCK_019/index/stream_stripes/stream_00012.tif","runtime-core-block_019-v1","core__BLOCK_019__index__stream_stripes__stream_00012.tif",24248,"https://github.com/JamilRamirez/FABDEM-Watershed-Runtime/releases/download/runtime-core-block_019-v1/core__BLOCK_019__index__stream_stripes__stream_00012.tif"
"core/BLOCK_019/index/stream_stripes/stream_00013.tif","runtime-core-block_019-v1","core__BLOCK_019__index__stream_stripes__stream_00013.tif",23098,"https://github.com/JamilRamirez/FABDEM-Watershed-Runtime/releases/download/runtime-core-block_019-v1/core__BLOCK_019__index__stream_stripes__stream_00013.tif"
"core/BLOCK_019/index/stream_stripes/stream_00014.tif","runtime-core-block_019-v1","core__BLOCK_019__index__stream_stripes__stream_00014.tif",22942,"https://github.com/JamilRamirez/FABDEM-Watershed-Runtime/releases/download/runtime-core-block_019-v1/core__BLOCK_019__index__stream_stripes__stream_00014.tif"
"core/BLOCK_019/index/stream_stripes/stream_00015.tif","runtime-core-block_019-v1","core__BLOCK_019__index__stream_stripes__stream_00015.tif",23308,"https://github.com/JamilRamirez/FABDEM-Watershed-Runtime/releases/download/runtime-core-block_019-v1/core__BLOCK_019__index__stream_stripes__stream_00015.tif"
"core/BLOCK_019/index/stream_stripes/stream_00016.tif","runtime-core-block_019-v1","core__BLOCK_019__index__stream_stripes__stream_00016.tif",27524,"https://github.com/JamilRamirez/FABDEM-Watershed-Runtime/releases/download/runtime-core-block_019-v1/core__BLOCK_019__index__stream_stripes__stream_00016.tif"
"core/BLOCK_019/index/stream_stripes/stream_00017.tif","runtime-core-block_019-v1","core__BLOCK_019__index__stream_stripes__stream_00017.tif",25522,"https://github.com/JamilRamirez/FABDEM-Watershed-Runtime/releases/download/runtime-core-block_019-v1/core__BLOCK_019__index__stream_stripes__stream_00017.tif"
"core/BLOCK_019/index/stream_stripes/stream_00018.tif","runtime-core-block_019-v1","core__BLOCK_019__index__stream_stripes__stream_00018.tif",25700,"https://github.com/JamilRamirez/FABDEM-Watershed-Runtime/releases/download/runtime-core-block_019-v1/core__BLOCK_019__index__stream_stripes__stream_00018.tif"
"core/BLOCK_019/index/stream_stripes/stream_00019.tif","runtime-core-block_019-v1","core__BLOCK_019__index__stream_stripes__stream_00019.tif",26348,"https://github.com/JamilRamirez/FABDEM-Watershed-Runtime/releases/download/runtime-core-block_019-v1/core__BLOCK_019__index__stream_stripes__stream_00019.tif"
"core/BLOCK_019/index/stream_stripes/stream_00020.tif","runtime-core-block_019-v1","core__BLOCK_019__index__stream_stripes__stream_00020.tif",27358,"https://github.com/JamilRamirez/FABDEM-Watershed-Runtime/releases/download/runtime-core-block_019-v1/core__BLOCK_019__index__stream_stripes__stream_00020.tif"
"core/BLOCK_019/index/stream_stripes/stream_00021.tif","runtime-core-block_019-v1","core__BLOCK_019__index__stream_stripes__stream_00021.tif",27930,"https://github.com/JamilRamirez/FABDEM-Watershed-Runtime/releases/download/runtime-core-block_019-v1/core__BLOCK_019__index__stream_stripes__stream_00021.tif"
"core/BLOCK_019/index/stream_stripes/stream_00022.tif","runtime-core-block_019-v1","core__BLOCK_019__index__stream_stripes__stream_00022.tif",28388,"https://github.com/JamilRamirez/FABDEM-Watershed-Runtime/releases/download/runtime-core-block_019-v1/core__BLOCK_019__index__stream_stripes__stream_00022.tif"
"core/BLOCK_019/index/stream_stripes/stream_00023.tif","runtime-core-block_019-v1","core__BLOCK_019__index__stream_stripes__stream_00023.tif",27558,"https://github.com/JamilRamirez/FABDEM-Watershed-Runtime/releases/download/runtime-core-block_019-v1/core__BLOCK_019__index__stream_stripes__stream_00023.tif"
"core/BLOCK_019/index/stream_stripes/stream_00024.tif","runtime-core-block_019-v1","core__BLOCK_019__index__stream_stripes__stream_00024.tif",28278,"https://github.com/JamilRamirez/FABDEM-Watershed-Runtime/releases/download/runtime-core-block_019-v1/core__BLOCK_019__index__stream_stripes__stream_00024.tif"
"core/BLOCK_019/index/stream_stripes/stream_00025.tif","runtime-core-block_019-v1","core__BLOCK_019__index__stream_stripes__stream_00025.tif",30846,"https://github.com/JamilRamirez/FABDEM-Watershed-Runtime/releases/download/runtime-core-block_019-v1/core__BLOCK_019__index__stream_stripes__stream_00025.tif"
"core/BLOCK_019/index/stream_stripes/stream_00026.tif","runtime-core-block_019-v1","core__BLOCK_019__index__stream_stripes__stream_00026.tif",30600,"https://github.com/JamilRamirez/FABDEM-Watershed-Runtime/releases/download/runtime-core-block_019-v1/core__BLOCK_019__index__stream_stripes__stream_00026.tif"
"core/BLOCK_019/index/stream_stripes/stream_00027.tif","runtime-core-block_019-v1","core__BLOCK_019__index__stream_stripes__stream_00027.tif",26098,"https://github.com/JamilRamirez/FABDEM-Watershed-Runtime/releases/download/runtime-core-block_019-v1/core__BLOCK_019__index__stream_stripes__stream_00027.tif"
"core/BLOCK_019/index/stream_stripes/stream_00028.tif","runtime-core-block_019-v1","core__BLOCK_019__index__stream_stripes__stream_00028.tif",25590,"https://github.com/JamilRamirez/FABDEM-Watershed-Runtime/releases/download/runtime-core-block_019-v1/core__BLOCK_019__index__stream_stripes__stream_00028.tif"
"core/BLOCK_019/index/stream_stripes/stream_00029.tif","runtime-core-block_019-v1","core__BLOCK_019__index__stream_stripes__stream_00029.tif",22212,"https://github.com/JamilRamirez/FABDEM-Watershed-Runtime/releases/download/runtime-core-block_019-v1/core__BLOCK_019__index__stream_stripes__stream_00029.tif"
"core/BLOCK_019/index/stream_stripes/stream_00030.tif","runtime-core-block_019-v1","core__BLOCK_019__index__stream_stripes__stream_00030.tif",19388,"https://github.com/JamilRamirez/FABDEM-Watershed-Runtime/releases/download/runtime-core-block_019-v1/core__BLOCK_019__index__stream_stripes__stream_00030.tif"
"core/BLOCK_019/index/stream_stripes/stream_00031.tif","runtime-core-block_019-v1","core__BLOCK_019__index__stream_stripes__stream_00031.tif",20052,"https://github.com/JamilRamirez/FABDEM-Watershed-Runtime/releases/download/runtime-core-block_019-v1/core__BLOCK_019__index__stream_stripes__stream_00031.tif"
"core/BLOCK_019/index/stream_stripes/stream_00032.tif","runtime-core-block_019-v1","core__BLOCK_019__index__stream_stripes__stream_00032.tif",22324,"https://github.com/JamilRamirez/FABDEM-Watershed-Runtime/releases/download/runtime-core-block_019-v1/core__BLOCK_019__index__stream_stripes__stream_00032.tif"
"core/BLOCK_019/index/stream_stripes/stream_00033.tif","runtime-core-block_019-v1","core__BLOCK_019__index__stream_stripes__stream_00033.tif",23022,"https://github.com/JamilRamirez/FABDEM-Watershed-Runtime/releases/download/runtime-core-block_019-v1/core__BLOCK_019__index__stream_stripes__stream_00033.tif"
"core/BLOCK_019/index/stream_stripes/stream_00034.tif","runtime-core-block_019-v1","core__BLOCK_019__index__stream_stripes__stream_00034.tif",23488,"https://github.com/JamilRamirez/FABDEM-Watershed-Runtime/releases/download/runtime-core-block_019-v1/core__BLOCK_019__index__stream_stripes__stream_00034.tif"
"core/BLOCK_019/index/stream_stripes/stream_00035.tif","runtime-core-block_019-v1","core__BLOCK_019__index__stream_stripes__stream_00035.tif",23920,"https://github.com/JamilRamirez/FABDEM-Watershed-Runtime/releases/download/runtime-core-block_019-v1/core__BLOCK_019__index__stream_stripes__stream_00035.tif"
"core/BLOCK_019/index/stream_stripes/stream_00036.tif","runtime-core-block_019-v1","core__BLOCK_019__index__stream_stripes__stream_00036.tif",24400,"https://github.com/JamilRamirez/FABDEM-Watershed-Runtime/releases/download/runtime-core-block_019-v1/core__BLOCK_019__index__stream_stripes__stream_00036.tif"
"core/BLOCK_019/index/stream_stripes/stream_00037.tif","runtime-core-block_019-v1","core__BLOCK_019__index__stream_stripes__stream_00037.tif",21422,"https://github.com/JamilRamirez/FABDEM-Watershed-Runtime/releases/download/runtime-core-block_019-v1/core__BLOCK_019__index__stream_stripes__stream_00037.tif"
"core/BLOCK_019/index/stream_stripes/stream_00038.tif","runtime-core-block_019-v1","core__BLOCK_019__index__stream_stripes__stream_00038.tif",23788,"https://github.com/JamilRamirez/FABDEM-Watershed-Runtime/releases/download/runtime-core-block_019-v1/core__BLOCK_019__index__stream_stripes__stream_00038.tif"
"core/BLOCK_019/index/stream_stripes/stream_00039.tif","runtime-core-block_019-v1","core__BLOCK_019__index__stream_stripes__stream_00039.tif",22218,"https://github.com/JamilRamirez/FABDEM-Watershed-Runtime/releases/download/runtime-core-block_019-v1/core__BLOCK_019__index__stream_stripes__stream_00039.tif"
"core/BLOCK_019/index/stream_stripes/stream_00040.tif","runtime-core-block_019-v1","core__BLOCK_019__index__stream_stripes__stream_00040.tif",23556,"https://github.com/JamilRamirez/FABDEM-Watershed-Runtime/releases/download/runtime-core-block_019-v1/core__BLOCK_019__index__stream_stripes__stream_00040.tif"
"core/BLOCK_019/index/stream_stripes/stream_00041.tif","runtime-core-block_019-v1","core__BLOCK_019__index__stream_stripes__stream_00041.tif",26126,"https://github.com/JamilRamirez/FABDEM-Watershed-Runtime/releases/download/runtime-core-block_019-v1/core__BLOCK_019__index__stream_stripes__stream_00041.tif"
"core/BLOCK_019/index/stream_stripes/stream_00042.tif","runtime-core-block_019-v1","core__BLOCK_019__index__stream_stripes__stream_00042.tif",24304,"https://github.com/JamilRamirez/FABDEM-Watershed-Runtime/releases/download/runtime-core-block_019-v1/core__BLOCK_019__index__stream_stripes__stream_00042.tif"
"core/BLOCK_019/index/stream_stripes/stream_00043.tif","runtime-core-block_019-v1","core__BLOCK_019__index__stream_stripes__stream_00043.tif",9908,"https://github.com/JamilRamirez/FABDEM-Watershed-Runtime/releases/download/runtime-core-block_019-v1/core__BLOCK_019__index__stream_stripes__stream_00043.tif"
"core/BLOCK_020/index/index_metadata.rds","runtime-core-block_020-v1","core__BLOCK_020__index__index_metadata.rds",1340,"https://github.com/JamilRamirez/FABDEM-Watershed-Runtime/releases/download/runtime-core-block_020-v1/core__BLOCK_020__index__index_metadata.rds"
"core/BLOCK_020/index/reverse_stripes/reverse_00001.tif","runtime-core-block_020-v1","core__BLOCK_020__index__reverse_stripes__reverse_00001.tif",930440,"https://github.com/JamilRamirez/FABDEM-Watershed-Runtime/releases/download/runtime-core-block_020-v1/core__BLOCK_020__index__reverse_stripes__reverse_00001.tif"
"core/BLOCK_020/index/reverse_stripes/reverse_00002.tif","runtime-core-block_020-v1","core__BLOCK_020__index__reverse_stripes__reverse_00002.tif",924802,"https://github.com/JamilRamirez/FABDEM-Watershed-Runtime/releases/download/runtime-core-block_020-v1/core__BLOCK_020__index__reverse_stripes__reverse_00002.tif"
"core/BLOCK_020/index/reverse_stripes/reverse_00003.tif","runtime-core-block_020-v1","core__BLOCK_020__index__reverse_stripes__reverse_00003.tif",910376,"https://github.com/JamilRamirez/FABDEM-Watershed-Runtime/releases/download/runtime-core-block_020-v1/core__BLOCK_020__index__reverse_stripes__reverse_00003.tif"
"core/BLOCK_020/index/reverse_stripes/reverse_00004.tif","runtime-core-block_020-v1","core__BLOCK_020__index__reverse_stripes__reverse_00004.tif",915890,"https://github.com/JamilRamirez/FABDEM-Watershed-Runtime/releases/download/runtime-core-block_020-v1/core__BLOCK_020__index__reverse_stripes__reverse_00004.tif"
"core/BLOCK_020/index/reverse_stripes/reverse_00005.tif","runtime-core-block_020-v1","core__BLOCK_020__index__reverse_stripes__reverse_00005.tif",915138,"https://github.com/JamilRamirez/FABDEM-Watershed-Runtime/releases/download/runtime-core-block_020-v1/core__BLOCK_020__index__reverse_stripes__reverse_00005.tif"
"core/BLOCK_020/index/reverse_stripes/reverse_00006.tif","runtime-core-block_020-v1","core__BLOCK_020__index__reverse_stripes__reverse_00006.tif",924588,"https://github.com/JamilRamirez/FABDEM-Watershed-Runtime/releases/download/runtime-core-block_020-v1/core__BLOCK_020__index__reverse_stripes__reverse_00006.tif"
"core/BLOCK_020/index/reverse_stripes/reverse_00007.tif","runtime-core-block_020-v1","core__BLOCK_020__index__reverse_stripes__reverse_00007.tif",898180,"https://github.com/JamilRamirez/FABDEM-Watershed-Runtime/releases/download/runtime-core-block_020-v1/core__BLOCK_020__index__reverse_stripes__reverse_00007.tif"
"core/BLOCK_020/index/reverse_stripes/reverse_00008.tif","runtime-core-block_020-v1","core__BLOCK_020__index__reverse_stripes__reverse_00008.tif",906832,"https://github.com/JamilRamirez/FABDEM-Watershed-Runtime/releases/download/runtime-core-block_020-v1/core__BLOCK_020__index__reverse_stripes__reverse_00008.tif"
"core/BLOCK_020/index/reverse_stripes/reverse_00009.tif","runtime-core-block_020-v1","core__BLOCK_020__index__reverse_stripes__reverse_00009.tif",919720,"https://github.com/JamilRamirez/FABDEM-Watershed-Runtime/releases/download/runtime-core-block_020-v1/core__BLOCK_020__index__reverse_stripes__reverse_00009.tif"
"core/BLOCK_020/index/reverse_stripes/reverse_00010.tif","runtime-core-block_020-v1","core__BLOCK_020__index__reverse_stripes__reverse_00010.tif",936642,"https://github.com/JamilRamirez/FABDEM-Watershed-Runtime/releases/download/runtime-core-block_020-v1/core__BLOCK_020__index__reverse_stripes__reverse_00010.tif"
"core/BLOCK_020/index/reverse_stripes/reverse_00011.tif","runtime-core-block_020-v1","core__BLOCK_020__index__reverse_stripes__reverse_00011.tif",921008,"https://github.com/JamilRamirez/FABDEM-Watershed-Runtime/releases/download/runtime-core-block_020-v1/core__BLOCK_020__index__reverse_stripes__reverse_00011.tif"
"core/BLOCK_020/index/reverse_stripes/reverse_00012.tif","runtime-core-block_020-v1","core__BLOCK_020__index__reverse_stripes__reverse_00012.tif",895434,"https://github.com/JamilRamirez/FABDEM-Watershed-Runtime/releases/download/runtime-core-block_020-v1/core__BLOCK_020__index__reverse_stripes__reverse_00012.tif"
"core/BLOCK_020/index/reverse_stripes/reverse_00013.tif","runtime-core-block_020-v1","core__BLOCK_020__index__reverse_stripes__reverse_00013.tif",889838,"https://github.com/JamilRamirez/FABDEM-Watershed-Runtime/releases/download/runtime-core-block_020-v1/core__BLOCK_020__index__reverse_stripes__reverse_00013.tif"
"core/BLOCK_020/index/reverse_stripes/reverse_00014.tif","runtime-core-block_020-v1","core__BLOCK_020__index__reverse_stripes__reverse_00014.tif",877796,"https://github.com/JamilRamirez/FABDEM-Watershed-Runtime/releases/download/runtime-core-block_020-v1/core__BLOCK_020__index__reverse_stripes__reverse_00014.tif"
"core/BLOCK_020/index/reverse_stripes/reverse_00015.tif","runtime-core-block_020-v1","core__BLOCK_020__index__reverse_stripes__reverse_00015.tif",894564,"https://github.com/JamilRamirez/FABDEM-Watershed-Runtime/releases/download/runtime-core-block_020-v1/core__BLOCK_020__index__reverse_stripes__reverse_00015.tif"
"core/BLOCK_020/index/reverse_stripes/reverse_00016.tif","runtime-core-block_020-v1","core__BLOCK_020__index__reverse_stripes__reverse_00016.tif",892468,"https://github.com/JamilRamirez/FABDEM-Watershed-Runtime/releases/download/runtime-core-block_020-v1/core__BLOCK_020__index__reverse_stripes__reverse_00016.tif"
"core/BLOCK_020/index/reverse_stripes/reverse_00017.tif","runtime-core-block_020-v1","core__BLOCK_020__index__reverse_stripes__reverse_00017.tif",879794,"https://github.com/JamilRamirez/FABDEM-Watershed-Runtime/releases/download/runtime-core-block_020-v1/core__BLOCK_020__index__reverse_stripes__reverse_00017.tif"
"core/BLOCK_020/index/reverse_stripes/reverse_00018.tif","runtime-core-block_020-v1","core__BLOCK_020__index__reverse_stripes__reverse_00018.tif",894070,"https://github.com/JamilRamirez/FABDEM-Watershed-Runtime/releases/download/runtime-core-block_020-v1/core__BLOCK_020__index__reverse_stripes__reverse_00018.tif"
"core/BLOCK_020/index/reverse_stripes/reverse_00019.tif","runtime-core-block_020-v1","core__BLOCK_020__index__reverse_stripes__reverse_00019.tif",847588,"https://github.com/JamilRamirez/FABDEM-Watershed-Runtime/releases/download/runtime-core-block_020-v1/core__BLOCK_020__index__reverse_stripes__reverse_00019.tif"
"core/BLOCK_020/index/reverse_stripes/reverse_00020.tif","runtime-core-block_020-v1","core__BLOCK_020__index__reverse_stripes__reverse_00020.tif",797586,"https://github.com/JamilRamirez/FABDEM-Watershed-Runtime/releases/download/runtime-core-block_020-v1/core__BLOCK_020__index__reverse_stripes__reverse_00020.tif"
"core/BLOCK_020/index/reverse_stripes/reverse_00021.tif","runtime-core-block_020-v1","core__BLOCK_020__index__reverse_stripes__reverse_00021.tif",774654,"https://github.com/JamilRamirez/FABDEM-Watershed-Runtime/releases/download/runtime-core-block_020-v1/core__BLOCK_020__index__reverse_stripes__reverse_00021.tif"
"core/BLOCK_020/index/reverse_stripes/reverse_00022.tif","runtime-core-block_020-v1","core__BLOCK_020__index__reverse_stripes__reverse_00022.tif",741684,"https://github.com/JamilRamirez/FABDEM-Watershed-Runtime/releases/download/runtime-core-block_020-v1/core__BLOCK_020__index__reverse_stripes__reverse_00022.tif"
"core/BLOCK_020/index/reverse_stripes/reverse_00023.tif","runtime-core-block_020-v1","core__BLOCK_020__index__reverse_stripes__reverse_00023.tif",738202,"https://github.com/JamilRamirez/FABDEM-Watershed-Runtime/releases/download/runtime-core-block_020-v1/core__BLOCK_020__index__reverse_stripes__reverse_00023.tif"
"core/BLOCK_020/index/reverse_stripes/reverse_00024.tif","runtime-core-block_020-v1","core__BLOCK_020__index__reverse_stripes__reverse_00024.tif",739744,"https://github.com/JamilRamirez/FABDEM-Watershed-Runtime/releases/download/runtime-core-block_020-v1/core__BLOCK_020__index__reverse_stripes__reverse_00024.tif"
"core/BLOCK_020/index/reverse_stripes/reverse_00025.tif","runtime-core-block_020-v1","core__BLOCK_020__index__reverse_stripes__reverse_00025.tif",635438,"https://github.com/JamilRamirez/FABDEM-Watershed-Runtime/releases/download/runtime-core-block_020-v1/core__BLOCK_020__index__reverse_stripes__reverse_00025.tif"
"core/BLOCK_020/index/reverse_stripes/reverse_00026.tif","runtime-core-block_020-v1","core__BLOCK_020__index__reverse_stripes__reverse_00026.tif",624842,"https://github.com/JamilRamirez/FABDEM-Watershed-Runtime/releases/download/runtime-core-block_020-v1/core__BLOCK_020__index__reverse_stripes__reverse_00026.tif"
"core/BLOCK_020/index/reverse_stripes/reverse_00027.tif","runtime-core-block_020-v1","core__BLOCK_020__index__reverse_stripes__reverse_00027.tif",641010,"https://github.com/JamilRamirez/FABDEM-Watershed-Runtime/releases/download/runtime-core-block_020-v1/core__BLOCK_020__index__reverse_stripes__reverse_00027.tif"
"core/BLOCK_020/index/reverse_stripes/reverse_00028.tif","runtime-core-block_020-v1","core__BLOCK_020__index__reverse_stripes__reverse_00028.tif",691224,"https://github.com/JamilRamirez/FABDEM-Watershed-Runtime/releases/download/runtime-core-block_020-v1/core__BLOCK_020__index__reverse_stripes__reverse_00028.tif"
"core/BLOCK_020/index/reverse_stripes/reverse_00029.tif","runtime-core-block_020-v1","core__BLOCK_020__index__reverse_stripes__reverse_00029.tif",110306,"https://github.com/JamilRamirez/FABDEM-Watershed-Runtime/releases/download/runtime-core-block_020-v1/core__BLOCK_020__index__reverse_stripes__reverse_00029.tif"
"core/BLOCK_020/index/stream_stripes/stream_00001.tif","runtime-core-block_020-v1","core__BLOCK_020__index__stream_stripes__stream_00001.tif",24454,"https://github.com/JamilRamirez/FABDEM-Watershed-Runtime/releases/download/runtime-core-block_020-v1/core__BLOCK_020__index__stream_stripes__stream_00001.tif"
"core/BLOCK_020/index/stream_stripes/stream_00002.tif","runtime-core-block_020-v1","core__BLOCK_020__index__stream_stripes__stream_00002.tif",26974,"https://github.com/JamilRamirez/FABDEM-Watershed-Runtime/releases/download/runtime-core-block_020-v1/core__BLOCK_020__index__stream_stripes__stream_00002.tif"
"core/BLOCK_020/index/stream_stripes/stream_00003.tif","runtime-core-block_020-v1","core__BLOCK_020__index__stream_stripes__stream_00003.tif",25196,"https://github.com/JamilRamirez/FABDEM-Watershed-Runtime/releases/download/runtime-core-block_020-v1/core__BLOCK_020__index__stream_stripes__stream_00003.tif"
"core/BLOCK_020/index/stream_stripes/stream_00004.tif","runtime-core-block_020-v1","core__BLOCK_020__index__stream_stripes__stream_00004.tif",27712,"https://github.com/JamilRamirez/FABDEM-Watershed-Runtime/releases/download/runtime-core-block_020-v1/core__BLOCK_020__index__stream_stripes__stream_00004.tif"
"core/BLOCK_020/index/stream_stripes/stream_00005.tif","runtime-core-block_020-v1","core__BLOCK_020__index__stream_stripes__stream_00005.tif",29888,"https://github.com/JamilRamirez/FABDEM-Watershed-Runtime/releases/download/runtime-core-block_020-v1/core__BLOCK_020__index__stream_stripes__stream_00005.tif"
"core/BLOCK_020/index/stream_stripes/stream_00006.tif","runtime-core-block_020-v1","core__BLOCK_020__index__stream_stripes__stream_00006.tif",27860,"https://github.com/JamilRamirez/FABDEM-Watershed-Runtime/releases/download/runtime-core-block_020-v1/core__BLOCK_020__index__stream_stripes__stream_00006.tif"
"core/BLOCK_020/index/stream_stripes/stream_00007.tif","runtime-core-block_020-v1","core__BLOCK_020__index__stream_stripes__stream_00007.tif",26454,"https://github.com/JamilRamirez/FABDEM-Watershed-Runtime/releases/download/runtime-core-block_020-v1/core__BLOCK_020__index__stream_stripes__stream_00007.tif"
"core/BLOCK_020/index/stream_stripes/stream_00008.tif","runtime-core-block_020-v1","core__BLOCK_020__index__stream_stripes__stream_00008.tif",25804,"https://github.com/JamilRamirez/FABDEM-Watershed-Runtime/releases/download/runtime-core-block_020-v1/core__BLOCK_020__index__stream_stripes__stream_00008.tif"
"core/BLOCK_020/index/stream_stripes/stream_00009.tif","runtime-core-block_020-v1","core__BLOCK_020__index__stream_stripes__stream_00009.tif",26008,"https://github.com/JamilRamirez/FABDEM-Watershed-Runtime/releases/download/runtime-core-block_020-v1/core__BLOCK_020__index__stream_stripes__stream_00009.tif"
"core/BLOCK_020/index/stream_stripes/stream_00010.tif","runtime-core-block_020-v1","core__BLOCK_020__index__stream_stripes__stream_00010.tif",25112,"https://github.com/JamilRamirez/FABDEM-Watershed-Runtime/releases/download/runtime-core-block_020-v1/core__BLOCK_020__index__stream_stripes__stream_00010.tif"
"core/BLOCK_020/index/stream_stripes/stream_00011.tif","runtime-core-block_020-v1","core__BLOCK_020__index__stream_stripes__stream_00011.tif",30898,"https://github.com/JamilRamirez/FABDEM-Watershed-Runtime/releases/download/runtime-core-block_020-v1/core__BLOCK_020__index__stream_stripes__stream_00011.tif"
"core/BLOCK_020/index/stream_stripes/stream_00012.tif","runtime-core-block_020-v1","core__BLOCK_020__index__stream_stripes__stream_00012.tif",28408,"https://github.com/JamilRamirez/FABDEM-Watershed-Runtime/releases/download/runtime-core-block_020-v1/core__BLOCK_020__index__stream_stripes__stream_00012.tif"
"core/BLOCK_020/index/stream_stripes/stream_00013.tif","runtime-core-block_020-v1","core__BLOCK_020__index__stream_stripes__stream_00013.tif",32154,"https://github.com/JamilRamirez/FABDEM-Watershed-Runtime/releases/download/runtime-core-block_020-v1/core__BLOCK_020__index__stream_stripes__stream_00013.tif"
"core/BLOCK_020/index/stream_stripes/stream_00014.tif","runtime-core-block_020-v1","core__BLOCK_020__index__stream_stripes__stream_00014.tif",30680,"https://github.com/JamilRamirez/FABDEM-Watershed-Runtime/releases/download/runtime-core-block_020-v1/core__BLOCK_020__index__stream_stripes__stream_00014.tif"
"core/BLOCK_020/index/stream_stripes/stream_00015.tif","runtime-core-block_020-v1","core__BLOCK_020__index__stream_stripes__stream_00015.tif",27576,"https://github.com/JamilRamirez/FABDEM-Watershed-Runtime/releases/download/runtime-core-block_020-v1/core__BLOCK_020__index__stream_stripes__stream_00015.tif"
"core/BLOCK_020/index/stream_stripes/stream_00016.tif","runtime-core-block_020-v1","core__BLOCK_020__index__stream_stripes__stream_00016.tif",25568,"https://github.com/JamilRamirez/FABDEM-Watershed-Runtime/releases/download/runtime-core-block_020-v1/core__BLOCK_020__index__stream_stripes__stream_00016.tif"
"core/BLOCK_020/index/stream_stripes/stream_00017.tif","runtime-core-block_020-v1","core__BLOCK_020__index__stream_stripes__stream_00017.tif",27108,"https://github.com/JamilRamirez/FABDEM-Watershed-Runtime/releases/download/runtime-core-block_020-v1/core__BLOCK_020__index__stream_stripes__stream_00017.tif"
"core/BLOCK_020/index/stream_stripes/stream_00018.tif","runtime-core-block_020-v1","core__BLOCK_020__index__stream_stripes__stream_00018.tif",27962,"https://github.com/JamilRamirez/FABDEM-Watershed-Runtime/releases/download/runtime-core-block_020-v1/core__BLOCK_020__index__stream_stripes__stream_00018.tif"
"core/BLOCK_020/index/stream_stripes/stream_00019.tif","runtime-core-block_020-v1","core__BLOCK_020__index__stream_stripes__stream_00019.tif",26206,"https://github.com/JamilRamirez/FABDEM-Watershed-Runtime/releases/download/runtime-core-block_020-v1/core__BLOCK_020__index__stream_stripes__stream_00019.tif"
"core/BLOCK_020/index/stream_stripes/stream_00020.tif","runtime-core-block_020-v1","core__BLOCK_020__index__stream_stripes__stream_00020.tif",25618,"https://github.com/JamilRamirez/FABDEM-Watershed-Runtime/releases/download/runtime-core-block_020-v1/core__BLOCK_020__index__stream_stripes__stream_00020.tif"
"core/BLOCK_020/index/stream_stripes/stream_00021.tif","runtime-core-block_020-v1","core__BLOCK_020__index__stream_stripes__stream_00021.tif",26176,"https://github.com/JamilRamirez/FABDEM-Watershed-Runtime/releases/download/runtime-core-block_020-v1/core__BLOCK_020__index__stream_stripes__stream_00021.tif"
"core/BLOCK_020/index/stream_stripes/stream_00022.tif","runtime-core-block_020-v1","core__BLOCK_020__index__stream_stripes__stream_00022.tif",27604,"https://github.com/JamilRamirez/FABDEM-Watershed-Runtime/releases/download/runtime-core-block_020-v1/core__BLOCK_020__index__stream_stripes__stream_00022.tif"
"core/BLOCK_020/index/stream_stripes/stream_00023.tif","runtime-core-block_020-v1","core__BLOCK_020__index__stream_stripes__stream_00023.tif",25952,"https://github.com/JamilRamirez/FABDEM-Watershed-Runtime/releases/download/runtime-core-block_020-v1/core__BLOCK_020__index__stream_stripes__stream_00023.tif"
"core/BLOCK_020/index/stream_stripes/stream_00024.tif","runtime-core-block_020-v1","core__BLOCK_020__index__stream_stripes__stream_00024.tif",27692,"https://github.com/JamilRamirez/FABDEM-Watershed-Runtime/releases/download/runtime-core-block_020-v1/core__BLOCK_020__index__stream_stripes__stream_00024.tif"
"core/BLOCK_020/index/stream_stripes/stream_00025.tif","runtime-core-block_020-v1","core__BLOCK_020__index__stream_stripes__stream_00025.tif",20950,"https://github.com/JamilRamirez/FABDEM-Watershed-Runtime/releases/download/runtime-core-block_020-v1/core__BLOCK_020__index__stream_stripes__stream_00025.tif"
"core/BLOCK_020/index/stream_stripes/stream_00026.tif","runtime-core-block_020-v1","core__BLOCK_020__index__stream_stripes__stream_00026.tif",23324,"https://github.com/JamilRamirez/FABDEM-Watershed-Runtime/releases/download/runtime-core-block_020-v1/core__BLOCK_020__index__stream_stripes__stream_00026.tif"
"core/BLOCK_020/index/stream_stripes/stream_00027.tif","runtime-core-block_020-v1","core__BLOCK_020__index__stream_stripes__stream_00027.tif",22560,"https://github.com/JamilRamirez/FABDEM-Watershed-Runtime/releases/download/runtime-core-block_020-v1/core__BLOCK_020__index__stream_stripes__stream_00027.tif"
"core/BLOCK_020/index/stream_stripes/stream_00028.tif","runtime-core-block_020-v1","core__BLOCK_020__index__stream_stripes__stream_00028.tif",21140,"https://github.com/JamilRamirez/FABDEM-Watershed-Runtime/releases/download/runtime-core-block_020-v1/core__BLOCK_020__index__stream_stripes__stream_00028.tif"
"core/BLOCK_020/index/stream_stripes/stream_00029.tif","runtime-core-block_020-v1","core__BLOCK_020__index__stream_stripes__stream_00029.tif",7254,"https://github.com/JamilRamirez/FABDEM-Watershed-Runtime/releases/download/runtime-core-block_020-v1/core__BLOCK_020__index__stream_stripes__stream_00029.tif"
"core/BLOCK_021/index/index_metadata.rds","runtime-core-block_021-v1","core__BLOCK_021__index__index_metadata.rds",1340,"https://github.com/JamilRamirez/FABDEM-Watershed-Runtime/releases/download/runtime-core-block_021-v1/core__BLOCK_021__index__index_metadata.rds"
"core/BLOCK_021/index/reverse_stripes/reverse_00001.tif","runtime-core-block_021-v1","core__BLOCK_021__index__reverse_stripes__reverse_00001.tif",417154,"https://github.com/JamilRamirez/FABDEM-Watershed-Runtime/releases/download/runtime-core-block_021-v1/core__BLOCK_021__index__reverse_stripes__reverse_00001.tif"
"core/BLOCK_021/index/reverse_stripes/reverse_00002.tif","runtime-core-block_021-v1","core__BLOCK_021__index__reverse_stripes__reverse_00002.tif",456350,"https://github.com/JamilRamirez/FABDEM-Watershed-Runtime/releases/download/runtime-core-block_021-v1/core__BLOCK_021__index__reverse_stripes__reverse_00002.tif"
"core/BLOCK_021/index/reverse_stripes/reverse_00003.tif","runtime-core-block_021-v1","core__BLOCK_021__index__reverse_stripes__reverse_00003.tif",450792,"https://github.com/JamilRamirez/FABDEM-Watershed-Runtime/releases/download/runtime-core-block_021-v1/core__BLOCK_021__index__reverse_stripes__reverse_00003.tif"
"core/BLOCK_021/index/reverse_stripes/reverse_00004.tif","runtime-core-block_021-v1","core__BLOCK_021__index__reverse_stripes__reverse_00004.tif",447518,"https://github.com/JamilRamirez/FABDEM-Watershed-Runtime/releases/download/runtime-core-block_021-v1/core__BLOCK_021__index__reverse_stripes__reverse_00004.tif"
"core/BLOCK_021/index/reverse_stripes/reverse_00005.tif","runtime-core-block_021-v1","core__BLOCK_021__index__reverse_stripes__reverse_00005.tif",477058,"https://github.com/JamilRamirez/FABDEM-Watershed-Runtime/releases/download/runtime-core-block_021-v1/core__BLOCK_021__index__reverse_stripes__reverse_00005.tif"
"core/BLOCK_021/index/reverse_stripes/reverse_00006.tif","runtime-core-block_021-v1","core__BLOCK_021__index__reverse_stripes__reverse_00006.tif",480414,"https://github.com/JamilRamirez/FABDEM-Watershed-Runtime/releases/download/runtime-core-block_021-v1/core__BLOCK_021__index__reverse_stripes__reverse_00006.tif"
"core/BLOCK_021/index/reverse_stripes/reverse_00007.tif","runtime-core-block_021-v1","core__BLOCK_021__index__reverse_stripes__reverse_00007.tif",541522,"https://github.com/JamilRamirez/FABDEM-Watershed-Runtime/releases/download/runtime-core-block_021-v1/core__BLOCK_021__index__reverse_stripes__reverse_00007.tif"
"core/BLOCK_021/index/reverse_stripes/reverse_00008.tif","runtime-core-block_021-v1","core__BLOCK_021__index__reverse_stripes__reverse_00008.tif",539544,"https://github.com/JamilRamirez/FABDEM-Watershed-Runtime/releases/download/runtime-core-block_021-v1/core__BLOCK_021__index__reverse_stripes__reverse_00008.tif"
"core/BLOCK_021/index/reverse_stripes/reverse_00009.tif","runtime-core-block_021-v1","core__BLOCK_021__index__reverse_stripes__reverse_00009.tif",576948,"https://github.com/JamilRamirez/FABDEM-Watershed-Runtime/releases/download/runtime-core-block_021-v1/core__BLOCK_021__index__reverse_stripes__reverse_00009.tif"
"core/BLOCK_021/index/reverse_stripes/reverse_00010.tif","runtime-core-block_021-v1","core__BLOCK_021__index__reverse_stripes__reverse_00010.tif",579362,"https://github.com/JamilRamirez/FABDEM-Watershed-Runtime/releases/download/runtime-core-block_021-v1/core__BLOCK_021__index__reverse_stripes__reverse_00010.tif"
"core/BLOCK_021/index/reverse_stripes/reverse_00011.tif","runtime-core-block_021-v1","core__BLOCK_021__index__reverse_stripes__reverse_00011.tif",575768,"https://github.com/JamilRamirez/FABDEM-Watershed-Runtime/releases/download/runtime-core-block_021-v1/core__BLOCK_021__index__reverse_stripes__reverse_00011.tif"
"core/BLOCK_021/index/reverse_stripes/reverse_00012.tif","runtime-core-block_021-v1","core__BLOCK_021__index__reverse_stripes__reverse_00012.tif",586034,"https://github.com/JamilRamirez/FABDEM-Watershed-Runtime/releases/download/runtime-core-block_021-v1/core__BLOCK_021__index__reverse_stripes__reverse_00012.tif"
"core/BLOCK_021/index/reverse_stripes/reverse_00013.tif","runtime-core-block_021-v1","core__BLOCK_021__index__reverse_stripes__reverse_00013.tif",582986,"https://github.com/JamilRamirez/FABDEM-Watershed-Runtime/releases/download/runtime-core-block_021-v1/core__BLOCK_021__index__reverse_stripes__reverse_00013.tif"
"core/BLOCK_021/index/reverse_stripes/reverse_00014.tif","runtime-core-block_021-v1","core__BLOCK_021__index__reverse_stripes__reverse_00014.tif",592490,"https://github.com/JamilRamirez/FABDEM-Watershed-Runtime/releases/download/runtime-core-block_021-v1/core__BLOCK_021__index__reverse_stripes__reverse_00014.tif"
"core/BLOCK_021/index/reverse_stripes/reverse_00015.tif","runtime-core-block_021-v1","core__BLOCK_021__index__reverse_stripes__reverse_00015.tif",566658,"https://github.com/JamilRamirez/FABDEM-Watershed-Runtime/releases/download/runtime-core-block_021-v1/core__BLOCK_021__index__reverse_stripes__reverse_00015.tif"
"core/BLOCK_021/index/reverse_stripes/reverse_00016.tif","runtime-core-block_021-v1","core__BLOCK_021__index__reverse_stripes__reverse_00016.tif",570660,"https://github.com/JamilRamirez/FABDEM-Watershed-Runtime/releases/download/runtime-core-block_021-v1/core__BLOCK_021__index__reverse_stripes__reverse_00016.tif"
"core/BLOCK_021/index/reverse_stripes/reverse_00017.tif","runtime-core-block_021-v1","core__BLOCK_021__index__reverse_stripes__reverse_00017.tif",601514,"https://github.com/JamilRamirez/FABDEM-Watershed-Runtime/releases/download/runtime-core-block_021-v1/core__BLOCK_021__index__reverse_stripes__reverse_00017.tif"
"core/BLOCK_021/index/reverse_stripes/reverse_00018.tif","runtime-core-block_021-v1","core__BLOCK_021__index__reverse_stripes__reverse_00018.tif",595476,"https://github.com/JamilRamirez/FABDEM-Watershed-Runtime/releases/download/runtime-core-block_021-v1/core__BLOCK_021__index__reverse_stripes__reverse_00018.tif"
"core/BLOCK_021/index/reverse_stripes/reverse_00019.tif","runtime-core-block_021-v1","core__BLOCK_021__index__reverse_stripes__reverse_00019.tif",623710,"https://github.com/JamilRamirez/FABDEM-Watershed-Runtime/releases/download/runtime-core-block_021-v1/core__BLOCK_021__index__reverse_stripes__reverse_00019.tif"
"core/BLOCK_021/index/reverse_stripes/reverse_00020.tif","runtime-core-block_021-v1","core__BLOCK_021__index__reverse_stripes__reverse_00020.tif",652246,"https://github.com/JamilRamirez/FABDEM-Watershed-Runtime/releases/download/runtime-core-block_021-v1/core__BLOCK_021__index__reverse_stripes__reverse_00020.tif"
"core/BLOCK_021/index/reverse_stripes/reverse_00021.tif","runtime-core-block_021-v1","core__BLOCK_021__index__reverse_stripes__reverse_00021.tif",666938,"https://github.com/JamilRamirez/FABDEM-Watershed-Runtime/releases/download/runtime-core-block_021-v1/core__BLOCK_021__index__reverse_stripes__reverse_00021.tif"
"core/BLOCK_021/index/reverse_stripes/reverse_00022.tif","runtime-core-block_021-v1","core__BLOCK_021__index__reverse_stripes__reverse_00022.tif",683380,"https://github.com/JamilRamirez/FABDEM-Watershed-Runtime/releases/download/runtime-core-block_021-v1/core__BLOCK_021__index__reverse_stripes__reverse_00022.tif"
"core/BLOCK_021/index/reverse_stripes/reverse_00023.tif","runtime-core-block_021-v1","core__BLOCK_021__index__reverse_stripes__reverse_00023.tif",675034,"https://github.com/JamilRamirez/FABDEM-Watershed-Runtime/releases/download/runtime-core-block_021-v1/core__BLOCK_021__index__reverse_stripes__reverse_00023.tif"
"core/BLOCK_021/index/reverse_stripes/reverse_00024.tif","runtime-core-block_021-v1","core__BLOCK_021__index__reverse_stripes__reverse_00024.tif",649892,"https://github.com/JamilRamirez/FABDEM-Watershed-Runtime/releases/download/runtime-core-block_021-v1/core__BLOCK_021__index__reverse_stripes__reverse_00024.tif"
"core/BLOCK_021/index/reverse_stripes/reverse_00025.tif","runtime-core-block_021-v1","core__BLOCK_021__index__reverse_stripes__reverse_00025.tif",614318,"https://github.com/JamilRamirez/FABDEM-Watershed-Runtime/releases/download/runtime-core-block_021-v1/core__BLOCK_021__index__reverse_stripes__reverse_00025.tif"
"core/BLOCK_021/index/reverse_stripes/reverse_00026.tif","runtime-core-block_021-v1","core__BLOCK_021__index__reverse_stripes__reverse_00026.tif",599864,"https://github.com/JamilRamirez/FABDEM-Watershed-Runtime/releases/download/runtime-core-block_021-v1/core__BLOCK_021__index__reverse_stripes__reverse_00026.tif"
"core/BLOCK_021/index/reverse_stripes/reverse_00027.tif","runtime-core-block_021-v1","core__BLOCK_021__index__reverse_stripes__reverse_00027.tif",607044,"https://github.com/JamilRamirez/FABDEM-Watershed-Runtime/releases/download/runtime-core-block_021-v1/core__BLOCK_021__index__reverse_stripes__reverse_00027.tif"
"core/BLOCK_021/index/reverse_stripes/reverse_00028.tif","runtime-core-block_021-v1","core__BLOCK_021__index__reverse_stripes__reverse_00028.tif",594988,"https://github.com/JamilRamirez/FABDEM-Watershed-Runtime/releases/download/runtime-core-block_021-v1/core__BLOCK_021__index__reverse_stripes__reverse_00028.tif"
"core/BLOCK_021/index/reverse_stripes/reverse_00029.tif","runtime-core-block_021-v1","core__BLOCK_021__index__reverse_stripes__reverse_00029.tif",84656,"https://github.com/JamilRamirez/FABDEM-Watershed-Runtime/releases/download/runtime-core-block_021-v1/core__BLOCK_021__index__reverse_stripes__reverse_00029.tif"
"core/BLOCK_021/index/stream_stripes/stream_00001.tif","runtime-core-block_021-v1","core__BLOCK_021__index__stream_stripes__stream_00001.tif",15636,"https://github.com/JamilRamirez/FABDEM-Watershed-Runtime/releases/download/runtime-core-block_021-v1/core__BLOCK_021__index__stream_stripes__stream_00001.tif"
"core/BLOCK_021/index/stream_stripes/stream_00002.tif","runtime-core-block_021-v1","core__BLOCK_021__index__stream_stripes__stream_00002.tif",18178,"https://github.com/JamilRamirez/FABDEM-Watershed-Runtime/releases/download/runtime-core-block_021-v1/core__BLOCK_021__index__stream_stripes__stream_00002.tif"
"core/BLOCK_021/index/stream_stripes/stream_00003.tif","runtime-core-block_021-v1","core__BLOCK_021__index__stream_stripes__stream_00003.tif",16576,"https://github.com/JamilRamirez/FABDEM-Watershed-Runtime/releases/download/runtime-core-block_021-v1/core__BLOCK_021__index__stream_stripes__stream_00003.tif"
"core/BLOCK_021/index/stream_stripes/stream_00004.tif","runtime-core-block_021-v1","core__BLOCK_021__index__stream_stripes__stream_00004.tif",15926,"https://github.com/JamilRamirez/FABDEM-Watershed-Runtime/releases/download/runtime-core-block_021-v1/core__BLOCK_021__index__stream_stripes__stream_00004.tif"
"core/BLOCK_021/index/stream_stripes/stream_00005.tif","runtime-core-block_021-v1","core__BLOCK_021__index__stream_stripes__stream_00005.tif",17232,"https://github.com/JamilRamirez/FABDEM-Watershed-Runtime/releases/download/runtime-core-block_021-v1/core__BLOCK_021__index__stream_stripes__stream_00005.tif"
"core/BLOCK_021/index/stream_stripes/stream_00006.tif","runtime-core-block_021-v1","core__BLOCK_021__index__stream_stripes__stream_00006.tif",17094,"https://github.com/JamilRamirez/FABDEM-Watershed-Runtime/releases/download/runtime-core-block_021-v1/core__BLOCK_021__index__stream_stripes__stream_00006.tif"
"core/BLOCK_021/index/stream_stripes/stream_00007.tif","runtime-core-block_021-v1","core__BLOCK_021__index__stream_stripes__stream_00007.tif",18316,"https://github.com/JamilRamirez/FABDEM-Watershed-Runtime/releases/download/runtime-core-block_021-v1/core__BLOCK_021__index__stream_stripes__stream_00007.tif"
"core/BLOCK_021/index/stream_stripes/stream_00008.tif","runtime-core-block_021-v1","core__BLOCK_021__index__stream_stripes__stream_00008.tif",18134,"https://github.com/JamilRamirez/FABDEM-Watershed-Runtime/releases/download/runtime-core-block_021-v1/core__BLOCK_021__index__stream_stripes__stream_00008.tif"
"core/BLOCK_021/index/stream_stripes/stream_00009.tif","runtime-core-block_021-v1","core__BLOCK_021__index__stream_stripes__stream_00009.tif",18634,"https://github.com/JamilRamirez/FABDEM-Watershed-Runtime/releases/download/runtime-core-block_021-v1/core__BLOCK_021__index__stream_stripes__stream_00009.tif"
"core/BLOCK_021/index/stream_stripes/stream_00010.tif","runtime-core-block_021-v1","core__BLOCK_021__index__stream_stripes__stream_00010.tif",18324,"https://github.com/JamilRamirez/FABDEM-Watershed-Runtime/releases/download/runtime-core-block_021-v1/core__BLOCK_021__index__stream_stripes__stream_00010.tif"
"core/BLOCK_021/index/stream_stripes/stream_00011.tif","runtime-core-block_021-v1","core__BLOCK_021__index__stream_stripes__stream_00011.tif",19668,"https://github.com/JamilRamirez/FABDEM-Watershed-Runtime/releases/download/runtime-core-block_021-v1/core__BLOCK_021__index__stream_stripes__stream_00011.tif"
"core/BLOCK_021/index/stream_stripes/stream_00012.tif","runtime-core-block_021-v1","core__BLOCK_021__index__stream_stripes__stream_00012.tif",21636,"https://github.com/JamilRamirez/FABDEM-Watershed-Runtime/releases/download/runtime-core-block_021-v1/core__BLOCK_021__index__stream_stripes__stream_00012.tif"
"core/BLOCK_021/index/stream_stripes/stream_00013.tif","runtime-core-block_021-v1","core__BLOCK_021__index__stream_stripes__stream_00013.tif",17758,"https://github.com/JamilRamirez/FABDEM-Watershed-Runtime/releases/download/runtime-core-block_021-v1/core__BLOCK_021__index__stream_stripes__stream_00013.tif"
"core/BLOCK_021/index/stream_stripes/stream_00014.tif","runtime-core-block_021-v1","core__BLOCK_021__index__stream_stripes__stream_00014.tif",16432,"https://github.com/JamilRamirez/FABDEM-Watershed-Runtime/releases/download/runtime-core-block_021-v1/core__BLOCK_021__index__stream_stripes__stream_00014.tif"
"core/BLOCK_021/index/stream_stripes/stream_00015.tif","runtime-core-block_021-v1","core__BLOCK_021__index__stream_stripes__stream_00015.tif",18722,"https://github.com/JamilRamirez/FABDEM-Watershed-Runtime/releases/download/runtime-core-block_021-v1/core__BLOCK_021__index__stream_stripes__stream_00015.tif"
"core/BLOCK_021/index/stream_stripes/stream_00016.tif","runtime-core-block_021-v1","core__BLOCK_021__index__stream_stripes__stream_00016.tif",17198,"https://github.com/JamilRamirez/FABDEM-Watershed-Runtime/releases/download/runtime-core-block_021-v1/core__BLOCK_021__index__stream_stripes__stream_00016.tif"
"core/BLOCK_021/index/stream_stripes/stream_00017.tif","runtime-core-block_021-v1","core__BLOCK_021__index__stream_stripes__stream_00017.tif",17928,"https://github.com/JamilRamirez/FABDEM-Watershed-Runtime/releases/download/runtime-core-block_021-v1/core__BLOCK_021__index__stream_stripes__stream_00017.tif"
"core/BLOCK_021/index/stream_stripes/stream_00018.tif","runtime-core-block_021-v1","core__BLOCK_021__index__stream_stripes__stream_00018.tif",17910,"https://github.com/JamilRamirez/FABDEM-Watershed-Runtime/releases/download/runtime-core-block_021-v1/core__BLOCK_021__index__stream_stripes__stream_00018.tif"
"core/BLOCK_021/index/stream_stripes/stream_00019.tif","runtime-core-block_021-v1","core__BLOCK_021__index__stream_stripes__stream_00019.tif",19600,"https://github.com/JamilRamirez/FABDEM-Watershed-Runtime/releases/download/runtime-core-block_021-v1/core__BLOCK_021__index__stream_stripes__stream_00019.tif"
"core/BLOCK_021/index/stream_stripes/stream_00020.tif","runtime-core-block_021-v1","core__BLOCK_021__index__stream_stripes__stream_00020.tif",19714,"https://github.com/JamilRamirez/FABDEM-Watershed-Runtime/releases/download/runtime-core-block_021-v1/core__BLOCK_021__index__stream_stripes__stream_00020.tif"
"core/BLOCK_021/index/stream_stripes/stream_00021.tif","runtime-core-block_021-v1","core__BLOCK_021__index__stream_stripes__stream_00021.tif",21510,"https://github.com/JamilRamirez/FABDEM-Watershed-Runtime/releases/download/runtime-core-block_021-v1/core__BLOCK_021__index__stream_stripes__stream_00021.tif"
"core/BLOCK_021/index/stream_stripes/stream_00022.tif","runtime-core-block_021-v1","core__BLOCK_021__index__stream_stripes__stream_00022.tif",22758,"https://github.com/JamilRamirez/FABDEM-Watershed-Runtime/releases/download/runtime-core-block_021-v1/core__BLOCK_021__index__stream_stripes__stream_00022.tif"
"core/BLOCK_021/index/stream_stripes/stream_00023.tif","runtime-core-block_021-v1","core__BLOCK_021__index__stream_stripes__stream_00023.tif",20912,"https://github.com/JamilRamirez/FABDEM-Watershed-Runtime/releases/download/runtime-core-block_021-v1/core__BLOCK_021__index__stream_stripes__stream_00023.tif"
"core/BLOCK_021/index/stream_stripes/stream_00024.tif","runtime-core-block_021-v1","core__BLOCK_021__index__stream_stripes__stream_00024.tif",20248,"https://github.com/JamilRamirez/FABDEM-Watershed-Runtime/releases/download/runtime-core-block_021-v1/core__BLOCK_021__index__stream_stripes__stream_00024.tif"
"core/BLOCK_021/index/stream_stripes/stream_00025.tif","runtime-core-block_021-v1","core__BLOCK_021__index__stream_stripes__stream_00025.tif",16764,"https://github.com/JamilRamirez/FABDEM-Watershed-Runtime/releases/download/runtime-core-block_021-v1/core__BLOCK_021__index__stream_stripes__stream_00025.tif"
"core/BLOCK_021/index/stream_stripes/stream_00026.tif","runtime-core-block_021-v1","core__BLOCK_021__index__stream_stripes__stream_00026.tif",18478,"https://github.com/JamilRamirez/FABDEM-Watershed-Runtime/releases/download/runtime-core-block_021-v1/core__BLOCK_021__index__stream_stripes__stream_00026.tif"
"core/BLOCK_021/index/stream_stripes/stream_00027.tif","runtime-core-block_021-v1","core__BLOCK_021__index__stream_stripes__stream_00027.tif",19800,"https://github.com/JamilRamirez/FABDEM-Watershed-Runtime/releases/download/runtime-core-block_021-v1/core__BLOCK_021__index__stream_stripes__stream_00027.tif"
"core/BLOCK_021/index/stream_stripes/stream_00028.tif","runtime-core-block_021-v1","core__BLOCK_021__index__stream_stripes__stream_00028.tif",15726,"https://github.com/JamilRamirez/FABDEM-Watershed-Runtime/releases/download/runtime-core-block_021-v1/core__BLOCK_021__index__stream_stripes__stream_00028.tif"
"core/BLOCK_021/index/stream_stripes/stream_00029.tif","runtime-core-block_021-v1","core__BLOCK_021__index__stream_stripes__stream_00029.tif",5020,"https://github.com/JamilRamirez/FABDEM-Watershed-Runtime/releases/download/runtime-core-block_021-v1/core__BLOCK_021__index__stream_stripes__stream_00029.tif"
"dem/_tile_index_morfometria.rds","runtime-dem-v1","dem___tile_index_morfometria.rds",4114,"https://github.com/JamilRamirez/FABDEM-Watershed-Runtime/releases/download/runtime-dem-v1/dem___tile_index_morfometria.rds"
"dem/N000W075_FABDEM_V1-2.tif","runtime-dem-v1","dem__N000W075_FABDEM_V1-2.tif",24190143,"https://github.com/JamilRamirez/FABDEM-Watershed-Runtime/releases/download/runtime-dem-v1/dem__N000W075_FABDEM_V1-2.tif"
"dem/N000W076_FABDEM_V1-2.tif","runtime-dem-v1","dem__N000W076_FABDEM_V1-2.tif",24040881,"https://github.com/JamilRamirez/FABDEM-Watershed-Runtime/releases/download/runtime-dem-v1/dem__N000W076_FABDEM_V1-2.tif"
"dem/N000W077_FABDEM_V1-2.tif","runtime-dem-v1","dem__N000W077_FABDEM_V1-2.tif",25185262,"https://github.com/JamilRamirez/FABDEM-Watershed-Runtime/releases/download/runtime-dem-v1/dem__N000W077_FABDEM_V1-2.tif"
"dem/N000W078_FABDEM_V1-2.tif","runtime-dem-v1","dem__N000W078_FABDEM_V1-2.tif",29470352,"https://github.com/JamilRamirez/FABDEM-Watershed-Runtime/releases/download/runtime-dem-v1/dem__N000W078_FABDEM_V1-2.tif"
"dem/N000W079_FABDEM_V1-2.tif","runtime-dem-v1","dem__N000W079_FABDEM_V1-2.tif",30041276,"https://github.com/JamilRamirez/FABDEM-Watershed-Runtime/releases/download/runtime-dem-v1/dem__N000W079_FABDEM_V1-2.tif"
"dem/N001W077_FABDEM_V1-2.tif","runtime-dem-v1","dem__N001W077_FABDEM_V1-2.tif",29856919,"https://github.com/JamilRamirez/FABDEM-Watershed-Runtime/releases/download/runtime-dem-v1/dem__N001W077_FABDEM_V1-2.tif"
"dem/N001W078_FABDEM_V1-2.tif","runtime-dem-v1","dem__N001W078_FABDEM_V1-2.tif",30696447,"https://github.com/JamilRamirez/FABDEM-Watershed-Runtime/releases/download/runtime-dem-v1/dem__N001W078_FABDEM_V1-2.tif"
"dem/S001W073_FABDEM_V1-2.tif","runtime-dem-v1","dem__S001W073_FABDEM_V1-2.tif",26000053,"https://github.com/JamilRamirez/FABDEM-Watershed-Runtime/releases/download/runtime-dem-v1/dem__S001W073_FABDEM_V1-2.tif"
"dem/S001W074_FABDEM_V1-2.tif","runtime-dem-v1","dem__S001W074_FABDEM_V1-2.tif",24706746,"https://github.com/JamilRamirez/FABDEM-Watershed-Runtime/releases/download/runtime-dem-v1/dem__S001W074_FABDEM_V1-2.tif"
"dem/S001W075_FABDEM_V1-2.tif","runtime-dem-v1","dem__S001W075_FABDEM_V1-2.tif",23283235,"https://github.com/JamilRamirez/FABDEM-Watershed-Runtime/releases/download/runtime-dem-v1/dem__S001W075_FABDEM_V1-2.tif"
"dem/S001W076_FABDEM_V1-2.tif","runtime-dem-v1","dem__S001W076_FABDEM_V1-2.tif",22651406,"https://github.com/JamilRamirez/FABDEM-Watershed-Runtime/releases/download/runtime-dem-v1/dem__S001W076_FABDEM_V1-2.tif"
"dem/S001W077_FABDEM_V1-2.tif","runtime-dem-v1","dem__S001W077_FABDEM_V1-2.tif",24466826,"https://github.com/JamilRamirez/FABDEM-Watershed-Runtime/releases/download/runtime-dem-v1/dem__S001W077_FABDEM_V1-2.tif"
"dem/S001W078_FABDEM_V1-2.tif","runtime-dem-v1","dem__S001W078_FABDEM_V1-2.tif",28390049,"https://github.com/JamilRamirez/FABDEM-Watershed-Runtime/releases/download/runtime-dem-v1/dem__S001W078_FABDEM_V1-2.tif"
"dem/S001W079_FABDEM_V1-2.tif","runtime-dem-v1","dem__S001W079_FABDEM_V1-2.tif",29419052,"https://github.com/JamilRamirez/FABDEM-Watershed-Runtime/releases/download/runtime-dem-v1/dem__S001W079_FABDEM_V1-2.tif"
"dem/S002W071_FABDEM_V1-2.tif","runtime-dem-v1","dem__S002W071_FABDEM_V1-2.tif",23551265,"https://github.com/JamilRamirez/FABDEM-Watershed-Runtime/releases/download/runtime-dem-v1/dem__S002W071_FABDEM_V1-2.tif"
"dem/S002W072_FABDEM_V1-2.tif","runtime-dem-v1","dem__S002W072_FABDEM_V1-2.tif",24764900,"https://github.com/JamilRamirez/FABDEM-Watershed-Runtime/releases/download/runtime-dem-v1/dem__S002W072_FABDEM_V1-2.tif"
"dem/S002W073_FABDEM_V1-2.tif","runtime-dem-v1","dem__S002W073_FABDEM_V1-2.tif",25470910,"https://github.com/JamilRamirez/FABDEM-Watershed-Runtime/releases/download/runtime-dem-v1/dem__S002W073_FABDEM_V1-2.tif"
"dem/S002W074_FABDEM_V1-2.tif","runtime-dem-v1","dem__S002W074_FABDEM_V1-2.tif",24188067,"https://github.com/JamilRamirez/FABDEM-Watershed-Runtime/releases/download/runtime-dem-v1/dem__S002W074_FABDEM_V1-2.tif"
"dem/S002W075_FABDEM_V1-2.tif","runtime-dem-v1","dem__S002W075_FABDEM_V1-2.tif",24505475,"https://github.com/JamilRamirez/FABDEM-Watershed-Runtime/releases/download/runtime-dem-v1/dem__S002W075_FABDEM_V1-2.tif"
"dem/S002W076_FABDEM_V1-2.tif","runtime-dem-v1","dem__S002W076_FABDEM_V1-2.tif",24574165,"https://github.com/JamilRamirez/FABDEM-Watershed-Runtime/releases/download/runtime-dem-v1/dem__S002W076_FABDEM_V1-2.tif"
"dem/S002W077_FABDEM_V1-2.tif","runtime-dem-v1","dem__S002W077_FABDEM_V1-2.tif",26251007,"https://github.com/JamilRamirez/FABDEM-Watershed-Runtime/releases/download/runtime-dem-v1/dem__S002W077_FABDEM_V1-2.tif"
"dem/S002W078_FABDEM_V1-2.tif","runtime-dem-v1","dem__S002W078_FABDEM_V1-2.tif",28054052,"https://github.com/JamilRamirez/FABDEM-Watershed-Runtime/releases/download/runtime-dem-v1/dem__S002W078_FABDEM_V1-2.tif"
"dem/S002W079_FABDEM_V1-2.tif","runtime-dem-v1","dem__S002W079_FABDEM_V1-2.tif",29616094,"https://github.com/JamilRamirez/FABDEM-Watershed-Runtime/releases/download/runtime-dem-v1/dem__S002W079_FABDEM_V1-2.tif"
"dem/S003W069_FABDEM_V1-2.tif","runtime-dem-v1","dem__S003W069_FABDEM_V1-2.tif",23584232,"https://github.com/JamilRamirez/FABDEM-Watershed-Runtime/releases/download/runtime-dem-v1/dem__S003W069_FABDEM_V1-2.tif"
"dem/S003W070_FABDEM_V1-2.tif","runtime-dem-v1","dem__S003W070_FABDEM_V1-2.tif",24116901,"https://github.com/JamilRamirez/FABDEM-Watershed-Runtime/releases/download/runtime-dem-v1/dem__S003W070_FABDEM_V1-2.tif"
"dem/S003W071_FABDEM_V1-2.tif","runtime-dem-v1","dem__S003W071_FABDEM_V1-2.tif",23013162,"https://github.com/JamilRamirez/FABDEM-Watershed-Runtime/releases/download/runtime-dem-v1/dem__S003W071_FABDEM_V1-2.tif"
"dem/S003W072_FABDEM_V1-2.tif","runtime-dem-v1","dem__S003W072_FABDEM_V1-2.tif",23909328,"https://github.com/JamilRamirez/FABDEM-Watershed-Runtime/releases/download/runtime-dem-v1/dem__S003W072_FABDEM_V1-2.tif"
"dem/S003W073_FABDEM_V1-2.tif","runtime-dem-v1","dem__S003W073_FABDEM_V1-2.tif",23857665,"https://github.com/JamilRamirez/FABDEM-Watershed-Runtime/releases/download/runtime-dem-v1/dem__S003W073_FABDEM_V1-2.tif"
"dem/S003W074_FABDEM_V1-2.tif","runtime-dem-v1","dem__S003W074_FABDEM_V1-2.tif",23546241,"https://github.com/JamilRamirez/FABDEM-Watershed-Runtime/releases/download/runtime-dem-v1/dem__S003W074_FABDEM_V1-2.tif"
"dem/S003W075_FABDEM_V1-2.tif","runtime-dem-v1","dem__S003W075_FABDEM_V1-2.tif",24694657,"https://github.com/JamilRamirez/FABDEM-Watershed-Runtime/releases/download/runtime-dem-v1/dem__S003W075_FABDEM_V1-2.tif"
"dem/S003W076_FABDEM_V1-2.tif","runtime-dem-v1","dem__S003W076_FABDEM_V1-2.tif",25152029,"https://github.com/JamilRamirez/FABDEM-Watershed-Runtime/releases/download/runtime-dem-v1/dem__S003W076_FABDEM_V1-2.tif"
"dem/S003W077_FABDEM_V1-2.tif","runtime-dem-v1","dem__S003W077_FABDEM_V1-2.tif",26303264,"https://github.com/JamilRamirez/FABDEM-Watershed-Runtime/releases/download/runtime-dem-v1/dem__S003W077_FABDEM_V1-2.tif"
"dem/S003W078_FABDEM_V1-2.tif","runtime-dem-v1","dem__S003W078_FABDEM_V1-2.tif",26143207,"https://github.com/JamilRamirez/FABDEM-Watershed-Runtime/releases/download/runtime-dem-v1/dem__S003W078_FABDEM_V1-2.tif"
"dem/S003W079_FABDEM_V1-2.tif","runtime-dem-v1","dem__S003W079_FABDEM_V1-2.tif",29916814,"https://github.com/JamilRamirez/FABDEM-Watershed-Runtime/releases/download/runtime-dem-v1/dem__S003W079_FABDEM_V1-2.tif"
"dem/S003W080_FABDEM_V1-2.tif","runtime-dem-v1","dem__S003W080_FABDEM_V1-2.tif",21841712,"https://github.com/JamilRamirez/FABDEM-Watershed-Runtime/releases/download/runtime-dem-v1/dem__S003W080_FABDEM_V1-2.tif"
"dem/S004W068_FABDEM_V1-2.tif","runtime-dem-v1","dem__S004W068_FABDEM_V1-2.tif",21177388,"https://github.com/JamilRamirez/FABDEM-Watershed-Runtime/releases/download/runtime-dem-v1/dem__S004W068_FABDEM_V1-2.tif"
"dem/S004W069_FABDEM_V1-2.tif","runtime-dem-v1","dem__S004W069_FABDEM_V1-2.tif",21744965,"https://github.com/JamilRamirez/FABDEM-Watershed-Runtime/releases/download/runtime-dem-v1/dem__S004W069_FABDEM_V1-2.tif"
"dem/S004W070_FABDEM_V1-2.tif","runtime-dem-v1","dem__S004W070_FABDEM_V1-2.tif",23290057,"https://github.com/JamilRamirez/FABDEM-Watershed-Runtime/releases/download/runtime-dem-v1/dem__S004W070_FABDEM_V1-2.tif"
"dem/S004W071_FABDEM_V1-2.tif","runtime-dem-v1","dem__S004W071_FABDEM_V1-2.tif",23246200,"https://github.com/JamilRamirez/FABDEM-Watershed-Runtime/releases/download/runtime-dem-v1/dem__S004W071_FABDEM_V1-2.tif"
"dem/S004W072_FABDEM_V1-2.tif","runtime-dem-v1","dem__S004W072_FABDEM_V1-2.tif",22685934,"https://github.com/JamilRamirez/FABDEM-Watershed-Runtime/releases/download/runtime-dem-v1/dem__S004W072_FABDEM_V1-2.tif"
"dem/S004W073_FABDEM_V1-2.tif","runtime-dem-v1","dem__S004W073_FABDEM_V1-2.tif",22884334,"https://github.com/JamilRamirez/FABDEM-Watershed-Runtime/releases/download/runtime-dem-v1/dem__S004W073_FABDEM_V1-2.tif"
"dem/S004W074_FABDEM_V1-2.tif","runtime-dem-v1","dem__S004W074_FABDEM_V1-2.tif",22928035,"https://github.com/JamilRamirez/FABDEM-Watershed-Runtime/releases/download/runtime-dem-v1/dem__S004W074_FABDEM_V1-2.tif"
"dem/S004W075_FABDEM_V1-2.tif","runtime-dem-v1","dem__S004W075_FABDEM_V1-2.tif",24265853,"https://github.com/JamilRamirez/FABDEM-Watershed-Runtime/releases/download/runtime-dem-v1/dem__S004W075_FABDEM_V1-2.tif"
"dem/S004W076_FABDEM_V1-2.tif","runtime-dem-v1","dem__S004W076_FABDEM_V1-2.tif",22697761,"https://github.com/JamilRamirez/FABDEM-Watershed-Runtime/releases/download/runtime-dem-v1/dem__S004W076_FABDEM_V1-2.tif"
"dem/S004W077_FABDEM_V1-2.tif","runtime-dem-v1","dem__S004W077_FABDEM_V1-2.tif",22222215,"https://github.com/JamilRamirez/FABDEM-Watershed-Runtime/releases/download/runtime-dem-v1/dem__S004W077_FABDEM_V1-2.tif"
"dem/S004W078_FABDEM_V1-2.tif","runtime-dem-v1","dem__S004W078_FABDEM_V1-2.tif",24628582,"https://github.com/JamilRamirez/FABDEM-Watershed-Runtime/releases/download/runtime-dem-v1/dem__S004W078_FABDEM_V1-2.tif"
"dem/S004W079_FABDEM_V1-2.tif","runtime-dem-v1","dem__S004W079_FABDEM_V1-2.tif",30500947,"https://github.com/JamilRamirez/FABDEM-Watershed-Runtime/releases/download/runtime-dem-v1/dem__S004W079_FABDEM_V1-2.tif"
"dem/S004W080_FABDEM_V1-2.tif","runtime-dem-v1","dem__S004W080_FABDEM_V1-2.tif",28734747,"https://github.com/JamilRamirez/FABDEM-Watershed-Runtime/releases/download/runtime-dem-v1/dem__S004W080_FABDEM_V1-2.tif"
"dem/S004W081_FABDEM_V1-2.tif","runtime-dem-v1","dem__S004W081_FABDEM_V1-2.tif",11543483,"https://github.com/JamilRamirez/FABDEM-Watershed-Runtime/releases/download/runtime-dem-v1/dem__S004W081_FABDEM_V1-2.tif"
"dem/S005W070_FABDEM_V1-2.tif","runtime-dem-v1","dem__S005W070_FABDEM_V1-2.tif",23600617,"https://github.com/JamilRamirez/FABDEM-Watershed-Runtime/releases/download/runtime-dem-v1/dem__S005W070_FABDEM_V1-2.tif"
"dem/S005W071_FABDEM_V1-2.tif","runtime-dem-v1","dem__S005W071_FABDEM_V1-2.tif",22842319,"https://github.com/JamilRamirez/FABDEM-Watershed-Runtime/releases/download/runtime-dem-v1/dem__S005W071_FABDEM_V1-2.tif"
"dem/S005W072_FABDEM_V1-2.tif","runtime-dem-v1","dem__S005W072_FABDEM_V1-2.tif",23447415,"https://github.com/JamilRamirez/FABDEM-Watershed-Runtime/releases/download/runtime-dem-v1/dem__S005W072_FABDEM_V1-2.tif"
"dem/S005W073_FABDEM_V1-2.tif","runtime-dem-v1","dem__S005W073_FABDEM_V1-2.tif",23983090,"https://github.com/JamilRamirez/FABDEM-Watershed-Runtime/releases/download/runtime-dem-v1/dem__S005W073_FABDEM_V1-2.tif"
"dem/S005W074_FABDEM_V1-2.tif","runtime-dem-v1","dem__S005W074_FABDEM_V1-2.tif",23003518,"https://github.com/JamilRamirez/FABDEM-Watershed-Runtime/releases/download/runtime-dem-v1/dem__S005W074_FABDEM_V1-2.tif"
"dem/S005W075_FABDEM_V1-2.tif","runtime-dem-v1","dem__S005W075_FABDEM_V1-2.tif",19589211,"https://github.com/JamilRamirez/FABDEM-Watershed-Runtime/releases/download/runtime-dem-v1/dem__S005W075_FABDEM_V1-2.tif"
"dem/S005W076_FABDEM_V1-2.tif","runtime-dem-v1","dem__S005W076_FABDEM_V1-2.tif",19572197,"https://github.com/JamilRamirez/FABDEM-Watershed-Runtime/releases/download/runtime-dem-v1/dem__S005W076_FABDEM_V1-2.tif"
"dem/S005W077_FABDEM_V1-2.tif","runtime-dem-v1","dem__S005W077_FABDEM_V1-2.tif",20027207,"https://github.com/JamilRamirez/FABDEM-Watershed-Runtime/releases/download/runtime-dem-v1/dem__S005W077_FABDEM_V1-2.tif"
"dem/S005W078_FABDEM_V1-2.tif","runtime-dem-v1","dem__S005W078_FABDEM_V1-2.tif",24830006,"https://github.com/JamilRamirez/FABDEM-Watershed-Runtime/releases/download/runtime-dem-v1/dem__S005W078_FABDEM_V1-2.tif"
"dem/S005W079_FABDEM_V1-2.tif","runtime-dem-v1","dem__S005W079_FABDEM_V1-2.tif",30720492,"https://github.com/JamilRamirez/FABDEM-Watershed-Runtime/releases/download/runtime-dem-v1/dem__S005W079_FABDEM_V1-2.tif"
"dem/S005W080_FABDEM_V1-2.tif","runtime-dem-v1","dem__S005W080_FABDEM_V1-2.tif",30851105,"https://github.com/JamilRamirez/FABDEM-Watershed-Runtime/releases/download/runtime-dem-v1/dem__S005W080_FABDEM_V1-2.tif"
"dem/S005W081_FABDEM_V1-2.tif","runtime-dem-v1","dem__S005W081_FABDEM_V1-2.tif",27872486,"https://github.com/JamilRamirez/FABDEM-Watershed-Runtime/releases/download/runtime-dem-v1/dem__S005W081_FABDEM_V1-2.tif"
"dem/S005W082_FABDEM_V1-2.tif","runtime-dem-v1","dem__S005W082_FABDEM_V1-2.tif",5306428,"https://github.com/JamilRamirez/FABDEM-Watershed-Runtime/releases/download/runtime-dem-v1/dem__S005W082_FABDEM_V1-2.tif"
"dem/S006W070_FABDEM_V1-2.tif","runtime-dem-v1","dem__S006W070_FABDEM_V1-2.tif",24895726,"https://github.com/JamilRamirez/FABDEM-Watershed-Runtime/releases/download/runtime-dem-v1/dem__S006W070_FABDEM_V1-2.tif"
"dem/S006W071_FABDEM_V1-2.tif","runtime-dem-v1","dem__S006W071_FABDEM_V1-2.tif",25312594,"https://github.com/JamilRamirez/FABDEM-Watershed-Runtime/releases/download/runtime-dem-v1/dem__S006W071_FABDEM_V1-2.tif"
"dem/S006W072_FABDEM_V1-2.tif","runtime-dem-v1","dem__S006W072_FABDEM_V1-2.tif",25519061,"https://github.com/JamilRamirez/FABDEM-Watershed-Runtime/releases/download/runtime-dem-v1/dem__S006W072_FABDEM_V1-2.tif"
"dem/S006W073_FABDEM_V1-2.tif","runtime-dem-v1","dem__S006W073_FABDEM_V1-2.tif",25319107,"https://github.com/JamilRamirez/FABDEM-Watershed-Runtime/releases/download/runtime-dem-v1/dem__S006W073_FABDEM_V1-2.tif"
"dem/S006W074_FABDEM_V1-2.tif","runtime-dem-v1","dem__S006W074_FABDEM_V1-2.tif",24410537,"https://github.com/JamilRamirez/FABDEM-Watershed-Runtime/releases/download/runtime-dem-v1/dem__S006W074_FABDEM_V1-2.tif"
"dem/S006W075_FABDEM_V1-2.tif","runtime-dem-v1","dem__S006W075_FABDEM_V1-2.tif",18767148,"https://github.com/JamilRamirez/FABDEM-Watershed-Runtime/releases/download/runtime-dem-v1/dem__S006W075_FABDEM_V1-2.tif"
"dem/S006W076_FABDEM_V1-2.tif","runtime-dem-v1","dem__S006W076_FABDEM_V1-2.tif",21813698,"https://github.com/JamilRamirez/FABDEM-Watershed-Runtime/releases/download/runtime-dem-v1/dem__S006W076_FABDEM_V1-2.tif"
"dem/S006W077_FABDEM_V1-2.tif","runtime-dem-v1","dem__S006W077_FABDEM_V1-2.tif",24714251,"https://github.com/JamilRamirez/FABDEM-Watershed-Runtime/releases/download/runtime-dem-v1/dem__S006W077_FABDEM_V1-2.tif"
"dem/S006W078_FABDEM_V1-2.tif","runtime-dem-v1","dem__S006W078_FABDEM_V1-2.tif",28745216,"https://github.com/JamilRamirez/FABDEM-Watershed-Runtime/releases/download/runtime-dem-v1/dem__S006W078_FABDEM_V1-2.tif"
"dem/S006W079_FABDEM_V1-2.tif","runtime-dem-v1","dem__S006W079_FABDEM_V1-2.tif",30646450,"https://github.com/JamilRamirez/FABDEM-Watershed-Runtime/releases/download/runtime-dem-v1/dem__S006W079_FABDEM_V1-2.tif"
"dem/S006W080_FABDEM_V1-2.tif","runtime-dem-v1","dem__S006W080_FABDEM_V1-2.tif",30433363,"https://github.com/JamilRamirez/FABDEM-Watershed-Runtime/releases/download/runtime-dem-v1/dem__S006W080_FABDEM_V1-2.tif"
"dem/S006W081_FABDEM_V1-2.tif","runtime-dem-v1","dem__S006W081_FABDEM_V1-2.tif",19620948,"https://github.com/JamilRamirez/FABDEM-Watershed-Runtime/releases/download/runtime-dem-v1/dem__S006W081_FABDEM_V1-2.tif"
"dem/S006W082_FABDEM_V1-2.tif","runtime-dem-v1","dem__S006W082_FABDEM_V1-2.tif",1895327,"https://github.com/JamilRamirez/FABDEM-Watershed-Runtime/releases/download/runtime-dem-v1/dem__S006W082_FABDEM_V1-2.tif"
"dem/S007W070_FABDEM_V1-2.tif","runtime-dem-v1","dem__S007W070_FABDEM_V1-2.tif",23864317,"https://github.com/JamilRamirez/FABDEM-Watershed-Runtime/releases/download/runtime-dem-v1/dem__S007W070_FABDEM_V1-2.tif"
"dem/S007W071_FABDEM_V1-2.tif","runtime-dem-v1","dem__S007W071_FABDEM_V1-2.tif",25050339,"https://github.com/JamilRamirez/FABDEM-Watershed-Runtime/releases/download/runtime-dem-v1/dem__S007W071_FABDEM_V1-2.tif"
"dem/S007W072_FABDEM_V1-2.tif","runtime-dem-v1","dem__S007W072_FABDEM_V1-2.tif",25787970,"https://github.com/JamilRamirez/FABDEM-Watershed-Runtime/releases/download/runtime-dem-v1/dem__S007W072_FABDEM_V1-2.tif"
"dem/S007W073_FABDEM_V1-2.tif","runtime-dem-v1","dem__S007W073_FABDEM_V1-2.tif",26004030,"https://github.com/JamilRamirez/FABDEM-Watershed-Runtime/releases/download/runtime-dem-v1/dem__S007W073_FABDEM_V1-2.tif"
"dem/S007W074_FABDEM_V1-2.tif","runtime-dem-v1","dem__S007W074_FABDEM_V1-2.tif",25711973,"https://github.com/JamilRamirez/FABDEM-Watershed-Runtime/releases/download/runtime-dem-v1/dem__S007W074_FABDEM_V1-2.tif"
"dem/S007W075_FABDEM_V1-2.tif","runtime-dem-v1","dem__S007W075_FABDEM_V1-2.tif",22142887,"https://github.com/JamilRamirez/FABDEM-Watershed-Runtime/releases/download/runtime-dem-v1/dem__S007W075_FABDEM_V1-2.tif"
"dem/S007W076_FABDEM_V1-2.tif","runtime-dem-v1","dem__S007W076_FABDEM_V1-2.tif",25001757,"https://github.com/JamilRamirez/FABDEM-Watershed-Runtime/releases/download/runtime-dem-v1/dem__S007W076_FABDEM_V1-2.tif"
"dem/S007W077_FABDEM_V1-2.tif","runtime-dem-v1","dem__S007W077_FABDEM_V1-2.tif",29127532,"https://github.com/JamilRamirez/FABDEM-Watershed-Runtime/releases/download/runtime-dem-v1/dem__S007W077_FABDEM_V1-2.tif"
"dem/S007W078_FABDEM_V1-2.tif","runtime-dem-v1","dem__S007W078_FABDEM_V1-2.tif",30165657,"https://github.com/JamilRamirez/FABDEM-Watershed-Runtime/releases/download/runtime-dem-v1/dem__S007W078_FABDEM_V1-2.tif"
"dem/S007W079_FABDEM_V1-2.tif","runtime-dem-v1","dem__S007W079_FABDEM_V1-2.tif",30271116,"https://github.com/JamilRamirez/FABDEM-Watershed-Runtime/releases/download/runtime-dem-v1/dem__S007W079_FABDEM_V1-2.tif"
"dem/S007W080_FABDEM_V1-2.tif","runtime-dem-v1","dem__S007W080_FABDEM_V1-2.tif",26024200,"https://github.com/JamilRamirez/FABDEM-Watershed-Runtime/releases/download/runtime-dem-v1/dem__S007W080_FABDEM_V1-2.tif"
"dem/S007W081_FABDEM_V1-2.tif","runtime-dem-v1","dem__S007W081_FABDEM_V1-2.tif",6692948,"https://github.com/JamilRamirez/FABDEM-Watershed-Runtime/releases/download/runtime-dem-v1/dem__S007W081_FABDEM_V1-2.tif"
"dem/S007W082_FABDEM_V1-2.tif","runtime-dem-v1","dem__S007W082_FABDEM_V1-2.tif",939159,"https://github.com/JamilRamirez/FABDEM-Watershed-Runtime/releases/download/runtime-dem-v1/dem__S007W082_FABDEM_V1-2.tif"
"dem/S008W070_FABDEM_V1-2.tif","runtime-dem-v1","dem__S008W070_FABDEM_V1-2.tif",24625230,"https://github.com/JamilRamirez/FABDEM-Watershed-Runtime/releases/download/runtime-dem-v1/dem__S008W070_FABDEM_V1-2.tif"
"dem/S008W071_FABDEM_V1-2.tif","runtime-dem-v1","dem__S008W071_FABDEM_V1-2.tif",25912563,"https://github.com/JamilRamirez/FABDEM-Watershed-Runtime/releases/download/runtime-dem-v1/dem__S008W071_FABDEM_V1-2.tif"
"dem/S008W072_FABDEM_V1-2.tif","runtime-dem-v1","dem__S008W072_FABDEM_V1-2.tif",25565504,"https://github.com/JamilRamirez/FABDEM-Watershed-Runtime/releases/download/runtime-dem-v1/dem__S008W072_FABDEM_V1-2.tif"
"dem/S008W073_FABDEM_V1-2.tif","runtime-dem-v1","dem__S008W073_FABDEM_V1-2.tif",23813884,"https://github.com/JamilRamirez/FABDEM-Watershed-Runtime/releases/download/runtime-dem-v1/dem__S008W073_FABDEM_V1-2.tif"
"dem/S008W074_FABDEM_V1-2.tif","runtime-dem-v1","dem__S008W074_FABDEM_V1-2.tif",25883112,"https://github.com/JamilRamirez/FABDEM-Watershed-Runtime/releases/download/runtime-dem-v1/dem__S008W074_FABDEM_V1-2.tif"
"dem/S008W075_FABDEM_V1-2.tif","runtime-dem-v1","dem__S008W075_FABDEM_V1-2.tif",25649999,"https://github.com/JamilRamirez/FABDEM-Watershed-Runtime/releases/download/runtime-dem-v1/dem__S008W075_FABDEM_V1-2.tif"
"dem/S008W076_FABDEM_V1-2.tif","runtime-dem-v1","dem__S008W076_FABDEM_V1-2.tif",25514257,"https://github.com/JamilRamirez/FABDEM-Watershed-Runtime/releases/download/runtime-dem-v1/dem__S008W076_FABDEM_V1-2.tif"
"dem/S008W077_FABDEM_V1-2.tif","runtime-dem-v1","dem__S008W077_FABDEM_V1-2.tif",29747678,"https://github.com/JamilRamirez/FABDEM-Watershed-Runtime/releases/download/runtime-dem-v1/dem__S008W077_FABDEM_V1-2.tif"
"dem/S008W078_FABDEM_V1-2.tif","runtime-dem-v1","dem__S008W078_FABDEM_V1-2.tif",31283207,"https://github.com/JamilRamirez/FABDEM-Watershed-Runtime/releases/download/runtime-dem-v1/dem__S008W078_FABDEM_V1-2.tif"
"dem/S008W079_FABDEM_V1-2.tif","runtime-dem-v1","dem__S008W079_FABDEM_V1-2.tif",29927436,"https://github.com/JamilRamirez/FABDEM-Watershed-Runtime/releases/download/runtime-dem-v1/dem__S008W079_FABDEM_V1-2.tif"
"dem/S008W080_FABDEM_V1-2.tif","runtime-dem-v1","dem__S008W080_FABDEM_V1-2.tif",13715681,"https://github.com/JamilRamirez/FABDEM-Watershed-Runtime/releases/download/runtime-dem-v1/dem__S008W080_FABDEM_V1-2.tif"
"dem/S009W067_FABDEM_V1-2.tif","runtime-dem-v1","dem__S009W067_FABDEM_V1-2.tif",23345944,"https://github.com/JamilRamirez/FABDEM-Watershed-Runtime/releases/download/runtime-dem-v1/dem__S009W067_FABDEM_V1-2.tif"
"dem/S009W068_FABDEM_V1-2.tif","runtime-dem-v1","dem__S009W068_FABDEM_V1-2.tif",24277068,"https://github.com/JamilRamirez/FABDEM-Watershed-Runtime/releases/download/runtime-dem-v1/dem__S009W068_FABDEM_V1-2.tif"
"dem/S009W069_FABDEM_V1-2.tif","runtime-dem-v1","dem__S009W069_FABDEM_V1-2.tif",25662511,"https://github.com/JamilRamirez/FABDEM-Watershed-Runtime/releases/download/runtime-dem-v1/dem__S009W069_FABDEM_V1-2.tif"
"dem/S009W070_FABDEM_V1-2.tif","runtime-dem-v1","dem__S009W070_FABDEM_V1-2.tif",25286989,"https://github.com/JamilRamirez/FABDEM-Watershed-Runtime/releases/download/runtime-dem-v1/dem__S009W070_FABDEM_V1-2.tif"
"dem/S009W071_FABDEM_V1-2.tif","runtime-dem-v1","dem__S009W071_FABDEM_V1-2.tif",25722360,"https://github.com/JamilRamirez/FABDEM-Watershed-Runtime/releases/download/runtime-dem-v1/dem__S009W071_FABDEM_V1-2.tif"
"dem/S009W072_FABDEM_V1-2.tif","runtime-dem-v1","dem__S009W072_FABDEM_V1-2.tif",27183253,"https://github.com/JamilRamirez/FABDEM-Watershed-Runtime/releases/download/runtime-dem-v1/dem__S009W072_FABDEM_V1-2.tif"
"dem/S009W073_FABDEM_V1-2.tif","runtime-dem-v1","dem__S009W073_FABDEM_V1-2.tif",25173856,"https://github.com/JamilRamirez/FABDEM-Watershed-Runtime/releases/download/runtime-dem-v1/dem__S009W073_FABDEM_V1-2.tif"
"dem/S009W074_FABDEM_V1-2.tif","runtime-dem-v1","dem__S009W074_FABDEM_V1-2.tif",25655070,"https://github.com/JamilRamirez/FABDEM-Watershed-Runtime/releases/download/runtime-dem-v1/dem__S009W074_FABDEM_V1-2.tif"
"dem/S009W075_FABDEM_V1-2.tif","runtime-dem-v1","dem__S009W075_FABDEM_V1-2.tif",21632453,"https://github.com/JamilRamirez/FABDEM-Watershed-Runtime/releases/download/runtime-dem-v1/dem__S009W075_FABDEM_V1-2.tif"
"dem/S009W076_FABDEM_V1-2.tif","runtime-dem-v1","dem__S009W076_FABDEM_V1-2.tif",28104983,"https://github.com/JamilRamirez/FABDEM-Watershed-Runtime/releases/download/runtime-dem-v1/dem__S009W076_FABDEM_V1-2.tif"
"dem/S009W077_FABDEM_V1-2.tif","runtime-dem-v1","dem__S009W077_FABDEM_V1-2.tif",29669065,"https://github.com/JamilRamirez/FABDEM-Watershed-Runtime/releases/download/runtime-dem-v1/dem__S009W077_FABDEM_V1-2.tif"
"dem/S009W078_FABDEM_V1-2.tif","runtime-dem-v1","dem__S009W078_FABDEM_V1-2.tif",30516875,"https://github.com/JamilRamirez/FABDEM-Watershed-Runtime/releases/download/runtime-dem-v1/dem__S009W078_FABDEM_V1-2.tif"
"dem/S009W079_FABDEM_V1-2.tif","runtime-dem-v1","dem__S009W079_FABDEM_V1-2.tif",25133289,"https://github.com/JamilRamirez/FABDEM-Watershed-Runtime/releases/download/runtime-dem-v1/dem__S009W079_FABDEM_V1-2.tif"
"dem/S009W080_FABDEM_V1-2.tif","runtime-dem-v1","dem__S009W080_FABDEM_V1-2.tif",554425,"https://github.com/JamilRamirez/FABDEM-Watershed-Runtime/releases/download/runtime-dem-v1/dem__S009W080_FABDEM_V1-2.tif"
"dem/S010W068_FABDEM_V1-2.tif","runtime-dem-v1","dem__S010W068_FABDEM_V1-2.tif",24319801,"https://github.com/JamilRamirez/FABDEM-Watershed-Runtime/releases/download/runtime-dem-v1/dem__S010W068_FABDEM_V1-2.tif"
"dem/S010W069_FABDEM_V1-2.tif","runtime-dem-v1","dem__S010W069_FABDEM_V1-2.tif",25248819,"https://github.com/JamilRamirez/FABDEM-Watershed-Runtime/releases/download/runtime-dem-v1/dem__S010W069_FABDEM_V1-2.tif"
"dem/S010W070_FABDEM_V1-2.tif","runtime-dem-v1","dem__S010W070_FABDEM_V1-2.tif",25915497,"https://github.com/JamilRamirez/FABDEM-Watershed-Runtime/releases/download/runtime-dem-v1/dem__S010W070_FABDEM_V1-2.tif"
"dem/S010W071_FABDEM_V1-2.tif","runtime-dem-v1","dem__S010W071_FABDEM_V1-2.tif",26674339,"https://github.com/JamilRamirez/FABDEM-Watershed-Runtime/releases/download/runtime-dem-v1/dem__S010W071_FABDEM_V1-2.tif"
"dem/S010W072_FABDEM_V1-2.tif","runtime-dem-v1","dem__S010W072_FABDEM_V1-2.tif",26899284,"https://github.com/JamilRamirez/FABDEM-Watershed-Runtime/releases/download/runtime-dem-v1/dem__S010W072_FABDEM_V1-2.tif"
"dem/S010W073_FABDEM_V1-2.tif","runtime-dem-v1","dem__S010W073_FABDEM_V1-2.tif",26586536,"https://github.com/JamilRamirez/FABDEM-Watershed-Runtime/releases/download/runtime-dem-v1/dem__S010W073_FABDEM_V1-2.tif"
"dem/S010W074_FABDEM_V1-2.tif","runtime-dem-v1","dem__S010W074_FABDEM_V1-2.tif",25066168,"https://github.com/JamilRamirez/FABDEM-Watershed-Runtime/releases/download/runtime-dem-v1/dem__S010W074_FABDEM_V1-2.tif"
"dem/S010W075_FABDEM_V1-2.tif","runtime-dem-v1","dem__S010W075_FABDEM_V1-2.tif",25538743,"https://github.com/JamilRamirez/FABDEM-Watershed-Runtime/releases/download/runtime-dem-v1/dem__S010W075_FABDEM_V1-2.tif"
"dem/S010W076_FABDEM_V1-2.tif","runtime-dem-v1","dem__S010W076_FABDEM_V1-2.tif",28733820,"https://github.com/JamilRamirez/FABDEM-Watershed-Runtime/releases/download/runtime-dem-v1/dem__S010W076_FABDEM_V1-2.tif"
"dem/S010W077_FABDEM_V1-2.tif","runtime-dem-v1","dem__S010W077_FABDEM_V1-2.tif",30355529,"https://github.com/JamilRamirez/FABDEM-Watershed-Runtime/releases/download/runtime-dem-v1/dem__S010W077_FABDEM_V1-2.tif"
"dem/S010W078_FABDEM_V1-2.tif","runtime-dem-v1","dem__S010W078_FABDEM_V1-2.tif",29975605,"https://github.com/JamilRamirez/FABDEM-Watershed-Runtime/releases/download/runtime-dem-v1/dem__S010W078_FABDEM_V1-2.tif"
"dem/S010W079_FABDEM_V1-2.tif","runtime-dem-v1","dem__S010W079_FABDEM_V1-2.tif",11930591,"https://github.com/JamilRamirez/FABDEM-Watershed-Runtime/releases/download/runtime-dem-v1/dem__S010W079_FABDEM_V1-2.tif"
"dem/S011W066_FABDEM_V1-2.tif","runtime-dem-v1","dem__S011W066_FABDEM_V1-2.tif",23222395,"https://github.com/JamilRamirez/FABDEM-Watershed-Runtime/releases/download/runtime-dem-v1/dem__S011W066_FABDEM_V1-2.tif"
"dem/S011W067_FABDEM_V1-2.tif","runtime-dem-v1","dem__S011W067_FABDEM_V1-2.tif",23382060,"https://github.com/JamilRamirez/FABDEM-Watershed-Runtime/releases/download/runtime-dem-v1/dem__S011W067_FABDEM_V1-2.tif"
"dem/S011W068_FABDEM_V1-2.tif","runtime-dem-v1","dem__S011W068_FABDEM_V1-2.tif",24379916,"https://github.com/JamilRamirez/FABDEM-Watershed-Runtime/releases/download/runtime-dem-v1/dem__S011W068_FABDEM_V1-2.tif"
"dem/S011W069_FABDEM_V1-2.tif","runtime-dem-v1","dem__S011W069_FABDEM_V1-2.tif",25609775,"https://github.com/JamilRamirez/FABDEM-Watershed-Runtime/releases/download/runtime-dem-v1/dem__S011W069_FABDEM_V1-2.tif"
"dem/S011W070_FABDEM_V1-2.tif","runtime-dem-v1","dem__S011W070_FABDEM_V1-2.tif",26702827,"https://github.com/JamilRamirez/FABDEM-Watershed-Runtime/releases/download/runtime-dem-v1/dem__S011W070_FABDEM_V1-2.tif"
"dem/S011W071_FABDEM_V1-2.tif","runtime-dem-v1","dem__S011W071_FABDEM_V1-2.tif",26995304,"https://github.com/JamilRamirez/FABDEM-Watershed-Runtime/releases/download/runtime-dem-v1/dem__S011W071_FABDEM_V1-2.tif"
"dem/S011W072_FABDEM_V1-2.tif","runtime-dem-v1","dem__S011W072_FABDEM_V1-2.tif",26988981,"https://github.com/JamilRamirez/FABDEM-Watershed-Runtime/releases/download/runtime-dem-v1/dem__S011W072_FABDEM_V1-2.tif"
"dem/S011W073_FABDEM_V1-2.tif","runtime-dem-v1","dem__S011W073_FABDEM_V1-2.tif",27352504,"https://github.com/JamilRamirez/FABDEM-Watershed-Runtime/releases/download/runtime-dem-v1/dem__S011W073_FABDEM_V1-2.tif"
"dem/S011W074_FABDEM_V1-2.tif","runtime-dem-v1","dem__S011W074_FABDEM_V1-2.tif",26179926,"https://github.com/JamilRamirez/FABDEM-Watershed-Runtime/releases/download/runtime-dem-v1/dem__S011W074_FABDEM_V1-2.tif"
"dem/S011W075_FABDEM_V1-2.tif","runtime-dem-v1","dem__S011W075_FABDEM_V1-2.tif",29216551,"https://github.com/JamilRamirez/FABDEM-Watershed-Runtime/releases/download/runtime-dem-v1/dem__S011W075_FABDEM_V1-2.tif"
"dem/S011W076_FABDEM_V1-2.tif","runtime-dem-v1","dem__S011W076_FABDEM_V1-2.tif",30561787,"https://github.com/JamilRamirez/FABDEM-Watershed-Runtime/releases/download/runtime-dem-v1/dem__S011W076_FABDEM_V1-2.tif"
"dem/S011W077_FABDEM_V1-2.tif","runtime-dem-v1","dem__S011W077_FABDEM_V1-2.tif",28519549,"https://github.com/JamilRamirez/FABDEM-Watershed-Runtime/releases/download/runtime-dem-v1/dem__S011W077_FABDEM_V1-2.tif"
"dem/S011W078_FABDEM_V1-2.tif","runtime-dem-v1","dem__S011W078_FABDEM_V1-2.tif",27171459,"https://github.com/JamilRamirez/FABDEM-Watershed-Runtime/releases/download/runtime-dem-v1/dem__S011W078_FABDEM_V1-2.tif"
"dem/S011W079_FABDEM_V1-2.tif","runtime-dem-v1","dem__S011W079_FABDEM_V1-2.tif",1485810,"https://github.com/JamilRamirez/FABDEM-Watershed-Runtime/releases/download/runtime-dem-v1/dem__S011W079_FABDEM_V1-2.tif"
"dem/S012W067_FABDEM_V1-2.tif","runtime-dem-v1","dem__S012W067_FABDEM_V1-2.tif",20885854,"https://github.com/JamilRamirez/FABDEM-Watershed-Runtime/releases/download/runtime-dem-v1/dem__S012W067_FABDEM_V1-2.tif"
"dem/S012W068_FABDEM_V1-2.tif","runtime-dem-v1","dem__S012W068_FABDEM_V1-2.tif",22253469,"https://github.com/JamilRamirez/FABDEM-Watershed-Runtime/releases/download/runtime-dem-v1/dem__S012W068_FABDEM_V1-2.tif"
"dem/S012W069_FABDEM_V1-2.tif","runtime-dem-v1","dem__S012W069_FABDEM_V1-2.tif",24308581,"https://github.com/JamilRamirez/FABDEM-Watershed-Runtime/releases/download/runtime-dem-v1/dem__S012W069_FABDEM_V1-2.tif"
"dem/S012W070_FABDEM_V1-2.tif","runtime-dem-v1","dem__S012W070_FABDEM_V1-2.tif",25773581,"https://github.com/JamilRamirez/FABDEM-Watershed-Runtime/releases/download/runtime-dem-v1/dem__S012W070_FABDEM_V1-2.tif"
"dem/S012W071_FABDEM_V1-2.tif","runtime-dem-v1","dem__S012W071_FABDEM_V1-2.tif",26694794,"https://github.com/JamilRamirez/FABDEM-Watershed-Runtime/releases/download/runtime-dem-v1/dem__S012W071_FABDEM_V1-2.tif"
"dem/S012W072_FABDEM_V1-2.tif","runtime-dem-v1","dem__S012W072_FABDEM_V1-2.tif",26823700,"https://github.com/JamilRamirez/FABDEM-Watershed-Runtime/releases/download/runtime-dem-v1/dem__S012W072_FABDEM_V1-2.tif"
"dem/S012W073_FABDEM_V1-2.tif","runtime-dem-v1","dem__S012W073_FABDEM_V1-2.tif",27843061,"https://github.com/JamilRamirez/FABDEM-Watershed-Runtime/releases/download/runtime-dem-v1/dem__S012W073_FABDEM_V1-2.tif"
"dem/S012W074_FABDEM_V1-2.tif","runtime-dem-v1","dem__S012W074_FABDEM_V1-2.tif",28742537,"https://github.com/JamilRamirez/FABDEM-Watershed-Runtime/releases/download/runtime-dem-v1/dem__S012W074_FABDEM_V1-2.tif"
"dem/S012W075_FABDEM_V1-2.tif","runtime-dem-v1","dem__S012W075_FABDEM_V1-2.tif",30762849,"https://github.com/JamilRamirez/FABDEM-Watershed-Runtime/releases/download/runtime-dem-v1/dem__S012W075_FABDEM_V1-2.tif"
"dem/S012W076_FABDEM_V1-2.tif","runtime-dem-v1","dem__S012W076_FABDEM_V1-2.tif",29461682,"https://github.com/JamilRamirez/FABDEM-Watershed-Runtime/releases/download/runtime-dem-v1/dem__S012W076_FABDEM_V1-2.tif"
"dem/S012W077_FABDEM_V1-2.tif","runtime-dem-v1","dem__S012W077_FABDEM_V1-2.tif",29003151,"https://github.com/JamilRamirez/FABDEM-Watershed-Runtime/releases/download/runtime-dem-v1/dem__S012W077_FABDEM_V1-2.tif"
"dem/S012W078_FABDEM_V1-2.tif","runtime-dem-v1","dem__S012W078_FABDEM_V1-2.tif",11291530,"https://github.com/JamilRamirez/FABDEM-Watershed-Runtime/releases/download/runtime-dem-v1/dem__S012W078_FABDEM_V1-2.tif"
"dem/S013W068_FABDEM_V1-2.tif","runtime-dem-v1","dem__S013W068_FABDEM_V1-2.tif",18729962,"https://github.com/JamilRamirez/FABDEM-Watershed-Runtime/releases/download/runtime-dem-v1/dem__S013W068_FABDEM_V1-2.tif"
"dem/S013W069_FABDEM_V1-2.tif","runtime-dem-v1","dem__S013W069_FABDEM_V1-2.tif",20761340,"https://github.com/JamilRamirez/FABDEM-Watershed-Runtime/releases/download/runtime-dem-v1/dem__S013W069_FABDEM_V1-2.tif"
"dem/S013W070_FABDEM_V1-2.tif","runtime-dem-v1","dem__S013W070_FABDEM_V1-2.tif",23968789,"https://github.com/JamilRamirez/FABDEM-Watershed-Runtime/releases/download/runtime-dem-v1/dem__S013W070_FABDEM_V1-2.tif"
"dem/S013W071_FABDEM_V1-2.tif","runtime-dem-v1","dem__S013W071_FABDEM_V1-2.tif",24715364,"https://github.com/JamilRamirez/FABDEM-Watershed-Runtime/releases/download/runtime-dem-v1/dem__S013W071_FABDEM_V1-2.tif"
"dem/S013W072_FABDEM_V1-2.tif","runtime-dem-v1","dem__S013W072_FABDEM_V1-2.tif",28272257,"https://github.com/JamilRamirez/FABDEM-Watershed-Runtime/releases/download/runtime-dem-v1/dem__S013W072_FABDEM_V1-2.tif"
"dem/S013W073_FABDEM_V1-2.tif","runtime-dem-v1","dem__S013W073_FABDEM_V1-2.tif",30806405,"https://github.com/JamilRamirez/FABDEM-Watershed-Runtime/releases/download/runtime-dem-v1/dem__S013W073_FABDEM_V1-2.tif"
"dem/S013W074_FABDEM_V1-2.tif","runtime-dem-v1","dem__S013W074_FABDEM_V1-2.tif",30572006,"https://github.com/JamilRamirez/FABDEM-Watershed-Runtime/releases/download/runtime-dem-v1/dem__S013W074_FABDEM_V1-2.tif"
"dem/S013W075_FABDEM_V1-2.tif","runtime-dem-v1","dem__S013W075_FABDEM_V1-2.tif",30634901,"https://github.com/JamilRamirez/FABDEM-Watershed-Runtime/releases/download/runtime-dem-v1/dem__S013W075_FABDEM_V1-2.tif"
"dem/S013W076_FABDEM_V1-2.tif","runtime-dem-v1","dem__S013W076_FABDEM_V1-2.tif",28801742,"https://github.com/JamilRamirez/FABDEM-Watershed-Runtime/releases/download/runtime-dem-v1/dem__S013W076_FABDEM_V1-2.tif"
"dem/S013W077_FABDEM_V1-2.tif","runtime-dem-v1","dem__S013W077_FABDEM_V1-2.tif",23203349,"https://github.com/JamilRamirez/FABDEM-Watershed-Runtime/releases/download/runtime-dem-v1/dem__S013W077_FABDEM_V1-2.tif"
"dem/S013W078_FABDEM_V1-2.tif","runtime-dem-v1","dem__S013W078_FABDEM_V1-2.tif",559004,"https://github.com/JamilRamirez/FABDEM-Watershed-Runtime/releases/download/runtime-dem-v1/dem__S013W078_FABDEM_V1-2.tif"
"dem/S014W069_FABDEM_V1-2.tif","runtime-dem-v1","dem__S014W069_FABDEM_V1-2.tif",23061673,"https://github.com/JamilRamirez/FABDEM-Watershed-Runtime/releases/download/runtime-dem-v1/dem__S014W069_FABDEM_V1-2.tif"
"dem/S014W070_FABDEM_V1-2.tif","runtime-dem-v1","dem__S014W070_FABDEM_V1-2.tif",27724671,"https://github.com/JamilRamirez/FABDEM-Watershed-Runtime/releases/download/runtime-dem-v1/dem__S014W070_FABDEM_V1-2.tif"
"dem/S014W071_FABDEM_V1-2.tif","runtime-dem-v1","dem__S014W071_FABDEM_V1-2.tif",30163660,"https://github.com/JamilRamirez/FABDEM-Watershed-Runtime/releases/download/runtime-dem-v1/dem__S014W071_FABDEM_V1-2.tif"
"dem/S014W072_FABDEM_V1-2.tif","runtime-dem-v1","dem__S014W072_FABDEM_V1-2.tif",29938456,"https://github.com/JamilRamirez/FABDEM-Watershed-Runtime/releases/download/runtime-dem-v1/dem__S014W072_FABDEM_V1-2.tif"
"dem/S014W073_FABDEM_V1-2.tif","runtime-dem-v1","dem__S014W073_FABDEM_V1-2.tif",30431350,"https://github.com/JamilRamirez/FABDEM-Watershed-Runtime/releases/download/runtime-dem-v1/dem__S014W073_FABDEM_V1-2.tif"
"dem/S014W074_FABDEM_V1-2.tif","runtime-dem-v1","dem__S014W074_FABDEM_V1-2.tif",30406859,"https://github.com/JamilRamirez/FABDEM-Watershed-Runtime/releases/download/runtime-dem-v1/dem__S014W074_FABDEM_V1-2.tif"
"dem/S014W075_FABDEM_V1-2.tif","runtime-dem-v1","dem__S014W075_FABDEM_V1-2.tif",28789067,"https://github.com/JamilRamirez/FABDEM-Watershed-Runtime/releases/download/runtime-dem-v1/dem__S014W075_FABDEM_V1-2.tif"
"dem/S014W076_FABDEM_V1-2.tif","runtime-dem-v1","dem__S014W076_FABDEM_V1-2.tif",29204312,"https://github.com/JamilRamirez/FABDEM-Watershed-Runtime/releases/download/runtime-dem-v1/dem__S014W076_FABDEM_V1-2.tif"
"dem/S014W077_FABDEM_V1-2.tif","runtime-dem-v1","dem__S014W077_FABDEM_V1-2.tif",7535244,"https://github.com/JamilRamirez/FABDEM-Watershed-Runtime/releases/download/runtime-dem-v1/dem__S014W077_FABDEM_V1-2.tif"
"dem/S015W069_FABDEM_V1-2.tif","runtime-dem-v1","dem__S015W069_FABDEM_V1-2.tif",30617635,"https://github.com/JamilRamirez/FABDEM-Watershed-Runtime/releases/download/runtime-dem-v1/dem__S015W069_FABDEM_V1-2.tif"
"dem/S015W070_FABDEM_V1-2.tif","runtime-dem-v1","dem__S015W070_FABDEM_V1-2.tif",28616598,"https://github.com/JamilRamirez/FABDEM-Watershed-Runtime/releases/download/runtime-dem-v1/dem__S015W070_FABDEM_V1-2.tif"
"dem/S015W071_FABDEM_V1-2.tif","runtime-dem-v1","dem__S015W071_FABDEM_V1-2.tif",26584849,"https://github.com/JamilRamirez/FABDEM-Watershed-Runtime/releases/download/runtime-dem-v1/dem__S015W071_FABDEM_V1-2.tif"
"dem/S015W072_FABDEM_V1-2.tif","runtime-dem-v1","dem__S015W072_FABDEM_V1-2.tif",27656328,"https://github.com/JamilRamirez/FABDEM-Watershed-Runtime/releases/download/runtime-dem-v1/dem__S015W072_FABDEM_V1-2.tif"
"dem/S015W073_FABDEM_V1-2.tif","runtime-dem-v1","dem__S015W073_FABDEM_V1-2.tif",28661940,"https://github.com/JamilRamirez/FABDEM-Watershed-Runtime/releases/download/runtime-dem-v1/dem__S015W073_FABDEM_V1-2.tif"
"dem/S015W074_FABDEM_V1-2.tif","runtime-dem-v1","dem__S015W074_FABDEM_V1-2.tif",28042217,"https://github.com/JamilRamirez/FABDEM-Watershed-Runtime/releases/download/runtime-dem-v1/dem__S015W074_FABDEM_V1-2.tif"
"dem/S015W075_FABDEM_V1-2.tif","runtime-dem-v1","dem__S015W075_FABDEM_V1-2.tif",28235318,"https://github.com/JamilRamirez/FABDEM-Watershed-Runtime/releases/download/runtime-dem-v1/dem__S015W075_FABDEM_V1-2.tif"
"dem/S015W076_FABDEM_V1-2.tif","runtime-dem-v1","dem__S015W076_FABDEM_V1-2.tif",23958298,"https://github.com/JamilRamirez/FABDEM-Watershed-Runtime/releases/download/runtime-dem-v1/dem__S015W076_FABDEM_V1-2.tif"
"dem/S015W077_FABDEM_V1-2.tif","runtime-dem-v1","dem__S015W077_FABDEM_V1-2.tif",2297680,"https://github.com/JamilRamirez/FABDEM-Watershed-Runtime/releases/download/runtime-dem-v1/dem__S015W077_FABDEM_V1-2.tif"
"dem/S016W069_FABDEM_V1-2.tif","runtime-dem-v1","dem__S016W069_FABDEM_V1-2.tif",30238171,"https://github.com/JamilRamirez/FABDEM-Watershed-Runtime/releases/download/runtime-dem-v1/dem__S016W069_FABDEM_V1-2.tif"
"dem/S016W070_FABDEM_V1-2.tif","runtime-dem-v1","dem__S016W070_FABDEM_V1-2.tif",14624984,"https://github.com/JamilRamirez/FABDEM-Watershed-Runtime/releases/download/runtime-dem-v1/dem__S016W070_FABDEM_V1-2.tif"
"dem/S016W071_FABDEM_V1-2.tif","runtime-dem-v1","dem__S016W071_FABDEM_V1-2.tif",24600712,"https://github.com/JamilRamirez/FABDEM-Watershed-Runtime/releases/download/runtime-dem-v1/dem__S016W071_FABDEM_V1-2.tif"
"dem/S016W072_FABDEM_V1-2.tif","runtime-dem-v1","dem__S016W072_FABDEM_V1-2.tif",26620911,"https://github.com/JamilRamirez/FABDEM-Watershed-Runtime/releases/download/runtime-dem-v1/dem__S016W072_FABDEM_V1-2.tif"
"dem/S016W073_FABDEM_V1-2.tif","runtime-dem-v1","dem__S016W073_FABDEM_V1-2.tif",28540037,"https://github.com/JamilRamirez/FABDEM-Watershed-Runtime/releases/download/runtime-dem-v1/dem__S016W073_FABDEM_V1-2.tif"
"dem/S016W074_FABDEM_V1-2.tif","runtime-dem-v1","dem__S016W074_FABDEM_V1-2.tif",28818304,"https://github.com/JamilRamirez/FABDEM-Watershed-Runtime/releases/download/runtime-dem-v1/dem__S016W074_FABDEM_V1-2.tif"
"dem/S016W075_FABDEM_V1-2.tif","runtime-dem-v1","dem__S016W075_FABDEM_V1-2.tif",21348873,"https://github.com/JamilRamirez/FABDEM-Watershed-Runtime/releases/download/runtime-dem-v1/dem__S016W075_FABDEM_V1-2.tif"
"dem/S016W076_FABDEM_V1-2.tif","runtime-dem-v1","dem__S016W076_FABDEM_V1-2.tif",3206872,"https://github.com/JamilRamirez/FABDEM-Watershed-Runtime/releases/download/runtime-dem-v1/dem__S016W076_FABDEM_V1-2.tif"
"dem/S017W069_FABDEM_V1-2.tif","runtime-dem-v1","dem__S017W069_FABDEM_V1-2.tif",21502917,"https://github.com/JamilRamirez/FABDEM-Watershed-Runtime/releases/download/runtime-dem-v1/dem__S017W069_FABDEM_V1-2.tif"
"dem/S017W070_FABDEM_V1-2.tif","runtime-dem-v1","dem__S017W070_FABDEM_V1-2.tif",21525887,"https://github.com/JamilRamirez/FABDEM-Watershed-Runtime/releases/download/runtime-dem-v1/dem__S017W070_FABDEM_V1-2.tif"
"dem/S017W071_FABDEM_V1-2.tif","runtime-dem-v1","dem__S017W071_FABDEM_V1-2.tif",27295346,"https://github.com/JamilRamirez/FABDEM-Watershed-Runtime/releases/download/runtime-dem-v1/dem__S017W071_FABDEM_V1-2.tif"
"dem/S017W072_FABDEM_V1-2.tif","runtime-dem-v1","dem__S017W072_FABDEM_V1-2.tif",27390005,"https://github.com/JamilRamirez/FABDEM-Watershed-Runtime/releases/download/runtime-dem-v1/dem__S017W072_FABDEM_V1-2.tif"
"dem/S017W073_FABDEM_V1-2.tif","runtime-dem-v1","dem__S017W073_FABDEM_V1-2.tif",20680145,"https://github.com/JamilRamirez/FABDEM-Watershed-Runtime/releases/download/runtime-dem-v1/dem__S017W073_FABDEM_V1-2.tif"
"dem/S017W074_FABDEM_V1-2.tif","runtime-dem-v1","dem__S017W074_FABDEM_V1-2.tif",8414836,"https://github.com/JamilRamirez/FABDEM-Watershed-Runtime/releases/download/runtime-dem-v1/dem__S017W074_FABDEM_V1-2.tif"
"dem/S017W075_FABDEM_V1-2.tif","runtime-dem-v1","dem__S017W075_FABDEM_V1-2.tif",96471,"https://github.com/JamilRamirez/FABDEM-Watershed-Runtime/releases/download/runtime-dem-v1/dem__S017W075_FABDEM_V1-2.tif"
"dem/S018W069_FABDEM_V1-2.tif","runtime-dem-v1","dem__S018W069_FABDEM_V1-2.tif",24527442,"https://github.com/JamilRamirez/FABDEM-Watershed-Runtime/releases/download/runtime-dem-v1/dem__S018W069_FABDEM_V1-2.tif"
"dem/S018W070_FABDEM_V1-2.tif","runtime-dem-v1","dem__S018W070_FABDEM_V1-2.tif",25512482,"https://github.com/JamilRamirez/FABDEM-Watershed-Runtime/releases/download/runtime-dem-v1/dem__S018W070_FABDEM_V1-2.tif"
"dem/S018W071_FABDEM_V1-2.tif","runtime-dem-v1","dem__S018W071_FABDEM_V1-2.tif",27770979,"https://github.com/JamilRamirez/FABDEM-Watershed-Runtime/releases/download/runtime-dem-v1/dem__S018W071_FABDEM_V1-2.tif"
"dem/S018W072_FABDEM_V1-2.tif","runtime-dem-v1","dem__S018W072_FABDEM_V1-2.tif",12120382,"https://github.com/JamilRamirez/FABDEM-Watershed-Runtime/releases/download/runtime-dem-v1/dem__S018W072_FABDEM_V1-2.tif"
"dem/S018W073_FABDEM_V1-2.tif","runtime-dem-v1","dem__S018W073_FABDEM_V1-2.tif",143671,"https://github.com/JamilRamirez/FABDEM-Watershed-Runtime/releases/download/runtime-dem-v1/dem__S018W073_FABDEM_V1-2.tif"
"dem/S019W070_FABDEM_V1-2.tif","runtime-dem-v1","dem__S019W070_FABDEM_V1-2.tif",27159183,"https://github.com/JamilRamirez/FABDEM-Watershed-Runtime/releases/download/runtime-dem-v1/dem__S019W070_FABDEM_V1-2.tif"
"dem/S019W071_FABDEM_V1-2.tif","runtime-dem-v1","dem__S019W071_FABDEM_V1-2.tif",11029773,"https://github.com/JamilRamirez/FABDEM-Watershed-Runtime/releases/download/runtime-dem-v1/dem__S019W071_FABDEM_V1-2.tif"
"layers/clima_superficie/clima_normalizada_disuelto.gpkg","runtime-layers-v1","layers__clima_superficie__clima_normalizada_disuelto.gpkg",37552128,"https://github.com/JamilRamirez/FABDEM-Watershed-Runtime/releases/download/runtime-layers-v1/layers__clima_superficie__clima_normalizada_disuelto.gpkg"
"layers/clima_superficie/cobertura_normalizada_disuelto__tiles/index.gpkg","runtime-layers-v1","layers__clima_superficie__cobertura_normalizada_disuelto__tiles__index.gpkg",98304,"https://github.com/JamilRamirez/FABDEM-Watershed-Runtime/releases/download/runtime-layers-v1/layers__clima_superficie__cobertura_normalizada_disuelto__tiles__index.gpkg"
"layers/clima_superficie/cobertura_normalizada_disuelto__tiles/tiles/cobertura_normalizada_disuelto_0001.gpkg","runtime-layers-v1","layers__clima_superficie__cobertura_normalizada_disuelto__tiles__tiles__cobertura_normalizada_disuelto_0001.gpkg",27410432,"https://github.com/JamilRamirez/FABDEM-Watershed-Runtime/releases/download/runtime-layers-v1/layers__clima_superficie__cobertura_normalizada_disuelto__tiles__tiles__cobertura_normalizada_disuelto_0001.gpkg"
"layers/clima_superficie/cobertura_normalizada_disuelto__tiles/tiles/cobertura_normalizada_disuelto_0002.gpkg","runtime-layers-v1","layers__clima_superficie__cobertura_normalizada_disuelto__tiles__tiles__cobertura_normalizada_disuelto_0002.gpkg",42295296,"https://github.com/JamilRamirez/FABDEM-Watershed-Runtime/releases/download/runtime-layers-v1/layers__clima_superficie__cobertura_normalizada_disuelto__tiles__tiles__cobertura_normalizada_disuelto_0002.gpkg"
"layers/clima_superficie/CUM_normalizada_disuelto.gpkg","runtime-layers-v1","layers__clima_superficie__CUM_normalizada_disuelto.gpkg",10366976,"https://github.com/JamilRamirez/FABDEM-Watershed-Runtime/releases/download/runtime-layers-v1/layers__clima_superficie__CUM_normalizada_disuelto.gpkg"
"layers/clima_superficie/vida_normalizada_disuelto.gpkg","runtime-layers-v1","layers__clima_superficie__vida_normalizada_disuelto.gpkg",16117760,"https://github.com/JamilRamirez/FABDEM-Watershed-Runtime/releases/download/runtime-layers-v1/layers__clima_superficie__vida_normalizada_disuelto.gpkg"
"layers/contexto_territorial/cuencas_normalizada_disuelto.gpkg","runtime-layers-v1","layers__contexto_territorial__cuencas_normalizada_disuelto.gpkg",19824640,"https://github.com/JamilRamirez/FABDEM-Watershed-Runtime/releases/download/runtime-layers-v1/layers__contexto_territorial__cuencas_normalizada_disuelto.gpkg"
"layers/contexto_territorial/distrital_normalizada_disuelto.gpkg","runtime-layers-v1","layers__contexto_territorial__distrital_normalizada_disuelto.gpkg",28999680,"https://github.com/JamilRamirez/FABDEM-Watershed-Runtime/releases/download/runtime-layers-v1/layers__contexto_territorial__distrital_normalizada_disuelto.gpkg"
"layers/contexto_territorial/poblados_normalizada.gpkg","runtime-layers-v1","layers__contexto_territorial__poblados_normalizada.gpkg",21958656,"https://github.com/JamilRamirez/FABDEM-Watershed-Runtime/releases/download/runtime-layers-v1/layers__contexto_territorial__poblados_normalizada.gpkg"
"layers/contexto_territorial/rios_normalizada_disuelto__tiles/index.gpkg","runtime-layers-v1","layers__contexto_territorial__rios_normalizada_disuelto__tiles__index.gpkg",106496,"https://github.com/JamilRamirez/FABDEM-Watershed-Runtime/releases/download/runtime-layers-v1/layers__contexto_territorial__rios_normalizada_disuelto__tiles__index.gpkg"
"layers/contexto_territorial/rios_normalizada_disuelto__tiles/tiles/rios_normalizada_disuelto_0001.gpkg","runtime-layers-v1","layers__contexto_territorial__rios_normalizada_disuelto__tiles__tiles__rios_normalizada_disuelto_0001.gpkg",6856704,"https://github.com/JamilRamirez/FABDEM-Watershed-Runtime/releases/download/runtime-layers-v1/layers__contexto_territorial__rios_normalizada_disuelto__tiles__tiles__rios_normalizada_disuelto_0001.gpkg"
"layers/contexto_territorial/rios_normalizada_disuelto__tiles/tiles/rios_normalizada_disuelto_0002.gpkg","runtime-layers-v1","layers__contexto_territorial__rios_normalizada_disuelto__tiles__tiles__rios_normalizada_disuelto_0002.gpkg",34357248,"https://github.com/JamilRamirez/FABDEM-Watershed-Runtime/releases/download/runtime-layers-v1/layers__contexto_territorial__rios_normalizada_disuelto__tiles__tiles__rios_normalizada_disuelto_0002.gpkg"
"layers/contexto_territorial/rios_normalizada_disuelto__tiles/tiles/rios_normalizada_disuelto_0003.gpkg","runtime-layers-v1","layers__contexto_territorial__rios_normalizada_disuelto__tiles__tiles__rios_normalizada_disuelto_0003.gpkg",35643392,"https://github.com/JamilRamirez/FABDEM-Watershed-Runtime/releases/download/runtime-layers-v1/layers__contexto_territorial__rios_normalizada_disuelto__tiles__tiles__rios_normalizada_disuelto_0003.gpkg"
"layers/contexto_territorial/rios_normalizada_disuelto__tiles/tiles/rios_normalizada_disuelto_0004.gpkg","runtime-layers-v1","layers__contexto_territorial__rios_normalizada_disuelto__tiles__tiles__rios_normalizada_disuelto_0004.gpkg",3059712,"https://github.com/JamilRamirez/FABDEM-Watershed-Runtime/releases/download/runtime-layers-v1/layers__contexto_territorial__rios_normalizada_disuelto__tiles__tiles__rios_normalizada_disuelto_0004.gpkg"
"layers/contexto_territorial/rios_normalizada_disuelto__tiles/tiles/rios_normalizada_disuelto_0005.gpkg","runtime-layers-v1","layers__contexto_territorial__rios_normalizada_disuelto__tiles__tiles__rios_normalizada_disuelto_0005.gpkg",15572992,"https://github.com/JamilRamirez/FABDEM-Watershed-Runtime/releases/download/runtime-layers-v1/layers__contexto_territorial__rios_normalizada_disuelto__tiles__tiles__rios_normalizada_disuelto_0005.gpkg"
"layers/contexto_territorial/rios_normalizada_disuelto__tiles/tiles/rios_normalizada_disuelto_0006.gpkg","runtime-layers-v1","layers__contexto_territorial__rios_normalizada_disuelto__tiles__tiles__rios_normalizada_disuelto_0006.gpkg",34967552,"https://github.com/JamilRamirez/FABDEM-Watershed-Runtime/releases/download/runtime-layers-v1/layers__contexto_territorial__rios_normalizada_disuelto__tiles__tiles__rios_normalizada_disuelto_0006.gpkg"
"layers/contexto_territorial/rios_normalizada_disuelto__tiles/tiles/rios_normalizada_disuelto_0007.gpkg","runtime-layers-v1","layers__contexto_territorial__rios_normalizada_disuelto__tiles__tiles__rios_normalizada_disuelto_0007.gpkg",17010688,"https://github.com/JamilRamirez/FABDEM-Watershed-Runtime/releases/download/runtime-layers-v1/layers__contexto_territorial__rios_normalizada_disuelto__tiles__tiles__rios_normalizada_disuelto_0007.gpkg"
"layers/contexto_territorial/rios_normalizada_disuelto__tiles/tiles/rios_normalizada_disuelto_0008.gpkg","runtime-layers-v1","layers__contexto_territorial__rios_normalizada_disuelto__tiles__tiles__rios_normalizada_disuelto_0008.gpkg",23785472,"https://github.com/JamilRamirez/FABDEM-Watershed-Runtime/releases/download/runtime-layers-v1/layers__contexto_territorial__rios_normalizada_disuelto__tiles__tiles__rios_normalizada_disuelto_0008.gpkg"
"layers/contexto_territorial/rios_normalizada_disuelto__tiles/tiles/rios_normalizada_disuelto_0009.gpkg","runtime-layers-v1","layers__contexto_territorial__rios_normalizada_disuelto__tiles__tiles__rios_normalizada_disuelto_0009.gpkg",21377024,"https://github.com/JamilRamirez/FABDEM-Watershed-Runtime/releases/download/runtime-layers-v1/layers__contexto_territorial__rios_normalizada_disuelto__tiles__tiles__rios_normalizada_disuelto_0009.gpkg"
"layers/contexto_territorial/rios_normalizada_disuelto__tiles/tiles/rios_normalizada_disuelto_0010.gpkg","runtime-layers-v1","layers__contexto_territorial__rios_normalizada_disuelto__tiles__tiles__rios_normalizada_disuelto_0010.gpkg",48308224,"https://github.com/JamilRamirez/FABDEM-Watershed-Runtime/releases/download/runtime-layers-v1/layers__contexto_territorial__rios_normalizada_disuelto__tiles__tiles__rios_normalizada_disuelto_0010.gpkg"
"layers/contexto_territorial/rios_normalizada_disuelto__tiles/tiles/rios_normalizada_disuelto_0011.gpkg","runtime-layers-v1","layers__contexto_territorial__rios_normalizada_disuelto__tiles__tiles__rios_normalizada_disuelto_0011.gpkg",46149632,"https://github.com/JamilRamirez/FABDEM-Watershed-Runtime/releases/download/runtime-layers-v1/layers__contexto_territorial__rios_normalizada_disuelto__tiles__tiles__rios_normalizada_disuelto_0011.gpkg"
"layers/contexto_territorial/rios_normalizada_disuelto__tiles/tiles/rios_normalizada_disuelto_0012.gpkg","runtime-layers-v1","layers__contexto_territorial__rios_normalizada_disuelto__tiles__tiles__rios_normalizada_disuelto_0012.gpkg",5521408,"https://github.com/JamilRamirez/FABDEM-Watershed-Runtime/releases/download/runtime-layers-v1/layers__contexto_territorial__rios_normalizada_disuelto__tiles__tiles__rios_normalizada_disuelto_0012.gpkg"
"layers/fondo_mapa.gpkg","runtime-layers-v1","layers__fondo_mapa.gpkg",5058560,"https://github.com/JamilRamirez/FABDEM-Watershed-Runtime/releases/download/runtime-layers-v1/layers__fondo_mapa.gpkg"
"layers/medio_fisico/geologia_normalizada_disuelto__tiles/index.gpkg","runtime-layers-v1","layers__medio_fisico__geologia_normalizada_disuelto__tiles__index.gpkg",126976,"https://github.com/JamilRamirez/FABDEM-Watershed-Runtime/releases/download/runtime-layers-v1/layers__medio_fisico__geologia_normalizada_disuelto__tiles__index.gpkg"
"layers/medio_fisico/geologia_normalizada_disuelto__tiles/tiles/geologia_normalizada_disuelto_0001.gpkg","runtime-layers-v1","layers__medio_fisico__geologia_normalizada_disuelto__tiles__tiles__geologia_normalizada_disuelto_0001.gpkg",5095424,"https://github.com/JamilRamirez/FABDEM-Watershed-Runtime/releases/download/runtime-layers-v1/layers__medio_fisico__geologia_normalizada_disuelto__tiles__tiles__geologia_normalizada_disuelto_0001.gpkg"
"layers/medio_fisico/geologia_normalizada_disuelto__tiles/tiles/geologia_normalizada_disuelto_0002.gpkg","runtime-layers-v1","layers__medio_fisico__geologia_normalizada_disuelto__tiles__tiles__geologia_normalizada_disuelto_0002.gpkg",15310848,"https://github.com/JamilRamirez/FABDEM-Watershed-Runtime/releases/download/runtime-layers-v1/layers__medio_fisico__geologia_normalizada_disuelto__tiles__tiles__geologia_normalizada_disuelto_0002.gpkg"
"layers/medio_fisico/geologia_normalizada_disuelto__tiles/tiles/geologia_normalizada_disuelto_0003.gpkg","runtime-layers-v1","layers__medio_fisico__geologia_normalizada_disuelto__tiles__tiles__geologia_normalizada_disuelto_0003.gpkg",41926656,"https://github.com/JamilRamirez/FABDEM-Watershed-Runtime/releases/download/runtime-layers-v1/layers__medio_fisico__geologia_normalizada_disuelto__tiles__tiles__geologia_normalizada_disuelto_0003.gpkg"
"layers/medio_fisico/geologia_normalizada_disuelto__tiles/tiles/geologia_normalizada_disuelto_0004.gpkg","runtime-layers-v1","layers__medio_fisico__geologia_normalizada_disuelto__tiles__tiles__geologia_normalizada_disuelto_0004.gpkg",98304,"https://github.com/JamilRamirez/FABDEM-Watershed-Runtime/releases/download/runtime-layers-v1/layers__medio_fisico__geologia_normalizada_disuelto__tiles__tiles__geologia_normalizada_disuelto_0004.gpkg"
"layers/medio_fisico/geologia_normalizada_disuelto__tiles/tiles/geologia_normalizada_disuelto_0005.gpkg","runtime-layers-v1","layers__medio_fisico__geologia_normalizada_disuelto__tiles__tiles__geologia_normalizada_disuelto_0005.gpkg",4628480,"https://github.com/JamilRamirez/FABDEM-Watershed-Runtime/releases/download/runtime-layers-v1/layers__medio_fisico__geologia_normalizada_disuelto__tiles__tiles__geologia_normalizada_disuelto_0005.gpkg"
"layers/medio_fisico/geologia_normalizada_disuelto__tiles/tiles/geologia_normalizada_disuelto_0006.gpkg","runtime-layers-v1","layers__medio_fisico__geologia_normalizada_disuelto__tiles__tiles__geologia_normalizada_disuelto_0006.gpkg",13881344,"https://github.com/JamilRamirez/FABDEM-Watershed-Runtime/releases/download/runtime-layers-v1/layers__medio_fisico__geologia_normalizada_disuelto__tiles__tiles__geologia_normalizada_disuelto_0006.gpkg"
"layers/medio_fisico/geologia_normalizada_disuelto__tiles/tiles/geologia_normalizada_disuelto_0007.gpkg","runtime-layers-v1","layers__medio_fisico__geologia_normalizada_disuelto__tiles__tiles__geologia_normalizada_disuelto_0007.gpkg",13197312,"https://github.com/JamilRamirez/FABDEM-Watershed-Runtime/releases/download/runtime-layers-v1/layers__medio_fisico__geologia_normalizada_disuelto__tiles__tiles__geologia_normalizada_disuelto_0007.gpkg"
"layers/medio_fisico/geologia_normalizada_disuelto__tiles/tiles/geologia_normalizada_disuelto_0008.gpkg","runtime-layers-v1","layers__medio_fisico__geologia_normalizada_disuelto__tiles__tiles__geologia_normalizada_disuelto_0008.gpkg",16097280,"https://github.com/JamilRamirez/FABDEM-Watershed-Runtime/releases/download/runtime-layers-v1/layers__medio_fisico__geologia_normalizada_disuelto__tiles__tiles__geologia_normalizada_disuelto_0008.gpkg"
"layers/medio_fisico/geologia_normalizada_disuelto__tiles/tiles/geologia_normalizada_disuelto_0009.gpkg","runtime-layers-v1","layers__medio_fisico__geologia_normalizada_disuelto__tiles__tiles__geologia_normalizada_disuelto_0009.gpkg",13864960,"https://github.com/JamilRamirez/FABDEM-Watershed-Runtime/releases/download/runtime-layers-v1/layers__medio_fisico__geologia_normalizada_disuelto__tiles__tiles__geologia_normalizada_disuelto_0009.gpkg"
"layers/medio_fisico/geologia_normalizada_disuelto__tiles/tiles/geologia_normalizada_disuelto_0010.gpkg","runtime-layers-v1","layers__medio_fisico__geologia_normalizada_disuelto__tiles__tiles__geologia_normalizada_disuelto_0010.gpkg",21069824,"https://github.com/JamilRamirez/FABDEM-Watershed-Runtime/releases/download/runtime-layers-v1/layers__medio_fisico__geologia_normalizada_disuelto__tiles__tiles__geologia_normalizada_disuelto_0010.gpkg"
"layers/medio_fisico/geologia_normalizada_disuelto__tiles/tiles/geologia_normalizada_disuelto_0011.gpkg","runtime-layers-v1","layers__medio_fisico__geologia_normalizada_disuelto__tiles__tiles__geologia_normalizada_disuelto_0011.gpkg",29569024,"https://github.com/JamilRamirez/FABDEM-Watershed-Runtime/releases/download/runtime-layers-v1/layers__medio_fisico__geologia_normalizada_disuelto__tiles__tiles__geologia_normalizada_disuelto_0011.gpkg"
"layers/medio_fisico/geologia_normalizada_disuelto__tiles/tiles/geologia_normalizada_disuelto_0012.gpkg","runtime-layers-v1","layers__medio_fisico__geologia_normalizada_disuelto__tiles__tiles__geologia_normalizada_disuelto_0012.gpkg",10330112,"https://github.com/JamilRamirez/FABDEM-Watershed-Runtime/releases/download/runtime-layers-v1/layers__medio_fisico__geologia_normalizada_disuelto__tiles__tiles__geologia_normalizada_disuelto_0012.gpkg"
"layers/medio_fisico/geologia_normalizada_disuelto__tiles/tiles/geologia_normalizada_disuelto_0013.gpkg","runtime-layers-v1","layers__medio_fisico__geologia_normalizada_disuelto__tiles__tiles__geologia_normalizada_disuelto_0013.gpkg",10772480,"https://github.com/JamilRamirez/FABDEM-Watershed-Runtime/releases/download/runtime-layers-v1/layers__medio_fisico__geologia_normalizada_disuelto__tiles__tiles__geologia_normalizada_disuelto_0013.gpkg"
"layers/medio_fisico/geologia_normalizada_disuelto__tiles/tiles/geologia_normalizada_disuelto_0014.gpkg","runtime-layers-v1","layers__medio_fisico__geologia_normalizada_disuelto__tiles__tiles__geologia_normalizada_disuelto_0014.gpkg",44773376,"https://github.com/JamilRamirez/FABDEM-Watershed-Runtime/releases/download/runtime-layers-v1/layers__medio_fisico__geologia_normalizada_disuelto__tiles__tiles__geologia_normalizada_disuelto_0014.gpkg"
"layers/medio_fisico/geologia_normalizada_disuelto__tiles/tiles/geologia_normalizada_disuelto_0015.gpkg","runtime-layers-v1","layers__medio_fisico__geologia_normalizada_disuelto__tiles__tiles__geologia_normalizada_disuelto_0015.gpkg",51867648,"https://github.com/JamilRamirez/FABDEM-Watershed-Runtime/releases/download/runtime-layers-v1/layers__medio_fisico__geologia_normalizada_disuelto__tiles__tiles__geologia_normalizada_disuelto_0015.gpkg"
"layers/medio_fisico/geologia_normalizada_disuelto__tiles/tiles/geologia_normalizada_disuelto_0016.gpkg","runtime-layers-v1","layers__medio_fisico__geologia_normalizada_disuelto__tiles__tiles__geologia_normalizada_disuelto_0016.gpkg",19877888,"https://github.com/JamilRamirez/FABDEM-Watershed-Runtime/releases/download/runtime-layers-v1/layers__medio_fisico__geologia_normalizada_disuelto__tiles__tiles__geologia_normalizada_disuelto_0016.gpkg"
"layers/medio_fisico/geologia_normalizada_disuelto__tiles/tiles/geologia_normalizada_disuelto_0017.gpkg","runtime-layers-v1","layers__medio_fisico__geologia_normalizada_disuelto__tiles__tiles__geologia_normalizada_disuelto_0017.gpkg",32903168,"https://github.com/JamilRamirez/FABDEM-Watershed-Runtime/releases/download/runtime-layers-v1/layers__medio_fisico__geologia_normalizada_disuelto__tiles__tiles__geologia_normalizada_disuelto_0017.gpkg"
"layers/medio_fisico/geologia_normalizada_disuelto__tiles/tiles/geologia_normalizada_disuelto_0018.gpkg","runtime-layers-v1","layers__medio_fisico__geologia_normalizada_disuelto__tiles__tiles__geologia_normalizada_disuelto_0018.gpkg",30175232,"https://github.com/JamilRamirez/FABDEM-Watershed-Runtime/releases/download/runtime-layers-v1/layers__medio_fisico__geologia_normalizada_disuelto__tiles__tiles__geologia_normalizada_disuelto_0018.gpkg"
"layers/medio_fisico/geologia_normalizada_disuelto__tiles/tiles/geologia_normalizada_disuelto_0019.gpkg","runtime-layers-v1","layers__medio_fisico__geologia_normalizada_disuelto__tiles__tiles__geologia_normalizada_disuelto_0019.gpkg",32329728,"https://github.com/JamilRamirez/FABDEM-Watershed-Runtime/releases/download/runtime-layers-v1/layers__medio_fisico__geologia_normalizada_disuelto__tiles__tiles__geologia_normalizada_disuelto_0019.gpkg"
"layers/medio_fisico/geologia_normalizada_disuelto__tiles/tiles/geologia_normalizada_disuelto_0020.gpkg","runtime-layers-v1","layers__medio_fisico__geologia_normalizada_disuelto__tiles__tiles__geologia_normalizada_disuelto_0020.gpkg",43544576,"https://github.com/JamilRamirez/FABDEM-Watershed-Runtime/releases/download/runtime-layers-v1/layers__medio_fisico__geologia_normalizada_disuelto__tiles__tiles__geologia_normalizada_disuelto_0020.gpkg"
"layers/medio_fisico/geologia_normalizada_disuelto__tiles/tiles/geologia_normalizada_disuelto_0021.gpkg","runtime-layers-v1","layers__medio_fisico__geologia_normalizada_disuelto__tiles__tiles__geologia_normalizada_disuelto_0021.gpkg",39178240,"https://github.com/JamilRamirez/FABDEM-Watershed-Runtime/releases/download/runtime-layers-v1/layers__medio_fisico__geologia_normalizada_disuelto__tiles__tiles__geologia_normalizada_disuelto_0021.gpkg"
"layers/medio_fisico/geologia_normalizada_disuelto__tiles/tiles/geologia_normalizada_disuelto_0022.gpkg","runtime-layers-v1","layers__medio_fisico__geologia_normalizada_disuelto__tiles__tiles__geologia_normalizada_disuelto_0022.gpkg",21024768,"https://github.com/JamilRamirez/FABDEM-Watershed-Runtime/releases/download/runtime-layers-v1/layers__medio_fisico__geologia_normalizada_disuelto__tiles__tiles__geologia_normalizada_disuelto_0022.gpkg"
"layers/medio_fisico/geologia_normalizada_disuelto__tiles/tiles/geologia_normalizada_disuelto_0023.gpkg","runtime-layers-v1","layers__medio_fisico__geologia_normalizada_disuelto__tiles__tiles__geologia_normalizada_disuelto_0023.gpkg",12333056,"https://github.com/JamilRamirez/FABDEM-Watershed-Runtime/releases/download/runtime-layers-v1/layers__medio_fisico__geologia_normalizada_disuelto__tiles__tiles__geologia_normalizada_disuelto_0023.gpkg"
"layers/medio_fisico/geologia_normalizada_disuelto__tiles/tiles/geologia_normalizada_disuelto_0024.gpkg","runtime-layers-v1","layers__medio_fisico__geologia_normalizada_disuelto__tiles__tiles__geologia_normalizada_disuelto_0024.gpkg",50544640,"https://github.com/JamilRamirez/FABDEM-Watershed-Runtime/releases/download/runtime-layers-v1/layers__medio_fisico__geologia_normalizada_disuelto__tiles__tiles__geologia_normalizada_disuelto_0024.gpkg"
"layers/medio_fisico/geologia_normalizada_disuelto__tiles/tiles/geologia_normalizada_disuelto_0025.gpkg","runtime-layers-v1","layers__medio_fisico__geologia_normalizada_disuelto__tiles__tiles__geologia_normalizada_disuelto_0025.gpkg",17698816,"https://github.com/JamilRamirez/FABDEM-Watershed-Runtime/releases/download/runtime-layers-v1/layers__medio_fisico__geologia_normalizada_disuelto__tiles__tiles__geologia_normalizada_disuelto_0025.gpkg"
"layers/medio_fisico/geologia_normalizada_disuelto__tiles/tiles/geologia_normalizada_disuelto_0026.gpkg","runtime-layers-v1","layers__medio_fisico__geologia_normalizada_disuelto__tiles__tiles__geologia_normalizada_disuelto_0026.gpkg",98304,"https://github.com/JamilRamirez/FABDEM-Watershed-Runtime/releases/download/runtime-layers-v1/layers__medio_fisico__geologia_normalizada_disuelto__tiles__tiles__geologia_normalizada_disuelto_0026.gpkg"
"layers/medio_fisico/geologia_normalizada_disuelto__tiles/tiles/geologia_normalizada_disuelto_0027.gpkg","runtime-layers-v1","layers__medio_fisico__geologia_normalizada_disuelto__tiles__tiles__geologia_normalizada_disuelto_0027.gpkg",8757248,"https://github.com/JamilRamirez/FABDEM-Watershed-Runtime/releases/download/runtime-layers-v1/layers__medio_fisico__geologia_normalizada_disuelto__tiles__tiles__geologia_normalizada_disuelto_0027.gpkg"
"layers/medio_fisico/geologia_normalizada_disuelto__tiles/tiles/geologia_normalizada_disuelto_0028.gpkg","runtime-layers-v1","layers__medio_fisico__geologia_normalizada_disuelto__tiles__tiles__geologia_normalizada_disuelto_0028.gpkg",29540352,"https://github.com/JamilRamirez/FABDEM-Watershed-Runtime/releases/download/runtime-layers-v1/layers__medio_fisico__geologia_normalizada_disuelto__tiles__tiles__geologia_normalizada_disuelto_0028.gpkg"
"layers/medio_fisico/geologia_normalizada_disuelto__tiles/tiles/geologia_normalizada_disuelto_0029.gpkg","runtime-layers-v1","layers__medio_fisico__geologia_normalizada_disuelto__tiles__tiles__geologia_normalizada_disuelto_0029.gpkg",163840,"https://github.com/JamilRamirez/FABDEM-Watershed-Runtime/releases/download/runtime-layers-v1/layers__medio_fisico__geologia_normalizada_disuelto__tiles__tiles__geologia_normalizada_disuelto_0029.gpkg"
"layers/medio_fisico/geologia_normalizada_disuelto__tiles/tiles/geologia_normalizada_disuelto_0030.gpkg","runtime-layers-v1","layers__medio_fisico__geologia_normalizada_disuelto__tiles__tiles__geologia_normalizada_disuelto_0030.gpkg",28176384,"https://github.com/JamilRamirez/FABDEM-Watershed-Runtime/releases/download/runtime-layers-v1/layers__medio_fisico__geologia_normalizada_disuelto__tiles__tiles__geologia_normalizada_disuelto_0030.gpkg"
"layers/medio_fisico/geologia_normalizada_disuelto__tiles/tiles/geologia_normalizada_disuelto_0031.gpkg","runtime-layers-v1","layers__medio_fisico__geologia_normalizada_disuelto__tiles__tiles__geologia_normalizada_disuelto_0031.gpkg",20418560,"https://github.com/JamilRamirez/FABDEM-Watershed-Runtime/releases/download/runtime-layers-v1/layers__medio_fisico__geologia_normalizada_disuelto__tiles__tiles__geologia_normalizada_disuelto_0031.gpkg"
"layers/medio_fisico/geologia_normalizada_disuelto__tiles/tiles/geologia_normalizada_disuelto_0032.gpkg","runtime-layers-v1","layers__medio_fisico__geologia_normalizada_disuelto__tiles__tiles__geologia_normalizada_disuelto_0032.gpkg",12529664,"https://github.com/JamilRamirez/FABDEM-Watershed-Runtime/releases/download/runtime-layers-v1/layers__medio_fisico__geologia_normalizada_disuelto__tiles__tiles__geologia_normalizada_disuelto_0032.gpkg"
"layers/medio_fisico/geologia_normalizada_disuelto__tiles/tiles/geologia_normalizada_disuelto_0033.gpkg","runtime-layers-v1","layers__medio_fisico__geologia_normalizada_disuelto__tiles__tiles__geologia_normalizada_disuelto_0033.gpkg",41832448,"https://github.com/JamilRamirez/FABDEM-Watershed-Runtime/releases/download/runtime-layers-v1/layers__medio_fisico__geologia_normalizada_disuelto__tiles__tiles__geologia_normalizada_disuelto_0033.gpkg"
"layers/medio_fisico/geologia_normalizada_disuelto__tiles/tiles/geologia_normalizada_disuelto_0034.gpkg","runtime-layers-v1","layers__medio_fisico__geologia_normalizada_disuelto__tiles__tiles__geologia_normalizada_disuelto_0034.gpkg",20750336,"https://github.com/JamilRamirez/FABDEM-Watershed-Runtime/releases/download/runtime-layers-v1/layers__medio_fisico__geologia_normalizada_disuelto__tiles__tiles__geologia_normalizada_disuelto_0034.gpkg"
"layers/medio_fisico/geologia_normalizada_disuelto__tiles/tiles/geologia_normalizada_disuelto_0035.gpkg","runtime-layers-v1","layers__medio_fisico__geologia_normalizada_disuelto__tiles__tiles__geologia_normalizada_disuelto_0035.gpkg",45350912,"https://github.com/JamilRamirez/FABDEM-Watershed-Runtime/releases/download/runtime-layers-v1/layers__medio_fisico__geologia_normalizada_disuelto__tiles__tiles__geologia_normalizada_disuelto_0035.gpkg"
"layers/medio_fisico/geologia_normalizada_disuelto__tiles/tiles/geologia_normalizada_disuelto_0036.gpkg","runtime-layers-v1","layers__medio_fisico__geologia_normalizada_disuelto__tiles__tiles__geologia_normalizada_disuelto_0036.gpkg",14999552,"https://github.com/JamilRamirez/FABDEM-Watershed-Runtime/releases/download/runtime-layers-v1/layers__medio_fisico__geologia_normalizada_disuelto__tiles__tiles__geologia_normalizada_disuelto_0036.gpkg"
"layers/medio_fisico/geologia_normalizada_disuelto__tiles/tiles/geologia_normalizada_disuelto_0037.gpkg","runtime-layers-v1","layers__medio_fisico__geologia_normalizada_disuelto__tiles__tiles__geologia_normalizada_disuelto_0037.gpkg",20197376,"https://github.com/JamilRamirez/FABDEM-Watershed-Runtime/releases/download/runtime-layers-v1/layers__medio_fisico__geologia_normalizada_disuelto__tiles__tiles__geologia_normalizada_disuelto_0037.gpkg"
"layers/medio_fisico/geologia_normalizada_disuelto__tiles/tiles/geologia_normalizada_disuelto_0038.gpkg","runtime-layers-v1","layers__medio_fisico__geologia_normalizada_disuelto__tiles__tiles__geologia_normalizada_disuelto_0038.gpkg",24887296,"https://github.com/JamilRamirez/FABDEM-Watershed-Runtime/releases/download/runtime-layers-v1/layers__medio_fisico__geologia_normalizada_disuelto__tiles__tiles__geologia_normalizada_disuelto_0038.gpkg"
"layers/medio_fisico/geologia_normalizada_disuelto__tiles/tiles/geologia_normalizada_disuelto_0039.gpkg","runtime-layers-v1","layers__medio_fisico__geologia_normalizada_disuelto__tiles__tiles__geologia_normalizada_disuelto_0039.gpkg",17354752,"https://github.com/JamilRamirez/FABDEM-Watershed-Runtime/releases/download/runtime-layers-v1/layers__medio_fisico__geologia_normalizada_disuelto__tiles__tiles__geologia_normalizada_disuelto_0039.gpkg"
"layers/medio_fisico/geologia_normalizada_disuelto__tiles/tiles/geologia_normalizada_disuelto_0040.gpkg","runtime-layers-v1","layers__medio_fisico__geologia_normalizada_disuelto__tiles__tiles__geologia_normalizada_disuelto_0040.gpkg",17842176,"https://github.com/JamilRamirez/FABDEM-Watershed-Runtime/releases/download/runtime-layers-v1/layers__medio_fisico__geologia_normalizada_disuelto__tiles__tiles__geologia_normalizada_disuelto_0040.gpkg"
"layers/medio_fisico/geologia_normalizada_disuelto__tiles/tiles/geologia_normalizada_disuelto_0041.gpkg","runtime-layers-v1","layers__medio_fisico__geologia_normalizada_disuelto__tiles__tiles__geologia_normalizada_disuelto_0041.gpkg",12222464,"https://github.com/JamilRamirez/FABDEM-Watershed-Runtime/releases/download/runtime-layers-v1/layers__medio_fisico__geologia_normalizada_disuelto__tiles__tiles__geologia_normalizada_disuelto_0041.gpkg"
"layers/medio_fisico/geologia_normalizada_disuelto__tiles/tiles/geologia_normalizada_disuelto_0042.gpkg","runtime-layers-v1","layers__medio_fisico__geologia_normalizada_disuelto__tiles__tiles__geologia_normalizada_disuelto_0042.gpkg",18153472,"https://github.com/JamilRamirez/FABDEM-Watershed-Runtime/releases/download/runtime-layers-v1/layers__medio_fisico__geologia_normalizada_disuelto__tiles__tiles__geologia_normalizada_disuelto_0042.gpkg"
"layers/medio_fisico/geologia_normalizada_disuelto__tiles/tiles/geologia_normalizada_disuelto_0043.gpkg","runtime-layers-v1","layers__medio_fisico__geologia_normalizada_disuelto__tiles__tiles__geologia_normalizada_disuelto_0043.gpkg",9179136,"https://github.com/JamilRamirez/FABDEM-Watershed-Runtime/releases/download/runtime-layers-v1/layers__medio_fisico__geologia_normalizada_disuelto__tiles__tiles__geologia_normalizada_disuelto_0043.gpkg"
"layers/medio_fisico/geologia_normalizada_disuelto__tiles/tiles/geologia_normalizada_disuelto_0044.gpkg","runtime-layers-v1","layers__medio_fisico__geologia_normalizada_disuelto__tiles__tiles__geologia_normalizada_disuelto_0044.gpkg",19566592,"https://github.com/JamilRamirez/FABDEM-Watershed-Runtime/releases/download/runtime-layers-v1/layers__medio_fisico__geologia_normalizada_disuelto__tiles__tiles__geologia_normalizada_disuelto_0044.gpkg"
"layers/medio_fisico/geologia_normalizada_disuelto__tiles/tiles/geologia_normalizada_disuelto_0045.gpkg","runtime-layers-v1","layers__medio_fisico__geologia_normalizada_disuelto__tiles__tiles__geologia_normalizada_disuelto_0045.gpkg",14077952,"https://github.com/JamilRamirez/FABDEM-Watershed-Runtime/releases/download/runtime-layers-v1/layers__medio_fisico__geologia_normalizada_disuelto__tiles__tiles__geologia_normalizada_disuelto_0045.gpkg"
"layers/medio_fisico/geologia_normalizada_disuelto__tiles/tiles/geologia_normalizada_disuelto_0046.gpkg","runtime-layers-v1","layers__medio_fisico__geologia_normalizada_disuelto__tiles__tiles__geologia_normalizada_disuelto_0046.gpkg",3244032,"https://github.com/JamilRamirez/FABDEM-Watershed-Runtime/releases/download/runtime-layers-v1/layers__medio_fisico__geologia_normalizada_disuelto__tiles__tiles__geologia_normalizada_disuelto_0046.gpkg"
"layers/medio_fisico/geologia_normalizada_disuelto__tiles/tiles/geologia_normalizada_disuelto_0047.gpkg","runtime-layers-v1","layers__medio_fisico__geologia_normalizada_disuelto__tiles__tiles__geologia_normalizada_disuelto_0047.gpkg",34582528,"https://github.com/JamilRamirez/FABDEM-Watershed-Runtime/releases/download/runtime-layers-v1/layers__medio_fisico__geologia_normalizada_disuelto__tiles__tiles__geologia_normalizada_disuelto_0047.gpkg"
"layers/medio_fisico/geologia_normalizada_disuelto__tiles/tiles/geologia_normalizada_disuelto_0048.gpkg","runtime-layers-v1","layers__medio_fisico__geologia_normalizada_disuelto__tiles__tiles__geologia_normalizada_disuelto_0048.gpkg",13594624,"https://github.com/JamilRamirez/FABDEM-Watershed-Runtime/releases/download/runtime-layers-v1/layers__medio_fisico__geologia_normalizada_disuelto__tiles__tiles__geologia_normalizada_disuelto_0048.gpkg"
"layers/medio_fisico/geologia_normalizada_disuelto__tiles/tiles/geologia_normalizada_disuelto_0049.gpkg","runtime-layers-v1","layers__medio_fisico__geologia_normalizada_disuelto__tiles__tiles__geologia_normalizada_disuelto_0049.gpkg",20873216,"https://github.com/JamilRamirez/FABDEM-Watershed-Runtime/releases/download/runtime-layers-v1/layers__medio_fisico__geologia_normalizada_disuelto__tiles__tiles__geologia_normalizada_disuelto_0049.gpkg"
"layers/medio_fisico/geologia_normalizada_disuelto__tiles/tiles/geologia_normalizada_disuelto_0050.gpkg","runtime-layers-v1","layers__medio_fisico__geologia_normalizada_disuelto__tiles__tiles__geologia_normalizada_disuelto_0050.gpkg",18264064,"https://github.com/JamilRamirez/FABDEM-Watershed-Runtime/releases/download/runtime-layers-v1/layers__medio_fisico__geologia_normalizada_disuelto__tiles__tiles__geologia_normalizada_disuelto_0050.gpkg"
"layers/medio_fisico/geologia_normalizada_disuelto__tiles/tiles/geologia_normalizada_disuelto_0051.gpkg","runtime-layers-v1","layers__medio_fisico__geologia_normalizada_disuelto__tiles__tiles__geologia_normalizada_disuelto_0051.gpkg",18751488,"https://github.com/JamilRamirez/FABDEM-Watershed-Runtime/releases/download/runtime-layers-v1/layers__medio_fisico__geologia_normalizada_disuelto__tiles__tiles__geologia_normalizada_disuelto_0051.gpkg"
"layers/medio_fisico/geologia_normalizada_disuelto__tiles/tiles/geologia_normalizada_disuelto_0052.gpkg","runtime-layers-v1","layers__medio_fisico__geologia_normalizada_disuelto__tiles__tiles__geologia_normalizada_disuelto_0052.gpkg",10121216,"https://github.com/JamilRamirez/FABDEM-Watershed-Runtime/releases/download/runtime-layers-v1/layers__medio_fisico__geologia_normalizada_disuelto__tiles__tiles__geologia_normalizada_disuelto_0052.gpkg"
"layers/medio_fisico/geologia_normalizada_disuelto__tiles/tiles/geologia_normalizada_disuelto_0053.gpkg","runtime-layers-v1","layers__medio_fisico__geologia_normalizada_disuelto__tiles__tiles__geologia_normalizada_disuelto_0053.gpkg",14450688,"https://github.com/JamilRamirez/FABDEM-Watershed-Runtime/releases/download/runtime-layers-v1/layers__medio_fisico__geologia_normalizada_disuelto__tiles__tiles__geologia_normalizada_disuelto_0053.gpkg"
"layers/medio_fisico/geologia_normalizada_disuelto__tiles/tiles/geologia_normalizada_disuelto_0054.gpkg","runtime-layers-v1","layers__medio_fisico__geologia_normalizada_disuelto__tiles__tiles__geologia_normalizada_disuelto_0054.gpkg",13361152,"https://github.com/JamilRamirez/FABDEM-Watershed-Runtime/releases/download/runtime-layers-v1/layers__medio_fisico__geologia_normalizada_disuelto__tiles__tiles__geologia_normalizada_disuelto_0054.gpkg"
"layers/medio_fisico/geologia_normalizada_disuelto__tiles/tiles/geologia_normalizada_disuelto_0055.gpkg","runtime-layers-v1","layers__medio_fisico__geologia_normalizada_disuelto__tiles__tiles__geologia_normalizada_disuelto_0055.gpkg",19963904,"https://github.com/JamilRamirez/FABDEM-Watershed-Runtime/releases/download/runtime-layers-v1/layers__medio_fisico__geologia_normalizada_disuelto__tiles__tiles__geologia_normalizada_disuelto_0055.gpkg"
"layers/medio_fisico/geologia_normalizada_disuelto__tiles/tiles/geologia_normalizada_disuelto_0056.gpkg","runtime-layers-v1","layers__medio_fisico__geologia_normalizada_disuelto__tiles__tiles__geologia_normalizada_disuelto_0056.gpkg",33320960,"https://github.com/JamilRamirez/FABDEM-Watershed-Runtime/releases/download/runtime-layers-v1/layers__medio_fisico__geologia_normalizada_disuelto__tiles__tiles__geologia_normalizada_disuelto_0056.gpkg"
"layers/medio_fisico/geologia_normalizada_disuelto__tiles/tiles/geologia_normalizada_disuelto_0057.gpkg","runtime-layers-v1","layers__medio_fisico__geologia_normalizada_disuelto__tiles__tiles__geologia_normalizada_disuelto_0057.gpkg",5558272,"https://github.com/JamilRamirez/FABDEM-Watershed-Runtime/releases/download/runtime-layers-v1/layers__medio_fisico__geologia_normalizada_disuelto__tiles__tiles__geologia_normalizada_disuelto_0057.gpkg"
"layers/medio_fisico/geologia_normalizada_disuelto__tiles/tiles/geologia_normalizada_disuelto_0058.gpkg","runtime-layers-v1","layers__medio_fisico__geologia_normalizada_disuelto__tiles__tiles__geologia_normalizada_disuelto_0058.gpkg",98304,"https://github.com/JamilRamirez/FABDEM-Watershed-Runtime/releases/download/runtime-layers-v1/layers__medio_fisico__geologia_normalizada_disuelto__tiles__tiles__geologia_normalizada_disuelto_0058.gpkg"
"layers/medio_fisico/geologia_normalizada_disuelto__tiles/tiles/geologia_normalizada_disuelto_0059.gpkg","runtime-layers-v1","layers__medio_fisico__geologia_normalizada_disuelto__tiles__tiles__geologia_normalizada_disuelto_0059.gpkg",2838528,"https://github.com/JamilRamirez/FABDEM-Watershed-Runtime/releases/download/runtime-layers-v1/layers__medio_fisico__geologia_normalizada_disuelto__tiles__tiles__geologia_normalizada_disuelto_0059.gpkg"
"layers/medio_fisico/geologia_normalizada_disuelto__tiles/tiles/geologia_normalizada_disuelto_0060.gpkg","runtime-layers-v1","layers__medio_fisico__geologia_normalizada_disuelto__tiles__tiles__geologia_normalizada_disuelto_0060.gpkg",29487104,"https://github.com/JamilRamirez/FABDEM-Watershed-Runtime/releases/download/runtime-layers-v1/layers__medio_fisico__geologia_normalizada_disuelto__tiles__tiles__geologia_normalizada_disuelto_0060.gpkg"
"layers/medio_fisico/geologia_normalizada_disuelto__tiles/tiles/geologia_normalizada_disuelto_0061.gpkg","runtime-layers-v1","layers__medio_fisico__geologia_normalizada_disuelto__tiles__tiles__geologia_normalizada_disuelto_0061.gpkg",16388096,"https://github.com/JamilRamirez/FABDEM-Watershed-Runtime/releases/download/runtime-layers-v1/layers__medio_fisico__geologia_normalizada_disuelto__tiles__tiles__geologia_normalizada_disuelto_0061.gpkg"
"layers/medio_fisico/geologia_normalizada_disuelto__tiles/tiles/geologia_normalizada_disuelto_0062.gpkg","runtime-layers-v1","layers__medio_fisico__geologia_normalizada_disuelto__tiles__tiles__geologia_normalizada_disuelto_0062.gpkg",3502080,"https://github.com/JamilRamirez/FABDEM-Watershed-Runtime/releases/download/runtime-layers-v1/layers__medio_fisico__geologia_normalizada_disuelto__tiles__tiles__geologia_normalizada_disuelto_0062.gpkg"
"layers/medio_fisico/geomorfologia_normalizada_disuelto__tiles/index.gpkg","runtime-layers-v1","layers__medio_fisico__geomorfologia_normalizada_disuelto__tiles__index.gpkg",122880,"https://github.com/JamilRamirez/FABDEM-Watershed-Runtime/releases/download/runtime-layers-v1/layers__medio_fisico__geomorfologia_normalizada_disuelto__tiles__index.gpkg"
"layers/medio_fisico/geomorfologia_normalizada_disuelto__tiles/tiles/geomorfologia_normalizada_disuelto_0001.gpkg","runtime-layers-v1","layers__medio_fisico__geomorfologia_normalizada_disuelto__tiles__tiles__geomorfologia_normalizada_disuelto_0001.gpkg",266240,"https://github.com/JamilRamirez/FABDEM-Watershed-Runtime/releases/download/runtime-layers-v1/layers__medio_fisico__geomorfologia_normalizada_disuelto__tiles__tiles__geomorfologia_normalizada_disuelto_0001.gpkg"
"layers/medio_fisico/geomorfologia_normalizada_disuelto__tiles/tiles/geomorfologia_normalizada_disuelto_0002.gpkg","runtime-layers-v1","layers__medio_fisico__geomorfologia_normalizada_disuelto__tiles__tiles__geomorfologia_normalizada_disuelto_0002.gpkg",40460288,"https://github.com/JamilRamirez/FABDEM-Watershed-Runtime/releases/download/runtime-layers-v1/layers__medio_fisico__geomorfologia_normalizada_disuelto__tiles__tiles__geomorfologia_normalizada_disuelto_0002.gpkg"
"layers/medio_fisico/geomorfologia_normalizada_disuelto__tiles/tiles/geomorfologia_normalizada_disuelto_0003.gpkg","runtime-layers-v1","layers__medio_fisico__geomorfologia_normalizada_disuelto__tiles__tiles__geomorfologia_normalizada_disuelto_0003.gpkg",32456704,"https://github.com/JamilRamirez/FABDEM-Watershed-Runtime/releases/download/runtime-layers-v1/layers__medio_fisico__geomorfologia_normalizada_disuelto__tiles__tiles__geomorfologia_normalizada_disuelto_0003.gpkg"
"layers/medio_fisico/geomorfologia_normalizada_disuelto__tiles/tiles/geomorfologia_normalizada_disuelto_0004.gpkg","runtime-layers-v1","layers__medio_fisico__geomorfologia_normalizada_disuelto__tiles__tiles__geomorfologia_normalizada_disuelto_0004.gpkg",36745216,"https://github.com/JamilRamirez/FABDEM-Watershed-Runtime/releases/download/runtime-layers-v1/layers__medio_fisico__geomorfologia_normalizada_disuelto__tiles__tiles__geomorfologia_normalizada_disuelto_0004.gpkg"
"layers/medio_fisico/geomorfologia_normalizada_disuelto__tiles/tiles/geomorfologia_normalizada_disuelto_0005.gpkg","runtime-layers-v1","layers__medio_fisico__geomorfologia_normalizada_disuelto__tiles__tiles__geomorfologia_normalizada_disuelto_0005.gpkg",52355072,"https://github.com/JamilRamirez/FABDEM-Watershed-Runtime/releases/download/runtime-layers-v1/layers__medio_fisico__geomorfologia_normalizada_disuelto__tiles__tiles__geomorfologia_normalizada_disuelto_0005.gpkg"
"layers/medio_fisico/geomorfologia_normalizada_disuelto__tiles/tiles/geomorfologia_normalizada_disuelto_0006.gpkg","runtime-layers-v1","layers__medio_fisico__geomorfologia_normalizada_disuelto__tiles__tiles__geomorfologia_normalizada_disuelto_0006.gpkg",36610048,"https://github.com/JamilRamirez/FABDEM-Watershed-Runtime/releases/download/runtime-layers-v1/layers__medio_fisico__geomorfologia_normalizada_disuelto__tiles__tiles__geomorfologia_normalizada_disuelto_0006.gpkg"
"layers/medio_fisico/geomorfologia_normalizada_disuelto__tiles/tiles/geomorfologia_normalizada_disuelto_0007.gpkg","runtime-layers-v1","layers__medio_fisico__geomorfologia_normalizada_disuelto__tiles__tiles__geomorfologia_normalizada_disuelto_0007.gpkg",1703936,"https://github.com/JamilRamirez/FABDEM-Watershed-Runtime/releases/download/runtime-layers-v1/layers__medio_fisico__geomorfologia_normalizada_disuelto__tiles__tiles__geomorfologia_normalizada_disuelto_0007.gpkg"
"layers/medio_fisico/geomorfologia_normalizada_disuelto__tiles/tiles/geomorfologia_normalizada_disuelto_0008.gpkg","runtime-layers-v1","layers__medio_fisico__geomorfologia_normalizada_disuelto__tiles__tiles__geomorfologia_normalizada_disuelto_0008.gpkg",35696640,"https://github.com/JamilRamirez/FABDEM-Watershed-Runtime/releases/download/runtime-layers-v1/layers__medio_fisico__geomorfologia_normalizada_disuelto__tiles__tiles__geomorfologia_normalizada_disuelto_0008.gpkg"
"layers/medio_fisico/geomorfologia_normalizada_disuelto__tiles/tiles/geomorfologia_normalizada_disuelto_0009.gpkg","runtime-layers-v1","layers__medio_fisico__geomorfologia_normalizada_disuelto__tiles__tiles__geomorfologia_normalizada_disuelto_0009.gpkg",44756992,"https://github.com/JamilRamirez/FABDEM-Watershed-Runtime/releases/download/runtime-layers-v1/layers__medio_fisico__geomorfologia_normalizada_disuelto__tiles__tiles__geomorfologia_normalizada_disuelto_0009.gpkg"
"layers/medio_fisico/geomorfologia_normalizada_disuelto__tiles/tiles/geomorfologia_normalizada_disuelto_0010.gpkg","runtime-layers-v1","layers__medio_fisico__geomorfologia_normalizada_disuelto__tiles__tiles__geomorfologia_normalizada_disuelto_0010.gpkg",24965120,"https://github.com/JamilRamirez/FABDEM-Watershed-Runtime/releases/download/runtime-layers-v1/layers__medio_fisico__geomorfologia_normalizada_disuelto__tiles__tiles__geomorfologia_normalizada_disuelto_0010.gpkg"
"layers/medio_fisico/geomorfologia_normalizada_disuelto__tiles/tiles/geomorfologia_normalizada_disuelto_0011.gpkg","runtime-layers-v1","layers__medio_fisico__geomorfologia_normalizada_disuelto__tiles__tiles__geomorfologia_normalizada_disuelto_0011.gpkg",9781248,"https://github.com/JamilRamirez/FABDEM-Watershed-Runtime/releases/download/runtime-layers-v1/layers__medio_fisico__geomorfologia_normalizada_disuelto__tiles__tiles__geomorfologia_normalizada_disuelto_0011.gpkg"
"layers/medio_fisico/geomorfologia_normalizada_disuelto__tiles/tiles/geomorfologia_normalizada_disuelto_0012.gpkg","runtime-layers-v1","layers__medio_fisico__geomorfologia_normalizada_disuelto__tiles__tiles__geomorfologia_normalizada_disuelto_0012.gpkg",11923456,"https://github.com/JamilRamirez/FABDEM-Watershed-Runtime/releases/download/runtime-layers-v1/layers__medio_fisico__geomorfologia_normalizada_disuelto__tiles__tiles__geomorfologia_normalizada_disuelto_0012.gpkg"
"layers/medio_fisico/geomorfologia_normalizada_disuelto__tiles/tiles/geomorfologia_normalizada_disuelto_0013.gpkg","runtime-layers-v1","layers__medio_fisico__geomorfologia_normalizada_disuelto__tiles__tiles__geomorfologia_normalizada_disuelto_0013.gpkg",19447808,"https://github.com/JamilRamirez/FABDEM-Watershed-Runtime/releases/download/runtime-layers-v1/layers__medio_fisico__geomorfologia_normalizada_disuelto__tiles__tiles__geomorfologia_normalizada_disuelto_0013.gpkg"
"layers/medio_fisico/geomorfologia_normalizada_disuelto__tiles/tiles/geomorfologia_normalizada_disuelto_0014.gpkg","runtime-layers-v1","layers__medio_fisico__geomorfologia_normalizada_disuelto__tiles__tiles__geomorfologia_normalizada_disuelto_0014.gpkg",37744640,"https://github.com/JamilRamirez/FABDEM-Watershed-Runtime/releases/download/runtime-layers-v1/layers__medio_fisico__geomorfologia_normalizada_disuelto__tiles__tiles__geomorfologia_normalizada_disuelto_0014.gpkg"
"layers/medio_fisico/geomorfologia_normalizada_disuelto__tiles/tiles/geomorfologia_normalizada_disuelto_0015.gpkg","runtime-layers-v1","layers__medio_fisico__geomorfologia_normalizada_disuelto__tiles__tiles__geomorfologia_normalizada_disuelto_0015.gpkg",12562432,"https://github.com/JamilRamirez/FABDEM-Watershed-Runtime/releases/download/runtime-layers-v1/layers__medio_fisico__geomorfologia_normalizada_disuelto__tiles__tiles__geomorfologia_normalizada_disuelto_0015.gpkg"
"layers/medio_fisico/geomorfologia_normalizada_disuelto__tiles/tiles/geomorfologia_normalizada_disuelto_0016.gpkg","runtime-layers-v1","layers__medio_fisico__geomorfologia_normalizada_disuelto__tiles__tiles__geomorfologia_normalizada_disuelto_0016.gpkg",11681792,"https://github.com/JamilRamirez/FABDEM-Watershed-Runtime/releases/download/runtime-layers-v1/layers__medio_fisico__geomorfologia_normalizada_disuelto__tiles__tiles__geomorfologia_normalizada_disuelto_0016.gpkg"
"layers/medio_fisico/geomorfologia_normalizada_disuelto__tiles/tiles/geomorfologia_normalizada_disuelto_0017.gpkg","runtime-layers-v1","layers__medio_fisico__geomorfologia_normalizada_disuelto__tiles__tiles__geomorfologia_normalizada_disuelto_0017.gpkg",19140608,"https://github.com/JamilRamirez/FABDEM-Watershed-Runtime/releases/download/runtime-layers-v1/layers__medio_fisico__geomorfologia_normalizada_disuelto__tiles__tiles__geomorfologia_normalizada_disuelto_0017.gpkg"
"layers/medio_fisico/geomorfologia_normalizada_disuelto__tiles/tiles/geomorfologia_normalizada_disuelto_0018.gpkg","runtime-layers-v1","layers__medio_fisico__geomorfologia_normalizada_disuelto__tiles__tiles__geomorfologia_normalizada_disuelto_0018.gpkg",15667200,"https://github.com/JamilRamirez/FABDEM-Watershed-Runtime/releases/download/runtime-layers-v1/layers__medio_fisico__geomorfologia_normalizada_disuelto__tiles__tiles__geomorfologia_normalizada_disuelto_0018.gpkg"
"layers/medio_fisico/geomorfologia_normalizada_disuelto__tiles/tiles/geomorfologia_normalizada_disuelto_0019.gpkg","runtime-layers-v1","layers__medio_fisico__geomorfologia_normalizada_disuelto__tiles__tiles__geomorfologia_normalizada_disuelto_0019.gpkg",14700544,"https://github.com/JamilRamirez/FABDEM-Watershed-Runtime/releases/download/runtime-layers-v1/layers__medio_fisico__geomorfologia_normalizada_disuelto__tiles__tiles__geomorfologia_normalizada_disuelto_0019.gpkg"
"layers/medio_fisico/geomorfologia_normalizada_disuelto__tiles/tiles/geomorfologia_normalizada_disuelto_0020.gpkg","runtime-layers-v1","layers__medio_fisico__geomorfologia_normalizada_disuelto__tiles__tiles__geomorfologia_normalizada_disuelto_0020.gpkg",32251904,"https://github.com/JamilRamirez/FABDEM-Watershed-Runtime/releases/download/runtime-layers-v1/layers__medio_fisico__geomorfologia_normalizada_disuelto__tiles__tiles__geomorfologia_normalizada_disuelto_0020.gpkg"
"layers/medio_fisico/geomorfologia_normalizada_disuelto__tiles/tiles/geomorfologia_normalizada_disuelto_0021.gpkg","runtime-layers-v1","layers__medio_fisico__geomorfologia_normalizada_disuelto__tiles__tiles__geomorfologia_normalizada_disuelto_0021.gpkg",14192640,"https://github.com/JamilRamirez/FABDEM-Watershed-Runtime/releases/download/runtime-layers-v1/layers__medio_fisico__geomorfologia_normalizada_disuelto__tiles__tiles__geomorfologia_normalizada_disuelto_0021.gpkg"
"layers/medio_fisico/geomorfologia_normalizada_disuelto__tiles/tiles/geomorfologia_normalizada_disuelto_0022.gpkg","runtime-layers-v1","layers__medio_fisico__geomorfologia_normalizada_disuelto__tiles__tiles__geomorfologia_normalizada_disuelto_0022.gpkg",20041728,"https://github.com/JamilRamirez/FABDEM-Watershed-Runtime/releases/download/runtime-layers-v1/layers__medio_fisico__geomorfologia_normalizada_disuelto__tiles__tiles__geomorfologia_normalizada_disuelto_0022.gpkg"
"layers/medio_fisico/geomorfologia_normalizada_disuelto__tiles/tiles/geomorfologia_normalizada_disuelto_0023.gpkg","runtime-layers-v1","layers__medio_fisico__geomorfologia_normalizada_disuelto__tiles__tiles__geomorfologia_normalizada_disuelto_0023.gpkg",4132864,"https://github.com/JamilRamirez/FABDEM-Watershed-Runtime/releases/download/runtime-layers-v1/layers__medio_fisico__geomorfologia_normalizada_disuelto__tiles__tiles__geomorfologia_normalizada_disuelto_0023.gpkg"
"layers/medio_fisico/geomorfologia_normalizada_disuelto__tiles/tiles/geomorfologia_normalizada_disuelto_0024.gpkg","runtime-layers-v1","layers__medio_fisico__geomorfologia_normalizada_disuelto__tiles__tiles__geomorfologia_normalizada_disuelto_0024.gpkg",3280896,"https://github.com/JamilRamirez/FABDEM-Watershed-Runtime/releases/download/runtime-layers-v1/layers__medio_fisico__geomorfologia_normalizada_disuelto__tiles__tiles__geomorfologia_normalizada_disuelto_0024.gpkg"
"layers/medio_fisico/geomorfologia_normalizada_disuelto__tiles/tiles/geomorfologia_normalizada_disuelto_0025.gpkg","runtime-layers-v1","layers__medio_fisico__geomorfologia_normalizada_disuelto__tiles__tiles__geomorfologia_normalizada_disuelto_0025.gpkg",28852224,"https://github.com/JamilRamirez/FABDEM-Watershed-Runtime/releases/download/runtime-layers-v1/layers__medio_fisico__geomorfologia_normalizada_disuelto__tiles__tiles__geomorfologia_normalizada_disuelto_0025.gpkg"
"layers/medio_fisico/geomorfologia_normalizada_disuelto__tiles/tiles/geomorfologia_normalizada_disuelto_0026.gpkg","runtime-layers-v1","layers__medio_fisico__geomorfologia_normalizada_disuelto__tiles__tiles__geomorfologia_normalizada_disuelto_0026.gpkg",17448960,"https://github.com/JamilRamirez/FABDEM-Watershed-Runtime/releases/download/runtime-layers-v1/layers__medio_fisico__geomorfologia_normalizada_disuelto__tiles__tiles__geomorfologia_normalizada_disuelto_0026.gpkg"
"layers/medio_fisico/geomorfologia_normalizada_disuelto__tiles/tiles/geomorfologia_normalizada_disuelto_0027.gpkg","runtime-layers-v1","layers__medio_fisico__geomorfologia_normalizada_disuelto__tiles__tiles__geomorfologia_normalizada_disuelto_0027.gpkg",12836864,"https://github.com/JamilRamirez/FABDEM-Watershed-Runtime/releases/download/runtime-layers-v1/layers__medio_fisico__geomorfologia_normalizada_disuelto__tiles__tiles__geomorfologia_normalizada_disuelto_0027.gpkg"
"layers/medio_fisico/geomorfologia_normalizada_disuelto__tiles/tiles/geomorfologia_normalizada_disuelto_0028.gpkg","runtime-layers-v1","layers__medio_fisico__geomorfologia_normalizada_disuelto__tiles__tiles__geomorfologia_normalizada_disuelto_0028.gpkg",51200000,"https://github.com/JamilRamirez/FABDEM-Watershed-Runtime/releases/download/runtime-layers-v1/layers__medio_fisico__geomorfologia_normalizada_disuelto__tiles__tiles__geomorfologia_normalizada_disuelto_0028.gpkg"
"layers/medio_fisico/geomorfologia_normalizada_disuelto__tiles/tiles/geomorfologia_normalizada_disuelto_0029.gpkg","runtime-layers-v1","layers__medio_fisico__geomorfologia_normalizada_disuelto__tiles__tiles__geomorfologia_normalizada_disuelto_0029.gpkg",14794752,"https://github.com/JamilRamirez/FABDEM-Watershed-Runtime/releases/download/runtime-layers-v1/layers__medio_fisico__geomorfologia_normalizada_disuelto__tiles__tiles__geomorfologia_normalizada_disuelto_0029.gpkg"
"layers/medio_fisico/geomorfologia_normalizada_disuelto__tiles/tiles/geomorfologia_normalizada_disuelto_0030.gpkg","runtime-layers-v1","layers__medio_fisico__geomorfologia_normalizada_disuelto__tiles__tiles__geomorfologia_normalizada_disuelto_0030.gpkg",32301056,"https://github.com/JamilRamirez/FABDEM-Watershed-Runtime/releases/download/runtime-layers-v1/layers__medio_fisico__geomorfologia_normalizada_disuelto__tiles__tiles__geomorfologia_normalizada_disuelto_0030.gpkg"
"layers/medio_fisico/geomorfologia_normalizada_disuelto__tiles/tiles/geomorfologia_normalizada_disuelto_0031.gpkg","runtime-layers-v1","layers__medio_fisico__geomorfologia_normalizada_disuelto__tiles__tiles__geomorfologia_normalizada_disuelto_0031.gpkg",4149248,"https://github.com/JamilRamirez/FABDEM-Watershed-Runtime/releases/download/runtime-layers-v1/layers__medio_fisico__geomorfologia_normalizada_disuelto__tiles__tiles__geomorfologia_normalizada_disuelto_0031.gpkg"
"layers/medio_fisico/geomorfologia_normalizada_disuelto__tiles/tiles/geomorfologia_normalizada_disuelto_0032.gpkg","runtime-layers-v1","layers__medio_fisico__geomorfologia_normalizada_disuelto__tiles__tiles__geomorfologia_normalizada_disuelto_0032.gpkg",7868416,"https://github.com/JamilRamirez/FABDEM-Watershed-Runtime/releases/download/runtime-layers-v1/layers__medio_fisico__geomorfologia_normalizada_disuelto__tiles__tiles__geomorfologia_normalizada_disuelto_0032.gpkg"
"layers/medio_fisico/geomorfologia_normalizada_disuelto__tiles/tiles/geomorfologia_normalizada_disuelto_0033.gpkg","runtime-layers-v1","layers__medio_fisico__geomorfologia_normalizada_disuelto__tiles__tiles__geomorfologia_normalizada_disuelto_0033.gpkg",479232,"https://github.com/JamilRamirez/FABDEM-Watershed-Runtime/releases/download/runtime-layers-v1/layers__medio_fisico__geomorfologia_normalizada_disuelto__tiles__tiles__geomorfologia_normalizada_disuelto_0033.gpkg"
"layers/medio_fisico/geomorfologia_normalizada_disuelto__tiles/tiles/geomorfologia_normalizada_disuelto_0034.gpkg","runtime-layers-v1","layers__medio_fisico__geomorfologia_normalizada_disuelto__tiles__tiles__geomorfologia_normalizada_disuelto_0034.gpkg",18653184,"https://github.com/JamilRamirez/FABDEM-Watershed-Runtime/releases/download/runtime-layers-v1/layers__medio_fisico__geomorfologia_normalizada_disuelto__tiles__tiles__geomorfologia_normalizada_disuelto_0034.gpkg"
"layers/medio_fisico/geomorfologia_normalizada_disuelto__tiles/tiles/geomorfologia_normalizada_disuelto_0035.gpkg","runtime-layers-v1","layers__medio_fisico__geomorfologia_normalizada_disuelto__tiles__tiles__geomorfologia_normalizada_disuelto_0035.gpkg",13631488,"https://github.com/JamilRamirez/FABDEM-Watershed-Runtime/releases/download/runtime-layers-v1/layers__medio_fisico__geomorfologia_normalizada_disuelto__tiles__tiles__geomorfologia_normalizada_disuelto_0035.gpkg"
"layers/medio_fisico/geomorfologia_normalizada_disuelto__tiles/tiles/geomorfologia_normalizada_disuelto_0036.gpkg","runtime-layers-v1","layers__medio_fisico__geomorfologia_normalizada_disuelto__tiles__tiles__geomorfologia_normalizada_disuelto_0036.gpkg",29655040,"https://github.com/JamilRamirez/FABDEM-Watershed-Runtime/releases/download/runtime-layers-v1/layers__medio_fisico__geomorfologia_normalizada_disuelto__tiles__tiles__geomorfologia_normalizada_disuelto_0036.gpkg"
"layers/medio_fisico/geomorfologia_normalizada_disuelto__tiles/tiles/geomorfologia_normalizada_disuelto_0037.gpkg","runtime-layers-v1","layers__medio_fisico__geomorfologia_normalizada_disuelto__tiles__tiles__geomorfologia_normalizada_disuelto_0037.gpkg",22851584,"https://github.com/JamilRamirez/FABDEM-Watershed-Runtime/releases/download/runtime-layers-v1/layers__medio_fisico__geomorfologia_normalizada_disuelto__tiles__tiles__geomorfologia_normalizada_disuelto_0037.gpkg"
"layers/medio_fisico/geomorfologia_normalizada_disuelto__tiles/tiles/geomorfologia_normalizada_disuelto_0038.gpkg","runtime-layers-v1","layers__medio_fisico__geomorfologia_normalizada_disuelto__tiles__tiles__geomorfologia_normalizada_disuelto_0038.gpkg",6303744,"https://github.com/JamilRamirez/FABDEM-Watershed-Runtime/releases/download/runtime-layers-v1/layers__medio_fisico__geomorfologia_normalizada_disuelto__tiles__tiles__geomorfologia_normalizada_disuelto_0038.gpkg"
"layers/medio_fisico/geomorfologia_normalizada_disuelto__tiles/tiles/geomorfologia_normalizada_disuelto_0039.gpkg","runtime-layers-v1","layers__medio_fisico__geomorfologia_normalizada_disuelto__tiles__tiles__geomorfologia_normalizada_disuelto_0039.gpkg",15568896,"https://github.com/JamilRamirez/FABDEM-Watershed-Runtime/releases/download/runtime-layers-v1/layers__medio_fisico__geomorfologia_normalizada_disuelto__tiles__tiles__geomorfologia_normalizada_disuelto_0039.gpkg"
"layers/medio_fisico/geomorfologia_normalizada_disuelto__tiles/tiles/geomorfologia_normalizada_disuelto_0040.gpkg","runtime-layers-v1","layers__medio_fisico__geomorfologia_normalizada_disuelto__tiles__tiles__geomorfologia_normalizada_disuelto_0040.gpkg",8654848,"https://github.com/JamilRamirez/FABDEM-Watershed-Runtime/releases/download/runtime-layers-v1/layers__medio_fisico__geomorfologia_normalizada_disuelto__tiles__tiles__geomorfologia_normalizada_disuelto_0040.gpkg"
"layers/medio_fisico/geomorfologia_normalizada_disuelto__tiles/tiles/geomorfologia_normalizada_disuelto_0041.gpkg","runtime-layers-v1","layers__medio_fisico__geomorfologia_normalizada_disuelto__tiles__tiles__geomorfologia_normalizada_disuelto_0041.gpkg",24539136,"https://github.com/JamilRamirez/FABDEM-Watershed-Runtime/releases/download/runtime-layers-v1/layers__medio_fisico__geomorfologia_normalizada_disuelto__tiles__tiles__geomorfologia_normalizada_disuelto_0041.gpkg"
"layers/medio_fisico/geomorfologia_normalizada_disuelto__tiles/tiles/geomorfologia_normalizada_disuelto_0042.gpkg","runtime-layers-v1","layers__medio_fisico__geomorfologia_normalizada_disuelto__tiles__tiles__geomorfologia_normalizada_disuelto_0042.gpkg",30130176,"https://github.com/JamilRamirez/FABDEM-Watershed-Runtime/releases/download/runtime-layers-v1/layers__medio_fisico__geomorfologia_normalizada_disuelto__tiles__tiles__geomorfologia_normalizada_disuelto_0042.gpkg"
"layers/medio_fisico/geomorfologia_normalizada_disuelto__tiles/tiles/geomorfologia_normalizada_disuelto_0043.gpkg","runtime-layers-v1","layers__medio_fisico__geomorfologia_normalizada_disuelto__tiles__tiles__geomorfologia_normalizada_disuelto_0043.gpkg",11726848,"https://github.com/JamilRamirez/FABDEM-Watershed-Runtime/releases/download/runtime-layers-v1/layers__medio_fisico__geomorfologia_normalizada_disuelto__tiles__tiles__geomorfologia_normalizada_disuelto_0043.gpkg"
"layers/medio_fisico/geomorfologia_normalizada_disuelto__tiles/tiles/geomorfologia_normalizada_disuelto_0044.gpkg","runtime-layers-v1","layers__medio_fisico__geomorfologia_normalizada_disuelto__tiles__tiles__geomorfologia_normalizada_disuelto_0044.gpkg",25124864,"https://github.com/JamilRamirez/FABDEM-Watershed-Runtime/releases/download/runtime-layers-v1/layers__medio_fisico__geomorfologia_normalizada_disuelto__tiles__tiles__geomorfologia_normalizada_disuelto_0044.gpkg"
"layers/medio_fisico/geomorfologia_normalizada_disuelto__tiles/tiles/geomorfologia_normalizada_disuelto_0045.gpkg","runtime-layers-v1","layers__medio_fisico__geomorfologia_normalizada_disuelto__tiles__tiles__geomorfologia_normalizada_disuelto_0045.gpkg",15069184,"https://github.com/JamilRamirez/FABDEM-Watershed-Runtime/releases/download/runtime-layers-v1/layers__medio_fisico__geomorfologia_normalizada_disuelto__tiles__tiles__geomorfologia_normalizada_disuelto_0045.gpkg"
"layers/medio_fisico/geomorfologia_normalizada_disuelto__tiles/tiles/geomorfologia_normalizada_disuelto_0046.gpkg","runtime-layers-v1","layers__medio_fisico__geomorfologia_normalizada_disuelto__tiles__tiles__geomorfologia_normalizada_disuelto_0046.gpkg",8962048,"https://github.com/JamilRamirez/FABDEM-Watershed-Runtime/releases/download/runtime-layers-v1/layers__medio_fisico__geomorfologia_normalizada_disuelto__tiles__tiles__geomorfologia_normalizada_disuelto_0046.gpkg"
"layers/medio_fisico/geomorfologia_normalizada_disuelto__tiles/tiles/geomorfologia_normalizada_disuelto_0047.gpkg","runtime-layers-v1","layers__medio_fisico__geomorfologia_normalizada_disuelto__tiles__tiles__geomorfologia_normalizada_disuelto_0047.gpkg",40583168,"https://github.com/JamilRamirez/FABDEM-Watershed-Runtime/releases/download/runtime-layers-v1/layers__medio_fisico__geomorfologia_normalizada_disuelto__tiles__tiles__geomorfologia_normalizada_disuelto_0047.gpkg"
"layers/medio_fisico/geomorfologia_normalizada_disuelto__tiles/tiles/geomorfologia_normalizada_disuelto_0048.gpkg","runtime-layers-v1","layers__medio_fisico__geomorfologia_normalizada_disuelto__tiles__tiles__geomorfologia_normalizada_disuelto_0048.gpkg",30351360,"https://github.com/JamilRamirez/FABDEM-Watershed-Runtime/releases/download/runtime-layers-v1/layers__medio_fisico__geomorfologia_normalizada_disuelto__tiles__tiles__geomorfologia_normalizada_disuelto_0048.gpkg"
"layers/medio_fisico/geomorfologia_normalizada_disuelto__tiles/tiles/geomorfologia_normalizada_disuelto_0049.gpkg","runtime-layers-v1","layers__medio_fisico__geomorfologia_normalizada_disuelto__tiles__tiles__geomorfologia_normalizada_disuelto_0049.gpkg",5459968,"https://github.com/JamilRamirez/FABDEM-Watershed-Runtime/releases/download/runtime-layers-v1/layers__medio_fisico__geomorfologia_normalizada_disuelto__tiles__tiles__geomorfologia_normalizada_disuelto_0049.gpkg"
"layers/medio_fisico/geomorfologia_normalizada_disuelto__tiles/tiles/geomorfologia_normalizada_disuelto_0050.gpkg","runtime-layers-v1","layers__medio_fisico__geomorfologia_normalizada_disuelto__tiles__tiles__geomorfologia_normalizada_disuelto_0050.gpkg",9363456,"https://github.com/JamilRamirez/FABDEM-Watershed-Runtime/releases/download/runtime-layers-v1/layers__medio_fisico__geomorfologia_normalizada_disuelto__tiles__tiles__geomorfologia_normalizada_disuelto_0050.gpkg"
"layers/medio_fisico/geomorfologia_normalizada_disuelto__tiles/tiles/geomorfologia_normalizada_disuelto_0051.gpkg","runtime-layers-v1","layers__medio_fisico__geomorfologia_normalizada_disuelto__tiles__tiles__geomorfologia_normalizada_disuelto_0051.gpkg",16207872,"https://github.com/JamilRamirez/FABDEM-Watershed-Runtime/releases/download/runtime-layers-v1/layers__medio_fisico__geomorfologia_normalizada_disuelto__tiles__tiles__geomorfologia_normalizada_disuelto_0051.gpkg"
"layers/medio_fisico/geomorfologia_normalizada_disuelto__tiles/tiles/geomorfologia_normalizada_disuelto_0052.gpkg","runtime-layers-v1","layers__medio_fisico__geomorfologia_normalizada_disuelto__tiles__tiles__geomorfologia_normalizada_disuelto_0052.gpkg",2830336,"https://github.com/JamilRamirez/FABDEM-Watershed-Runtime/releases/download/runtime-layers-v1/layers__medio_fisico__geomorfologia_normalizada_disuelto__tiles__tiles__geomorfologia_normalizada_disuelto_0052.gpkg"
"layers/medio_fisico/hidrogeologia_normalizada_disuelto.gpkg","runtime-layers-v1","layers__medio_fisico__hidrogeologia_normalizada_disuelto.gpkg",21938176,"https://github.com/JamilRamirez/FABDEM-Watershed-Runtime/releases/download/runtime-layers-v1/layers__medio_fisico__hidrogeologia_normalizada_disuelto.gpkg"
"layers/medio_fisico/suelos_normalizada_disuelto.gpkg","runtime-layers-v1","layers__medio_fisico__suelos_normalizada_disuelto.gpkg",2818048,"https://github.com/JamilRamirez/FABDEM-Watershed-Runtime/releases/download/runtime-layers-v1/layers__medio_fisico__suelos_normalizada_disuelto.gpkg"
"posit_data/block_lookup.gpkg","runtime-posit-data-v1","posit_data__block_lookup.gpkg",6164480,"https://github.com/JamilRamirez/FABDEM-Watershed-Runtime/releases/download/runtime-posit-data-v1/posit_data__block_lookup.gpkg"
