"BLOCK_ID","STRIPE_ID","ROW_START","ROW_END","NROWS","NCOLS","REVERSE_FILE","STREAM_FILE","STREAM_CELLS","MAX_GEOM_DELTA_CELLS","STATUS"
"BLOCK_001",1,1,256,256,25200,"index/reverse_stripes/reverse_00001.tif","index/stream_stripes/stream_00001.tif",29251,0,"EXISTS_VALID"
"BLOCK_001",2,257,512,256,25200,"index/reverse_stripes/reverse_00002.tif","index/stream_stripes/stream_00002.tif",33714,0,"EXISTS_VALID"
"BLOCK_001",3,513,768,256,25200,"index/reverse_stripes/reverse_00003.tif","index/stream_stripes/stream_00003.tif",30009,0,"EXISTS_VALID"
"BLOCK_001",4,769,1024,256,25200,"index/reverse_stripes/reverse_00004.tif","index/stream_stripes/stream_00004.tif",34250,0,"EXISTS_VALID"
"BLOCK_001",5,1025,1280,256,25200,"index/reverse_stripes/reverse_00005.tif","index/stream_stripes/stream_00005.tif",32670,0,"EXISTS_VALID"
"BLOCK_001",6,1281,1536,256,25200,"index/reverse_stripes/reverse_00006.tif","index/stream_stripes/stream_00006.tif",32420,0,"EXISTS_VALID"
"BLOCK_001",7,1537,1792,256,25200,"index/reverse_stripes/reverse_00007.tif","index/stream_stripes/stream_00007.tif",29280,0,"EXISTS_VALID"
"BLOCK_001",8,1793,2048,256,25200,"index/reverse_stripes/reverse_00008.tif","index/stream_stripes/stream_00008.tif",31455,0,"EXISTS_VALID"
"BLOCK_001",9,2049,2304,256,25200,"index/reverse_stripes/reverse_00009.tif","index/stream_stripes/stream_00009.tif",28001,0,"EXISTS_VALID"
"BLOCK_001",10,2305,2560,256,25200,"index/reverse_stripes/reverse_00010.tif","index/stream_stripes/stream_00010.tif",34632,0,"EXISTS_VALID"
"BLOCK_001",11,2561,2816,256,25200,"index/reverse_stripes/reverse_00011.tif","index/stream_stripes/stream_00011.tif",30472,0,"EXISTS_VALID"
"BLOCK_001",12,2817,3072,256,25200,"index/reverse_stripes/reverse_00012.tif","index/stream_stripes/stream_00012.tif",32221,0,"EXISTS_VALID"
"BLOCK_001",13,3073,3328,256,25200,"index/reverse_stripes/reverse_00013.tif","index/stream_stripes/stream_00013.tif",32897,0,"EXISTS_VALID"
"BLOCK_001",14,3329,3584,256,25200,"index/reverse_stripes/reverse_00014.tif","index/stream_stripes/stream_00014.tif",30116,0,"EXISTS_VALID"
"BLOCK_001",15,3585,3840,256,25200,"index/reverse_stripes/reverse_00015.tif","index/stream_stripes/stream_00015.tif",50170,0,"EXISTS_VALID"
"BLOCK_001",16,3841,4096,256,25200,"index/reverse_stripes/reverse_00016.tif","index/stream_stripes/stream_00016.tif",47390,0,"EXISTS_VALID"
"BLOCK_001",17,4097,4352,256,25200,"index/reverse_stripes/reverse_00017.tif","index/stream_stripes/stream_00017.tif",41872,0,"EXISTS_VALID"
"BLOCK_001",18,4353,4608,256,25200,"index/reverse_stripes/reverse_00018.tif","index/stream_stripes/stream_00018.tif",48685,0,"EXISTS_VALID"
"BLOCK_001",19,4609,4864,256,25200,"index/reverse_stripes/reverse_00019.tif","index/stream_stripes/stream_00019.tif",51814,0,"EXISTS_VALID"
"BLOCK_001",20,4865,5120,256,25200,"index/reverse_stripes/reverse_00020.tif","index/stream_stripes/stream_00020.tif",46257,0,"EXISTS_VALID"
"BLOCK_001",21,5121,5376,256,25200,"index/reverse_stripes/reverse_00021.tif","index/stream_stripes/stream_00021.tif",49915,0,"EXISTS_VALID"
"BLOCK_001",22,5377,5632,256,25200,"index/reverse_stripes/reverse_00022.tif","index/stream_stripes/stream_00022.tif",42315,0,"EXISTS_VALID"
"BLOCK_001",23,5633,5888,256,25200,"index/reverse_stripes/reverse_00023.tif","index/stream_stripes/stream_00023.tif",50083,0,"EXISTS_VALID"
"BLOCK_001",24,5889,6144,256,25200,"index/reverse_stripes/reverse_00024.tif","index/stream_stripes/stream_00024.tif",46903,0,"EXISTS_VALID"
"BLOCK_001",25,6145,6400,256,25200,"index/reverse_stripes/reverse_00025.tif","index/stream_stripes/stream_00025.tif",42334,0,"EXISTS_VALID"
"BLOCK_001",26,6401,6656,256,25200,"index/reverse_stripes/reverse_00026.tif","index/stream_stripes/stream_00026.tif",49034,0,"EXISTS_VALID"
"BLOCK_001",27,6657,6912,256,25200,"index/reverse_stripes/reverse_00027.tif","index/stream_stripes/stream_00027.tif",49900,0,"EXISTS_VALID"
"BLOCK_001",28,6913,7168,256,25200,"index/reverse_stripes/reverse_00028.tif","index/stream_stripes/stream_00028.tif",45884,0,"EXISTS_VALID"
"BLOCK_001",29,7169,7424,256,25200,"index/reverse_stripes/reverse_00029.tif","index/stream_stripes/stream_00029.tif",40293,0,"EXISTS_VALID"
"BLOCK_001",30,7425,7680,256,25200,"index/reverse_stripes/reverse_00030.tif","index/stream_stripes/stream_00030.tif",37699,0,"EXISTS_VALID"
"BLOCK_001",31,7681,7936,256,25200,"index/reverse_stripes/reverse_00031.tif","index/stream_stripes/stream_00031.tif",39339,0,"EXISTS_VALID"
"BLOCK_001",32,7937,8192,256,25200,"index/reverse_stripes/reverse_00032.tif","index/stream_stripes/stream_00032.tif",39998,0,"EXISTS_VALID"
"BLOCK_001",33,8193,8448,256,25200,"index/reverse_stripes/reverse_00033.tif","index/stream_stripes/stream_00033.tif",40308,0,"EXISTS_VALID"
"BLOCK_001",34,8449,8704,256,25200,"index/reverse_stripes/reverse_00034.tif","index/stream_stripes/stream_00034.tif",41109,0,"EXISTS_VALID"
"BLOCK_001",35,8705,8960,256,25200,"index/reverse_stripes/reverse_00035.tif","index/stream_stripes/stream_00035.tif",40383,0,"EXISTS_VALID"
"BLOCK_001",36,8961,9216,256,25200,"index/reverse_stripes/reverse_00036.tif","index/stream_stripes/stream_00036.tif",42649,0,"EXISTS_VALID"
"BLOCK_001",37,9217,9472,256,25200,"index/reverse_stripes/reverse_00037.tif","index/stream_stripes/stream_00037.tif",47061,0,"EXISTS_VALID"
"BLOCK_001",38,9473,9728,256,25200,"index/reverse_stripes/reverse_00038.tif","index/stream_stripes/stream_00038.tif",43735,0,"EXISTS_VALID"
"BLOCK_001",39,9729,9984,256,25200,"index/reverse_stripes/reverse_00039.tif","index/stream_stripes/stream_00039.tif",43196,0,"EXISTS_VALID"
"BLOCK_001",40,9985,10240,256,25200,"index/reverse_stripes/reverse_00040.tif","index/stream_stripes/stream_00040.tif",42547,0,"EXISTS_VALID"
"BLOCK_001",41,10241,10496,256,25200,"index/reverse_stripes/reverse_00041.tif","index/stream_stripes/stream_00041.tif",42287,0,"EXISTS_VALID"
"BLOCK_001",42,10497,10752,256,25200,"index/reverse_stripes/reverse_00042.tif","index/stream_stripes/stream_00042.tif",40919,0,"EXISTS_VALID"
"BLOCK_001",43,10753,11008,256,25200,"index/reverse_stripes/reverse_00043.tif","index/stream_stripes/stream_00043.tif",32391,0,"EXISTS_VALID"
"BLOCK_001",44,11009,11264,256,25200,"index/reverse_stripes/reverse_00044.tif","index/stream_stripes/stream_00044.tif",27290,0,"EXISTS_VALID"
"BLOCK_001",45,11265,11520,256,25200,"index/reverse_stripes/reverse_00045.tif","index/stream_stripes/stream_00045.tif",30179,0,"EXISTS_VALID"
"BLOCK_001",46,11521,11776,256,25200,"index/reverse_stripes/reverse_00046.tif","index/stream_stripes/stream_00046.tif",31273,0,"EXISTS_VALID"
"BLOCK_001",47,11777,12032,256,25200,"index/reverse_stripes/reverse_00047.tif","index/stream_stripes/stream_00047.tif",28125,0,"EXISTS_VALID"
"BLOCK_001",48,12033,12288,256,25200,"index/reverse_stripes/reverse_00048.tif","index/stream_stripes/stream_00048.tif",28885,0,"EXISTS_VALID"
"BLOCK_001",49,12289,12544,256,25200,"index/reverse_stripes/reverse_00049.tif","index/stream_stripes/stream_00049.tif",29224,0,"EXISTS_VALID"
"BLOCK_001",50,12545,12800,256,25200,"index/reverse_stripes/reverse_00050.tif","index/stream_stripes/stream_00050.tif",25785,0,"EXISTS_VALID"
"BLOCK_001",51,12801,13056,256,25200,"index/reverse_stripes/reverse_00051.tif","index/stream_stripes/stream_00051.tif",26059,0,"EXISTS_VALID"
"BLOCK_001",52,13057,13312,256,25200,"index/reverse_stripes/reverse_00052.tif","index/stream_stripes/stream_00052.tif",28655,0,"EXISTS_VALID"
"BLOCK_001",53,13313,13568,256,25200,"index/reverse_stripes/reverse_00053.tif","index/stream_stripes/stream_00053.tif",23510,0,"EXISTS_VALID"
"BLOCK_001",54,13569,13824,256,25200,"index/reverse_stripes/reverse_00054.tif","index/stream_stripes/stream_00054.tif",23599,0,"EXISTS_VALID"
"BLOCK_001",55,13825,14080,256,25200,"index/reverse_stripes/reverse_00055.tif","index/stream_stripes/stream_00055.tif",23221,0,"EXISTS_VALID"
"BLOCK_001",56,14081,14336,256,25200,"index/reverse_stripes/reverse_00056.tif","index/stream_stripes/stream_00056.tif",24870,0,"EXISTS_VALID"
"BLOCK_001",57,14337,14592,256,25200,"index/reverse_stripes/reverse_00057.tif","index/stream_stripes/stream_00057.tif",16858,0,"EXISTS_VALID"
"BLOCK_001",58,14593,14848,256,25200,"index/reverse_stripes/reverse_00058.tif","index/stream_stripes/stream_00058.tif",18477,0,"EXISTS_VALID"
"BLOCK_001",59,14849,15104,256,25200,"index/reverse_stripes/reverse_00059.tif","index/stream_stripes/stream_00059.tif",15948,0,"EXISTS_VALID"
"BLOCK_001",60,15105,15360,256,25200,"index/reverse_stripes/reverse_00060.tif","index/stream_stripes/stream_00060.tif",17795,0,"EXISTS_VALID"
"BLOCK_001",61,15361,15616,256,25200,"index/reverse_stripes/reverse_00061.tif","index/stream_stripes/stream_00061.tif",19652,0,"EXISTS_VALID"
"BLOCK_001",62,15617,15872,256,25200,"index/reverse_stripes/reverse_00062.tif","index/stream_stripes/stream_00062.tif",18196,0,"EXISTS_VALID"
"BLOCK_001",63,15873,16128,256,25200,"index/reverse_stripes/reverse_00063.tif","index/stream_stripes/stream_00063.tif",16337,0,"EXISTS_VALID"
"BLOCK_001",64,16129,16384,256,25200,"index/reverse_stripes/reverse_00064.tif","index/stream_stripes/stream_00064.tif",15747,0,"EXISTS_VALID"
"BLOCK_001",65,16385,16640,256,25200,"index/reverse_stripes/reverse_00065.tif","index/stream_stripes/stream_00065.tif",18574,0,"EXISTS_VALID"
"BLOCK_001",66,16641,16896,256,25200,"index/reverse_stripes/reverse_00066.tif","index/stream_stripes/stream_00066.tif",14603,0,"EXISTS_VALID"
"BLOCK_001",67,16897,17152,256,25200,"index/reverse_stripes/reverse_00067.tif","index/stream_stripes/stream_00067.tif",17522,0,"EXISTS_VALID"
"BLOCK_001",68,17153,17408,256,25200,"index/reverse_stripes/reverse_00068.tif","index/stream_stripes/stream_00068.tif",20558,0,"EXISTS_VALID"
"BLOCK_001",69,17409,17664,256,25200,"index/reverse_stripes/reverse_00069.tif","index/stream_stripes/stream_00069.tif",18844,0,"EXISTS_VALID"
"BLOCK_001",70,17665,17920,256,25200,"index/reverse_stripes/reverse_00070.tif","index/stream_stripes/stream_00070.tif",19044,0,"EXISTS_VALID"
"BLOCK_001",71,17921,18000,80,25200,"index/reverse_stripes/reverse_00071.tif","index/stream_stripes/stream_00071.tif",4196,0,"EXISTS_VALID"
"BLOCK_002",1,1,256,256,21600,"index/reverse_stripes/reverse_00001.tif","index/stream_stripes/stream_00001.tif",23940,0,"EXISTS_VALID"
"BLOCK_002",2,257,512,256,21600,"index/reverse_stripes/reverse_00002.tif","index/stream_stripes/stream_00002.tif",28120,0,"EXISTS_VALID"
"BLOCK_002",3,513,768,256,21600,"index/reverse_stripes/reverse_00003.tif","index/stream_stripes/stream_00003.tif",27256,0,"EXISTS_VALID"
"BLOCK_002",4,769,1024,256,21600,"index/reverse_stripes/reverse_00004.tif","index/stream_stripes/stream_00004.tif",25372,0,"EXISTS_VALID"
"BLOCK_002",5,1025,1280,256,21600,"index/reverse_stripes/reverse_00005.tif","index/stream_stripes/stream_00005.tif",23974,0,"EXISTS_VALID"
"BLOCK_002",6,1281,1536,256,21600,"index/reverse_stripes/reverse_00006.tif","index/stream_stripes/stream_00006.tif",28510,0,"EXISTS_VALID"
"BLOCK_002",7,1537,1792,256,21600,"index/reverse_stripes/reverse_00007.tif","index/stream_stripes/stream_00007.tif",25716,0,"EXISTS_VALID"
"BLOCK_002",8,1793,2048,256,21600,"index/reverse_stripes/reverse_00008.tif","index/stream_stripes/stream_00008.tif",25953,0,"EXISTS_VALID"
"BLOCK_002",9,2049,2304,256,21600,"index/reverse_stripes/reverse_00009.tif","index/stream_stripes/stream_00009.tif",26784,0,"EXISTS_VALID"
"BLOCK_002",10,2305,2560,256,21600,"index/reverse_stripes/reverse_00010.tif","index/stream_stripes/stream_00010.tif",28065,0,"EXISTS_VALID"
"BLOCK_002",11,2561,2816,256,21600,"index/reverse_stripes/reverse_00011.tif","index/stream_stripes/stream_00011.tif",26774,0,"EXISTS_VALID"
"BLOCK_002",12,2817,3072,256,21600,"index/reverse_stripes/reverse_00012.tif","index/stream_stripes/stream_00012.tif",27415,0,"EXISTS_VALID"
"BLOCK_002",13,3073,3328,256,21600,"index/reverse_stripes/reverse_00013.tif","index/stream_stripes/stream_00013.tif",27829,0,"EXISTS_VALID"
"BLOCK_002",14,3329,3584,256,21600,"index/reverse_stripes/reverse_00014.tif","index/stream_stripes/stream_00014.tif",24366,0,"EXISTS_VALID"
"BLOCK_002",15,3585,3840,256,21600,"index/reverse_stripes/reverse_00015.tif","index/stream_stripes/stream_00015.tif",34999,0,"EXISTS_VALID"
"BLOCK_002",16,3841,4096,256,21600,"index/reverse_stripes/reverse_00016.tif","index/stream_stripes/stream_00016.tif",40952,0,"EXISTS_VALID"
"BLOCK_002",17,4097,4352,256,21600,"index/reverse_stripes/reverse_00017.tif","index/stream_stripes/stream_00017.tif",34979,0,"EXISTS_VALID"
"BLOCK_002",18,4353,4608,256,21600,"index/reverse_stripes/reverse_00018.tif","index/stream_stripes/stream_00018.tif",31787,0,"EXISTS_VALID"
"BLOCK_002",19,4609,4864,256,21600,"index/reverse_stripes/reverse_00019.tif","index/stream_stripes/stream_00019.tif",36667,0,"EXISTS_VALID"
"BLOCK_002",20,4865,5120,256,21600,"index/reverse_stripes/reverse_00020.tif","index/stream_stripes/stream_00020.tif",32801,0,"EXISTS_VALID"
"BLOCK_002",21,5121,5376,256,21600,"index/reverse_stripes/reverse_00021.tif","index/stream_stripes/stream_00021.tif",33958,0,"EXISTS_VALID"
"BLOCK_002",22,5377,5632,256,21600,"index/reverse_stripes/reverse_00022.tif","index/stream_stripes/stream_00022.tif",34803,0,"EXISTS_VALID"
"BLOCK_002",23,5633,5888,256,21600,"index/reverse_stripes/reverse_00023.tif","index/stream_stripes/stream_00023.tif",35040,0,"EXISTS_VALID"
"BLOCK_002",24,5889,6144,256,21600,"index/reverse_stripes/reverse_00024.tif","index/stream_stripes/stream_00024.tif",35555,0,"EXISTS_VALID"
"BLOCK_002",25,6145,6400,256,21600,"index/reverse_stripes/reverse_00025.tif","index/stream_stripes/stream_00025.tif",34179,0,"EXISTS_VALID"
"BLOCK_002",26,6401,6656,256,21600,"index/reverse_stripes/reverse_00026.tif","index/stream_stripes/stream_00026.tif",32555,0,"EXISTS_VALID"
"BLOCK_002",27,6657,6912,256,21600,"index/reverse_stripes/reverse_00027.tif","index/stream_stripes/stream_00027.tif",35180,0,"EXISTS_VALID"
"BLOCK_002",28,6913,7168,256,21600,"index/reverse_stripes/reverse_00028.tif","index/stream_stripes/stream_00028.tif",34509,0,"EXISTS_VALID"
"BLOCK_002",29,7169,7424,256,21600,"index/reverse_stripes/reverse_00029.tif","index/stream_stripes/stream_00029.tif",38912,0,"EXISTS_VALID"
"BLOCK_002",30,7425,7680,256,21600,"index/reverse_stripes/reverse_00030.tif","index/stream_stripes/stream_00030.tif",43596,0,"EXISTS_VALID"
"BLOCK_002",31,7681,7936,256,21600,"index/reverse_stripes/reverse_00031.tif","index/stream_stripes/stream_00031.tif",39164,0,"EXISTS_VALID"
"BLOCK_002",32,7937,8192,256,21600,"index/reverse_stripes/reverse_00032.tif","index/stream_stripes/stream_00032.tif",41922,0,"EXISTS_VALID"
"BLOCK_002",33,8193,8448,256,21600,"index/reverse_stripes/reverse_00033.tif","index/stream_stripes/stream_00033.tif",39041,0,"EXISTS_VALID"
"BLOCK_002",34,8449,8704,256,21600,"index/reverse_stripes/reverse_00034.tif","index/stream_stripes/stream_00034.tif",42337,0,"EXISTS_VALID"
"BLOCK_002",35,8705,8960,256,21600,"index/reverse_stripes/reverse_00035.tif","index/stream_stripes/stream_00035.tif",34439,0,"EXISTS_VALID"
"BLOCK_002",36,8961,9216,256,21600,"index/reverse_stripes/reverse_00036.tif","index/stream_stripes/stream_00036.tif",39493,0,"EXISTS_VALID"
"BLOCK_002",37,9217,9472,256,21600,"index/reverse_stripes/reverse_00037.tif","index/stream_stripes/stream_00037.tif",39445,0,"EXISTS_VALID"
"BLOCK_002",38,9473,9728,256,21600,"index/reverse_stripes/reverse_00038.tif","index/stream_stripes/stream_00038.tif",39898,0,"EXISTS_VALID"
"BLOCK_002",39,9729,9984,256,21600,"index/reverse_stripes/reverse_00039.tif","index/stream_stripes/stream_00039.tif",41368,0,"EXISTS_VALID"
"BLOCK_002",40,9985,10240,256,21600,"index/reverse_stripes/reverse_00040.tif","index/stream_stripes/stream_00040.tif",32333,0,"EXISTS_VALID"
"BLOCK_002",41,10241,10496,256,21600,"index/reverse_stripes/reverse_00041.tif","index/stream_stripes/stream_00041.tif",39402,0,"EXISTS_VALID"
"BLOCK_002",42,10497,10752,256,21600,"index/reverse_stripes/reverse_00042.tif","index/stream_stripes/stream_00042.tif",37283,0,"EXISTS_VALID"
"BLOCK_002",43,10753,11008,256,21600,"index/reverse_stripes/reverse_00043.tif","index/stream_stripes/stream_00043.tif",38188,0,"EXISTS_VALID"
"BLOCK_002",44,11009,11264,256,21600,"index/reverse_stripes/reverse_00044.tif","index/stream_stripes/stream_00044.tif",34992,0,"EXISTS_VALID"
"BLOCK_002",45,11265,11520,256,21600,"index/reverse_stripes/reverse_00045.tif","index/stream_stripes/stream_00045.tif",26766,0,"EXISTS_VALID"
"BLOCK_002",46,11521,11776,256,21600,"index/reverse_stripes/reverse_00046.tif","index/stream_stripes/stream_00046.tif",33482,0,"EXISTS_VALID"
"BLOCK_002",47,11777,12032,256,21600,"index/reverse_stripes/reverse_00047.tif","index/stream_stripes/stream_00047.tif",41030,0,"EXISTS_VALID"
"BLOCK_002",48,12033,12288,256,21600,"index/reverse_stripes/reverse_00048.tif","index/stream_stripes/stream_00048.tif",32204,0,"EXISTS_VALID"
"BLOCK_002",49,12289,12544,256,21600,"index/reverse_stripes/reverse_00049.tif","index/stream_stripes/stream_00049.tif",35412,0,"EXISTS_VALID"
"BLOCK_002",50,12545,12800,256,21600,"index/reverse_stripes/reverse_00050.tif","index/stream_stripes/stream_00050.tif",31197,0,"EXISTS_VALID"
"BLOCK_002",51,12801,13056,256,21600,"index/reverse_stripes/reverse_00051.tif","index/stream_stripes/stream_00051.tif",33963,0,"EXISTS_VALID"
"BLOCK_002",52,13057,13312,256,21600,"index/reverse_stripes/reverse_00052.tif","index/stream_stripes/stream_00052.tif",34393,0,"EXISTS_VALID"
"BLOCK_002",53,13313,13568,256,21600,"index/reverse_stripes/reverse_00053.tif","index/stream_stripes/stream_00053.tif",29346,0,"EXISTS_VALID"
"BLOCK_002",54,13569,13824,256,21600,"index/reverse_stripes/reverse_00054.tif","index/stream_stripes/stream_00054.tif",36183,0,"EXISTS_VALID"
"BLOCK_002",55,13825,14080,256,21600,"index/reverse_stripes/reverse_00055.tif","index/stream_stripes/stream_00055.tif",36391,0,"EXISTS_VALID"
"BLOCK_002",56,14081,14336,256,21600,"index/reverse_stripes/reverse_00056.tif","index/stream_stripes/stream_00056.tif",33412,0,"EXISTS_VALID"
"BLOCK_002",57,14337,14400,64,21600,"index/reverse_stripes/reverse_00057.tif","index/stream_stripes/stream_00057.tif",4296,0,"EXISTS_VALID"
"BLOCK_003",1,1,256,256,18000,"index/reverse_stripes/reverse_00001.tif","index/stream_stripes/stream_00001.tif",5930,0,"EXISTS_VALID"
"BLOCK_003",2,257,512,256,18000,"index/reverse_stripes/reverse_00002.tif","index/stream_stripes/stream_00002.tif",6789,0,"EXISTS_VALID"
"BLOCK_003",3,513,768,256,18000,"index/reverse_stripes/reverse_00003.tif","index/stream_stripes/stream_00003.tif",6984,0,"EXISTS_VALID"
"BLOCK_003",4,769,1024,256,18000,"index/reverse_stripes/reverse_00004.tif","index/stream_stripes/stream_00004.tif",5513,0,"EXISTS_VALID"
"BLOCK_003",5,1025,1280,256,18000,"index/reverse_stripes/reverse_00005.tif","index/stream_stripes/stream_00005.tif",5888,0,"EXISTS_VALID"
"BLOCK_003",6,1281,1536,256,18000,"index/reverse_stripes/reverse_00006.tif","index/stream_stripes/stream_00006.tif",4868,0,"EXISTS_VALID"
"BLOCK_003",7,1537,1792,256,18000,"index/reverse_stripes/reverse_00007.tif","index/stream_stripes/stream_00007.tif",6176,0,"EXISTS_VALID"
"BLOCK_003",8,1793,2048,256,18000,"index/reverse_stripes/reverse_00008.tif","index/stream_stripes/stream_00008.tif",8912,0,"EXISTS_VALID"
"BLOCK_003",9,2049,2304,256,18000,"index/reverse_stripes/reverse_00009.tif","index/stream_stripes/stream_00009.tif",9111,0,"EXISTS_VALID"
"BLOCK_003",10,2305,2560,256,18000,"index/reverse_stripes/reverse_00010.tif","index/stream_stripes/stream_00010.tif",7249,0,"EXISTS_VALID"
"BLOCK_003",11,2561,2816,256,18000,"index/reverse_stripes/reverse_00011.tif","index/stream_stripes/stream_00011.tif",8262,0,"EXISTS_VALID"
"BLOCK_003",12,2817,3072,256,18000,"index/reverse_stripes/reverse_00012.tif","index/stream_stripes/stream_00012.tif",6262,0,"EXISTS_VALID"
"BLOCK_003",13,3073,3328,256,18000,"index/reverse_stripes/reverse_00013.tif","index/stream_stripes/stream_00013.tif",6711,0,"EXISTS_VALID"
"BLOCK_003",14,3329,3584,256,18000,"index/reverse_stripes/reverse_00014.tif","index/stream_stripes/stream_00014.tif",5985,0,"EXISTS_VALID"
"BLOCK_003",15,3585,3840,256,18000,"index/reverse_stripes/reverse_00015.tif","index/stream_stripes/stream_00015.tif",29401,0,"EXISTS_VALID"
"BLOCK_003",16,3841,4096,256,18000,"index/reverse_stripes/reverse_00016.tif","index/stream_stripes/stream_00016.tif",33817,0,"EXISTS_VALID"
"BLOCK_003",17,4097,4352,256,18000,"index/reverse_stripes/reverse_00017.tif","index/stream_stripes/stream_00017.tif",38042,0,"EXISTS_VALID"
"BLOCK_003",18,4353,4608,256,18000,"index/reverse_stripes/reverse_00018.tif","index/stream_stripes/stream_00018.tif",37149,0,"EXISTS_VALID"
"BLOCK_003",19,4609,4864,256,18000,"index/reverse_stripes/reverse_00019.tif","index/stream_stripes/stream_00019.tif",32984,0,"EXISTS_VALID"
"BLOCK_003",20,4865,5120,256,18000,"index/reverse_stripes/reverse_00020.tif","index/stream_stripes/stream_00020.tif",33966,0,"EXISTS_VALID"
"BLOCK_003",21,5121,5376,256,18000,"index/reverse_stripes/reverse_00021.tif","index/stream_stripes/stream_00021.tif",36881,0,"EXISTS_VALID"
"BLOCK_003",22,5377,5632,256,18000,"index/reverse_stripes/reverse_00022.tif","index/stream_stripes/stream_00022.tif",34369,0,"EXISTS_VALID"
"BLOCK_003",23,5633,5888,256,18000,"index/reverse_stripes/reverse_00023.tif","index/stream_stripes/stream_00023.tif",33987,0,"EXISTS_VALID"
"BLOCK_003",24,5889,6144,256,18000,"index/reverse_stripes/reverse_00024.tif","index/stream_stripes/stream_00024.tif",34553,0,"EXISTS_VALID"
"BLOCK_003",25,6145,6400,256,18000,"index/reverse_stripes/reverse_00025.tif","index/stream_stripes/stream_00025.tif",34052,0,"EXISTS_VALID"
"BLOCK_003",26,6401,6656,256,18000,"index/reverse_stripes/reverse_00026.tif","index/stream_stripes/stream_00026.tif",32239,0,"EXISTS_VALID"
"BLOCK_003",27,6657,6912,256,18000,"index/reverse_stripes/reverse_00027.tif","index/stream_stripes/stream_00027.tif",34486,0,"EXISTS_VALID"
"BLOCK_003",28,6913,7168,256,18000,"index/reverse_stripes/reverse_00028.tif","index/stream_stripes/stream_00028.tif",33888,0,"EXISTS_VALID"
"BLOCK_003",29,7169,7424,256,18000,"index/reverse_stripes/reverse_00029.tif","index/stream_stripes/stream_00029.tif",32350,0,"EXISTS_VALID"
"BLOCK_003",30,7425,7680,256,18000,"index/reverse_stripes/reverse_00030.tif","index/stream_stripes/stream_00030.tif",33431,0,"EXISTS_VALID"
"BLOCK_003",31,7681,7936,256,18000,"index/reverse_stripes/reverse_00031.tif","index/stream_stripes/stream_00031.tif",32773,0,"EXISTS_VALID"
"BLOCK_003",32,7937,8192,256,18000,"index/reverse_stripes/reverse_00032.tif","index/stream_stripes/stream_00032.tif",34929,0,"EXISTS_VALID"
"BLOCK_003",33,8193,8448,256,18000,"index/reverse_stripes/reverse_00033.tif","index/stream_stripes/stream_00033.tif",33624,0,"EXISTS_VALID"
"BLOCK_003",34,8449,8704,256,18000,"index/reverse_stripes/reverse_00034.tif","index/stream_stripes/stream_00034.tif",33835,0,"EXISTS_VALID"
"BLOCK_003",35,8705,8960,256,18000,"index/reverse_stripes/reverse_00035.tif","index/stream_stripes/stream_00035.tif",30615,0,"EXISTS_VALID"
"BLOCK_003",36,8961,9216,256,18000,"index/reverse_stripes/reverse_00036.tif","index/stream_stripes/stream_00036.tif",35163,0,"EXISTS_VALID"
"BLOCK_003",37,9217,9472,256,18000,"index/reverse_stripes/reverse_00037.tif","index/stream_stripes/stream_00037.tif",30463,0,"EXISTS_VALID"
"BLOCK_003",38,9473,9728,256,18000,"index/reverse_stripes/reverse_00038.tif","index/stream_stripes/stream_00038.tif",33995,0,"EXISTS_VALID"
"BLOCK_003",39,9729,9984,256,18000,"index/reverse_stripes/reverse_00039.tif","index/stream_stripes/stream_00039.tif",32462,0,"EXISTS_VALID"
"BLOCK_003",40,9985,10240,256,18000,"index/reverse_stripes/reverse_00040.tif","index/stream_stripes/stream_00040.tif",33604,0,"EXISTS_VALID"
"BLOCK_003",41,10241,10496,256,18000,"index/reverse_stripes/reverse_00041.tif","index/stream_stripes/stream_00041.tif",35358,0,"EXISTS_VALID"
"BLOCK_003",42,10497,10752,256,18000,"index/reverse_stripes/reverse_00042.tif","index/stream_stripes/stream_00042.tif",31281,0,"EXISTS_VALID"
"BLOCK_003",43,10753,11008,256,18000,"index/reverse_stripes/reverse_00043.tif","index/stream_stripes/stream_00043.tif",29385,0,"EXISTS_VALID"
"BLOCK_003",44,11009,11264,256,18000,"index/reverse_stripes/reverse_00044.tif","index/stream_stripes/stream_00044.tif",28874,0,"EXISTS_VALID"
"BLOCK_003",45,11265,11520,256,18000,"index/reverse_stripes/reverse_00045.tif","index/stream_stripes/stream_00045.tif",28629,0,"EXISTS_VALID"
"BLOCK_003",46,11521,11776,256,18000,"index/reverse_stripes/reverse_00046.tif","index/stream_stripes/stream_00046.tif",25833,0,"EXISTS_VALID"
"BLOCK_003",47,11777,12032,256,18000,"index/reverse_stripes/reverse_00047.tif","index/stream_stripes/stream_00047.tif",29200,0,"EXISTS_VALID"
"BLOCK_003",48,12033,12288,256,18000,"index/reverse_stripes/reverse_00048.tif","index/stream_stripes/stream_00048.tif",27865,0,"EXISTS_VALID"
"BLOCK_003",49,12289,12544,256,18000,"index/reverse_stripes/reverse_00049.tif","index/stream_stripes/stream_00049.tif",26904,0,"EXISTS_VALID"
"BLOCK_003",50,12545,12800,256,18000,"index/reverse_stripes/reverse_00050.tif","index/stream_stripes/stream_00050.tif",29928,0,"EXISTS_VALID"
"BLOCK_003",51,12801,13056,256,18000,"index/reverse_stripes/reverse_00051.tif","index/stream_stripes/stream_00051.tif",28643,0,"EXISTS_VALID"
"BLOCK_003",52,13057,13312,256,18000,"index/reverse_stripes/reverse_00052.tif","index/stream_stripes/stream_00052.tif",26121,0,"EXISTS_VALID"
"BLOCK_003",53,13313,13568,256,18000,"index/reverse_stripes/reverse_00053.tif","index/stream_stripes/stream_00053.tif",29043,0,"EXISTS_VALID"
"BLOCK_003",54,13569,13824,256,18000,"index/reverse_stripes/reverse_00054.tif","index/stream_stripes/stream_00054.tif",28524,0,"EXISTS_VALID"
"BLOCK_003",55,13825,14080,256,18000,"index/reverse_stripes/reverse_00055.tif","index/stream_stripes/stream_00055.tif",28932,0,"EXISTS_VALID"
"BLOCK_003",56,14081,14336,256,18000,"index/reverse_stripes/reverse_00056.tif","index/stream_stripes/stream_00056.tif",27032,0,"EXISTS_VALID"
"BLOCK_003",57,14337,14592,256,18000,"index/reverse_stripes/reverse_00057.tif","index/stream_stripes/stream_00057.tif",19790,0,"EXISTS_VALID"
"BLOCK_003",58,14593,14848,256,18000,"index/reverse_stripes/reverse_00058.tif","index/stream_stripes/stream_00058.tif",22194,0,"EXISTS_VALID"
"BLOCK_003",59,14849,15104,256,18000,"index/reverse_stripes/reverse_00059.tif","index/stream_stripes/stream_00059.tif",19999,0,"EXISTS_VALID"
"BLOCK_003",60,15105,15360,256,18000,"index/reverse_stripes/reverse_00060.tif","index/stream_stripes/stream_00060.tif",19067,0,"EXISTS_VALID"
"BLOCK_003",61,15361,15616,256,18000,"index/reverse_stripes/reverse_00061.tif","index/stream_stripes/stream_00061.tif",23581,0,"EXISTS_VALID"
"BLOCK_003",62,15617,15872,256,18000,"index/reverse_stripes/reverse_00062.tif","index/stream_stripes/stream_00062.tif",19795,0,"EXISTS_VALID"
"BLOCK_003",63,15873,16128,256,18000,"index/reverse_stripes/reverse_00063.tif","index/stream_stripes/stream_00063.tif",18002,0,"EXISTS_VALID"
"BLOCK_003",64,16129,16384,256,18000,"index/reverse_stripes/reverse_00064.tif","index/stream_stripes/stream_00064.tif",20122,0,"EXISTS_VALID"
"BLOCK_003",65,16385,16640,256,18000,"index/reverse_stripes/reverse_00065.tif","index/stream_stripes/stream_00065.tif",24867,0,"EXISTS_VALID"
"BLOCK_003",66,16641,16896,256,18000,"index/reverse_stripes/reverse_00066.tif","index/stream_stripes/stream_00066.tif",18532,0,"EXISTS_VALID"
"BLOCK_003",67,16897,17152,256,18000,"index/reverse_stripes/reverse_00067.tif","index/stream_stripes/stream_00067.tif",22741,0,"EXISTS_VALID"
"BLOCK_003",68,17153,17408,256,18000,"index/reverse_stripes/reverse_00068.tif","index/stream_stripes/stream_00068.tif",16271,0,"EXISTS_VALID"
"BLOCK_003",69,17409,17664,256,18000,"index/reverse_stripes/reverse_00069.tif","index/stream_stripes/stream_00069.tif",23346,0,"EXISTS_VALID"
"BLOCK_003",70,17665,17920,256,18000,"index/reverse_stripes/reverse_00070.tif","index/stream_stripes/stream_00070.tif",19205,0,"EXISTS_VALID"
"BLOCK_003",71,17921,18000,80,18000,"index/reverse_stripes/reverse_00071.tif","index/stream_stripes/stream_00071.tif",2550,0,"EXISTS_VALID"
"BLOCK_004",1,1,256,256,46800,"index/reverse_stripes/reverse_00001.tif","index/stream_stripes/stream_00001.tif",10453,0,"EXISTS_VALID"
"BLOCK_004",2,257,512,256,46800,"index/reverse_stripes/reverse_00002.tif","index/stream_stripes/stream_00002.tif",16152,0,"EXISTS_VALID"
"BLOCK_004",3,513,768,256,46800,"index/reverse_stripes/reverse_00003.tif","index/stream_stripes/stream_00003.tif",13374,0,"EXISTS_VALID"
"BLOCK_004",4,769,1024,256,46800,"index/reverse_stripes/reverse_00004.tif","index/stream_stripes/stream_00004.tif",13466,0,"EXISTS_VALID"
"BLOCK_004",5,1025,1280,256,46800,"index/reverse_stripes/reverse_00005.tif","index/stream_stripes/stream_00005.tif",14117,0,"EXISTS_VALID"
"BLOCK_004",6,1281,1536,256,46800,"index/reverse_stripes/reverse_00006.tif","index/stream_stripes/stream_00006.tif",12732,0,"EXISTS_VALID"
"BLOCK_004",7,1537,1792,256,46800,"index/reverse_stripes/reverse_00007.tif","index/stream_stripes/stream_00007.tif",12238,0,"EXISTS_VALID"
"BLOCK_004",8,1793,2048,256,46800,"index/reverse_stripes/reverse_00008.tif","index/stream_stripes/stream_00008.tif",15046,0,"EXISTS_VALID"
"BLOCK_004",9,2049,2304,256,46800,"index/reverse_stripes/reverse_00009.tif","index/stream_stripes/stream_00009.tif",12787,0,"EXISTS_VALID"
"BLOCK_004",10,2305,2560,256,46800,"index/reverse_stripes/reverse_00010.tif","index/stream_stripes/stream_00010.tif",12788,0,"EXISTS_VALID"
"BLOCK_004",11,2561,2816,256,46800,"index/reverse_stripes/reverse_00011.tif","index/stream_stripes/stream_00011.tif",11370,0,"EXISTS_VALID"
"BLOCK_004",12,2817,3072,256,46800,"index/reverse_stripes/reverse_00012.tif","index/stream_stripes/stream_00012.tif",12541,0,"EXISTS_VALID"
"BLOCK_004",13,3073,3328,256,46800,"index/reverse_stripes/reverse_00013.tif","index/stream_stripes/stream_00013.tif",13721,0,"EXISTS_VALID"
"BLOCK_004",14,3329,3584,256,46800,"index/reverse_stripes/reverse_00014.tif","index/stream_stripes/stream_00014.tif",14690,0,"EXISTS_VALID"
"BLOCK_004",15,3585,3840,256,46800,"index/reverse_stripes/reverse_00015.tif","index/stream_stripes/stream_00015.tif",26695,0,"EXISTS_VALID"
"BLOCK_004",16,3841,4096,256,46800,"index/reverse_stripes/reverse_00016.tif","index/stream_stripes/stream_00016.tif",34975,0,"EXISTS_VALID"
"BLOCK_004",17,4097,4352,256,46800,"index/reverse_stripes/reverse_00017.tif","index/stream_stripes/stream_00017.tif",38835,0,"EXISTS_VALID"
"BLOCK_004",18,4353,4608,256,46800,"index/reverse_stripes/reverse_00018.tif","index/stream_stripes/stream_00018.tif",35709,0,"EXISTS_VALID"
"BLOCK_004",19,4609,4864,256,46800,"index/reverse_stripes/reverse_00019.tif","index/stream_stripes/stream_00019.tif",38300,0,"EXISTS_VALID"
"BLOCK_004",20,4865,5120,256,46800,"index/reverse_stripes/reverse_00020.tif","index/stream_stripes/stream_00020.tif",35828,0,"EXISTS_VALID"
"BLOCK_004",21,5121,5376,256,46800,"index/reverse_stripes/reverse_00021.tif","index/stream_stripes/stream_00021.tif",36783,0,"EXISTS_VALID"
"BLOCK_004",22,5377,5632,256,46800,"index/reverse_stripes/reverse_00022.tif","index/stream_stripes/stream_00022.tif",37793,0,"EXISTS_VALID"
"BLOCK_004",23,5633,5888,256,46800,"index/reverse_stripes/reverse_00023.tif","index/stream_stripes/stream_00023.tif",36911,0,"EXISTS_VALID"
"BLOCK_004",24,5889,6144,256,46800,"index/reverse_stripes/reverse_00024.tif","index/stream_stripes/stream_00024.tif",34852,0,"EXISTS_VALID"
"BLOCK_004",25,6145,6400,256,46800,"index/reverse_stripes/reverse_00025.tif","index/stream_stripes/stream_00025.tif",37459,0,"EXISTS_VALID"
"BLOCK_004",26,6401,6656,256,46800,"index/reverse_stripes/reverse_00026.tif","index/stream_stripes/stream_00026.tif",35653,0,"EXISTS_VALID"
"BLOCK_004",27,6657,6912,256,46800,"index/reverse_stripes/reverse_00027.tif","index/stream_stripes/stream_00027.tif",31286,0,"EXISTS_VALID"
"BLOCK_004",28,6913,7168,256,46800,"index/reverse_stripes/reverse_00028.tif","index/stream_stripes/stream_00028.tif",37209,0,"EXISTS_VALID"
"BLOCK_004",29,7169,7424,256,46800,"index/reverse_stripes/reverse_00029.tif","index/stream_stripes/stream_00029.tif",45441,0,"EXISTS_VALID"
"BLOCK_004",30,7425,7680,256,46800,"index/reverse_stripes/reverse_00030.tif","index/stream_stripes/stream_00030.tif",54504,0,"EXISTS_VALID"
"BLOCK_004",31,7681,7936,256,46800,"index/reverse_stripes/reverse_00031.tif","index/stream_stripes/stream_00031.tif",49156,0,"EXISTS_VALID"
"BLOCK_004",32,7937,8192,256,46800,"index/reverse_stripes/reverse_00032.tif","index/stream_stripes/stream_00032.tif",52795,0,"EXISTS_VALID"
"BLOCK_004",33,8193,8448,256,46800,"index/reverse_stripes/reverse_00033.tif","index/stream_stripes/stream_00033.tif",48981,0,"EXISTS_VALID"
"BLOCK_004",34,8449,8704,256,46800,"index/reverse_stripes/reverse_00034.tif","index/stream_stripes/stream_00034.tif",53329,0,"EXISTS_VALID"
"BLOCK_004",35,8705,8960,256,46800,"index/reverse_stripes/reverse_00035.tif","index/stream_stripes/stream_00035.tif",47559,0,"EXISTS_VALID"
"BLOCK_004",36,8961,9216,256,46800,"index/reverse_stripes/reverse_00036.tif","index/stream_stripes/stream_00036.tif",49544,0,"EXISTS_VALID"
"BLOCK_004",37,9217,9472,256,46800,"index/reverse_stripes/reverse_00037.tif","index/stream_stripes/stream_00037.tif",46873,0,"EXISTS_VALID"
"BLOCK_004",38,9473,9728,256,46800,"index/reverse_stripes/reverse_00038.tif","index/stream_stripes/stream_00038.tif",48329,0,"EXISTS_VALID"
"BLOCK_004",39,9729,9984,256,46800,"index/reverse_stripes/reverse_00039.tif","index/stream_stripes/stream_00039.tif",49992,0,"EXISTS_VALID"
"BLOCK_004",40,9985,10240,256,46800,"index/reverse_stripes/reverse_00040.tif","index/stream_stripes/stream_00040.tif",49967,0,"EXISTS_VALID"
"BLOCK_004",41,10241,10496,256,46800,"index/reverse_stripes/reverse_00041.tif","index/stream_stripes/stream_00041.tif",49095,0,"EXISTS_VALID"
"BLOCK_004",42,10497,10752,256,46800,"index/reverse_stripes/reverse_00042.tif","index/stream_stripes/stream_00042.tif",47720,0,"EXISTS_VALID"
"BLOCK_004",43,10753,11008,256,46800,"index/reverse_stripes/reverse_00043.tif","index/stream_stripes/stream_00043.tif",61355,0,"EXISTS_VALID"
"BLOCK_004",44,11009,11264,256,46800,"index/reverse_stripes/reverse_00044.tif","index/stream_stripes/stream_00044.tif",60353,0,"EXISTS_VALID"
"BLOCK_004",45,11265,11520,256,46800,"index/reverse_stripes/reverse_00045.tif","index/stream_stripes/stream_00045.tif",62282,0,"EXISTS_VALID"
"BLOCK_004",46,11521,11776,256,46800,"index/reverse_stripes/reverse_00046.tif","index/stream_stripes/stream_00046.tif",65142,0,"EXISTS_VALID"
"BLOCK_004",47,11777,12032,256,46800,"index/reverse_stripes/reverse_00047.tif","index/stream_stripes/stream_00047.tif",67694,0,"EXISTS_VALID"
"BLOCK_004",48,12033,12288,256,46800,"index/reverse_stripes/reverse_00048.tif","index/stream_stripes/stream_00048.tif",61591,0,"EXISTS_VALID"
"BLOCK_004",49,12289,12544,256,46800,"index/reverse_stripes/reverse_00049.tif","index/stream_stripes/stream_00049.tif",65437,0,"EXISTS_VALID"
"BLOCK_004",50,12545,12800,256,46800,"index/reverse_stripes/reverse_00050.tif","index/stream_stripes/stream_00050.tif",66241,0,"EXISTS_VALID"
"BLOCK_004",51,12801,13056,256,46800,"index/reverse_stripes/reverse_00051.tif","index/stream_stripes/stream_00051.tif",71882,0,"EXISTS_VALID"
"BLOCK_004",52,13057,13312,256,46800,"index/reverse_stripes/reverse_00052.tif","index/stream_stripes/stream_00052.tif",68951,0,"EXISTS_VALID"
"BLOCK_004",53,13313,13568,256,46800,"index/reverse_stripes/reverse_00053.tif","index/stream_stripes/stream_00053.tif",58913,0,"EXISTS_VALID"
"BLOCK_004",54,13569,13824,256,46800,"index/reverse_stripes/reverse_00054.tif","index/stream_stripes/stream_00054.tif",64827,0,"EXISTS_VALID"
"BLOCK_004",55,13825,14080,256,46800,"index/reverse_stripes/reverse_00055.tif","index/stream_stripes/stream_00055.tif",63446,0,"EXISTS_VALID"
"BLOCK_004",56,14081,14336,256,46800,"index/reverse_stripes/reverse_00056.tif","index/stream_stripes/stream_00056.tif",62006,0,"EXISTS_VALID"
"BLOCK_004",57,14337,14592,256,46800,"index/reverse_stripes/reverse_00057.tif","index/stream_stripes/stream_00057.tif",76492,0,"EXISTS_VALID"
"BLOCK_004",58,14593,14848,256,46800,"index/reverse_stripes/reverse_00058.tif","index/stream_stripes/stream_00058.tif",88104,0,"EXISTS_VALID"
"BLOCK_004",59,14849,15104,256,46800,"index/reverse_stripes/reverse_00059.tif","index/stream_stripes/stream_00059.tif",92100,0,"EXISTS_VALID"
"BLOCK_004",60,15105,15360,256,46800,"index/reverse_stripes/reverse_00060.tif","index/stream_stripes/stream_00060.tif",87753,0,"EXISTS_VALID"
"BLOCK_004",61,15361,15616,256,46800,"index/reverse_stripes/reverse_00061.tif","index/stream_stripes/stream_00061.tif",86187,0,"EXISTS_VALID"
"BLOCK_004",62,15617,15872,256,46800,"index/reverse_stripes/reverse_00062.tif","index/stream_stripes/stream_00062.tif",87754,0,"EXISTS_VALID"
"BLOCK_004",63,15873,16128,256,46800,"index/reverse_stripes/reverse_00063.tif","index/stream_stripes/stream_00063.tif",82171,0,"EXISTS_VALID"
"BLOCK_004",64,16129,16384,256,46800,"index/reverse_stripes/reverse_00064.tif","index/stream_stripes/stream_00064.tif",85079,0,"EXISTS_VALID"
"BLOCK_004",65,16385,16640,256,46800,"index/reverse_stripes/reverse_00065.tif","index/stream_stripes/stream_00065.tif",82760,0,"EXISTS_VALID"
"BLOCK_004",66,16641,16896,256,46800,"index/reverse_stripes/reverse_00066.tif","index/stream_stripes/stream_00066.tif",76725,0,"EXISTS_VALID"
"BLOCK_004",67,16897,17152,256,46800,"index/reverse_stripes/reverse_00067.tif","index/stream_stripes/stream_00067.tif",88065,0,"EXISTS_VALID"
"BLOCK_004",68,17153,17408,256,46800,"index/reverse_stripes/reverse_00068.tif","index/stream_stripes/stream_00068.tif",77508,0,"EXISTS_VALID"
"BLOCK_004",69,17409,17664,256,46800,"index/reverse_stripes/reverse_00069.tif","index/stream_stripes/stream_00069.tif",85820,0,"EXISTS_VALID"
"BLOCK_004",70,17665,17920,256,46800,"index/reverse_stripes/reverse_00070.tif","index/stream_stripes/stream_00070.tif",84444,0,"EXISTS_VALID"
"BLOCK_004",71,17921,18176,256,46800,"index/reverse_stripes/reverse_00071.tif","index/stream_stripes/stream_00071.tif",86563,0,"EXISTS_VALID"
"BLOCK_004",72,18177,18432,256,46800,"index/reverse_stripes/reverse_00072.tif","index/stream_stripes/stream_00072.tif",88961,0,"EXISTS_VALID"
"BLOCK_004",73,18433,18688,256,46800,"index/reverse_stripes/reverse_00073.tif","index/stream_stripes/stream_00073.tif",92362,0,"EXISTS_VALID"
"BLOCK_004",74,18689,18944,256,46800,"index/reverse_stripes/reverse_00074.tif","index/stream_stripes/stream_00074.tif",91418,0,"EXISTS_VALID"
"BLOCK_004",75,18945,19200,256,46800,"index/reverse_stripes/reverse_00075.tif","index/stream_stripes/stream_00075.tif",91383,0,"EXISTS_VALID"
"BLOCK_004",76,19201,19456,256,46800,"index/reverse_stripes/reverse_00076.tif","index/stream_stripes/stream_00076.tif",93618,0,"EXISTS_VALID"
"BLOCK_004",77,19457,19712,256,46800,"index/reverse_stripes/reverse_00077.tif","index/stream_stripes/stream_00077.tif",96118,0,"EXISTS_VALID"
"BLOCK_004",78,19713,19968,256,46800,"index/reverse_stripes/reverse_00078.tif","index/stream_stripes/stream_00078.tif",87262,0,"EXISTS_VALID"
"BLOCK_004",79,19969,20224,256,46800,"index/reverse_stripes/reverse_00079.tif","index/stream_stripes/stream_00079.tif",90044,0,"EXISTS_VALID"
"BLOCK_004",80,20225,20480,256,46800,"index/reverse_stripes/reverse_00080.tif","index/stream_stripes/stream_00080.tif",93571,0,"EXISTS_VALID"
"BLOCK_004",81,20481,20736,256,46800,"index/reverse_stripes/reverse_00081.tif","index/stream_stripes/stream_00081.tif",81106,0,"EXISTS_VALID"
"BLOCK_004",82,20737,20992,256,46800,"index/reverse_stripes/reverse_00082.tif","index/stream_stripes/stream_00082.tif",93322,0,"EXISTS_VALID"
"BLOCK_004",83,20993,21248,256,46800,"index/reverse_stripes/reverse_00083.tif","index/stream_stripes/stream_00083.tif",95388,0,"EXISTS_VALID"
"BLOCK_004",84,21249,21504,256,46800,"index/reverse_stripes/reverse_00084.tif","index/stream_stripes/stream_00084.tif",97636,0,"EXISTS_VALID"
"BLOCK_004",85,21505,21760,256,46800,"index/reverse_stripes/reverse_00085.tif","index/stream_stripes/stream_00085.tif",77238,0,"EXISTS_VALID"
"BLOCK_004",86,21761,22016,256,46800,"index/reverse_stripes/reverse_00086.tif","index/stream_stripes/stream_00086.tif",76924,0,"EXISTS_VALID"
"BLOCK_004",87,22017,22272,256,46800,"index/reverse_stripes/reverse_00087.tif","index/stream_stripes/stream_00087.tif",78333,0,"EXISTS_VALID"
"BLOCK_004",88,22273,22528,256,46800,"index/reverse_stripes/reverse_00088.tif","index/stream_stripes/stream_00088.tif",82345,0,"EXISTS_VALID"
"BLOCK_004",89,22529,22784,256,46800,"index/reverse_stripes/reverse_00089.tif","index/stream_stripes/stream_00089.tif",78255,0,"EXISTS_VALID"
"BLOCK_004",90,22785,23040,256,46800,"index/reverse_stripes/reverse_00090.tif","index/stream_stripes/stream_00090.tif",83301,0,"EXISTS_VALID"
"BLOCK_004",91,23041,23296,256,46800,"index/reverse_stripes/reverse_00091.tif","index/stream_stripes/stream_00091.tif",82293,0,"EXISTS_VALID"
"BLOCK_004",92,23297,23552,256,46800,"index/reverse_stripes/reverse_00092.tif","index/stream_stripes/stream_00092.tif",82957,0,"EXISTS_VALID"
"BLOCK_004",93,23553,23808,256,46800,"index/reverse_stripes/reverse_00093.tif","index/stream_stripes/stream_00093.tif",81721,0,"EXISTS_VALID"
"BLOCK_004",94,23809,24064,256,46800,"index/reverse_stripes/reverse_00094.tif","index/stream_stripes/stream_00094.tif",79710,0,"EXISTS_VALID"
"BLOCK_004",95,24065,24320,256,46800,"index/reverse_stripes/reverse_00095.tif","index/stream_stripes/stream_00095.tif",78611,0,"EXISTS_VALID"
"BLOCK_004",96,24321,24576,256,46800,"index/reverse_stripes/reverse_00096.tif","index/stream_stripes/stream_00096.tif",84789,0,"EXISTS_VALID"
"BLOCK_004",97,24577,24832,256,46800,"index/reverse_stripes/reverse_00097.tif","index/stream_stripes/stream_00097.tif",81654,0,"EXISTS_VALID"
"BLOCK_004",98,24833,25088,256,46800,"index/reverse_stripes/reverse_00098.tif","index/stream_stripes/stream_00098.tif",78161,0,"EXISTS_VALID"
"BLOCK_004",99,25089,25344,256,46800,"index/reverse_stripes/reverse_00099.tif","index/stream_stripes/stream_00099.tif",80962,0,"EXISTS_VALID"
"BLOCK_004",100,25345,25600,256,46800,"index/reverse_stripes/reverse_00100.tif","index/stream_stripes/stream_00100.tif",79299,0,"EXISTS_VALID"
"BLOCK_004",101,25601,25856,256,46800,"index/reverse_stripes/reverse_00101.tif","index/stream_stripes/stream_00101.tif",79495,0,"EXISTS_VALID"
"BLOCK_004",102,25857,26112,256,46800,"index/reverse_stripes/reverse_00102.tif","index/stream_stripes/stream_00102.tif",83488,0,"EXISTS_VALID"
"BLOCK_004",103,26113,26368,256,46800,"index/reverse_stripes/reverse_00103.tif","index/stream_stripes/stream_00103.tif",79670,0,"EXISTS_VALID"
"BLOCK_004",104,26369,26624,256,46800,"index/reverse_stripes/reverse_00104.tif","index/stream_stripes/stream_00104.tif",79609,0,"EXISTS_VALID"
"BLOCK_004",105,26625,26880,256,46800,"index/reverse_stripes/reverse_00105.tif","index/stream_stripes/stream_00105.tif",76098,0,"EXISTS_VALID"
"BLOCK_004",106,26881,27136,256,46800,"index/reverse_stripes/reverse_00106.tif","index/stream_stripes/stream_00106.tif",79843,0,"EXISTS_VALID"
"BLOCK_004",107,27137,27392,256,46800,"index/reverse_stripes/reverse_00107.tif","index/stream_stripes/stream_00107.tif",74797,0,"EXISTS_VALID"
"BLOCK_004",108,27393,27648,256,46800,"index/reverse_stripes/reverse_00108.tif","index/stream_stripes/stream_00108.tif",76871,0,"EXISTS_VALID"
"BLOCK_004",109,27649,27904,256,46800,"index/reverse_stripes/reverse_00109.tif","index/stream_stripes/stream_00109.tif",78437,0,"EXISTS_VALID"
"BLOCK_004",110,27905,28160,256,46800,"index/reverse_stripes/reverse_00110.tif","index/stream_stripes/stream_00110.tif",77475,0,"EXISTS_VALID"
"BLOCK_004",111,28161,28416,256,46800,"index/reverse_stripes/reverse_00111.tif","index/stream_stripes/stream_00111.tif",79381,0,"EXISTS_VALID"
"BLOCK_004",112,28417,28672,256,46800,"index/reverse_stripes/reverse_00112.tif","index/stream_stripes/stream_00112.tif",80461,0,"EXISTS_VALID"
"BLOCK_004",113,28673,28928,256,46800,"index/reverse_stripes/reverse_00113.tif","index/stream_stripes/stream_00113.tif",65074,0,"EXISTS_VALID"
"BLOCK_004",114,28929,29184,256,46800,"index/reverse_stripes/reverse_00114.tif","index/stream_stripes/stream_00114.tif",68210,0,"EXISTS_VALID"
"BLOCK_004",115,29185,29440,256,46800,"index/reverse_stripes/reverse_00115.tif","index/stream_stripes/stream_00115.tif",67050,0,"EXISTS_VALID"
"BLOCK_004",116,29441,29696,256,46800,"index/reverse_stripes/reverse_00116.tif","index/stream_stripes/stream_00116.tif",65939,0,"EXISTS_VALID"
"BLOCK_004",117,29697,29952,256,46800,"index/reverse_stripes/reverse_00117.tif","index/stream_stripes/stream_00117.tif",66289,0,"EXISTS_VALID"
"BLOCK_004",118,29953,30208,256,46800,"index/reverse_stripes/reverse_00118.tif","index/stream_stripes/stream_00118.tif",68408,0,"EXISTS_VALID"
"BLOCK_004",119,30209,30464,256,46800,"index/reverse_stripes/reverse_00119.tif","index/stream_stripes/stream_00119.tif",67020,0,"EXISTS_VALID"
"BLOCK_004",120,30465,30720,256,46800,"index/reverse_stripes/reverse_00120.tif","index/stream_stripes/stream_00120.tif",68895,0,"EXISTS_VALID"
"BLOCK_004",121,30721,30976,256,46800,"index/reverse_stripes/reverse_00121.tif","index/stream_stripes/stream_00121.tif",65634,0,"EXISTS_VALID"
"BLOCK_004",122,30977,31232,256,46800,"index/reverse_stripes/reverse_00122.tif","index/stream_stripes/stream_00122.tif",64862,0,"EXISTS_VALID"
"BLOCK_004",123,31233,31488,256,46800,"index/reverse_stripes/reverse_00123.tif","index/stream_stripes/stream_00123.tif",72008,0,"EXISTS_VALID"
"BLOCK_004",124,31489,31744,256,46800,"index/reverse_stripes/reverse_00124.tif","index/stream_stripes/stream_00124.tif",70867,0,"EXISTS_VALID"
"BLOCK_004",125,31745,32000,256,46800,"index/reverse_stripes/reverse_00125.tif","index/stream_stripes/stream_00125.tif",67392,0,"EXISTS_VALID"
"BLOCK_004",126,32001,32256,256,46800,"index/reverse_stripes/reverse_00126.tif","index/stream_stripes/stream_00126.tif",69416,0,"EXISTS_VALID"
"BLOCK_004",127,32257,32512,256,46800,"index/reverse_stripes/reverse_00127.tif","index/stream_stripes/stream_00127.tif",57914,0,"EXISTS_VALID"
"BLOCK_004",128,32513,32768,256,46800,"index/reverse_stripes/reverse_00128.tif","index/stream_stripes/stream_00128.tif",57267,0,"EXISTS_VALID"
"BLOCK_004",129,32769,33024,256,46800,"index/reverse_stripes/reverse_00129.tif","index/stream_stripes/stream_00129.tif",57483,0,"EXISTS_VALID"
"BLOCK_004",130,33025,33280,256,46800,"index/reverse_stripes/reverse_00130.tif","index/stream_stripes/stream_00130.tif",57401,0,"EXISTS_VALID"
"BLOCK_004",131,33281,33536,256,46800,"index/reverse_stripes/reverse_00131.tif","index/stream_stripes/stream_00131.tif",54785,0,"EXISTS_VALID"
"BLOCK_004",132,33537,33792,256,46800,"index/reverse_stripes/reverse_00132.tif","index/stream_stripes/stream_00132.tif",54962,0,"EXISTS_VALID"
"BLOCK_004",133,33793,34048,256,46800,"index/reverse_stripes/reverse_00133.tif","index/stream_stripes/stream_00133.tif",54407,0,"EXISTS_VALID"
"BLOCK_004",134,34049,34304,256,46800,"index/reverse_stripes/reverse_00134.tif","index/stream_stripes/stream_00134.tif",56837,0,"EXISTS_VALID"
"BLOCK_004",135,34305,34560,256,46800,"index/reverse_stripes/reverse_00135.tif","index/stream_stripes/stream_00135.tif",59253,0,"EXISTS_VALID"
"BLOCK_004",136,34561,34816,256,46800,"index/reverse_stripes/reverse_00136.tif","index/stream_stripes/stream_00136.tif",55499,0,"EXISTS_VALID"
"BLOCK_004",137,34817,35072,256,46800,"index/reverse_stripes/reverse_00137.tif","index/stream_stripes/stream_00137.tif",55876,0,"EXISTS_VALID"
"BLOCK_004",138,35073,35328,256,46800,"index/reverse_stripes/reverse_00138.tif","index/stream_stripes/stream_00138.tif",55253,0,"EXISTS_VALID"
"BLOCK_004",139,35329,35584,256,46800,"index/reverse_stripes/reverse_00139.tif","index/stream_stripes/stream_00139.tif",55710,0,"EXISTS_VALID"
"BLOCK_004",140,35585,35840,256,46800,"index/reverse_stripes/reverse_00140.tif","index/stream_stripes/stream_00140.tif",55326,0,"EXISTS_VALID"
"BLOCK_004",141,35841,36096,256,46800,"index/reverse_stripes/reverse_00141.tif","index/stream_stripes/stream_00141.tif",50500,0,"EXISTS_VALID"
"BLOCK_004",142,36097,36352,256,46800,"index/reverse_stripes/reverse_00142.tif","index/stream_stripes/stream_00142.tif",43844,0,"EXISTS_VALID"
"BLOCK_004",143,36353,36608,256,46800,"index/reverse_stripes/reverse_00143.tif","index/stream_stripes/stream_00143.tif",45701,0,"EXISTS_VALID"
"BLOCK_004",144,36609,36864,256,46800,"index/reverse_stripes/reverse_00144.tif","index/stream_stripes/stream_00144.tif",50037,0,"EXISTS_VALID"
"BLOCK_004",145,36865,37120,256,46800,"index/reverse_stripes/reverse_00145.tif","index/stream_stripes/stream_00145.tif",47777,0,"EXISTS_VALID"
"BLOCK_004",146,37121,37376,256,46800,"index/reverse_stripes/reverse_00146.tif","index/stream_stripes/stream_00146.tif",48835,0,"EXISTS_VALID"
"BLOCK_004",147,37377,37632,256,46800,"index/reverse_stripes/reverse_00147.tif","index/stream_stripes/stream_00147.tif",46966,0,"EXISTS_VALID"
"BLOCK_004",148,37633,37888,256,46800,"index/reverse_stripes/reverse_00148.tif","index/stream_stripes/stream_00148.tif",48666,0,"EXISTS_VALID"
"BLOCK_004",149,37889,38144,256,46800,"index/reverse_stripes/reverse_00149.tif","index/stream_stripes/stream_00149.tif",45160,0,"EXISTS_VALID"
"BLOCK_004",150,38145,38400,256,46800,"index/reverse_stripes/reverse_00150.tif","index/stream_stripes/stream_00150.tif",53188,0,"EXISTS_VALID"
"BLOCK_004",151,38401,38656,256,46800,"index/reverse_stripes/reverse_00151.tif","index/stream_stripes/stream_00151.tif",39474,0,"EXISTS_VALID"
"BLOCK_004",152,38657,38912,256,46800,"index/reverse_stripes/reverse_00152.tif","index/stream_stripes/stream_00152.tif",45141,0,"EXISTS_VALID"
"BLOCK_004",153,38913,39168,256,46800,"index/reverse_stripes/reverse_00153.tif","index/stream_stripes/stream_00153.tif",45162,0,"EXISTS_VALID"
"BLOCK_004",154,39169,39424,256,46800,"index/reverse_stripes/reverse_00154.tif","index/stream_stripes/stream_00154.tif",46806,0,"EXISTS_VALID"
"BLOCK_004",155,39425,39680,256,46800,"index/reverse_stripes/reverse_00155.tif","index/stream_stripes/stream_00155.tif",46172,0,"EXISTS_VALID"
"BLOCK_004",156,39681,39936,256,46800,"index/reverse_stripes/reverse_00156.tif","index/stream_stripes/stream_00156.tif",43798,0,"EXISTS_VALID"
"BLOCK_004",157,39937,40192,256,46800,"index/reverse_stripes/reverse_00157.tif","index/stream_stripes/stream_00157.tif",41349,0,"EXISTS_VALID"
"BLOCK_004",158,40193,40448,256,46800,"index/reverse_stripes/reverse_00158.tif","index/stream_stripes/stream_00158.tif",40522,0,"EXISTS_VALID"
"BLOCK_004",159,40449,40704,256,46800,"index/reverse_stripes/reverse_00159.tif","index/stream_stripes/stream_00159.tif",41294,0,"EXISTS_VALID"
"BLOCK_004",160,40705,40960,256,46800,"index/reverse_stripes/reverse_00160.tif","index/stream_stripes/stream_00160.tif",41268,0,"EXISTS_VALID"
"BLOCK_004",161,40961,41216,256,46800,"index/reverse_stripes/reverse_00161.tif","index/stream_stripes/stream_00161.tif",40284,0,"EXISTS_VALID"
"BLOCK_004",162,41217,41472,256,46800,"index/reverse_stripes/reverse_00162.tif","index/stream_stripes/stream_00162.tif",42040,0,"EXISTS_VALID"
"BLOCK_004",163,41473,41728,256,46800,"index/reverse_stripes/reverse_00163.tif","index/stream_stripes/stream_00163.tif",42917,0,"EXISTS_VALID"
"BLOCK_004",164,41729,41984,256,46800,"index/reverse_stripes/reverse_00164.tif","index/stream_stripes/stream_00164.tif",38818,0,"EXISTS_VALID"
"BLOCK_004",165,41985,42240,256,46800,"index/reverse_stripes/reverse_00165.tif","index/stream_stripes/stream_00165.tif",38507,0,"EXISTS_VALID"
"BLOCK_004",166,42241,42496,256,46800,"index/reverse_stripes/reverse_00166.tif","index/stream_stripes/stream_00166.tif",39590,0,"EXISTS_VALID"
"BLOCK_004",167,42497,42752,256,46800,"index/reverse_stripes/reverse_00167.tif","index/stream_stripes/stream_00167.tif",42852,0,"EXISTS_VALID"
"BLOCK_004",168,42753,43008,256,46800,"index/reverse_stripes/reverse_00168.tif","index/stream_stripes/stream_00168.tif",40414,0,"EXISTS_VALID"
"BLOCK_004",169,43009,43264,256,46800,"index/reverse_stripes/reverse_00169.tif","index/stream_stripes/stream_00169.tif",38864,0,"EXISTS_VALID"
"BLOCK_004",170,43265,43520,256,46800,"index/reverse_stripes/reverse_00170.tif","index/stream_stripes/stream_00170.tif",41807,0,"EXISTS_VALID"
"BLOCK_004",171,43521,43776,256,46800,"index/reverse_stripes/reverse_00171.tif","index/stream_stripes/stream_00171.tif",41699,0,"EXISTS_VALID"
"BLOCK_004",172,43777,44032,256,46800,"index/reverse_stripes/reverse_00172.tif","index/stream_stripes/stream_00172.tif",37763,0,"EXISTS_VALID"
"BLOCK_004",173,44033,44288,256,46800,"index/reverse_stripes/reverse_00173.tif","index/stream_stripes/stream_00173.tif",39158,0,"EXISTS_VALID"
"BLOCK_004",174,44289,44544,256,46800,"index/reverse_stripes/reverse_00174.tif","index/stream_stripes/stream_00174.tif",41946,0,"EXISTS_VALID"
"BLOCK_004",175,44545,44800,256,46800,"index/reverse_stripes/reverse_00175.tif","index/stream_stripes/stream_00175.tif",37401,0,"EXISTS_VALID"
"BLOCK_004",176,44801,45056,256,46800,"index/reverse_stripes/reverse_00176.tif","index/stream_stripes/stream_00176.tif",36525,0,"EXISTS_VALID"
"BLOCK_004",177,45057,45312,256,46800,"index/reverse_stripes/reverse_00177.tif","index/stream_stripes/stream_00177.tif",41065,0,"EXISTS_VALID"
"BLOCK_004",178,45313,45568,256,46800,"index/reverse_stripes/reverse_00178.tif","index/stream_stripes/stream_00178.tif",42047,0,"EXISTS_VALID"
"BLOCK_004",179,45569,45824,256,46800,"index/reverse_stripes/reverse_00179.tif","index/stream_stripes/stream_00179.tif",33568,0,"EXISTS_VALID"
"BLOCK_004",180,45825,46080,256,46800,"index/reverse_stripes/reverse_00180.tif","index/stream_stripes/stream_00180.tif",35815,0,"EXISTS_VALID"
"BLOCK_004",181,46081,46336,256,46800,"index/reverse_stripes/reverse_00181.tif","index/stream_stripes/stream_00181.tif",36242,0,"EXISTS_VALID"
"BLOCK_004",182,46337,46592,256,46800,"index/reverse_stripes/reverse_00182.tif","index/stream_stripes/stream_00182.tif",42418,0,"EXISTS_VALID"
"BLOCK_004",183,46593,46848,256,46800,"index/reverse_stripes/reverse_00183.tif","index/stream_stripes/stream_00183.tif",37969,0,"EXISTS_VALID"
"BLOCK_004",184,46849,47104,256,46800,"index/reverse_stripes/reverse_00184.tif","index/stream_stripes/stream_00184.tif",33268,0,"EXISTS_VALID"
"BLOCK_004",185,47105,47360,256,46800,"index/reverse_stripes/reverse_00185.tif","index/stream_stripes/stream_00185.tif",33004,0,"EXISTS_VALID"
"BLOCK_004",186,47361,47616,256,46800,"index/reverse_stripes/reverse_00186.tif","index/stream_stripes/stream_00186.tif",33083,0,"EXISTS_VALID"
"BLOCK_004",187,47617,47872,256,46800,"index/reverse_stripes/reverse_00187.tif","index/stream_stripes/stream_00187.tif",32170,0,"EXISTS_VALID"
"BLOCK_004",188,47873,48128,256,46800,"index/reverse_stripes/reverse_00188.tif","index/stream_stripes/stream_00188.tif",29849,0,"EXISTS_VALID"
"BLOCK_004",189,48129,48384,256,46800,"index/reverse_stripes/reverse_00189.tif","index/stream_stripes/stream_00189.tif",34358,0,"EXISTS_VALID"
"BLOCK_004",190,48385,48640,256,46800,"index/reverse_stripes/reverse_00190.tif","index/stream_stripes/stream_00190.tif",31876,0,"EXISTS_VALID"
"BLOCK_004",191,48641,48896,256,46800,"index/reverse_stripes/reverse_00191.tif","index/stream_stripes/stream_00191.tif",30232,0,"EXISTS_VALID"
"BLOCK_004",192,48897,49152,256,46800,"index/reverse_stripes/reverse_00192.tif","index/stream_stripes/stream_00192.tif",30239,0,"EXISTS_VALID"
"BLOCK_004",193,49153,49408,256,46800,"index/reverse_stripes/reverse_00193.tif","index/stream_stripes/stream_00193.tif",31975,0,"EXISTS_VALID"
"BLOCK_004",194,49409,49664,256,46800,"index/reverse_stripes/reverse_00194.tif","index/stream_stripes/stream_00194.tif",30522,0,"EXISTS_VALID"
"BLOCK_004",195,49665,49920,256,46800,"index/reverse_stripes/reverse_00195.tif","index/stream_stripes/stream_00195.tif",34093,0,"EXISTS_VALID"
"BLOCK_004",196,49921,50176,256,46800,"index/reverse_stripes/reverse_00196.tif","index/stream_stripes/stream_00196.tif",30093,0,"EXISTS_VALID"
"BLOCK_004",197,50177,50432,256,46800,"index/reverse_stripes/reverse_00197.tif","index/stream_stripes/stream_00197.tif",31363,0,"EXISTS_VALID"
"BLOCK_004",198,50433,50688,256,46800,"index/reverse_stripes/reverse_00198.tif","index/stream_stripes/stream_00198.tif",32945,0,"EXISTS_VALID"
"BLOCK_004",199,50689,50944,256,46800,"index/reverse_stripes/reverse_00199.tif","index/stream_stripes/stream_00199.tif",33013,0,"EXISTS_VALID"
"BLOCK_004",200,50945,51200,256,46800,"index/reverse_stripes/reverse_00200.tif","index/stream_stripes/stream_00200.tif",31488,0,"EXISTS_VALID"
"BLOCK_004",201,51201,51456,256,46800,"index/reverse_stripes/reverse_00201.tif","index/stream_stripes/stream_00201.tif",32585,0,"EXISTS_VALID"
"BLOCK_004",202,51457,51712,256,46800,"index/reverse_stripes/reverse_00202.tif","index/stream_stripes/stream_00202.tif",30653,0,"EXISTS_VALID"
"BLOCK_004",203,51713,51968,256,46800,"index/reverse_stripes/reverse_00203.tif","index/stream_stripes/stream_00203.tif",30638,0,"EXISTS_VALID"
"BLOCK_004",204,51969,52224,256,46800,"index/reverse_stripes/reverse_00204.tif","index/stream_stripes/stream_00204.tif",27491,0,"EXISTS_VALID"
"BLOCK_004",205,52225,52480,256,46800,"index/reverse_stripes/reverse_00205.tif","index/stream_stripes/stream_00205.tif",28764,0,"EXISTS_VALID"
"BLOCK_004",206,52481,52736,256,46800,"index/reverse_stripes/reverse_00206.tif","index/stream_stripes/stream_00206.tif",29824,0,"EXISTS_VALID"
"BLOCK_004",207,52737,52992,256,46800,"index/reverse_stripes/reverse_00207.tif","index/stream_stripes/stream_00207.tif",30362,0,"EXISTS_VALID"
"BLOCK_004",208,52993,53248,256,46800,"index/reverse_stripes/reverse_00208.tif","index/stream_stripes/stream_00208.tif",31595,0,"EXISTS_VALID"
"BLOCK_004",209,53249,53504,256,46800,"index/reverse_stripes/reverse_00209.tif","index/stream_stripes/stream_00209.tif",28050,0,"EXISTS_VALID"
"BLOCK_004",210,53505,53760,256,46800,"index/reverse_stripes/reverse_00210.tif","index/stream_stripes/stream_00210.tif",29734,0,"EXISTS_VALID"
"BLOCK_004",211,53761,54016,256,46800,"index/reverse_stripes/reverse_00211.tif","index/stream_stripes/stream_00211.tif",28765,0,"EXISTS_VALID"
"BLOCK_004",212,54017,54272,256,46800,"index/reverse_stripes/reverse_00212.tif","index/stream_stripes/stream_00212.tif",39483,0,"EXISTS_VALID"
"BLOCK_004",213,54273,54528,256,46800,"index/reverse_stripes/reverse_00213.tif","index/stream_stripes/stream_00213.tif",34633,0,"EXISTS_VALID"
"BLOCK_004",214,54529,54784,256,46800,"index/reverse_stripes/reverse_00214.tif","index/stream_stripes/stream_00214.tif",33259,0,"EXISTS_VALID"
"BLOCK_004",215,54785,55040,256,46800,"index/reverse_stripes/reverse_00215.tif","index/stream_stripes/stream_00215.tif",36151,0,"EXISTS_VALID"
"BLOCK_004",216,55041,55296,256,46800,"index/reverse_stripes/reverse_00216.tif","index/stream_stripes/stream_00216.tif",36637,0,"EXISTS_VALID"
"BLOCK_004",217,55297,55552,256,46800,"index/reverse_stripes/reverse_00217.tif","index/stream_stripes/stream_00217.tif",33029,0,"EXISTS_VALID"
"BLOCK_004",218,55553,55808,256,46800,"index/reverse_stripes/reverse_00218.tif","index/stream_stripes/stream_00218.tif",34575,0,"EXISTS_VALID"
"BLOCK_004",219,55809,56064,256,46800,"index/reverse_stripes/reverse_00219.tif","index/stream_stripes/stream_00219.tif",33388,0,"EXISTS_VALID"
"BLOCK_004",220,56065,56320,256,46800,"index/reverse_stripes/reverse_00220.tif","index/stream_stripes/stream_00220.tif",34567,0,"EXISTS_VALID"
"BLOCK_004",221,56321,56576,256,46800,"index/reverse_stripes/reverse_00221.tif","index/stream_stripes/stream_00221.tif",33689,0,"EXISTS_VALID"
"BLOCK_004",222,56577,56832,256,46800,"index/reverse_stripes/reverse_00222.tif","index/stream_stripes/stream_00222.tif",32217,0,"EXISTS_VALID"
"BLOCK_004",223,56833,57088,256,46800,"index/reverse_stripes/reverse_00223.tif","index/stream_stripes/stream_00223.tif",36283,0,"EXISTS_VALID"
"BLOCK_004",224,57089,57344,256,46800,"index/reverse_stripes/reverse_00224.tif","index/stream_stripes/stream_00224.tif",35681,0,"EXISTS_VALID"
"BLOCK_004",225,57345,57600,256,46800,"index/reverse_stripes/reverse_00225.tif","index/stream_stripes/stream_00225.tif",37142,0,"EXISTS_VALID"
"BLOCK_004",226,57601,57856,256,46800,"index/reverse_stripes/reverse_00226.tif","index/stream_stripes/stream_00226.tif",28974,0,"EXISTS_VALID"
"BLOCK_004",227,57857,58112,256,46800,"index/reverse_stripes/reverse_00227.tif","index/stream_stripes/stream_00227.tif",29069,0,"EXISTS_VALID"
"BLOCK_004",228,58113,58368,256,46800,"index/reverse_stripes/reverse_00228.tif","index/stream_stripes/stream_00228.tif",27819,0,"EXISTS_VALID"
"BLOCK_004",229,58369,58624,256,46800,"index/reverse_stripes/reverse_00229.tif","index/stream_stripes/stream_00229.tif",30982,0,"EXISTS_VALID"
"BLOCK_004",230,58625,58880,256,46800,"index/reverse_stripes/reverse_00230.tif","index/stream_stripes/stream_00230.tif",32479,0,"EXISTS_VALID"
"BLOCK_004",231,58881,59136,256,46800,"index/reverse_stripes/reverse_00231.tif","index/stream_stripes/stream_00231.tif",30457,0,"EXISTS_VALID"
"BLOCK_004",232,59137,59392,256,46800,"index/reverse_stripes/reverse_00232.tif","index/stream_stripes/stream_00232.tif",28710,0,"EXISTS_VALID"
"BLOCK_004",233,59393,59648,256,46800,"index/reverse_stripes/reverse_00233.tif","index/stream_stripes/stream_00233.tif",29193,0,"EXISTS_VALID"
"BLOCK_004",234,59649,59904,256,46800,"index/reverse_stripes/reverse_00234.tif","index/stream_stripes/stream_00234.tif",29850,0,"EXISTS_VALID"
"BLOCK_004",235,59905,60160,256,46800,"index/reverse_stripes/reverse_00235.tif","index/stream_stripes/stream_00235.tif",29042,0,"EXISTS_VALID"
"BLOCK_004",236,60161,60416,256,46800,"index/reverse_stripes/reverse_00236.tif","index/stream_stripes/stream_00236.tif",35503,0,"EXISTS_VALID"
"BLOCK_004",237,60417,60672,256,46800,"index/reverse_stripes/reverse_00237.tif","index/stream_stripes/stream_00237.tif",32604,0,"EXISTS_VALID"
"BLOCK_004",238,60673,60928,256,46800,"index/reverse_stripes/reverse_00238.tif","index/stream_stripes/stream_00238.tif",34833,0,"EXISTS_VALID"
"BLOCK_004",239,60929,61184,256,46800,"index/reverse_stripes/reverse_00239.tif","index/stream_stripes/stream_00239.tif",33800,0,"EXISTS_VALID"
"BLOCK_004",240,61185,61440,256,46800,"index/reverse_stripes/reverse_00240.tif","index/stream_stripes/stream_00240.tif",16867,0,"EXISTS_VALID"
"BLOCK_004",241,61441,61696,256,46800,"index/reverse_stripes/reverse_00241.tif","index/stream_stripes/stream_00241.tif",16825,0,"EXISTS_VALID"
"BLOCK_004",242,61697,61952,256,46800,"index/reverse_stripes/reverse_00242.tif","index/stream_stripes/stream_00242.tif",18861,0,"EXISTS_VALID"
"BLOCK_004",243,61953,62208,256,46800,"index/reverse_stripes/reverse_00243.tif","index/stream_stripes/stream_00243.tif",19722,0,"EXISTS_VALID"
"BLOCK_004",244,62209,62464,256,46800,"index/reverse_stripes/reverse_00244.tif","index/stream_stripes/stream_00244.tif",16761,0,"EXISTS_VALID"
"BLOCK_004",245,62465,62720,256,46800,"index/reverse_stripes/reverse_00245.tif","index/stream_stripes/stream_00245.tif",18620,0,"EXISTS_VALID"
"BLOCK_004",246,62721,62976,256,46800,"index/reverse_stripes/reverse_00246.tif","index/stream_stripes/stream_00246.tif",18719,0,"EXISTS_VALID"
"BLOCK_004",247,62977,63232,256,46800,"index/reverse_stripes/reverse_00247.tif","index/stream_stripes/stream_00247.tif",19629,0,"EXISTS_VALID"
"BLOCK_004",248,63233,63488,256,46800,"index/reverse_stripes/reverse_00248.tif","index/stream_stripes/stream_00248.tif",18134,0,"EXISTS_VALID"
"BLOCK_004",249,63489,63744,256,46800,"index/reverse_stripes/reverse_00249.tif","index/stream_stripes/stream_00249.tif",21677,0,"EXISTS_VALID"
"BLOCK_004",250,63745,64000,256,46800,"index/reverse_stripes/reverse_00250.tif","index/stream_stripes/stream_00250.tif",17690,0,"EXISTS_VALID"
"BLOCK_004",251,64001,64256,256,46800,"index/reverse_stripes/reverse_00251.tif","index/stream_stripes/stream_00251.tif",18953,0,"EXISTS_VALID"
"BLOCK_004",252,64257,64512,256,46800,"index/reverse_stripes/reverse_00252.tif","index/stream_stripes/stream_00252.tif",18539,0,"EXISTS_VALID"
"BLOCK_004",253,64513,64768,256,46800,"index/reverse_stripes/reverse_00253.tif","index/stream_stripes/stream_00253.tif",16737,0,"EXISTS_VALID"
"BLOCK_004",254,64769,64800,32,46800,"index/reverse_stripes/reverse_00254.tif","index/stream_stripes/stream_00254.tif",2018,0,"EXISTS_VALID"
"BLOCK_005",1,1,256,256,10800,"index/reverse_stripes/reverse_00001.tif","index/stream_stripes/stream_00001.tif",10622,0,"EXISTS_VALID"
"BLOCK_005",2,257,512,256,10800,"index/reverse_stripes/reverse_00002.tif","index/stream_stripes/stream_00002.tif",10593,0,"EXISTS_VALID"
"BLOCK_005",3,513,768,256,10800,"index/reverse_stripes/reverse_00003.tif","index/stream_stripes/stream_00003.tif",9324,0,"EXISTS_VALID"
"BLOCK_005",4,769,1024,256,10800,"index/reverse_stripes/reverse_00004.tif","index/stream_stripes/stream_00004.tif",10903,0,"EXISTS_VALID"
"BLOCK_005",5,1025,1280,256,10800,"index/reverse_stripes/reverse_00005.tif","index/stream_stripes/stream_00005.tif",11565,0,"EXISTS_VALID"
"BLOCK_005",6,1281,1536,256,10800,"index/reverse_stripes/reverse_00006.tif","index/stream_stripes/stream_00006.tif",10150,0,"EXISTS_VALID"
"BLOCK_005",7,1537,1792,256,10800,"index/reverse_stripes/reverse_00007.tif","index/stream_stripes/stream_00007.tif",9718,0,"EXISTS_VALID"
"BLOCK_005",8,1793,2048,256,10800,"index/reverse_stripes/reverse_00008.tif","index/stream_stripes/stream_00008.tif",11133,0,"EXISTS_VALID"
"BLOCK_005",9,2049,2304,256,10800,"index/reverse_stripes/reverse_00009.tif","index/stream_stripes/stream_00009.tif",11206,0,"EXISTS_VALID"
"BLOCK_005",10,2305,2560,256,10800,"index/reverse_stripes/reverse_00010.tif","index/stream_stripes/stream_00010.tif",13508,0,"EXISTS_VALID"
"BLOCK_005",11,2561,2816,256,10800,"index/reverse_stripes/reverse_00011.tif","index/stream_stripes/stream_00011.tif",11569,0,"EXISTS_VALID"
"BLOCK_005",12,2817,3072,256,10800,"index/reverse_stripes/reverse_00012.tif","index/stream_stripes/stream_00012.tif",14103,0,"EXISTS_VALID"
"BLOCK_005",13,3073,3328,256,10800,"index/reverse_stripes/reverse_00013.tif","index/stream_stripes/stream_00013.tif",14252,0,"EXISTS_VALID"
"BLOCK_005",14,3329,3584,256,10800,"index/reverse_stripes/reverse_00014.tif","index/stream_stripes/stream_00014.tif",10982,0,"EXISTS_VALID"
"BLOCK_005",15,3585,3840,256,10800,"index/reverse_stripes/reverse_00015.tif","index/stream_stripes/stream_00015.tif",16650,0,"EXISTS_VALID"
"BLOCK_005",16,3841,4096,256,10800,"index/reverse_stripes/reverse_00016.tif","index/stream_stripes/stream_00016.tif",12706,0,"EXISTS_VALID"
"BLOCK_005",17,4097,4352,256,10800,"index/reverse_stripes/reverse_00017.tif","index/stream_stripes/stream_00017.tif",14731,0,"EXISTS_VALID"
"BLOCK_005",18,4353,4608,256,10800,"index/reverse_stripes/reverse_00018.tif","index/stream_stripes/stream_00018.tif",13252,0,"EXISTS_VALID"
"BLOCK_005",19,4609,4864,256,10800,"index/reverse_stripes/reverse_00019.tif","index/stream_stripes/stream_00019.tif",13572,0,"EXISTS_VALID"
"BLOCK_005",20,4865,5120,256,10800,"index/reverse_stripes/reverse_00020.tif","index/stream_stripes/stream_00020.tif",17342,0,"EXISTS_VALID"
"BLOCK_005",21,5121,5376,256,10800,"index/reverse_stripes/reverse_00021.tif","index/stream_stripes/stream_00021.tif",16021,0,"EXISTS_VALID"
"BLOCK_005",22,5377,5632,256,10800,"index/reverse_stripes/reverse_00022.tif","index/stream_stripes/stream_00022.tif",15999,0,"EXISTS_VALID"
"BLOCK_005",23,5633,5888,256,10800,"index/reverse_stripes/reverse_00023.tif","index/stream_stripes/stream_00023.tif",13125,0,"EXISTS_VALID"
"BLOCK_005",24,5889,6144,256,10800,"index/reverse_stripes/reverse_00024.tif","index/stream_stripes/stream_00024.tif",13841,0,"EXISTS_VALID"
"BLOCK_005",25,6145,6400,256,10800,"index/reverse_stripes/reverse_00025.tif","index/stream_stripes/stream_00025.tif",15166,0,"EXISTS_VALID"
"BLOCK_005",26,6401,6656,256,10800,"index/reverse_stripes/reverse_00026.tif","index/stream_stripes/stream_00026.tif",16249,0,"EXISTS_VALID"
"BLOCK_005",27,6657,6912,256,10800,"index/reverse_stripes/reverse_00027.tif","index/stream_stripes/stream_00027.tif",21910,0,"EXISTS_VALID"
"BLOCK_005",28,6913,7168,256,10800,"index/reverse_stripes/reverse_00028.tif","index/stream_stripes/stream_00028.tif",16993,0,"EXISTS_VALID"
"BLOCK_005",29,7169,7424,256,10800,"index/reverse_stripes/reverse_00029.tif","index/stream_stripes/stream_00029.tif",16485,0,"EXISTS_VALID"
"BLOCK_005",30,7425,7680,256,10800,"index/reverse_stripes/reverse_00030.tif","index/stream_stripes/stream_00030.tif",22890,0,"EXISTS_VALID"
"BLOCK_005",31,7681,7936,256,10800,"index/reverse_stripes/reverse_00031.tif","index/stream_stripes/stream_00031.tif",15347,0,"EXISTS_VALID"
"BLOCK_005",32,7937,8192,256,10800,"index/reverse_stripes/reverse_00032.tif","index/stream_stripes/stream_00032.tif",13154,0,"EXISTS_VALID"
"BLOCK_005",33,8193,8448,256,10800,"index/reverse_stripes/reverse_00033.tif","index/stream_stripes/stream_00033.tif",14880,0,"EXISTS_VALID"
"BLOCK_005",34,8449,8704,256,10800,"index/reverse_stripes/reverse_00034.tif","index/stream_stripes/stream_00034.tif",14614,0,"EXISTS_VALID"
"BLOCK_005",35,8705,8960,256,10800,"index/reverse_stripes/reverse_00035.tif","index/stream_stripes/stream_00035.tif",13530,0,"EXISTS_VALID"
"BLOCK_005",36,8961,9216,256,10800,"index/reverse_stripes/reverse_00036.tif","index/stream_stripes/stream_00036.tif",12657,0,"EXISTS_VALID"
"BLOCK_005",37,9217,9472,256,10800,"index/reverse_stripes/reverse_00037.tif","index/stream_stripes/stream_00037.tif",12275,0,"EXISTS_VALID"
"BLOCK_005",38,9473,9728,256,10800,"index/reverse_stripes/reverse_00038.tif","index/stream_stripes/stream_00038.tif",13129,0,"EXISTS_VALID"
"BLOCK_005",39,9729,9984,256,10800,"index/reverse_stripes/reverse_00039.tif","index/stream_stripes/stream_00039.tif",14578,0,"EXISTS_VALID"
"BLOCK_005",40,9985,10240,256,10800,"index/reverse_stripes/reverse_00040.tif","index/stream_stripes/stream_00040.tif",15044,0,"EXISTS_VALID"
"BLOCK_005",41,10241,10496,256,10800,"index/reverse_stripes/reverse_00041.tif","index/stream_stripes/stream_00041.tif",17724,0,"EXISTS_VALID"
"BLOCK_005",42,10497,10752,256,10800,"index/reverse_stripes/reverse_00042.tif","index/stream_stripes/stream_00042.tif",12635,0,"EXISTS_VALID"
"BLOCK_005",43,10753,10800,48,10800,"index/reverse_stripes/reverse_00043.tif","index/stream_stripes/stream_00043.tif",1690,0,"EXISTS_VALID"
"BLOCK_006",1,1,256,256,7200,"index/reverse_stripes/reverse_00001.tif","index/stream_stripes/stream_00001.tif",8792,0,"EXISTS_VALID"
"BLOCK_006",2,257,512,256,7200,"index/reverse_stripes/reverse_00002.tif","index/stream_stripes/stream_00002.tif",10623,0,"EXISTS_VALID"
"BLOCK_006",3,513,768,256,7200,"index/reverse_stripes/reverse_00003.tif","index/stream_stripes/stream_00003.tif",12655,0,"EXISTS_VALID"
"BLOCK_006",4,769,1024,256,7200,"index/reverse_stripes/reverse_00004.tif","index/stream_stripes/stream_00004.tif",10996,0,"EXISTS_VALID"
"BLOCK_006",5,1025,1280,256,7200,"index/reverse_stripes/reverse_00005.tif","index/stream_stripes/stream_00005.tif",12478,0,"EXISTS_VALID"
"BLOCK_006",6,1281,1536,256,7200,"index/reverse_stripes/reverse_00006.tif","index/stream_stripes/stream_00006.tif",9929,0,"EXISTS_VALID"
"BLOCK_006",7,1537,1792,256,7200,"index/reverse_stripes/reverse_00007.tif","index/stream_stripes/stream_00007.tif",11103,0,"EXISTS_VALID"
"BLOCK_006",8,1793,2048,256,7200,"index/reverse_stripes/reverse_00008.tif","index/stream_stripes/stream_00008.tif",12717,0,"EXISTS_VALID"
"BLOCK_006",9,2049,2304,256,7200,"index/reverse_stripes/reverse_00009.tif","index/stream_stripes/stream_00009.tif",12198,0,"EXISTS_VALID"
"BLOCK_006",10,2305,2560,256,7200,"index/reverse_stripes/reverse_00010.tif","index/stream_stripes/stream_00010.tif",10805,0,"EXISTS_VALID"
"BLOCK_006",11,2561,2816,256,7200,"index/reverse_stripes/reverse_00011.tif","index/stream_stripes/stream_00011.tif",12234,0,"EXISTS_VALID"
"BLOCK_006",12,2817,3072,256,7200,"index/reverse_stripes/reverse_00012.tif","index/stream_stripes/stream_00012.tif",11063,0,"EXISTS_VALID"
"BLOCK_006",13,3073,3328,256,7200,"index/reverse_stripes/reverse_00013.tif","index/stream_stripes/stream_00013.tif",10334,0,"EXISTS_VALID"
"BLOCK_006",14,3329,3584,256,7200,"index/reverse_stripes/reverse_00014.tif","index/stream_stripes/stream_00014.tif",10656,0,"EXISTS_VALID"
"BLOCK_006",15,3585,3840,256,7200,"index/reverse_stripes/reverse_00015.tif","index/stream_stripes/stream_00015.tif",9537,0,"EXISTS_VALID"
"BLOCK_006",16,3841,4096,256,7200,"index/reverse_stripes/reverse_00016.tif","index/stream_stripes/stream_00016.tif",11044,0,"EXISTS_VALID"
"BLOCK_006",17,4097,4352,256,7200,"index/reverse_stripes/reverse_00017.tif","index/stream_stripes/stream_00017.tif",11313,0,"EXISTS_VALID"
"BLOCK_006",18,4353,4608,256,7200,"index/reverse_stripes/reverse_00018.tif","index/stream_stripes/stream_00018.tif",11188,0,"EXISTS_VALID"
"BLOCK_006",19,4609,4864,256,7200,"index/reverse_stripes/reverse_00019.tif","index/stream_stripes/stream_00019.tif",10093,0,"EXISTS_VALID"
"BLOCK_006",20,4865,5120,256,7200,"index/reverse_stripes/reverse_00020.tif","index/stream_stripes/stream_00020.tif",10581,0,"EXISTS_VALID"
"BLOCK_006",21,5121,5376,256,7200,"index/reverse_stripes/reverse_00021.tif","index/stream_stripes/stream_00021.tif",10802,0,"EXISTS_VALID"
"BLOCK_006",22,5377,5632,256,7200,"index/reverse_stripes/reverse_00022.tif","index/stream_stripes/stream_00022.tif",11197,0,"EXISTS_VALID"
"BLOCK_006",23,5633,5888,256,7200,"index/reverse_stripes/reverse_00023.tif","index/stream_stripes/stream_00023.tif",13115,0,"EXISTS_VALID"
"BLOCK_006",24,5889,6144,256,7200,"index/reverse_stripes/reverse_00024.tif","index/stream_stripes/stream_00024.tif",10405,0,"EXISTS_VALID"
"BLOCK_006",25,6145,6400,256,7200,"index/reverse_stripes/reverse_00025.tif","index/stream_stripes/stream_00025.tif",10974,0,"EXISTS_VALID"
"BLOCK_006",26,6401,6656,256,7200,"index/reverse_stripes/reverse_00026.tif","index/stream_stripes/stream_00026.tif",8445,0,"EXISTS_VALID"
"BLOCK_006",27,6657,6912,256,7200,"index/reverse_stripes/reverse_00027.tif","index/stream_stripes/stream_00027.tif",8998,0,"EXISTS_VALID"
"BLOCK_006",28,6913,7168,256,7200,"index/reverse_stripes/reverse_00028.tif","index/stream_stripes/stream_00028.tif",12729,0,"EXISTS_VALID"
"BLOCK_006",29,7169,7424,256,7200,"index/reverse_stripes/reverse_00029.tif","index/stream_stripes/stream_00029.tif",12224,0,"EXISTS_VALID"
"BLOCK_006",30,7425,7680,256,7200,"index/reverse_stripes/reverse_00030.tif","index/stream_stripes/stream_00030.tif",15101,0,"EXISTS_VALID"
"BLOCK_006",31,7681,7936,256,7200,"index/reverse_stripes/reverse_00031.tif","index/stream_stripes/stream_00031.tif",10696,0,"EXISTS_VALID"
"BLOCK_006",32,7937,8192,256,7200,"index/reverse_stripes/reverse_00032.tif","index/stream_stripes/stream_00032.tif",10717,0,"EXISTS_VALID"
"BLOCK_006",33,8193,8448,256,7200,"index/reverse_stripes/reverse_00033.tif","index/stream_stripes/stream_00033.tif",13289,0,"EXISTS_VALID"
"BLOCK_006",34,8449,8704,256,7200,"index/reverse_stripes/reverse_00034.tif","index/stream_stripes/stream_00034.tif",7852,0,"EXISTS_VALID"
"BLOCK_006",35,8705,8960,256,7200,"index/reverse_stripes/reverse_00035.tif","index/stream_stripes/stream_00035.tif",14755,0,"EXISTS_VALID"
"BLOCK_006",36,8961,9216,256,7200,"index/reverse_stripes/reverse_00036.tif","index/stream_stripes/stream_00036.tif",9344,0,"EXISTS_VALID"
"BLOCK_006",37,9217,9472,256,7200,"index/reverse_stripes/reverse_00037.tif","index/stream_stripes/stream_00037.tif",8510,0,"EXISTS_VALID"
"BLOCK_006",38,9473,9728,256,7200,"index/reverse_stripes/reverse_00038.tif","index/stream_stripes/stream_00038.tif",9441,0,"EXISTS_VALID"
"BLOCK_006",39,9729,9984,256,7200,"index/reverse_stripes/reverse_00039.tif","index/stream_stripes/stream_00039.tif",18304,0,"EXISTS_VALID"
"BLOCK_006",40,9985,10240,256,7200,"index/reverse_stripes/reverse_00040.tif","index/stream_stripes/stream_00040.tif",12123,0,"EXISTS_VALID"
"BLOCK_006",41,10241,10496,256,7200,"index/reverse_stripes/reverse_00041.tif","index/stream_stripes/stream_00041.tif",11730,0,"EXISTS_VALID"
"BLOCK_006",42,10497,10752,256,7200,"index/reverse_stripes/reverse_00042.tif","index/stream_stripes/stream_00042.tif",12139,0,"EXISTS_VALID"
"BLOCK_006",43,10753,11008,256,7200,"index/reverse_stripes/reverse_00043.tif","index/stream_stripes/stream_00043.tif",12833,0,"EXISTS_VALID"
"BLOCK_006",44,11009,11264,256,7200,"index/reverse_stripes/reverse_00044.tif","index/stream_stripes/stream_00044.tif",19509,0,"EXISTS_VALID"
"BLOCK_006",45,11265,11520,256,7200,"index/reverse_stripes/reverse_00045.tif","index/stream_stripes/stream_00045.tif",6784,0,"EXISTS_VALID"
"BLOCK_006",46,11521,11776,256,7200,"index/reverse_stripes/reverse_00046.tif","index/stream_stripes/stream_00046.tif",5790,0,"EXISTS_VALID"
"BLOCK_006",47,11777,12032,256,7200,"index/reverse_stripes/reverse_00047.tif","index/stream_stripes/stream_00047.tif",6153,0,"EXISTS_VALID"
"BLOCK_006",48,12033,12288,256,7200,"index/reverse_stripes/reverse_00048.tif","index/stream_stripes/stream_00048.tif",6215,0,"EXISTS_VALID"
"BLOCK_006",49,12289,12544,256,7200,"index/reverse_stripes/reverse_00049.tif","index/stream_stripes/stream_00049.tif",6640,0,"EXISTS_VALID"
"BLOCK_006",50,12545,12800,256,7200,"index/reverse_stripes/reverse_00050.tif","index/stream_stripes/stream_00050.tif",6955,0,"EXISTS_VALID"
"BLOCK_006",51,12801,13056,256,7200,"index/reverse_stripes/reverse_00051.tif","index/stream_stripes/stream_00051.tif",8164,0,"EXISTS_VALID"
"BLOCK_006",52,13057,13312,256,7200,"index/reverse_stripes/reverse_00052.tif","index/stream_stripes/stream_00052.tif",8109,0,"EXISTS_VALID"
"BLOCK_006",53,13313,13568,256,7200,"index/reverse_stripes/reverse_00053.tif","index/stream_stripes/stream_00053.tif",7663,0,"EXISTS_VALID"
"BLOCK_006",54,13569,13824,256,7200,"index/reverse_stripes/reverse_00054.tif","index/stream_stripes/stream_00054.tif",8849,0,"EXISTS_VALID"
"BLOCK_006",55,13825,14080,256,7200,"index/reverse_stripes/reverse_00055.tif","index/stream_stripes/stream_00055.tif",10182,0,"EXISTS_VALID"
"BLOCK_006",56,14081,14336,256,7200,"index/reverse_stripes/reverse_00056.tif","index/stream_stripes/stream_00056.tif",9384,0,"EXISTS_VALID"
"BLOCK_006",57,14337,14400,64,7200,"index/reverse_stripes/reverse_00057.tif","index/stream_stripes/stream_00057.tif",2381,0,"EXISTS_VALID"
"BLOCK_007",1,1,256,256,10800,"index/reverse_stripes/reverse_00001.tif","index/stream_stripes/stream_00001.tif",14251,0,"EXISTS_VALID"
"BLOCK_007",2,257,512,256,10800,"index/reverse_stripes/reverse_00002.tif","index/stream_stripes/stream_00002.tif",17069,0,"EXISTS_VALID"
"BLOCK_007",3,513,768,256,10800,"index/reverse_stripes/reverse_00003.tif","index/stream_stripes/stream_00003.tif",16321,0,"EXISTS_VALID"
"BLOCK_007",4,769,1024,256,10800,"index/reverse_stripes/reverse_00004.tif","index/stream_stripes/stream_00004.tif",16862,0,"EXISTS_VALID"
"BLOCK_007",5,1025,1280,256,10800,"index/reverse_stripes/reverse_00005.tif","index/stream_stripes/stream_00005.tif",13174,0,"EXISTS_VALID"
"BLOCK_007",6,1281,1536,256,10800,"index/reverse_stripes/reverse_00006.tif","index/stream_stripes/stream_00006.tif",16963,0,"EXISTS_VALID"
"BLOCK_007",7,1537,1792,256,10800,"index/reverse_stripes/reverse_00007.tif","index/stream_stripes/stream_00007.tif",15497,0,"EXISTS_VALID"
"BLOCK_007",8,1793,2048,256,10800,"index/reverse_stripes/reverse_00008.tif","index/stream_stripes/stream_00008.tif",14158,0,"EXISTS_VALID"
"BLOCK_007",9,2049,2304,256,10800,"index/reverse_stripes/reverse_00009.tif","index/stream_stripes/stream_00009.tif",13454,0,"EXISTS_VALID"
"BLOCK_007",10,2305,2560,256,10800,"index/reverse_stripes/reverse_00010.tif","index/stream_stripes/stream_00010.tif",12481,0,"EXISTS_VALID"
"BLOCK_007",11,2561,2816,256,10800,"index/reverse_stripes/reverse_00011.tif","index/stream_stripes/stream_00011.tif",12533,0,"EXISTS_VALID"
"BLOCK_007",12,2817,3072,256,10800,"index/reverse_stripes/reverse_00012.tif","index/stream_stripes/stream_00012.tif",12486,0,"EXISTS_VALID"
"BLOCK_007",13,3073,3328,256,10800,"index/reverse_stripes/reverse_00013.tif","index/stream_stripes/stream_00013.tif",16101,0,"EXISTS_VALID"
"BLOCK_007",14,3329,3584,256,10800,"index/reverse_stripes/reverse_00014.tif","index/stream_stripes/stream_00014.tif",16789,0,"EXISTS_VALID"
"BLOCK_007",15,3585,3840,256,10800,"index/reverse_stripes/reverse_00015.tif","index/stream_stripes/stream_00015.tif",25168,0,"EXISTS_VALID"
"BLOCK_007",16,3841,4096,256,10800,"index/reverse_stripes/reverse_00016.tif","index/stream_stripes/stream_00016.tif",16142,0,"EXISTS_VALID"
"BLOCK_007",17,4097,4352,256,10800,"index/reverse_stripes/reverse_00017.tif","index/stream_stripes/stream_00017.tif",11878,0,"EXISTS_VALID"
"BLOCK_007",18,4353,4608,256,10800,"index/reverse_stripes/reverse_00018.tif","index/stream_stripes/stream_00018.tif",13165,0,"EXISTS_VALID"
"BLOCK_007",19,4609,4864,256,10800,"index/reverse_stripes/reverse_00019.tif","index/stream_stripes/stream_00019.tif",12853,0,"EXISTS_VALID"
"BLOCK_007",20,4865,5120,256,10800,"index/reverse_stripes/reverse_00020.tif","index/stream_stripes/stream_00020.tif",14105,0,"EXISTS_VALID"
"BLOCK_007",21,5121,5376,256,10800,"index/reverse_stripes/reverse_00021.tif","index/stream_stripes/stream_00021.tif",11791,0,"EXISTS_VALID"
"BLOCK_007",22,5377,5632,256,10800,"index/reverse_stripes/reverse_00022.tif","index/stream_stripes/stream_00022.tif",13979,0,"EXISTS_VALID"
"BLOCK_007",23,5633,5888,256,10800,"index/reverse_stripes/reverse_00023.tif","index/stream_stripes/stream_00023.tif",12050,0,"EXISTS_VALID"
"BLOCK_007",24,5889,6144,256,10800,"index/reverse_stripes/reverse_00024.tif","index/stream_stripes/stream_00024.tif",12940,0,"EXISTS_VALID"
"BLOCK_007",25,6145,6400,256,10800,"index/reverse_stripes/reverse_00025.tif","index/stream_stripes/stream_00025.tif",12921,0,"EXISTS_VALID"
"BLOCK_007",26,6401,6656,256,10800,"index/reverse_stripes/reverse_00026.tif","index/stream_stripes/stream_00026.tif",14490,0,"EXISTS_VALID"
"BLOCK_007",27,6657,6912,256,10800,"index/reverse_stripes/reverse_00027.tif","index/stream_stripes/stream_00027.tif",14742,0,"EXISTS_VALID"
"BLOCK_007",28,6913,7168,256,10800,"index/reverse_stripes/reverse_00028.tif","index/stream_stripes/stream_00028.tif",15918,0,"EXISTS_VALID"
"BLOCK_007",29,7169,7424,256,10800,"index/reverse_stripes/reverse_00029.tif","index/stream_stripes/stream_00029.tif",9805,0,"EXISTS_VALID"
"BLOCK_007",30,7425,7680,256,10800,"index/reverse_stripes/reverse_00030.tif","index/stream_stripes/stream_00030.tif",16302,0,"EXISTS_VALID"
"BLOCK_007",31,7681,7936,256,10800,"index/reverse_stripes/reverse_00031.tif","index/stream_stripes/stream_00031.tif",9451,0,"EXISTS_VALID"
"BLOCK_007",32,7937,8192,256,10800,"index/reverse_stripes/reverse_00032.tif","index/stream_stripes/stream_00032.tif",13754,0,"EXISTS_VALID"
"BLOCK_007",33,8193,8448,256,10800,"index/reverse_stripes/reverse_00033.tif","index/stream_stripes/stream_00033.tif",9467,0,"EXISTS_VALID"
"BLOCK_007",34,8449,8704,256,10800,"index/reverse_stripes/reverse_00034.tif","index/stream_stripes/stream_00034.tif",9511,0,"EXISTS_VALID"
"BLOCK_007",35,8705,8960,256,10800,"index/reverse_stripes/reverse_00035.tif","index/stream_stripes/stream_00035.tif",9861,0,"EXISTS_VALID"
"BLOCK_007",36,8961,9216,256,10800,"index/reverse_stripes/reverse_00036.tif","index/stream_stripes/stream_00036.tif",11290,0,"EXISTS_VALID"
"BLOCK_007",37,9217,9472,256,10800,"index/reverse_stripes/reverse_00037.tif","index/stream_stripes/stream_00037.tif",9672,0,"EXISTS_VALID"
"BLOCK_007",38,9473,9728,256,10800,"index/reverse_stripes/reverse_00038.tif","index/stream_stripes/stream_00038.tif",9516,0,"EXISTS_VALID"
"BLOCK_007",39,9729,9984,256,10800,"index/reverse_stripes/reverse_00039.tif","index/stream_stripes/stream_00039.tif",9452,0,"EXISTS_VALID"
"BLOCK_007",40,9985,10240,256,10800,"index/reverse_stripes/reverse_00040.tif","index/stream_stripes/stream_00040.tif",12791,0,"EXISTS_VALID"
"BLOCK_007",41,10241,10496,256,10800,"index/reverse_stripes/reverse_00041.tif","index/stream_stripes/stream_00041.tif",12046,0,"EXISTS_VALID"
"BLOCK_007",42,10497,10752,256,10800,"index/reverse_stripes/reverse_00042.tif","index/stream_stripes/stream_00042.tif",8462,0,"EXISTS_VALID"
"BLOCK_007",43,10753,10800,48,10800,"index/reverse_stripes/reverse_00043.tif","index/stream_stripes/stream_00043.tif",1477,0,"EXISTS_VALID"
"BLOCK_008",1,1,256,256,10800,"index/reverse_stripes/reverse_00001.tif","index/stream_stripes/stream_00001.tif",9437,0,"EXISTS_VALID"
"BLOCK_008",2,257,512,256,10800,"index/reverse_stripes/reverse_00002.tif","index/stream_stripes/stream_00002.tif",11204,0,"EXISTS_VALID"
"BLOCK_008",3,513,768,256,10800,"index/reverse_stripes/reverse_00003.tif","index/stream_stripes/stream_00003.tif",10797,0,"EXISTS_VALID"
"BLOCK_008",4,769,1024,256,10800,"index/reverse_stripes/reverse_00004.tif","index/stream_stripes/stream_00004.tif",11997,0,"EXISTS_VALID"
"BLOCK_008",5,1025,1280,256,10800,"index/reverse_stripes/reverse_00005.tif","index/stream_stripes/stream_00005.tif",11567,0,"EXISTS_VALID"
"BLOCK_008",6,1281,1536,256,10800,"index/reverse_stripes/reverse_00006.tif","index/stream_stripes/stream_00006.tif",10331,0,"EXISTS_VALID"
"BLOCK_008",7,1537,1792,256,10800,"index/reverse_stripes/reverse_00007.tif","index/stream_stripes/stream_00007.tif",11182,0,"EXISTS_VALID"
"BLOCK_008",8,1793,2048,256,10800,"index/reverse_stripes/reverse_00008.tif","index/stream_stripes/stream_00008.tif",11037,0,"EXISTS_VALID"
"BLOCK_008",9,2049,2304,256,10800,"index/reverse_stripes/reverse_00009.tif","index/stream_stripes/stream_00009.tif",13119,0,"EXISTS_VALID"
"BLOCK_008",10,2305,2560,256,10800,"index/reverse_stripes/reverse_00010.tif","index/stream_stripes/stream_00010.tif",9037,0,"EXISTS_VALID"
"BLOCK_008",11,2561,2816,256,10800,"index/reverse_stripes/reverse_00011.tif","index/stream_stripes/stream_00011.tif",11387,0,"EXISTS_VALID"
"BLOCK_008",12,2817,3072,256,10800,"index/reverse_stripes/reverse_00012.tif","index/stream_stripes/stream_00012.tif",13884,0,"EXISTS_VALID"
"BLOCK_008",13,3073,3328,256,10800,"index/reverse_stripes/reverse_00013.tif","index/stream_stripes/stream_00013.tif",13138,0,"EXISTS_VALID"
"BLOCK_008",14,3329,3584,256,10800,"index/reverse_stripes/reverse_00014.tif","index/stream_stripes/stream_00014.tif",12394,0,"EXISTS_VALID"
"BLOCK_008",15,3585,3840,256,10800,"index/reverse_stripes/reverse_00015.tif","index/stream_stripes/stream_00015.tif",17806,0,"EXISTS_VALID"
"BLOCK_008",16,3841,4096,256,10800,"index/reverse_stripes/reverse_00016.tif","index/stream_stripes/stream_00016.tif",19307,0,"EXISTS_VALID"
"BLOCK_008",17,4097,4352,256,10800,"index/reverse_stripes/reverse_00017.tif","index/stream_stripes/stream_00017.tif",17326,0,"EXISTS_VALID"
"BLOCK_008",18,4353,4608,256,10800,"index/reverse_stripes/reverse_00018.tif","index/stream_stripes/stream_00018.tif",20189,0,"EXISTS_VALID"
"BLOCK_008",19,4609,4864,256,10800,"index/reverse_stripes/reverse_00019.tif","index/stream_stripes/stream_00019.tif",18238,0,"EXISTS_VALID"
"BLOCK_008",20,4865,5120,256,10800,"index/reverse_stripes/reverse_00020.tif","index/stream_stripes/stream_00020.tif",17791,0,"EXISTS_VALID"
"BLOCK_008",21,5121,5376,256,10800,"index/reverse_stripes/reverse_00021.tif","index/stream_stripes/stream_00021.tif",18673,0,"EXISTS_VALID"
"BLOCK_008",22,5377,5632,256,10800,"index/reverse_stripes/reverse_00022.tif","index/stream_stripes/stream_00022.tif",19349,0,"EXISTS_VALID"
"BLOCK_008",23,5633,5888,256,10800,"index/reverse_stripes/reverse_00023.tif","index/stream_stripes/stream_00023.tif",18456,0,"EXISTS_VALID"
"BLOCK_008",24,5889,6144,256,10800,"index/reverse_stripes/reverse_00024.tif","index/stream_stripes/stream_00024.tif",18452,0,"EXISTS_VALID"
"BLOCK_008",25,6145,6400,256,10800,"index/reverse_stripes/reverse_00025.tif","index/stream_stripes/stream_00025.tif",18214,0,"EXISTS_VALID"
"BLOCK_008",26,6401,6656,256,10800,"index/reverse_stripes/reverse_00026.tif","index/stream_stripes/stream_00026.tif",24449,0,"EXISTS_VALID"
"BLOCK_008",27,6657,6912,256,10800,"index/reverse_stripes/reverse_00027.tif","index/stream_stripes/stream_00027.tif",20290,0,"EXISTS_VALID"
"BLOCK_008",28,6913,7168,256,10800,"index/reverse_stripes/reverse_00028.tif","index/stream_stripes/stream_00028.tif",23386,0,"EXISTS_VALID"
"BLOCK_008",29,7169,7424,256,10800,"index/reverse_stripes/reverse_00029.tif","index/stream_stripes/stream_00029.tif",16106,0,"EXISTS_VALID"
"BLOCK_008",30,7425,7680,256,10800,"index/reverse_stripes/reverse_00030.tif","index/stream_stripes/stream_00030.tif",18872,0,"EXISTS_VALID"
"BLOCK_008",31,7681,7936,256,10800,"index/reverse_stripes/reverse_00031.tif","index/stream_stripes/stream_00031.tif",21253,0,"EXISTS_VALID"
"BLOCK_008",32,7937,8192,256,10800,"index/reverse_stripes/reverse_00032.tif","index/stream_stripes/stream_00032.tif",16681,0,"EXISTS_VALID"
"BLOCK_008",33,8193,8448,256,10800,"index/reverse_stripes/reverse_00033.tif","index/stream_stripes/stream_00033.tif",11713,0,"EXISTS_VALID"
"BLOCK_008",34,8449,8704,256,10800,"index/reverse_stripes/reverse_00034.tif","index/stream_stripes/stream_00034.tif",12544,0,"EXISTS_VALID"
"BLOCK_008",35,8705,8960,256,10800,"index/reverse_stripes/reverse_00035.tif","index/stream_stripes/stream_00035.tif",13038,0,"EXISTS_VALID"
"BLOCK_008",36,8961,9216,256,10800,"index/reverse_stripes/reverse_00036.tif","index/stream_stripes/stream_00036.tif",12688,0,"EXISTS_VALID"
"BLOCK_008",37,9217,9472,256,10800,"index/reverse_stripes/reverse_00037.tif","index/stream_stripes/stream_00037.tif",12690,0,"EXISTS_VALID"
"BLOCK_008",38,9473,9728,256,10800,"index/reverse_stripes/reverse_00038.tif","index/stream_stripes/stream_00038.tif",15155,0,"EXISTS_VALID"
"BLOCK_008",39,9729,9984,256,10800,"index/reverse_stripes/reverse_00039.tif","index/stream_stripes/stream_00039.tif",14121,0,"EXISTS_VALID"
"BLOCK_008",40,9985,10240,256,10800,"index/reverse_stripes/reverse_00040.tif","index/stream_stripes/stream_00040.tif",12275,0,"EXISTS_VALID"
"BLOCK_008",41,10241,10496,256,10800,"index/reverse_stripes/reverse_00041.tif","index/stream_stripes/stream_00041.tif",12479,0,"EXISTS_VALID"
"BLOCK_008",42,10497,10752,256,10800,"index/reverse_stripes/reverse_00042.tif","index/stream_stripes/stream_00042.tif",13816,0,"EXISTS_VALID"
"BLOCK_008",43,10753,10800,48,10800,"index/reverse_stripes/reverse_00043.tif","index/stream_stripes/stream_00043.tif",2598,0,"EXISTS_VALID"
"BLOCK_009",1,1,256,256,14400,"index/reverse_stripes/reverse_00001.tif","index/stream_stripes/stream_00001.tif",10796,0,"EXISTS_VALID"
"BLOCK_009",2,257,512,256,14400,"index/reverse_stripes/reverse_00002.tif","index/stream_stripes/stream_00002.tif",11426,0,"EXISTS_VALID"
"BLOCK_009",3,513,768,256,14400,"index/reverse_stripes/reverse_00003.tif","index/stream_stripes/stream_00003.tif",11708,0,"EXISTS_VALID"
"BLOCK_009",4,769,1024,256,14400,"index/reverse_stripes/reverse_00004.tif","index/stream_stripes/stream_00004.tif",12789,0,"EXISTS_VALID"
"BLOCK_009",5,1025,1280,256,14400,"index/reverse_stripes/reverse_00005.tif","index/stream_stripes/stream_00005.tif",12744,0,"EXISTS_VALID"
"BLOCK_009",6,1281,1536,256,14400,"index/reverse_stripes/reverse_00006.tif","index/stream_stripes/stream_00006.tif",12860,0,"EXISTS_VALID"
"BLOCK_009",7,1537,1792,256,14400,"index/reverse_stripes/reverse_00007.tif","index/stream_stripes/stream_00007.tif",11081,0,"EXISTS_VALID"
"BLOCK_009",8,1793,2048,256,14400,"index/reverse_stripes/reverse_00008.tif","index/stream_stripes/stream_00008.tif",12196,0,"EXISTS_VALID"
"BLOCK_009",9,2049,2304,256,14400,"index/reverse_stripes/reverse_00009.tif","index/stream_stripes/stream_00009.tif",10934,0,"EXISTS_VALID"
"BLOCK_009",10,2305,2560,256,14400,"index/reverse_stripes/reverse_00010.tif","index/stream_stripes/stream_00010.tif",10444,0,"EXISTS_VALID"
"BLOCK_009",11,2561,2816,256,14400,"index/reverse_stripes/reverse_00011.tif","index/stream_stripes/stream_00011.tif",10675,0,"EXISTS_VALID"
"BLOCK_009",12,2817,3072,256,14400,"index/reverse_stripes/reverse_00012.tif","index/stream_stripes/stream_00012.tif",11039,0,"EXISTS_VALID"
"BLOCK_009",13,3073,3328,256,14400,"index/reverse_stripes/reverse_00013.tif","index/stream_stripes/stream_00013.tif",10569,0,"EXISTS_VALID"
"BLOCK_009",14,3329,3584,256,14400,"index/reverse_stripes/reverse_00014.tif","index/stream_stripes/stream_00014.tif",11162,0,"EXISTS_VALID"
"BLOCK_009",15,3585,3840,256,14400,"index/reverse_stripes/reverse_00015.tif","index/stream_stripes/stream_00015.tif",19715,0,"EXISTS_VALID"
"BLOCK_009",16,3841,4096,256,14400,"index/reverse_stripes/reverse_00016.tif","index/stream_stripes/stream_00016.tif",22871,0,"EXISTS_VALID"
"BLOCK_009",17,4097,4352,256,14400,"index/reverse_stripes/reverse_00017.tif","index/stream_stripes/stream_00017.tif",23945,0,"EXISTS_VALID"
"BLOCK_009",18,4353,4608,256,14400,"index/reverse_stripes/reverse_00018.tif","index/stream_stripes/stream_00018.tif",26267,0,"EXISTS_VALID"
"BLOCK_009",19,4609,4864,256,14400,"index/reverse_stripes/reverse_00019.tif","index/stream_stripes/stream_00019.tif",21838,0,"EXISTS_VALID"
"BLOCK_009",20,4865,5120,256,14400,"index/reverse_stripes/reverse_00020.tif","index/stream_stripes/stream_00020.tif",23414,0,"EXISTS_VALID"
"BLOCK_009",21,5121,5376,256,14400,"index/reverse_stripes/reverse_00021.tif","index/stream_stripes/stream_00021.tif",24121,0,"EXISTS_VALID"
"BLOCK_009",22,5377,5632,256,14400,"index/reverse_stripes/reverse_00022.tif","index/stream_stripes/stream_00022.tif",25782,0,"EXISTS_VALID"
"BLOCK_009",23,5633,5888,256,14400,"index/reverse_stripes/reverse_00023.tif","index/stream_stripes/stream_00023.tif",23947,0,"EXISTS_VALID"
"BLOCK_009",24,5889,6144,256,14400,"index/reverse_stripes/reverse_00024.tif","index/stream_stripes/stream_00024.tif",30126,0,"EXISTS_VALID"
"BLOCK_009",25,6145,6400,256,14400,"index/reverse_stripes/reverse_00025.tif","index/stream_stripes/stream_00025.tif",24292,0,"EXISTS_VALID"
"BLOCK_009",26,6401,6656,256,14400,"index/reverse_stripes/reverse_00026.tif","index/stream_stripes/stream_00026.tif",23367,0,"EXISTS_VALID"
"BLOCK_009",27,6657,6912,256,14400,"index/reverse_stripes/reverse_00027.tif","index/stream_stripes/stream_00027.tif",23236,0,"EXISTS_VALID"
"BLOCK_009",28,6913,7168,256,14400,"index/reverse_stripes/reverse_00028.tif","index/stream_stripes/stream_00028.tif",23005,0,"EXISTS_VALID"
"BLOCK_009",29,7169,7424,256,14400,"index/reverse_stripes/reverse_00029.tif","index/stream_stripes/stream_00029.tif",13450,0,"EXISTS_VALID"
"BLOCK_009",30,7425,7680,256,14400,"index/reverse_stripes/reverse_00030.tif","index/stream_stripes/stream_00030.tif",13481,0,"EXISTS_VALID"
"BLOCK_009",31,7681,7936,256,14400,"index/reverse_stripes/reverse_00031.tif","index/stream_stripes/stream_00031.tif",17654,0,"EXISTS_VALID"
"BLOCK_009",32,7937,8192,256,14400,"index/reverse_stripes/reverse_00032.tif","index/stream_stripes/stream_00032.tif",21324,0,"EXISTS_VALID"
"BLOCK_009",33,8193,8448,256,14400,"index/reverse_stripes/reverse_00033.tif","index/stream_stripes/stream_00033.tif",18273,0,"EXISTS_VALID"
"BLOCK_009",34,8449,8704,256,14400,"index/reverse_stripes/reverse_00034.tif","index/stream_stripes/stream_00034.tif",11004,0,"EXISTS_VALID"
"BLOCK_009",35,8705,8960,256,14400,"index/reverse_stripes/reverse_00035.tif","index/stream_stripes/stream_00035.tif",11615,0,"EXISTS_VALID"
"BLOCK_009",36,8961,9216,256,14400,"index/reverse_stripes/reverse_00036.tif","index/stream_stripes/stream_00036.tif",11200,0,"EXISTS_VALID"
"BLOCK_009",37,9217,9472,256,14400,"index/reverse_stripes/reverse_00037.tif","index/stream_stripes/stream_00037.tif",10773,0,"EXISTS_VALID"
"BLOCK_009",38,9473,9728,256,14400,"index/reverse_stripes/reverse_00038.tif","index/stream_stripes/stream_00038.tif",10133,0,"EXISTS_VALID"
"BLOCK_009",39,9729,9984,256,14400,"index/reverse_stripes/reverse_00039.tif","index/stream_stripes/stream_00039.tif",9534,0,"EXISTS_VALID"
"BLOCK_009",40,9985,10240,256,14400,"index/reverse_stripes/reverse_00040.tif","index/stream_stripes/stream_00040.tif",10141,0,"EXISTS_VALID"
"BLOCK_009",41,10241,10496,256,14400,"index/reverse_stripes/reverse_00041.tif","index/stream_stripes/stream_00041.tif",9953,0,"EXISTS_VALID"
"BLOCK_009",42,10497,10752,256,14400,"index/reverse_stripes/reverse_00042.tif","index/stream_stripes/stream_00042.tif",11154,0,"EXISTS_VALID"
"BLOCK_009",43,10753,10800,48,14400,"index/reverse_stripes/reverse_00043.tif","index/stream_stripes/stream_00043.tif",2135,0,"EXISTS_VALID"
"BLOCK_010",1,1,256,256,14400,"index/reverse_stripes/reverse_00001.tif","index/stream_stripes/stream_00001.tif",13765,0,"EXISTS_VALID"
"BLOCK_010",2,257,512,256,14400,"index/reverse_stripes/reverse_00002.tif","index/stream_stripes/stream_00002.tif",16480,0,"EXISTS_VALID"
"BLOCK_010",3,513,768,256,14400,"index/reverse_stripes/reverse_00003.tif","index/stream_stripes/stream_00003.tif",18393,0,"EXISTS_VALID"
"BLOCK_010",4,769,1024,256,14400,"index/reverse_stripes/reverse_00004.tif","index/stream_stripes/stream_00004.tif",19050,0,"EXISTS_VALID"
"BLOCK_010",5,1025,1280,256,14400,"index/reverse_stripes/reverse_00005.tif","index/stream_stripes/stream_00005.tif",16697,0,"EXISTS_VALID"
"BLOCK_010",6,1281,1536,256,14400,"index/reverse_stripes/reverse_00006.tif","index/stream_stripes/stream_00006.tif",18139,0,"EXISTS_VALID"
"BLOCK_010",7,1537,1792,256,14400,"index/reverse_stripes/reverse_00007.tif","index/stream_stripes/stream_00007.tif",18567,0,"EXISTS_VALID"
"BLOCK_010",8,1793,2048,256,14400,"index/reverse_stripes/reverse_00008.tif","index/stream_stripes/stream_00008.tif",19248,0,"EXISTS_VALID"
"BLOCK_010",9,2049,2304,256,14400,"index/reverse_stripes/reverse_00009.tif","index/stream_stripes/stream_00009.tif",17917,0,"EXISTS_VALID"
"BLOCK_010",10,2305,2560,256,14400,"index/reverse_stripes/reverse_00010.tif","index/stream_stripes/stream_00010.tif",21075,0,"EXISTS_VALID"
"BLOCK_010",11,2561,2816,256,14400,"index/reverse_stripes/reverse_00011.tif","index/stream_stripes/stream_00011.tif",16671,0,"EXISTS_VALID"
"BLOCK_010",12,2817,3072,256,14400,"index/reverse_stripes/reverse_00012.tif","index/stream_stripes/stream_00012.tif",18612,0,"EXISTS_VALID"
"BLOCK_010",13,3073,3328,256,14400,"index/reverse_stripes/reverse_00013.tif","index/stream_stripes/stream_00013.tif",17767,0,"EXISTS_VALID"
"BLOCK_010",14,3329,3584,256,14400,"index/reverse_stripes/reverse_00014.tif","index/stream_stripes/stream_00014.tif",17485,0,"EXISTS_VALID"
"BLOCK_010",15,3585,3840,256,14400,"index/reverse_stripes/reverse_00015.tif","index/stream_stripes/stream_00015.tif",22414,0,"EXISTS_VALID"
"BLOCK_010",16,3841,4096,256,14400,"index/reverse_stripes/reverse_00016.tif","index/stream_stripes/stream_00016.tif",26239,0,"EXISTS_VALID"
"BLOCK_010",17,4097,4352,256,14400,"index/reverse_stripes/reverse_00017.tif","index/stream_stripes/stream_00017.tif",25400,0,"EXISTS_VALID"
"BLOCK_010",18,4353,4608,256,14400,"index/reverse_stripes/reverse_00018.tif","index/stream_stripes/stream_00018.tif",25043,0,"EXISTS_VALID"
"BLOCK_010",19,4609,4864,256,14400,"index/reverse_stripes/reverse_00019.tif","index/stream_stripes/stream_00019.tif",25627,0,"EXISTS_VALID"
"BLOCK_010",20,4865,5120,256,14400,"index/reverse_stripes/reverse_00020.tif","index/stream_stripes/stream_00020.tif",28146,0,"EXISTS_VALID"
"BLOCK_010",21,5121,5376,256,14400,"index/reverse_stripes/reverse_00021.tif","index/stream_stripes/stream_00021.tif",28285,0,"EXISTS_VALID"
"BLOCK_010",22,5377,5632,256,14400,"index/reverse_stripes/reverse_00022.tif","index/stream_stripes/stream_00022.tif",26936,0,"EXISTS_VALID"
"BLOCK_010",23,5633,5888,256,14400,"index/reverse_stripes/reverse_00023.tif","index/stream_stripes/stream_00023.tif",26187,0,"EXISTS_VALID"
"BLOCK_010",24,5889,6144,256,14400,"index/reverse_stripes/reverse_00024.tif","index/stream_stripes/stream_00024.tif",29032,0,"EXISTS_VALID"
"BLOCK_010",25,6145,6400,256,14400,"index/reverse_stripes/reverse_00025.tif","index/stream_stripes/stream_00025.tif",27225,0,"EXISTS_VALID"
"BLOCK_010",26,6401,6656,256,14400,"index/reverse_stripes/reverse_00026.tif","index/stream_stripes/stream_00026.tif",24135,0,"EXISTS_VALID"
"BLOCK_010",27,6657,6912,256,14400,"index/reverse_stripes/reverse_00027.tif","index/stream_stripes/stream_00027.tif",23239,0,"EXISTS_VALID"
"BLOCK_010",28,6913,7168,256,14400,"index/reverse_stripes/reverse_00028.tif","index/stream_stripes/stream_00028.tif",24271,0,"EXISTS_VALID"
"BLOCK_010",29,7169,7424,256,14400,"index/reverse_stripes/reverse_00029.tif","index/stream_stripes/stream_00029.tif",8246,0,"EXISTS_VALID"
"BLOCK_010",30,7425,7680,256,14400,"index/reverse_stripes/reverse_00030.tif","index/stream_stripes/stream_00030.tif",6773,0,"EXISTS_VALID"
"BLOCK_010",31,7681,7936,256,14400,"index/reverse_stripes/reverse_00031.tif","index/stream_stripes/stream_00031.tif",6680,0,"EXISTS_VALID"
"BLOCK_010",32,7937,8192,256,14400,"index/reverse_stripes/reverse_00032.tif","index/stream_stripes/stream_00032.tif",10848,0,"EXISTS_VALID"
"BLOCK_010",33,8193,8448,256,14400,"index/reverse_stripes/reverse_00033.tif","index/stream_stripes/stream_00033.tif",7823,0,"EXISTS_VALID"
"BLOCK_010",34,8449,8704,256,14400,"index/reverse_stripes/reverse_00034.tif","index/stream_stripes/stream_00034.tif",7835,0,"EXISTS_VALID"
"BLOCK_010",35,8705,8960,256,14400,"index/reverse_stripes/reverse_00035.tif","index/stream_stripes/stream_00035.tif",2199,0,"EXISTS_VALID"
"BLOCK_010",36,8961,9216,256,14400,"index/reverse_stripes/reverse_00036.tif","index/stream_stripes/stream_00036.tif",2730,0,"EXISTS_VALID"
"BLOCK_010",37,9217,9472,256,14400,"index/reverse_stripes/reverse_00037.tif","index/stream_stripes/stream_00037.tif",4026,0,"EXISTS_VALID"
"BLOCK_010",38,9473,9728,256,14400,"index/reverse_stripes/reverse_00038.tif","index/stream_stripes/stream_00038.tif",2464,0,"EXISTS_VALID"
"BLOCK_010",39,9729,9984,256,14400,"index/reverse_stripes/reverse_00039.tif","index/stream_stripes/stream_00039.tif",1905,0,"EXISTS_VALID"
"BLOCK_010",40,9985,10240,256,14400,"index/reverse_stripes/reverse_00040.tif","index/stream_stripes/stream_00040.tif",1732,0,"EXISTS_VALID"
"BLOCK_010",41,10241,10496,256,14400,"index/reverse_stripes/reverse_00041.tif","index/stream_stripes/stream_00041.tif",1428,0,"EXISTS_VALID"
"BLOCK_010",42,10497,10752,256,14400,"index/reverse_stripes/reverse_00042.tif","index/stream_stripes/stream_00042.tif",768,0,"EXISTS_VALID"
"BLOCK_010",43,10753,10800,48,14400,"index/reverse_stripes/reverse_00043.tif","index/stream_stripes/stream_00043.tif",144,0,"EXISTS_VALID"
"BLOCK_011",1,1,256,256,7200,"index/reverse_stripes/reverse_00001.tif","index/stream_stripes/stream_00001.tif",6916,0,"EXISTS_VALID"
"BLOCK_011",2,257,512,256,7200,"index/reverse_stripes/reverse_00002.tif","index/stream_stripes/stream_00002.tif",8302,0,"EXISTS_VALID"
"BLOCK_011",3,513,768,256,7200,"index/reverse_stripes/reverse_00003.tif","index/stream_stripes/stream_00003.tif",7603,0,"EXISTS_VALID"
"BLOCK_011",4,769,1024,256,7200,"index/reverse_stripes/reverse_00004.tif","index/stream_stripes/stream_00004.tif",8816,0,"EXISTS_VALID"
"BLOCK_011",5,1025,1280,256,7200,"index/reverse_stripes/reverse_00005.tif","index/stream_stripes/stream_00005.tif",8659,0,"EXISTS_VALID"
"BLOCK_011",6,1281,1536,256,7200,"index/reverse_stripes/reverse_00006.tif","index/stream_stripes/stream_00006.tif",9061,0,"EXISTS_VALID"
"BLOCK_011",7,1537,1792,256,7200,"index/reverse_stripes/reverse_00007.tif","index/stream_stripes/stream_00007.tif",9163,0,"EXISTS_VALID"
"BLOCK_011",8,1793,2048,256,7200,"index/reverse_stripes/reverse_00008.tif","index/stream_stripes/stream_00008.tif",10529,0,"EXISTS_VALID"
"BLOCK_011",9,2049,2304,256,7200,"index/reverse_stripes/reverse_00009.tif","index/stream_stripes/stream_00009.tif",8125,0,"EXISTS_VALID"
"BLOCK_011",10,2305,2560,256,7200,"index/reverse_stripes/reverse_00010.tif","index/stream_stripes/stream_00010.tif",7914,0,"EXISTS_VALID"
"BLOCK_011",11,2561,2816,256,7200,"index/reverse_stripes/reverse_00011.tif","index/stream_stripes/stream_00011.tif",7977,0,"EXISTS_VALID"
"BLOCK_011",12,2817,3072,256,7200,"index/reverse_stripes/reverse_00012.tif","index/stream_stripes/stream_00012.tif",16558,0,"EXISTS_VALID"
"BLOCK_011",13,3073,3328,256,7200,"index/reverse_stripes/reverse_00013.tif","index/stream_stripes/stream_00013.tif",12310,0,"EXISTS_VALID"
"BLOCK_011",14,3329,3584,256,7200,"index/reverse_stripes/reverse_00014.tif","index/stream_stripes/stream_00014.tif",12818,0,"EXISTS_VALID"
"BLOCK_011",15,3585,3840,256,7200,"index/reverse_stripes/reverse_00015.tif","index/stream_stripes/stream_00015.tif",12504,0,"EXISTS_VALID"
"BLOCK_011",16,3841,4096,256,7200,"index/reverse_stripes/reverse_00016.tif","index/stream_stripes/stream_00016.tif",9098,0,"EXISTS_VALID"
"BLOCK_011",17,4097,4352,256,7200,"index/reverse_stripes/reverse_00017.tif","index/stream_stripes/stream_00017.tif",10113,0,"EXISTS_VALID"
"BLOCK_011",18,4353,4608,256,7200,"index/reverse_stripes/reverse_00018.tif","index/stream_stripes/stream_00018.tif",7842,0,"EXISTS_VALID"
"BLOCK_011",19,4609,4864,256,7200,"index/reverse_stripes/reverse_00019.tif","index/stream_stripes/stream_00019.tif",8153,0,"EXISTS_VALID"
"BLOCK_011",20,4865,5120,256,7200,"index/reverse_stripes/reverse_00020.tif","index/stream_stripes/stream_00020.tif",6776,0,"EXISTS_VALID"
"BLOCK_011",21,5121,5376,256,7200,"index/reverse_stripes/reverse_00021.tif","index/stream_stripes/stream_00021.tif",8267,0,"EXISTS_VALID"
"BLOCK_011",22,5377,5632,256,7200,"index/reverse_stripes/reverse_00022.tif","index/stream_stripes/stream_00022.tif",8003,0,"EXISTS_VALID"
"BLOCK_011",23,5633,5888,256,7200,"index/reverse_stripes/reverse_00023.tif","index/stream_stripes/stream_00023.tif",6635,0,"EXISTS_VALID"
"BLOCK_011",24,5889,6144,256,7200,"index/reverse_stripes/reverse_00024.tif","index/stream_stripes/stream_00024.tif",7518,0,"EXISTS_VALID"
"BLOCK_011",25,6145,6400,256,7200,"index/reverse_stripes/reverse_00025.tif","index/stream_stripes/stream_00025.tif",6561,0,"EXISTS_VALID"
"BLOCK_011",26,6401,6656,256,7200,"index/reverse_stripes/reverse_00026.tif","index/stream_stripes/stream_00026.tif",7838,0,"EXISTS_VALID"
"BLOCK_011",27,6657,6912,256,7200,"index/reverse_stripes/reverse_00027.tif","index/stream_stripes/stream_00027.tif",6502,0,"EXISTS_VALID"
"BLOCK_011",28,6913,7168,256,7200,"index/reverse_stripes/reverse_00028.tif","index/stream_stripes/stream_00028.tif",6157,0,"EXISTS_VALID"
"BLOCK_011",29,7169,7200,32,7200,"index/reverse_stripes/reverse_00029.tif","index/stream_stripes/stream_00029.tif",480,0,"EXISTS_VALID"
"BLOCK_012",1,1,256,256,10800,"index/reverse_stripes/reverse_00001.tif","index/stream_stripes/stream_00001.tif",10422,0,"EXISTS_VALID"
"BLOCK_012",2,257,512,256,10800,"index/reverse_stripes/reverse_00002.tif","index/stream_stripes/stream_00002.tif",12530,0,"EXISTS_VALID"
"BLOCK_012",3,513,768,256,10800,"index/reverse_stripes/reverse_00003.tif","index/stream_stripes/stream_00003.tif",12595,0,"EXISTS_VALID"
"BLOCK_012",4,769,1024,256,10800,"index/reverse_stripes/reverse_00004.tif","index/stream_stripes/stream_00004.tif",12663,0,"EXISTS_VALID"
"BLOCK_012",5,1025,1280,256,10800,"index/reverse_stripes/reverse_00005.tif","index/stream_stripes/stream_00005.tif",13740,0,"EXISTS_VALID"
"BLOCK_012",6,1281,1536,256,10800,"index/reverse_stripes/reverse_00006.tif","index/stream_stripes/stream_00006.tif",13869,0,"EXISTS_VALID"
"BLOCK_012",7,1537,1792,256,10800,"index/reverse_stripes/reverse_00007.tif","index/stream_stripes/stream_00007.tif",12839,0,"EXISTS_VALID"
"BLOCK_012",8,1793,2048,256,10800,"index/reverse_stripes/reverse_00008.tif","index/stream_stripes/stream_00008.tif",12033,0,"EXISTS_VALID"
"BLOCK_012",9,2049,2304,256,10800,"index/reverse_stripes/reverse_00009.tif","index/stream_stripes/stream_00009.tif",11704,0,"EXISTS_VALID"
"BLOCK_012",10,2305,2560,256,10800,"index/reverse_stripes/reverse_00010.tif","index/stream_stripes/stream_00010.tif",11782,0,"EXISTS_VALID"
"BLOCK_012",11,2561,2816,256,10800,"index/reverse_stripes/reverse_00011.tif","index/stream_stripes/stream_00011.tif",14102,0,"EXISTS_VALID"
"BLOCK_012",12,2817,3072,256,10800,"index/reverse_stripes/reverse_00012.tif","index/stream_stripes/stream_00012.tif",14129,0,"EXISTS_VALID"
"BLOCK_012",13,3073,3328,256,10800,"index/reverse_stripes/reverse_00013.tif","index/stream_stripes/stream_00013.tif",16236,0,"EXISTS_VALID"
"BLOCK_012",14,3329,3584,256,10800,"index/reverse_stripes/reverse_00014.tif","index/stream_stripes/stream_00014.tif",11224,0,"EXISTS_VALID"
"BLOCK_012",15,3585,3840,256,10800,"index/reverse_stripes/reverse_00015.tif","index/stream_stripes/stream_00015.tif",17697,0,"EXISTS_VALID"
"BLOCK_012",16,3841,4096,256,10800,"index/reverse_stripes/reverse_00016.tif","index/stream_stripes/stream_00016.tif",18071,0,"EXISTS_VALID"
"BLOCK_012",17,4097,4352,256,10800,"index/reverse_stripes/reverse_00017.tif","index/stream_stripes/stream_00017.tif",17921,0,"EXISTS_VALID"
"BLOCK_012",18,4353,4608,256,10800,"index/reverse_stripes/reverse_00018.tif","index/stream_stripes/stream_00018.tif",19066,0,"EXISTS_VALID"
"BLOCK_012",19,4609,4864,256,10800,"index/reverse_stripes/reverse_00019.tif","index/stream_stripes/stream_00019.tif",20810,0,"EXISTS_VALID"
"BLOCK_012",20,4865,5120,256,10800,"index/reverse_stripes/reverse_00020.tif","index/stream_stripes/stream_00020.tif",19942,0,"EXISTS_VALID"
"BLOCK_012",21,5121,5376,256,10800,"index/reverse_stripes/reverse_00021.tif","index/stream_stripes/stream_00021.tif",18457,0,"EXISTS_VALID"
"BLOCK_012",22,5377,5632,256,10800,"index/reverse_stripes/reverse_00022.tif","index/stream_stripes/stream_00022.tif",14538,0,"EXISTS_VALID"
"BLOCK_012",23,5633,5888,256,10800,"index/reverse_stripes/reverse_00023.tif","index/stream_stripes/stream_00023.tif",14616,0,"EXISTS_VALID"
"BLOCK_012",24,5889,6144,256,10800,"index/reverse_stripes/reverse_00024.tif","index/stream_stripes/stream_00024.tif",14016,0,"EXISTS_VALID"
"BLOCK_012",25,6145,6400,256,10800,"index/reverse_stripes/reverse_00025.tif","index/stream_stripes/stream_00025.tif",12988,0,"EXISTS_VALID"
"BLOCK_012",26,6401,6656,256,10800,"index/reverse_stripes/reverse_00026.tif","index/stream_stripes/stream_00026.tif",12350,0,"EXISTS_VALID"
"BLOCK_012",27,6657,6912,256,10800,"index/reverse_stripes/reverse_00027.tif","index/stream_stripes/stream_00027.tif",11920,0,"EXISTS_VALID"
"BLOCK_012",28,6913,7168,256,10800,"index/reverse_stripes/reverse_00028.tif","index/stream_stripes/stream_00028.tif",10848,0,"EXISTS_VALID"
"BLOCK_012",29,7169,7424,256,10800,"index/reverse_stripes/reverse_00029.tif","index/stream_stripes/stream_00029.tif",11996,0,"EXISTS_VALID"
"BLOCK_012",30,7425,7680,256,10800,"index/reverse_stripes/reverse_00030.tif","index/stream_stripes/stream_00030.tif",12477,0,"EXISTS_VALID"
"BLOCK_012",31,7681,7936,256,10800,"index/reverse_stripes/reverse_00031.tif","index/stream_stripes/stream_00031.tif",11968,0,"EXISTS_VALID"
"BLOCK_012",32,7937,8192,256,10800,"index/reverse_stripes/reverse_00032.tif","index/stream_stripes/stream_00032.tif",12505,0,"EXISTS_VALID"
"BLOCK_012",33,8193,8448,256,10800,"index/reverse_stripes/reverse_00033.tif","index/stream_stripes/stream_00033.tif",11609,0,"EXISTS_VALID"
"BLOCK_012",34,8449,8704,256,10800,"index/reverse_stripes/reverse_00034.tif","index/stream_stripes/stream_00034.tif",10494,0,"EXISTS_VALID"
"BLOCK_012",35,8705,8960,256,10800,"index/reverse_stripes/reverse_00035.tif","index/stream_stripes/stream_00035.tif",14091,0,"EXISTS_VALID"
"BLOCK_012",36,8961,9216,256,10800,"index/reverse_stripes/reverse_00036.tif","index/stream_stripes/stream_00036.tif",11354,0,"EXISTS_VALID"
"BLOCK_012",37,9217,9472,256,10800,"index/reverse_stripes/reverse_00037.tif","index/stream_stripes/stream_00037.tif",10676,0,"EXISTS_VALID"
"BLOCK_012",38,9473,9728,256,10800,"index/reverse_stripes/reverse_00038.tif","index/stream_stripes/stream_00038.tif",10350,0,"EXISTS_VALID"
"BLOCK_012",39,9729,9984,256,10800,"index/reverse_stripes/reverse_00039.tif","index/stream_stripes/stream_00039.tif",11891,0,"EXISTS_VALID"
"BLOCK_012",40,9985,10240,256,10800,"index/reverse_stripes/reverse_00040.tif","index/stream_stripes/stream_00040.tif",10875,0,"EXISTS_VALID"
"BLOCK_012",41,10241,10496,256,10800,"index/reverse_stripes/reverse_00041.tif","index/stream_stripes/stream_00041.tif",10678,0,"EXISTS_VALID"
"BLOCK_012",42,10497,10752,256,10800,"index/reverse_stripes/reverse_00042.tif","index/stream_stripes/stream_00042.tif",11277,0,"EXISTS_VALID"
"BLOCK_012",43,10753,10800,48,10800,"index/reverse_stripes/reverse_00043.tif","index/stream_stripes/stream_00043.tif",2242,0,"EXISTS_VALID"
"BLOCK_013",1,1,256,256,7200,"index/reverse_stripes/reverse_00001.tif","index/stream_stripes/stream_00001.tif",7531,0,"EXISTS_VALID"
"BLOCK_013",2,257,512,256,7200,"index/reverse_stripes/reverse_00002.tif","index/stream_stripes/stream_00002.tif",9601,0,"EXISTS_VALID"
"BLOCK_013",3,513,768,256,7200,"index/reverse_stripes/reverse_00003.tif","index/stream_stripes/stream_00003.tif",8054,0,"EXISTS_VALID"
"BLOCK_013",4,769,1024,256,7200,"index/reverse_stripes/reverse_00004.tif","index/stream_stripes/stream_00004.tif",7329,0,"EXISTS_VALID"
"BLOCK_013",5,1025,1280,256,7200,"index/reverse_stripes/reverse_00005.tif","index/stream_stripes/stream_00005.tif",8625,0,"EXISTS_VALID"
"BLOCK_013",6,1281,1536,256,7200,"index/reverse_stripes/reverse_00006.tif","index/stream_stripes/stream_00006.tif",8235,0,"EXISTS_VALID"
"BLOCK_013",7,1537,1792,256,7200,"index/reverse_stripes/reverse_00007.tif","index/stream_stripes/stream_00007.tif",8145,0,"EXISTS_VALID"
"BLOCK_013",8,1793,2048,256,7200,"index/reverse_stripes/reverse_00008.tif","index/stream_stripes/stream_00008.tif",8104,0,"EXISTS_VALID"
"BLOCK_013",9,2049,2304,256,7200,"index/reverse_stripes/reverse_00009.tif","index/stream_stripes/stream_00009.tif",7863,0,"EXISTS_VALID"
"BLOCK_013",10,2305,2560,256,7200,"index/reverse_stripes/reverse_00010.tif","index/stream_stripes/stream_00010.tif",8443,0,"EXISTS_VALID"
"BLOCK_013",11,2561,2816,256,7200,"index/reverse_stripes/reverse_00011.tif","index/stream_stripes/stream_00011.tif",9317,0,"EXISTS_VALID"
"BLOCK_013",12,2817,3072,256,7200,"index/reverse_stripes/reverse_00012.tif","index/stream_stripes/stream_00012.tif",9168,0,"EXISTS_VALID"
"BLOCK_013",13,3073,3328,256,7200,"index/reverse_stripes/reverse_00013.tif","index/stream_stripes/stream_00013.tif",12827,0,"EXISTS_VALID"
"BLOCK_013",14,3329,3584,256,7200,"index/reverse_stripes/reverse_00014.tif","index/stream_stripes/stream_00014.tif",13119,0,"EXISTS_VALID"
"BLOCK_013",15,3585,3840,256,7200,"index/reverse_stripes/reverse_00015.tif","index/stream_stripes/stream_00015.tif",13703,0,"EXISTS_VALID"
"BLOCK_013",16,3841,4096,256,7200,"index/reverse_stripes/reverse_00016.tif","index/stream_stripes/stream_00016.tif",7485,0,"EXISTS_VALID"
"BLOCK_013",17,4097,4352,256,7200,"index/reverse_stripes/reverse_00017.tif","index/stream_stripes/stream_00017.tif",8244,0,"EXISTS_VALID"
"BLOCK_013",18,4353,4608,256,7200,"index/reverse_stripes/reverse_00018.tif","index/stream_stripes/stream_00018.tif",6962,0,"EXISTS_VALID"
"BLOCK_013",19,4609,4864,256,7200,"index/reverse_stripes/reverse_00019.tif","index/stream_stripes/stream_00019.tif",8686,0,"EXISTS_VALID"
"BLOCK_013",20,4865,5120,256,7200,"index/reverse_stripes/reverse_00020.tif","index/stream_stripes/stream_00020.tif",8114,0,"EXISTS_VALID"
"BLOCK_013",21,5121,5376,256,7200,"index/reverse_stripes/reverse_00021.tif","index/stream_stripes/stream_00021.tif",7489,0,"EXISTS_VALID"
"BLOCK_013",22,5377,5632,256,7200,"index/reverse_stripes/reverse_00022.tif","index/stream_stripes/stream_00022.tif",4834,0,"EXISTS_VALID"
"BLOCK_013",23,5633,5888,256,7200,"index/reverse_stripes/reverse_00023.tif","index/stream_stripes/stream_00023.tif",3422,0,"EXISTS_VALID"
"BLOCK_013",24,5889,6144,256,7200,"index/reverse_stripes/reverse_00024.tif","index/stream_stripes/stream_00024.tif",2896,0,"EXISTS_VALID"
"BLOCK_013",25,6145,6400,256,7200,"index/reverse_stripes/reverse_00025.tif","index/stream_stripes/stream_00025.tif",1919,0,"EXISTS_VALID"
"BLOCK_013",26,6401,6656,256,7200,"index/reverse_stripes/reverse_00026.tif","index/stream_stripes/stream_00026.tif",1955,0,"EXISTS_VALID"
"BLOCK_013",27,6657,6912,256,7200,"index/reverse_stripes/reverse_00027.tif","index/stream_stripes/stream_00027.tif",1637,0,"EXISTS_VALID"
"BLOCK_013",28,6913,7168,256,7200,"index/reverse_stripes/reverse_00028.tif","index/stream_stripes/stream_00028.tif",2186,0,"EXISTS_VALID"
"BLOCK_013",29,7169,7200,32,7200,"index/reverse_stripes/reverse_00029.tif","index/stream_stripes/stream_00029.tif",282,0,"EXISTS_VALID"
"BLOCK_014",1,1,256,256,14400,"index/reverse_stripes/reverse_00001.tif","index/stream_stripes/stream_00001.tif",3831,0,"EXISTS_VALID"
"BLOCK_014",2,257,512,256,14400,"index/reverse_stripes/reverse_00002.tif","index/stream_stripes/stream_00002.tif",5393,0,"EXISTS_VALID"
"BLOCK_014",3,513,768,256,14400,"index/reverse_stripes/reverse_00003.tif","index/stream_stripes/stream_00003.tif",5422,0,"EXISTS_VALID"
"BLOCK_014",4,769,1024,256,14400,"index/reverse_stripes/reverse_00004.tif","index/stream_stripes/stream_00004.tif",6144,0,"EXISTS_VALID"
"BLOCK_014",5,1025,1280,256,14400,"index/reverse_stripes/reverse_00005.tif","index/stream_stripes/stream_00005.tif",5793,0,"EXISTS_VALID"
"BLOCK_014",6,1281,1536,256,14400,"index/reverse_stripes/reverse_00006.tif","index/stream_stripes/stream_00006.tif",3384,0,"EXISTS_VALID"
"BLOCK_014",7,1537,1792,256,14400,"index/reverse_stripes/reverse_00007.tif","index/stream_stripes/stream_00007.tif",6566,0,"EXISTS_VALID"
"BLOCK_014",8,1793,2048,256,14400,"index/reverse_stripes/reverse_00008.tif","index/stream_stripes/stream_00008.tif",6864,0,"EXISTS_VALID"
"BLOCK_014",9,2049,2304,256,14400,"index/reverse_stripes/reverse_00009.tif","index/stream_stripes/stream_00009.tif",6479,0,"EXISTS_VALID"
"BLOCK_014",10,2305,2560,256,14400,"index/reverse_stripes/reverse_00010.tif","index/stream_stripes/stream_00010.tif",6001,0,"EXISTS_VALID"
"BLOCK_014",11,2561,2816,256,14400,"index/reverse_stripes/reverse_00011.tif","index/stream_stripes/stream_00011.tif",6079,0,"EXISTS_VALID"
"BLOCK_014",12,2817,3072,256,14400,"index/reverse_stripes/reverse_00012.tif","index/stream_stripes/stream_00012.tif",5769,0,"EXISTS_VALID"
"BLOCK_014",13,3073,3328,256,14400,"index/reverse_stripes/reverse_00013.tif","index/stream_stripes/stream_00013.tif",4520,0,"EXISTS_VALID"
"BLOCK_014",14,3329,3584,256,14400,"index/reverse_stripes/reverse_00014.tif","index/stream_stripes/stream_00014.tif",5693,0,"EXISTS_VALID"
"BLOCK_014",15,3585,3840,256,14400,"index/reverse_stripes/reverse_00015.tif","index/stream_stripes/stream_00015.tif",6244,0,"EXISTS_VALID"
"BLOCK_014",16,3841,4096,256,14400,"index/reverse_stripes/reverse_00016.tif","index/stream_stripes/stream_00016.tif",6132,0,"EXISTS_VALID"
"BLOCK_014",17,4097,4352,256,14400,"index/reverse_stripes/reverse_00017.tif","index/stream_stripes/stream_00017.tif",6528,0,"EXISTS_VALID"
"BLOCK_014",18,4353,4608,256,14400,"index/reverse_stripes/reverse_00018.tif","index/stream_stripes/stream_00018.tif",5532,0,"EXISTS_VALID"
"BLOCK_014",19,4609,4864,256,14400,"index/reverse_stripes/reverse_00019.tif","index/stream_stripes/stream_00019.tif",5279,0,"EXISTS_VALID"
"BLOCK_014",20,4865,5120,256,14400,"index/reverse_stripes/reverse_00020.tif","index/stream_stripes/stream_00020.tif",5804,0,"EXISTS_VALID"
"BLOCK_014",21,5121,5376,256,14400,"index/reverse_stripes/reverse_00021.tif","index/stream_stripes/stream_00021.tif",6211,0,"EXISTS_VALID"
"BLOCK_014",22,5377,5632,256,14400,"index/reverse_stripes/reverse_00022.tif","index/stream_stripes/stream_00022.tif",4791,0,"EXISTS_VALID"
"BLOCK_014",23,5633,5888,256,14400,"index/reverse_stripes/reverse_00023.tif","index/stream_stripes/stream_00023.tif",4978,0,"EXISTS_VALID"
"BLOCK_014",24,5889,6144,256,14400,"index/reverse_stripes/reverse_00024.tif","index/stream_stripes/stream_00024.tif",5753,0,"EXISTS_VALID"
"BLOCK_014",25,6145,6400,256,14400,"index/reverse_stripes/reverse_00025.tif","index/stream_stripes/stream_00025.tif",5629,0,"EXISTS_VALID"
"BLOCK_014",26,6401,6656,256,14400,"index/reverse_stripes/reverse_00026.tif","index/stream_stripes/stream_00026.tif",4175,0,"EXISTS_VALID"
"BLOCK_014",27,6657,6912,256,14400,"index/reverse_stripes/reverse_00027.tif","index/stream_stripes/stream_00027.tif",5394,0,"EXISTS_VALID"
"BLOCK_014",28,6913,7168,256,14400,"index/reverse_stripes/reverse_00028.tif","index/stream_stripes/stream_00028.tif",5147,0,"EXISTS_VALID"
"BLOCK_014",29,7169,7424,256,14400,"index/reverse_stripes/reverse_00029.tif","index/stream_stripes/stream_00029.tif",4678,0,"EXISTS_VALID"
"BLOCK_014",30,7425,7680,256,14400,"index/reverse_stripes/reverse_00030.tif","index/stream_stripes/stream_00030.tif",4841,0,"EXISTS_VALID"
"BLOCK_014",31,7681,7936,256,14400,"index/reverse_stripes/reverse_00031.tif","index/stream_stripes/stream_00031.tif",4389,0,"EXISTS_VALID"
"BLOCK_014",32,7937,8192,256,14400,"index/reverse_stripes/reverse_00032.tif","index/stream_stripes/stream_00032.tif",4716,0,"EXISTS_VALID"
"BLOCK_014",33,8193,8448,256,14400,"index/reverse_stripes/reverse_00033.tif","index/stream_stripes/stream_00033.tif",6034,0,"EXISTS_VALID"
"BLOCK_014",34,8449,8704,256,14400,"index/reverse_stripes/reverse_00034.tif","index/stream_stripes/stream_00034.tif",5228,0,"EXISTS_VALID"
"BLOCK_014",35,8705,8960,256,14400,"index/reverse_stripes/reverse_00035.tif","index/stream_stripes/stream_00035.tif",5269,0,"EXISTS_VALID"
"BLOCK_014",36,8961,9216,256,14400,"index/reverse_stripes/reverse_00036.tif","index/stream_stripes/stream_00036.tif",6272,0,"EXISTS_VALID"
"BLOCK_014",37,9217,9472,256,14400,"index/reverse_stripes/reverse_00037.tif","index/stream_stripes/stream_00037.tif",4944,0,"EXISTS_VALID"
"BLOCK_014",38,9473,9728,256,14400,"index/reverse_stripes/reverse_00038.tif","index/stream_stripes/stream_00038.tif",4781,0,"EXISTS_VALID"
"BLOCK_014",39,9729,9984,256,14400,"index/reverse_stripes/reverse_00039.tif","index/stream_stripes/stream_00039.tif",6328,0,"EXISTS_VALID"
"BLOCK_014",40,9985,10240,256,14400,"index/reverse_stripes/reverse_00040.tif","index/stream_stripes/stream_00040.tif",5343,0,"EXISTS_VALID"
"BLOCK_014",41,10241,10496,256,14400,"index/reverse_stripes/reverse_00041.tif","index/stream_stripes/stream_00041.tif",4837,0,"EXISTS_VALID"
"BLOCK_014",42,10497,10752,256,14400,"index/reverse_stripes/reverse_00042.tif","index/stream_stripes/stream_00042.tif",5402,0,"EXISTS_VALID"
"BLOCK_014",43,10753,11008,256,14400,"index/reverse_stripes/reverse_00043.tif","index/stream_stripes/stream_00043.tif",9847,0,"EXISTS_VALID"
"BLOCK_014",44,11009,11264,256,14400,"index/reverse_stripes/reverse_00044.tif","index/stream_stripes/stream_00044.tif",10951,0,"EXISTS_VALID"
"BLOCK_014",45,11265,11520,256,14400,"index/reverse_stripes/reverse_00045.tif","index/stream_stripes/stream_00045.tif",12462,0,"EXISTS_VALID"
"BLOCK_014",46,11521,11776,256,14400,"index/reverse_stripes/reverse_00046.tif","index/stream_stripes/stream_00046.tif",11454,0,"EXISTS_VALID"
"BLOCK_014",47,11777,12032,256,14400,"index/reverse_stripes/reverse_00047.tif","index/stream_stripes/stream_00047.tif",11206,0,"EXISTS_VALID"
"BLOCK_014",48,12033,12288,256,14400,"index/reverse_stripes/reverse_00048.tif","index/stream_stripes/stream_00048.tif",10366,0,"EXISTS_VALID"
"BLOCK_014",49,12289,12544,256,14400,"index/reverse_stripes/reverse_00049.tif","index/stream_stripes/stream_00049.tif",10523,0,"EXISTS_VALID"
"BLOCK_014",50,12545,12800,256,14400,"index/reverse_stripes/reverse_00050.tif","index/stream_stripes/stream_00050.tif",11626,0,"EXISTS_VALID"
"BLOCK_014",51,12801,13056,256,14400,"index/reverse_stripes/reverse_00051.tif","index/stream_stripes/stream_00051.tif",11445,0,"EXISTS_VALID"
"BLOCK_014",52,13057,13312,256,14400,"index/reverse_stripes/reverse_00052.tif","index/stream_stripes/stream_00052.tif",13396,0,"EXISTS_VALID"
"BLOCK_014",53,13313,13568,256,14400,"index/reverse_stripes/reverse_00053.tif","index/stream_stripes/stream_00053.tif",10276,0,"EXISTS_VALID"
"BLOCK_014",54,13569,13824,256,14400,"index/reverse_stripes/reverse_00054.tif","index/stream_stripes/stream_00054.tif",12892,0,"EXISTS_VALID"
"BLOCK_014",55,13825,14080,256,14400,"index/reverse_stripes/reverse_00055.tif","index/stream_stripes/stream_00055.tif",14936,0,"EXISTS_VALID"
"BLOCK_014",56,14081,14336,256,14400,"index/reverse_stripes/reverse_00056.tif","index/stream_stripes/stream_00056.tif",16036,0,"EXISTS_VALID"
"BLOCK_014",57,14337,14592,256,14400,"index/reverse_stripes/reverse_00057.tif","index/stream_stripes/stream_00057.tif",13038,0,"EXISTS_VALID"
"BLOCK_014",58,14593,14848,256,14400,"index/reverse_stripes/reverse_00058.tif","index/stream_stripes/stream_00058.tif",14284,0,"EXISTS_VALID"
"BLOCK_014",59,14849,15104,256,14400,"index/reverse_stripes/reverse_00059.tif","index/stream_stripes/stream_00059.tif",12041,0,"EXISTS_VALID"
"BLOCK_014",60,15105,15360,256,14400,"index/reverse_stripes/reverse_00060.tif","index/stream_stripes/stream_00060.tif",12207,0,"EXISTS_VALID"
"BLOCK_014",61,15361,15616,256,14400,"index/reverse_stripes/reverse_00061.tif","index/stream_stripes/stream_00061.tif",10432,0,"EXISTS_VALID"
"BLOCK_014",62,15617,15872,256,14400,"index/reverse_stripes/reverse_00062.tif","index/stream_stripes/stream_00062.tif",14838,0,"EXISTS_VALID"
"BLOCK_014",63,15873,16128,256,14400,"index/reverse_stripes/reverse_00063.tif","index/stream_stripes/stream_00063.tif",8412,0,"EXISTS_VALID"
"BLOCK_014",64,16129,16384,256,14400,"index/reverse_stripes/reverse_00064.tif","index/stream_stripes/stream_00064.tif",7943,0,"EXISTS_VALID"
"BLOCK_014",65,16385,16640,256,14400,"index/reverse_stripes/reverse_00065.tif","index/stream_stripes/stream_00065.tif",8449,0,"EXISTS_VALID"
"BLOCK_014",66,16641,16896,256,14400,"index/reverse_stripes/reverse_00066.tif","index/stream_stripes/stream_00066.tif",9696,0,"EXISTS_VALID"
"BLOCK_014",67,16897,17152,256,14400,"index/reverse_stripes/reverse_00067.tif","index/stream_stripes/stream_00067.tif",8678,0,"EXISTS_VALID"
"BLOCK_014",68,17153,17408,256,14400,"index/reverse_stripes/reverse_00068.tif","index/stream_stripes/stream_00068.tif",9225,0,"EXISTS_VALID"
"BLOCK_014",69,17409,17664,256,14400,"index/reverse_stripes/reverse_00069.tif","index/stream_stripes/stream_00069.tif",9621,0,"EXISTS_VALID"
"BLOCK_014",70,17665,17920,256,14400,"index/reverse_stripes/reverse_00070.tif","index/stream_stripes/stream_00070.tif",9773,0,"EXISTS_VALID"
"BLOCK_014",71,17921,18000,80,14400,"index/reverse_stripes/reverse_00071.tif","index/stream_stripes/stream_00071.tif",2877,0,"EXISTS_VALID"
"BLOCK_015",1,1,256,256,10800,"index/reverse_stripes/reverse_00001.tif","index/stream_stripes/stream_00001.tif",8260,0,"EXISTS_VALID"
"BLOCK_015",2,257,512,256,10800,"index/reverse_stripes/reverse_00002.tif","index/stream_stripes/stream_00002.tif",12884,0,"EXISTS_VALID"
"BLOCK_015",3,513,768,256,10800,"index/reverse_stripes/reverse_00003.tif","index/stream_stripes/stream_00003.tif",11636,0,"EXISTS_VALID"
"BLOCK_015",4,769,1024,256,10800,"index/reverse_stripes/reverse_00004.tif","index/stream_stripes/stream_00004.tif",10268,0,"EXISTS_VALID"
"BLOCK_015",5,1025,1280,256,10800,"index/reverse_stripes/reverse_00005.tif","index/stream_stripes/stream_00005.tif",11486,0,"EXISTS_VALID"
"BLOCK_015",6,1281,1536,256,10800,"index/reverse_stripes/reverse_00006.tif","index/stream_stripes/stream_00006.tif",14782,0,"EXISTS_VALID"
"BLOCK_015",7,1537,1792,256,10800,"index/reverse_stripes/reverse_00007.tif","index/stream_stripes/stream_00007.tif",13049,0,"EXISTS_VALID"
"BLOCK_015",8,1793,2048,256,10800,"index/reverse_stripes/reverse_00008.tif","index/stream_stripes/stream_00008.tif",12970,0,"EXISTS_VALID"
"BLOCK_015",9,2049,2304,256,10800,"index/reverse_stripes/reverse_00009.tif","index/stream_stripes/stream_00009.tif",10424,0,"EXISTS_VALID"
"BLOCK_015",10,2305,2560,256,10800,"index/reverse_stripes/reverse_00010.tif","index/stream_stripes/stream_00010.tif",13386,0,"EXISTS_VALID"
"BLOCK_015",11,2561,2816,256,10800,"index/reverse_stripes/reverse_00011.tif","index/stream_stripes/stream_00011.tif",14521,0,"EXISTS_VALID"
"BLOCK_015",12,2817,3072,256,10800,"index/reverse_stripes/reverse_00012.tif","index/stream_stripes/stream_00012.tif",11543,0,"EXISTS_VALID"
"BLOCK_015",13,3073,3328,256,10800,"index/reverse_stripes/reverse_00013.tif","index/stream_stripes/stream_00013.tif",11911,0,"EXISTS_VALID"
"BLOCK_015",14,3329,3584,256,10800,"index/reverse_stripes/reverse_00014.tif","index/stream_stripes/stream_00014.tif",13888,0,"EXISTS_VALID"
"BLOCK_015",15,3585,3840,256,10800,"index/reverse_stripes/reverse_00015.tif","index/stream_stripes/stream_00015.tif",18364,0,"EXISTS_VALID"
"BLOCK_015",16,3841,4096,256,10800,"index/reverse_stripes/reverse_00016.tif","index/stream_stripes/stream_00016.tif",17037,0,"EXISTS_VALID"
"BLOCK_015",17,4097,4352,256,10800,"index/reverse_stripes/reverse_00017.tif","index/stream_stripes/stream_00017.tif",17870,0,"EXISTS_VALID"
"BLOCK_015",18,4353,4608,256,10800,"index/reverse_stripes/reverse_00018.tif","index/stream_stripes/stream_00018.tif",23288,0,"EXISTS_VALID"
"BLOCK_015",19,4609,4864,256,10800,"index/reverse_stripes/reverse_00019.tif","index/stream_stripes/stream_00019.tif",22100,0,"EXISTS_VALID"
"BLOCK_015",20,4865,5120,256,10800,"index/reverse_stripes/reverse_00020.tif","index/stream_stripes/stream_00020.tif",19942,0,"EXISTS_VALID"
"BLOCK_015",21,5121,5376,256,10800,"index/reverse_stripes/reverse_00021.tif","index/stream_stripes/stream_00021.tif",16300,0,"EXISTS_VALID"
"BLOCK_015",22,5377,5632,256,10800,"index/reverse_stripes/reverse_00022.tif","index/stream_stripes/stream_00022.tif",17071,0,"EXISTS_VALID"
"BLOCK_015",23,5633,5888,256,10800,"index/reverse_stripes/reverse_00023.tif","index/stream_stripes/stream_00023.tif",16736,0,"EXISTS_VALID"
"BLOCK_015",24,5889,6144,256,10800,"index/reverse_stripes/reverse_00024.tif","index/stream_stripes/stream_00024.tif",16815,0,"EXISTS_VALID"
"BLOCK_015",25,6145,6400,256,10800,"index/reverse_stripes/reverse_00025.tif","index/stream_stripes/stream_00025.tif",14159,0,"EXISTS_VALID"
"BLOCK_015",26,6401,6656,256,10800,"index/reverse_stripes/reverse_00026.tif","index/stream_stripes/stream_00026.tif",17401,0,"EXISTS_VALID"
"BLOCK_015",27,6657,6912,256,10800,"index/reverse_stripes/reverse_00027.tif","index/stream_stripes/stream_00027.tif",20530,0,"EXISTS_VALID"
"BLOCK_015",28,6913,7168,256,10800,"index/reverse_stripes/reverse_00028.tif","index/stream_stripes/stream_00028.tif",20491,0,"EXISTS_VALID"
"BLOCK_015",29,7169,7424,256,10800,"index/reverse_stripes/reverse_00029.tif","index/stream_stripes/stream_00029.tif",16126,0,"EXISTS_VALID"
"BLOCK_015",30,7425,7680,256,10800,"index/reverse_stripes/reverse_00030.tif","index/stream_stripes/stream_00030.tif",11350,0,"EXISTS_VALID"
"BLOCK_015",31,7681,7936,256,10800,"index/reverse_stripes/reverse_00031.tif","index/stream_stripes/stream_00031.tif",17354,0,"EXISTS_VALID"
"BLOCK_015",32,7937,8192,256,10800,"index/reverse_stripes/reverse_00032.tif","index/stream_stripes/stream_00032.tif",24201,0,"EXISTS_VALID"
"BLOCK_015",33,8193,8448,256,10800,"index/reverse_stripes/reverse_00033.tif","index/stream_stripes/stream_00033.tif",33362,0,"EXISTS_VALID"
"BLOCK_015",34,8449,8704,256,10800,"index/reverse_stripes/reverse_00034.tif","index/stream_stripes/stream_00034.tif",15352,0,"EXISTS_VALID"
"BLOCK_015",35,8705,8960,256,10800,"index/reverse_stripes/reverse_00035.tif","index/stream_stripes/stream_00035.tif",9913,0,"EXISTS_VALID"
"BLOCK_015",36,8961,9216,256,10800,"index/reverse_stripes/reverse_00036.tif","index/stream_stripes/stream_00036.tif",10437,0,"EXISTS_VALID"
"BLOCK_015",37,9217,9472,256,10800,"index/reverse_stripes/reverse_00037.tif","index/stream_stripes/stream_00037.tif",9557,0,"EXISTS_VALID"
"BLOCK_015",38,9473,9728,256,10800,"index/reverse_stripes/reverse_00038.tif","index/stream_stripes/stream_00038.tif",10542,0,"EXISTS_VALID"
"BLOCK_015",39,9729,9984,256,10800,"index/reverse_stripes/reverse_00039.tif","index/stream_stripes/stream_00039.tif",9464,0,"EXISTS_VALID"
"BLOCK_015",40,9985,10240,256,10800,"index/reverse_stripes/reverse_00040.tif","index/stream_stripes/stream_00040.tif",11138,0,"EXISTS_VALID"
"BLOCK_015",41,10241,10496,256,10800,"index/reverse_stripes/reverse_00041.tif","index/stream_stripes/stream_00041.tif",10876,0,"EXISTS_VALID"
"BLOCK_015",42,10497,10752,256,10800,"index/reverse_stripes/reverse_00042.tif","index/stream_stripes/stream_00042.tif",8719,0,"EXISTS_VALID"
"BLOCK_015",43,10753,10800,48,10800,"index/reverse_stripes/reverse_00043.tif","index/stream_stripes/stream_00043.tif",422,0,"EXISTS_VALID"
"BLOCK_016",1,1,256,256,7200,"index/reverse_stripes/reverse_00001.tif","index/stream_stripes/stream_00001.tif",7418,0,"EXISTS_VALID"
"BLOCK_016",2,257,512,256,7200,"index/reverse_stripes/reverse_00002.tif","index/stream_stripes/stream_00002.tif",13708,0,"EXISTS_VALID"
"BLOCK_016",3,513,768,256,7200,"index/reverse_stripes/reverse_00003.tif","index/stream_stripes/stream_00003.tif",12993,0,"EXISTS_VALID"
"BLOCK_016",4,769,1024,256,7200,"index/reverse_stripes/reverse_00004.tif","index/stream_stripes/stream_00004.tif",13618,0,"EXISTS_VALID"
"BLOCK_016",5,1025,1280,256,7200,"index/reverse_stripes/reverse_00005.tif","index/stream_stripes/stream_00005.tif",14818,0,"EXISTS_VALID"
"BLOCK_016",6,1281,1536,256,7200,"index/reverse_stripes/reverse_00006.tif","index/stream_stripes/stream_00006.tif",16517,0,"EXISTS_VALID"
"BLOCK_016",7,1537,1792,256,7200,"index/reverse_stripes/reverse_00007.tif","index/stream_stripes/stream_00007.tif",16714,0,"EXISTS_VALID"
"BLOCK_016",8,1793,2048,256,7200,"index/reverse_stripes/reverse_00008.tif","index/stream_stripes/stream_00008.tif",15500,0,"EXISTS_VALID"
"BLOCK_016",9,2049,2304,256,7200,"index/reverse_stripes/reverse_00009.tif","index/stream_stripes/stream_00009.tif",14811,0,"EXISTS_VALID"
"BLOCK_016",10,2305,2560,256,7200,"index/reverse_stripes/reverse_00010.tif","index/stream_stripes/stream_00010.tif",37412,0,"EXISTS_VALID"
"BLOCK_016",11,2561,2816,256,7200,"index/reverse_stripes/reverse_00011.tif","index/stream_stripes/stream_00011.tif",14387,0,"EXISTS_VALID"
"BLOCK_016",12,2817,3072,256,7200,"index/reverse_stripes/reverse_00012.tif","index/stream_stripes/stream_00012.tif",18548,0,"EXISTS_VALID"
"BLOCK_016",13,3073,3328,256,7200,"index/reverse_stripes/reverse_00013.tif","index/stream_stripes/stream_00013.tif",16314,0,"EXISTS_VALID"
"BLOCK_016",14,3329,3584,256,7200,"index/reverse_stripes/reverse_00014.tif","index/stream_stripes/stream_00014.tif",22400,0,"EXISTS_VALID"
"BLOCK_016",15,3585,3840,256,7200,"index/reverse_stripes/reverse_00015.tif","index/stream_stripes/stream_00015.tif",16098,0,"EXISTS_VALID"
"BLOCK_016",16,3841,4096,256,7200,"index/reverse_stripes/reverse_00016.tif","index/stream_stripes/stream_00016.tif",6872,0,"EXISTS_VALID"
"BLOCK_016",17,4097,4352,256,7200,"index/reverse_stripes/reverse_00017.tif","index/stream_stripes/stream_00017.tif",6805,0,"EXISTS_VALID"
"BLOCK_016",18,4353,4608,256,7200,"index/reverse_stripes/reverse_00018.tif","index/stream_stripes/stream_00018.tif",6457,0,"EXISTS_VALID"
"BLOCK_016",19,4609,4864,256,7200,"index/reverse_stripes/reverse_00019.tif","index/stream_stripes/stream_00019.tif",6614,0,"EXISTS_VALID"
"BLOCK_016",20,4865,5120,256,7200,"index/reverse_stripes/reverse_00020.tif","index/stream_stripes/stream_00020.tif",6436,0,"EXISTS_VALID"
"BLOCK_016",21,5121,5376,256,7200,"index/reverse_stripes/reverse_00021.tif","index/stream_stripes/stream_00021.tif",6898,0,"EXISTS_VALID"
"BLOCK_016",22,5377,5632,256,7200,"index/reverse_stripes/reverse_00022.tif","index/stream_stripes/stream_00022.tif",7413,0,"EXISTS_VALID"
"BLOCK_016",23,5633,5888,256,7200,"index/reverse_stripes/reverse_00023.tif","index/stream_stripes/stream_00023.tif",8919,0,"EXISTS_VALID"
"BLOCK_016",24,5889,6144,256,7200,"index/reverse_stripes/reverse_00024.tif","index/stream_stripes/stream_00024.tif",7257,0,"EXISTS_VALID"
"BLOCK_016",25,6145,6400,256,7200,"index/reverse_stripes/reverse_00025.tif","index/stream_stripes/stream_00025.tif",7025,0,"EXISTS_VALID"
"BLOCK_016",26,6401,6656,256,7200,"index/reverse_stripes/reverse_00026.tif","index/stream_stripes/stream_00026.tif",6829,0,"EXISTS_VALID"
"BLOCK_016",27,6657,6912,256,7200,"index/reverse_stripes/reverse_00027.tif","index/stream_stripes/stream_00027.tif",6499,0,"EXISTS_VALID"
"BLOCK_016",28,6913,7168,256,7200,"index/reverse_stripes/reverse_00028.tif","index/stream_stripes/stream_00028.tif",5888,0,"EXISTS_VALID"
"BLOCK_016",29,7169,7200,32,7200,"index/reverse_stripes/reverse_00029.tif","index/stream_stripes/stream_00029.tif",736,0,"EXISTS_VALID"
"BLOCK_017",1,1,256,256,7200,"index/reverse_stripes/reverse_00001.tif","index/stream_stripes/stream_00001.tif",9484,0,"EXISTS_VALID"
"BLOCK_017",2,257,512,256,7200,"index/reverse_stripes/reverse_00002.tif","index/stream_stripes/stream_00002.tif",11748,0,"EXISTS_VALID"
"BLOCK_017",3,513,768,256,7200,"index/reverse_stripes/reverse_00003.tif","index/stream_stripes/stream_00003.tif",12044,0,"EXISTS_VALID"
"BLOCK_017",4,769,1024,256,7200,"index/reverse_stripes/reverse_00004.tif","index/stream_stripes/stream_00004.tif",12432,0,"EXISTS_VALID"
"BLOCK_017",5,1025,1280,256,7200,"index/reverse_stripes/reverse_00005.tif","index/stream_stripes/stream_00005.tif",11520,0,"EXISTS_VALID"
"BLOCK_017",6,1281,1536,256,7200,"index/reverse_stripes/reverse_00006.tif","index/stream_stripes/stream_00006.tif",11456,0,"EXISTS_VALID"
"BLOCK_017",7,1537,1792,256,7200,"index/reverse_stripes/reverse_00007.tif","index/stream_stripes/stream_00007.tif",11820,0,"EXISTS_VALID"
"BLOCK_017",8,1793,2048,256,7200,"index/reverse_stripes/reverse_00008.tif","index/stream_stripes/stream_00008.tif",12623,0,"EXISTS_VALID"
"BLOCK_017",9,2049,2304,256,7200,"index/reverse_stripes/reverse_00009.tif","index/stream_stripes/stream_00009.tif",13179,0,"EXISTS_VALID"
"BLOCK_017",10,2305,2560,256,7200,"index/reverse_stripes/reverse_00010.tif","index/stream_stripes/stream_00010.tif",19844,0,"EXISTS_VALID"
"BLOCK_017",11,2561,2816,256,7200,"index/reverse_stripes/reverse_00011.tif","index/stream_stripes/stream_00011.tif",15496,0,"EXISTS_VALID"
"BLOCK_017",12,2817,3072,256,7200,"index/reverse_stripes/reverse_00012.tif","index/stream_stripes/stream_00012.tif",14569,0,"EXISTS_VALID"
"BLOCK_017",13,3073,3328,256,7200,"index/reverse_stripes/reverse_00013.tif","index/stream_stripes/stream_00013.tif",17942,0,"EXISTS_VALID"
"BLOCK_017",14,3329,3584,256,7200,"index/reverse_stripes/reverse_00014.tif","index/stream_stripes/stream_00014.tif",20680,0,"EXISTS_VALID"
"BLOCK_017",15,3585,3840,256,7200,"index/reverse_stripes/reverse_00015.tif","index/stream_stripes/stream_00015.tif",5979,0,"EXISTS_VALID"
"BLOCK_017",16,3841,4096,256,7200,"index/reverse_stripes/reverse_00016.tif","index/stream_stripes/stream_00016.tif",7648,0,"EXISTS_VALID"
"BLOCK_017",17,4097,4352,256,7200,"index/reverse_stripes/reverse_00017.tif","index/stream_stripes/stream_00017.tif",7905,0,"EXISTS_VALID"
"BLOCK_017",18,4353,4608,256,7200,"index/reverse_stripes/reverse_00018.tif","index/stream_stripes/stream_00018.tif",6673,0,"EXISTS_VALID"
"BLOCK_017",19,4609,4864,256,7200,"index/reverse_stripes/reverse_00019.tif","index/stream_stripes/stream_00019.tif",4597,0,"EXISTS_VALID"
"BLOCK_017",20,4865,5120,256,7200,"index/reverse_stripes/reverse_00020.tif","index/stream_stripes/stream_00020.tif",4231,0,"EXISTS_VALID"
"BLOCK_017",21,5121,5376,256,7200,"index/reverse_stripes/reverse_00021.tif","index/stream_stripes/stream_00021.tif",2105,0,"EXISTS_VALID"
"BLOCK_017",22,5377,5632,256,7200,"index/reverse_stripes/reverse_00022.tif","index/stream_stripes/stream_00022.tif",1240,0,"EXISTS_VALID"
"BLOCK_017",23,5633,5888,256,7200,"index/reverse_stripes/reverse_00023.tif","index/stream_stripes/stream_00023.tif",1024,0,"EXISTS_VALID"
"BLOCK_017",24,5889,6144,256,7200,"index/reverse_stripes/reverse_00024.tif","index/stream_stripes/stream_00024.tif",1024,0,"EXISTS_VALID"
"BLOCK_017",25,6145,6400,256,7200,"index/reverse_stripes/reverse_00025.tif","index/stream_stripes/stream_00025.tif",1024,0,"EXISTS_VALID"
"BLOCK_017",26,6401,6656,256,7200,"index/reverse_stripes/reverse_00026.tif","index/stream_stripes/stream_00026.tif",1024,0,"EXISTS_VALID"
"BLOCK_017",27,6657,6912,256,7200,"index/reverse_stripes/reverse_00027.tif","index/stream_stripes/stream_00027.tif",1024,0,"EXISTS_VALID"
"BLOCK_017",28,6913,7168,256,7200,"index/reverse_stripes/reverse_00028.tif","index/stream_stripes/stream_00028.tif",1024,0,"EXISTS_VALID"
"BLOCK_017",29,7169,7200,32,7200,"index/reverse_stripes/reverse_00029.tif","index/stream_stripes/stream_00029.tif",128,0,"EXISTS_VALID"
"BLOCK_018",1,1,256,256,7200,"index/reverse_stripes/reverse_00001.tif","index/stream_stripes/stream_00001.tif",7243,0,"EXISTS_VALID"
"BLOCK_018",2,257,512,256,7200,"index/reverse_stripes/reverse_00002.tif","index/stream_stripes/stream_00002.tif",10362,0,"EXISTS_VALID"
"BLOCK_018",3,513,768,256,7200,"index/reverse_stripes/reverse_00003.tif","index/stream_stripes/stream_00003.tif",10717,0,"EXISTS_VALID"
"BLOCK_018",4,769,1024,256,7200,"index/reverse_stripes/reverse_00004.tif","index/stream_stripes/stream_00004.tif",10270,0,"EXISTS_VALID"
"BLOCK_018",5,1025,1280,256,7200,"index/reverse_stripes/reverse_00005.tif","index/stream_stripes/stream_00005.tif",10003,0,"EXISTS_VALID"
"BLOCK_018",6,1281,1536,256,7200,"index/reverse_stripes/reverse_00006.tif","index/stream_stripes/stream_00006.tif",6253,0,"EXISTS_VALID"
"BLOCK_018",7,1537,1792,256,7200,"index/reverse_stripes/reverse_00007.tif","index/stream_stripes/stream_00007.tif",16248,0,"EXISTS_VALID"
"BLOCK_018",8,1793,2048,256,7200,"index/reverse_stripes/reverse_00008.tif","index/stream_stripes/stream_00008.tif",13067,0,"EXISTS_VALID"
"BLOCK_018",9,2049,2304,256,7200,"index/reverse_stripes/reverse_00009.tif","index/stream_stripes/stream_00009.tif",17433,0,"EXISTS_VALID"
"BLOCK_018",10,2305,2560,256,7200,"index/reverse_stripes/reverse_00010.tif","index/stream_stripes/stream_00010.tif",8696,0,"EXISTS_VALID"
"BLOCK_018",11,2561,2816,256,7200,"index/reverse_stripes/reverse_00011.tif","index/stream_stripes/stream_00011.tif",15798,0,"EXISTS_VALID"
"BLOCK_018",12,2817,3072,256,7200,"index/reverse_stripes/reverse_00012.tif","index/stream_stripes/stream_00012.tif",12846,0,"EXISTS_VALID"
"BLOCK_018",13,3073,3328,256,7200,"index/reverse_stripes/reverse_00013.tif","index/stream_stripes/stream_00013.tif",19784,0,"EXISTS_VALID"
"BLOCK_018",14,3329,3584,256,7200,"index/reverse_stripes/reverse_00014.tif","index/stream_stripes/stream_00014.tif",17859,0,"EXISTS_VALID"
"BLOCK_018",15,3585,3840,256,7200,"index/reverse_stripes/reverse_00015.tif","index/stream_stripes/stream_00015.tif",13488,0,"EXISTS_VALID"
"BLOCK_018",16,3841,4096,256,7200,"index/reverse_stripes/reverse_00016.tif","index/stream_stripes/stream_00016.tif",9039,0,"EXISTS_VALID"
"BLOCK_018",17,4097,4352,256,7200,"index/reverse_stripes/reverse_00017.tif","index/stream_stripes/stream_00017.tif",7028,0,"EXISTS_VALID"
"BLOCK_018",18,4353,4608,256,7200,"index/reverse_stripes/reverse_00018.tif","index/stream_stripes/stream_00018.tif",7300,0,"EXISTS_VALID"
"BLOCK_018",19,4609,4864,256,7200,"index/reverse_stripes/reverse_00019.tif","index/stream_stripes/stream_00019.tif",7907,0,"EXISTS_VALID"
"BLOCK_018",20,4865,5120,256,7200,"index/reverse_stripes/reverse_00020.tif","index/stream_stripes/stream_00020.tif",8439,0,"EXISTS_VALID"
"BLOCK_018",21,5121,5376,256,7200,"index/reverse_stripes/reverse_00021.tif","index/stream_stripes/stream_00021.tif",9395,0,"EXISTS_VALID"
"BLOCK_018",22,5377,5632,256,7200,"index/reverse_stripes/reverse_00022.tif","index/stream_stripes/stream_00022.tif",8382,0,"EXISTS_VALID"
"BLOCK_018",23,5633,5888,256,7200,"index/reverse_stripes/reverse_00023.tif","index/stream_stripes/stream_00023.tif",8822,0,"EXISTS_VALID"
"BLOCK_018",24,5889,6144,256,7200,"index/reverse_stripes/reverse_00024.tif","index/stream_stripes/stream_00024.tif",9602,0,"EXISTS_VALID"
"BLOCK_018",25,6145,6400,256,7200,"index/reverse_stripes/reverse_00025.tif","index/stream_stripes/stream_00025.tif",9464,0,"EXISTS_VALID"
"BLOCK_018",26,6401,6656,256,7200,"index/reverse_stripes/reverse_00026.tif","index/stream_stripes/stream_00026.tif",8017,0,"EXISTS_VALID"
"BLOCK_018",27,6657,6912,256,7200,"index/reverse_stripes/reverse_00027.tif","index/stream_stripes/stream_00027.tif",9244,0,"EXISTS_VALID"
"BLOCK_018",28,6913,7168,256,7200,"index/reverse_stripes/reverse_00028.tif","index/stream_stripes/stream_00028.tif",8990,0,"EXISTS_VALID"
"BLOCK_018",29,7169,7200,32,7200,"index/reverse_stripes/reverse_00029.tif","index/stream_stripes/stream_00029.tif",795,0,"EXISTS_VALID"
"BLOCK_019",1,1,256,256,14400,"index/reverse_stripes/reverse_00001.tif","index/stream_stripes/stream_00001.tif",14475,0,"EXISTS_VALID"
"BLOCK_019",2,257,512,256,14400,"index/reverse_stripes/reverse_00002.tif","index/stream_stripes/stream_00002.tif",16028,0,"EXISTS_VALID"
"BLOCK_019",3,513,768,256,14400,"index/reverse_stripes/reverse_00003.tif","index/stream_stripes/stream_00003.tif",18876,0,"EXISTS_VALID"
"BLOCK_019",4,769,1024,256,14400,"index/reverse_stripes/reverse_00004.tif","index/stream_stripes/stream_00004.tif",17789,0,"EXISTS_VALID"
"BLOCK_019",5,1025,1280,256,14400,"index/reverse_stripes/reverse_00005.tif","index/stream_stripes/stream_00005.tif",17722,0,"EXISTS_VALID"
"BLOCK_019",6,1281,1536,256,14400,"index/reverse_stripes/reverse_00006.tif","index/stream_stripes/stream_00006.tif",17449,0,"EXISTS_VALID"
"BLOCK_019",7,1537,1792,256,14400,"index/reverse_stripes/reverse_00007.tif","index/stream_stripes/stream_00007.tif",18467,0,"EXISTS_VALID"
"BLOCK_019",8,1793,2048,256,14400,"index/reverse_stripes/reverse_00008.tif","index/stream_stripes/stream_00008.tif",17697,0,"EXISTS_VALID"
"BLOCK_019",9,2049,2304,256,14400,"index/reverse_stripes/reverse_00009.tif","index/stream_stripes/stream_00009.tif",15890,0,"EXISTS_VALID"
"BLOCK_019",10,2305,2560,256,14400,"index/reverse_stripes/reverse_00010.tif","index/stream_stripes/stream_00010.tif",22924,0,"EXISTS_VALID"
"BLOCK_019",11,2561,2816,256,14400,"index/reverse_stripes/reverse_00011.tif","index/stream_stripes/stream_00011.tif",16943,0,"EXISTS_VALID"
"BLOCK_019",12,2817,3072,256,14400,"index/reverse_stripes/reverse_00012.tif","index/stream_stripes/stream_00012.tif",19562,0,"EXISTS_VALID"
"BLOCK_019",13,3073,3328,256,14400,"index/reverse_stripes/reverse_00013.tif","index/stream_stripes/stream_00013.tif",17622,0,"EXISTS_VALID"
"BLOCK_019",14,3329,3584,256,14400,"index/reverse_stripes/reverse_00014.tif","index/stream_stripes/stream_00014.tif",16821,0,"EXISTS_VALID"
"BLOCK_019",15,3585,3840,256,14400,"index/reverse_stripes/reverse_00015.tif","index/stream_stripes/stream_00015.tif",15329,0,"EXISTS_VALID"
"BLOCK_019",16,3841,4096,256,14400,"index/reverse_stripes/reverse_00016.tif","index/stream_stripes/stream_00016.tif",17264,0,"EXISTS_VALID"
"BLOCK_019",17,4097,4352,256,14400,"index/reverse_stripes/reverse_00017.tif","index/stream_stripes/stream_00017.tif",17996,0,"EXISTS_VALID"
"BLOCK_019",18,4353,4608,256,14400,"index/reverse_stripes/reverse_00018.tif","index/stream_stripes/stream_00018.tif",19472,0,"EXISTS_VALID"
"BLOCK_019",19,4609,4864,256,14400,"index/reverse_stripes/reverse_00019.tif","index/stream_stripes/stream_00019.tif",17353,0,"EXISTS_VALID"
"BLOCK_019",20,4865,5120,256,14400,"index/reverse_stripes/reverse_00020.tif","index/stream_stripes/stream_00020.tif",16803,0,"EXISTS_VALID"
"BLOCK_019",21,5121,5376,256,14400,"index/reverse_stripes/reverse_00021.tif","index/stream_stripes/stream_00021.tif",17972,0,"EXISTS_VALID"
"BLOCK_019",22,5377,5632,256,14400,"index/reverse_stripes/reverse_00022.tif","index/stream_stripes/stream_00022.tif",18275,0,"EXISTS_VALID"
"BLOCK_019",23,5633,5888,256,14400,"index/reverse_stripes/reverse_00023.tif","index/stream_stripes/stream_00023.tif",16630,0,"EXISTS_VALID"
"BLOCK_019",24,5889,6144,256,14400,"index/reverse_stripes/reverse_00024.tif","index/stream_stripes/stream_00024.tif",18316,0,"EXISTS_VALID"
"BLOCK_019",25,6145,6400,256,14400,"index/reverse_stripes/reverse_00025.tif","index/stream_stripes/stream_00025.tif",20448,0,"EXISTS_VALID"
"BLOCK_019",26,6401,6656,256,14400,"index/reverse_stripes/reverse_00026.tif","index/stream_stripes/stream_00026.tif",20089,0,"EXISTS_VALID"
"BLOCK_019",27,6657,6912,256,14400,"index/reverse_stripes/reverse_00027.tif","index/stream_stripes/stream_00027.tif",15577,0,"EXISTS_VALID"
"BLOCK_019",28,6913,7168,256,14400,"index/reverse_stripes/reverse_00028.tif","index/stream_stripes/stream_00028.tif",15977,0,"EXISTS_VALID"
"BLOCK_019",29,7169,7424,256,14400,"index/reverse_stripes/reverse_00029.tif","index/stream_stripes/stream_00029.tif",13510,0,"EXISTS_VALID"
"BLOCK_019",30,7425,7680,256,14400,"index/reverse_stripes/reverse_00030.tif","index/stream_stripes/stream_00030.tif",10423,0,"EXISTS_VALID"
"BLOCK_019",31,7681,7936,256,14400,"index/reverse_stripes/reverse_00031.tif","index/stream_stripes/stream_00031.tif",11003,0,"EXISTS_VALID"
"BLOCK_019",32,7937,8192,256,14400,"index/reverse_stripes/reverse_00032.tif","index/stream_stripes/stream_00032.tif",12384,0,"EXISTS_VALID"
"BLOCK_019",33,8193,8448,256,14400,"index/reverse_stripes/reverse_00033.tif","index/stream_stripes/stream_00033.tif",13268,0,"EXISTS_VALID"
"BLOCK_019",34,8449,8704,256,14400,"index/reverse_stripes/reverse_00034.tif","index/stream_stripes/stream_00034.tif",13297,0,"EXISTS_VALID"
"BLOCK_019",35,8705,8960,256,14400,"index/reverse_stripes/reverse_00035.tif","index/stream_stripes/stream_00035.tif",13941,0,"EXISTS_VALID"
"BLOCK_019",36,8961,9216,256,14400,"index/reverse_stripes/reverse_00036.tif","index/stream_stripes/stream_00036.tif",14564,0,"EXISTS_VALID"
"BLOCK_019",37,9217,9472,256,14400,"index/reverse_stripes/reverse_00037.tif","index/stream_stripes/stream_00037.tif",12449,0,"EXISTS_VALID"
"BLOCK_019",38,9473,9728,256,14400,"index/reverse_stripes/reverse_00038.tif","index/stream_stripes/stream_00038.tif",14184,0,"EXISTS_VALID"
"BLOCK_019",39,9729,9984,256,14400,"index/reverse_stripes/reverse_00039.tif","index/stream_stripes/stream_00039.tif",12302,0,"EXISTS_VALID"
"BLOCK_019",40,9985,10240,256,14400,"index/reverse_stripes/reverse_00040.tif","index/stream_stripes/stream_00040.tif",14376,0,"EXISTS_VALID"
"BLOCK_019",41,10241,10496,256,14400,"index/reverse_stripes/reverse_00041.tif","index/stream_stripes/stream_00041.tif",17414,0,"EXISTS_VALID"
"BLOCK_019",42,10497,10752,256,14400,"index/reverse_stripes/reverse_00042.tif","index/stream_stripes/stream_00042.tif",16034,0,"EXISTS_VALID"
"BLOCK_019",43,10753,10800,48,14400,"index/reverse_stripes/reverse_00043.tif","index/stream_stripes/stream_00043.tif",2711,0,"EXISTS_VALID"
"BLOCK_020",1,1,256,256,10800,"index/reverse_stripes/reverse_00001.tif","index/stream_stripes/stream_00001.tif",14749,0,"EXISTS_VALID"
"BLOCK_020",2,257,512,256,10800,"index/reverse_stripes/reverse_00002.tif","index/stream_stripes/stream_00002.tif",17745,0,"EXISTS_VALID"
"BLOCK_020",3,513,768,256,10800,"index/reverse_stripes/reverse_00003.tif","index/stream_stripes/stream_00003.tif",15639,0,"EXISTS_VALID"
"BLOCK_020",4,769,1024,256,10800,"index/reverse_stripes/reverse_00004.tif","index/stream_stripes/stream_00004.tif",17251,0,"EXISTS_VALID"
"BLOCK_020",5,1025,1280,256,10800,"index/reverse_stripes/reverse_00005.tif","index/stream_stripes/stream_00005.tif",18922,0,"EXISTS_VALID"
"BLOCK_020",6,1281,1536,256,10800,"index/reverse_stripes/reverse_00006.tif","index/stream_stripes/stream_00006.tif",17817,0,"EXISTS_VALID"
"BLOCK_020",7,1537,1792,256,10800,"index/reverse_stripes/reverse_00007.tif","index/stream_stripes/stream_00007.tif",16625,0,"EXISTS_VALID"
"BLOCK_020",8,1793,2048,256,10800,"index/reverse_stripes/reverse_00008.tif","index/stream_stripes/stream_00008.tif",16495,0,"EXISTS_VALID"
"BLOCK_020",9,2049,2304,256,10800,"index/reverse_stripes/reverse_00009.tif","index/stream_stripes/stream_00009.tif",16332,0,"EXISTS_VALID"
"BLOCK_020",10,2305,2560,256,10800,"index/reverse_stripes/reverse_00010.tif","index/stream_stripes/stream_00010.tif",16241,0,"EXISTS_VALID"
"BLOCK_020",11,2561,2816,256,10800,"index/reverse_stripes/reverse_00011.tif","index/stream_stripes/stream_00011.tif",21260,0,"EXISTS_VALID"
"BLOCK_020",12,2817,3072,256,10800,"index/reverse_stripes/reverse_00012.tif","index/stream_stripes/stream_00012.tif",18601,0,"EXISTS_VALID"
"BLOCK_020",13,3073,3328,256,10800,"index/reverse_stripes/reverse_00013.tif","index/stream_stripes/stream_00013.tif",22034,0,"EXISTS_VALID"
"BLOCK_020",14,3329,3584,256,10800,"index/reverse_stripes/reverse_00014.tif","index/stream_stripes/stream_00014.tif",20079,0,"EXISTS_VALID"
"BLOCK_020",15,3585,3840,256,10800,"index/reverse_stripes/reverse_00015.tif","index/stream_stripes/stream_00015.tif",17635,0,"EXISTS_VALID"
"BLOCK_020",16,3841,4096,256,10800,"index/reverse_stripes/reverse_00016.tif","index/stream_stripes/stream_00016.tif",16221,0,"EXISTS_VALID"
"BLOCK_020",17,4097,4352,256,10800,"index/reverse_stripes/reverse_00017.tif","index/stream_stripes/stream_00017.tif",19016,0,"EXISTS_VALID"
"BLOCK_020",18,4353,4608,256,10800,"index/reverse_stripes/reverse_00018.tif","index/stream_stripes/stream_00018.tif",17920,0,"EXISTS_VALID"
"BLOCK_020",19,4609,4864,256,10800,"index/reverse_stripes/reverse_00019.tif","index/stream_stripes/stream_00019.tif",16037,0,"EXISTS_VALID"
"BLOCK_020",20,4865,5120,256,10800,"index/reverse_stripes/reverse_00020.tif","index/stream_stripes/stream_00020.tif",16517,0,"EXISTS_VALID"
"BLOCK_020",21,5121,5376,256,10800,"index/reverse_stripes/reverse_00021.tif","index/stream_stripes/stream_00021.tif",16706,0,"EXISTS_VALID"
"BLOCK_020",22,5377,5632,256,10800,"index/reverse_stripes/reverse_00022.tif","index/stream_stripes/stream_00022.tif",18101,0,"EXISTS_VALID"
"BLOCK_020",23,5633,5888,256,10800,"index/reverse_stripes/reverse_00023.tif","index/stream_stripes/stream_00023.tif",16398,0,"EXISTS_VALID"
"BLOCK_020",24,5889,6144,256,10800,"index/reverse_stripes/reverse_00024.tif","index/stream_stripes/stream_00024.tif",18491,0,"EXISTS_VALID"
"BLOCK_020",25,6145,6400,256,10800,"index/reverse_stripes/reverse_00025.tif","index/stream_stripes/stream_00025.tif",13290,0,"EXISTS_VALID"
"BLOCK_020",26,6401,6656,256,10800,"index/reverse_stripes/reverse_00026.tif","index/stream_stripes/stream_00026.tif",16013,0,"EXISTS_VALID"
"BLOCK_020",27,6657,6912,256,10800,"index/reverse_stripes/reverse_00027.tif","index/stream_stripes/stream_00027.tif",14652,0,"EXISTS_VALID"
"BLOCK_020",28,6913,7168,256,10800,"index/reverse_stripes/reverse_00028.tif","index/stream_stripes/stream_00028.tif",12892,0,"EXISTS_VALID"
"BLOCK_020",29,7169,7200,32,10800,"index/reverse_stripes/reverse_00029.tif","index/stream_stripes/stream_00029.tif",1332,0,"EXISTS_VALID"
"BLOCK_021",1,1,256,256,7200,"index/reverse_stripes/reverse_00001.tif","index/stream_stripes/stream_00001.tif",11001,0,"EXISTS_VALID"
"BLOCK_021",2,257,512,256,7200,"index/reverse_stripes/reverse_00002.tif","index/stream_stripes/stream_00002.tif",12202,0,"EXISTS_VALID"
"BLOCK_021",3,513,768,256,7200,"index/reverse_stripes/reverse_00003.tif","index/stream_stripes/stream_00003.tif",11346,0,"EXISTS_VALID"
"BLOCK_021",4,769,1024,256,7200,"index/reverse_stripes/reverse_00004.tif","index/stream_stripes/stream_00004.tif",13505,0,"EXISTS_VALID"
"BLOCK_021",5,1025,1280,256,7200,"index/reverse_stripes/reverse_00005.tif","index/stream_stripes/stream_00005.tif",12434,0,"EXISTS_VALID"
"BLOCK_021",6,1281,1536,256,7200,"index/reverse_stripes/reverse_00006.tif","index/stream_stripes/stream_00006.tif",10988,0,"EXISTS_VALID"
"BLOCK_021",7,1537,1792,256,7200,"index/reverse_stripes/reverse_00007.tif","index/stream_stripes/stream_00007.tif",12331,0,"EXISTS_VALID"
"BLOCK_021",8,1793,2048,256,7200,"index/reverse_stripes/reverse_00008.tif","index/stream_stripes/stream_00008.tif",11905,0,"EXISTS_VALID"
"BLOCK_021",9,2049,2304,256,7200,"index/reverse_stripes/reverse_00009.tif","index/stream_stripes/stream_00009.tif",12002,0,"EXISTS_VALID"
"BLOCK_021",10,2305,2560,256,7200,"index/reverse_stripes/reverse_00010.tif","index/stream_stripes/stream_00010.tif",12116,0,"EXISTS_VALID"
"BLOCK_021",11,2561,2816,256,7200,"index/reverse_stripes/reverse_00011.tif","index/stream_stripes/stream_00011.tif",12991,0,"EXISTS_VALID"
"BLOCK_021",12,2817,3072,256,7200,"index/reverse_stripes/reverse_00012.tif","index/stream_stripes/stream_00012.tif",14965,0,"EXISTS_VALID"
"BLOCK_021",13,3073,3328,256,7200,"index/reverse_stripes/reverse_00013.tif","index/stream_stripes/stream_00013.tif",10974,0,"EXISTS_VALID"
"BLOCK_021",14,3329,3584,256,7200,"index/reverse_stripes/reverse_00014.tif","index/stream_stripes/stream_00014.tif",10123,0,"EXISTS_VALID"
"BLOCK_021",15,3585,3840,256,7200,"index/reverse_stripes/reverse_00015.tif","index/stream_stripes/stream_00015.tif",12982,0,"EXISTS_VALID"
"BLOCK_021",16,3841,4096,256,7200,"index/reverse_stripes/reverse_00016.tif","index/stream_stripes/stream_00016.tif",10809,0,"EXISTS_VALID"
"BLOCK_021",17,4097,4352,256,7200,"index/reverse_stripes/reverse_00017.tif","index/stream_stripes/stream_00017.tif",11501,0,"EXISTS_VALID"
"BLOCK_021",18,4353,4608,256,7200,"index/reverse_stripes/reverse_00018.tif","index/stream_stripes/stream_00018.tif",12156,0,"EXISTS_VALID"
"BLOCK_021",19,4609,4864,256,7200,"index/reverse_stripes/reverse_00019.tif","index/stream_stripes/stream_00019.tif",13151,0,"EXISTS_VALID"
"BLOCK_021",20,4865,5120,256,7200,"index/reverse_stripes/reverse_00020.tif","index/stream_stripes/stream_00020.tif",13165,0,"EXISTS_VALID"
"BLOCK_021",21,5121,5376,256,7200,"index/reverse_stripes/reverse_00021.tif","index/stream_stripes/stream_00021.tif",14952,0,"EXISTS_VALID"
"BLOCK_021",22,5377,5632,256,7200,"index/reverse_stripes/reverse_00022.tif","index/stream_stripes/stream_00022.tif",15330,0,"EXISTS_VALID"
"BLOCK_021",23,5633,5888,256,7200,"index/reverse_stripes/reverse_00023.tif","index/stream_stripes/stream_00023.tif",14064,0,"EXISTS_VALID"
"BLOCK_021",24,5889,6144,256,7200,"index/reverse_stripes/reverse_00024.tif","index/stream_stripes/stream_00024.tif",13260,0,"EXISTS_VALID"
"BLOCK_021",25,6145,6400,256,7200,"index/reverse_stripes/reverse_00025.tif","index/stream_stripes/stream_00025.tif",10492,0,"EXISTS_VALID"
"BLOCK_021",26,6401,6656,256,7200,"index/reverse_stripes/reverse_00026.tif","index/stream_stripes/stream_00026.tif",12310,0,"EXISTS_VALID"
"BLOCK_021",27,6657,6912,256,7200,"index/reverse_stripes/reverse_00027.tif","index/stream_stripes/stream_00027.tif",13368,0,"EXISTS_VALID"
"BLOCK_021",28,6913,7168,256,7200,"index/reverse_stripes/reverse_00028.tif","index/stream_stripes/stream_00028.tif",10075,0,"EXISTS_VALID"
"BLOCK_021",29,7169,7200,32,7200,"index/reverse_stripes/reverse_00029.tif","index/stream_stripes/stream_00029.tif",734,0,"EXISTS_VALID"
