"BLOCK_ID","ASSET_TYPE","STRIPE_ID","ROW_START","ROW_END","NROWS","NCOLS","SOURCE_ID","RELATIVE_PATH","SIZE_BYTES","REMOTE_URL"
"BLOCK_001","index_metadata",NA,NA,NA,NA,NA,"SOURCE_1","core/BLOCK_001/index/index_metadata.rds",1353,NA
"BLOCK_001","reverse",1,1,256,256,25200,"SOURCE_1","core/BLOCK_001/index/reverse_stripes/reverse_00001.tif",2067984,NA
"BLOCK_001","reverse",2,257,512,256,25200,"SOURCE_1","core/BLOCK_001/index/reverse_stripes/reverse_00002.tif",2067766,NA
"BLOCK_001","reverse",3,513,768,256,25200,"SOURCE_1","core/BLOCK_001/index/reverse_stripes/reverse_00003.tif",2067384,NA
"BLOCK_001","reverse",4,769,1024,256,25200,"SOURCE_1","core/BLOCK_001/index/reverse_stripes/reverse_00004.tif",2067664,NA
"BLOCK_001","reverse",5,1025,1280,256,25200,"SOURCE_1","core/BLOCK_001/index/reverse_stripes/reverse_00005.tif",2067072,NA
"BLOCK_001","reverse",6,1281,1536,256,25200,"SOURCE_1","core/BLOCK_001/index/reverse_stripes/reverse_00006.tif",2079282,NA
"BLOCK_001","reverse",7,1537,1792,256,25200,"SOURCE_1","core/BLOCK_001/index/reverse_stripes/reverse_00007.tif",2079514,NA
"BLOCK_001","reverse",8,1793,2048,256,25200,"SOURCE_1","core/BLOCK_001/index/reverse_stripes/reverse_00008.tif",2084238,NA
"BLOCK_001","reverse",9,2049,2304,256,25200,"SOURCE_1","core/BLOCK_001/index/reverse_stripes/reverse_00009.tif",2082682,NA
"BLOCK_001","reverse",10,2305,2560,256,25200,"SOURCE_1","core/BLOCK_001/index/reverse_stripes/reverse_00010.tif",2076504,NA
"BLOCK_001","reverse",11,2561,2816,256,25200,"SOURCE_1","core/BLOCK_001/index/reverse_stripes/reverse_00011.tif",2089468,NA
"BLOCK_001","reverse",12,2817,3072,256,25200,"SOURCE_1","core/BLOCK_001/index/reverse_stripes/reverse_00012.tif",2062712,NA
"BLOCK_001","reverse",13,3073,3328,256,25200,"SOURCE_1","core/BLOCK_001/index/reverse_stripes/reverse_00013.tif",2039848,NA
"BLOCK_001","reverse",14,3329,3584,256,25200,"SOURCE_1","core/BLOCK_001/index/reverse_stripes/reverse_00014.tif",2016000,NA
"BLOCK_001","reverse",15,3585,3840,256,25200,"SOURCE_1","core/BLOCK_001/index/reverse_stripes/reverse_00015.tif",2757102,NA
"BLOCK_001","reverse",16,3841,4096,256,25200,"SOURCE_1","core/BLOCK_001/index/reverse_stripes/reverse_00016.tif",2835450,NA
"BLOCK_001","reverse",17,4097,4352,256,25200,"SOURCE_1","core/BLOCK_001/index/reverse_stripes/reverse_00017.tif",2837448,NA
"BLOCK_001","reverse",18,4353,4608,256,25200,"SOURCE_1","core/BLOCK_001/index/reverse_stripes/reverse_00018.tif",2830050,NA
"BLOCK_001","reverse",19,4609,4864,256,25200,"SOURCE_1","core/BLOCK_001/index/reverse_stripes/reverse_00019.tif",2817578,NA
"BLOCK_001","reverse",20,4865,5120,256,25200,"SOURCE_1","core/BLOCK_001/index/reverse_stripes/reverse_00020.tif",2854692,NA
"BLOCK_001","reverse",21,5121,5376,256,25200,"SOURCE_1","core/BLOCK_001/index/reverse_stripes/reverse_00021.tif",2833186,NA
"BLOCK_001","reverse",22,5377,5632,256,25200,"SOURCE_1","core/BLOCK_001/index/reverse_stripes/reverse_00022.tif",2846288,NA
"BLOCK_001","reverse",23,5633,5888,256,25200,"SOURCE_1","core/BLOCK_001/index/reverse_stripes/reverse_00023.tif",2841692,NA
"BLOCK_001","reverse",24,5889,6144,256,25200,"SOURCE_1","core/BLOCK_001/index/reverse_stripes/reverse_00024.tif",2870440,NA
"BLOCK_001","reverse",25,6145,6400,256,25200,"SOURCE_1","core/BLOCK_001/index/reverse_stripes/reverse_00025.tif",2877420,NA
"BLOCK_001","reverse",26,6401,6656,256,25200,"SOURCE_1","core/BLOCK_001/index/reverse_stripes/reverse_00026.tif",2855736,NA
"BLOCK_001","reverse",27,6657,6912,256,25200,"SOURCE_1","core/BLOCK_001/index/reverse_stripes/reverse_00027.tif",2844354,NA
"BLOCK_001","reverse",28,6913,7168,256,25200,"SOURCE_1","core/BLOCK_001/index/reverse_stripes/reverse_00028.tif",2813430,NA
"BLOCK_001","reverse",29,7169,7424,256,25200,"SOURCE_1","core/BLOCK_001/index/reverse_stripes/reverse_00029.tif",2441530,NA
"BLOCK_001","reverse",30,7425,7680,256,25200,"SOURCE_1","core/BLOCK_001/index/reverse_stripes/reverse_00030.tif",2411488,NA
"BLOCK_001","reverse",31,7681,7936,256,25200,"SOURCE_1","core/BLOCK_001/index/reverse_stripes/reverse_00031.tif",2411370,NA
"BLOCK_001","reverse",32,7937,8192,256,25200,"SOURCE_1","core/BLOCK_001/index/reverse_stripes/reverse_00032.tif",2351022,NA
"BLOCK_001","reverse",33,8193,8448,256,25200,"SOURCE_1","core/BLOCK_001/index/reverse_stripes/reverse_00033.tif",2348642,NA
"BLOCK_001","reverse",34,8449,8704,256,25200,"SOURCE_1","core/BLOCK_001/index/reverse_stripes/reverse_00034.tif",2305714,NA
"BLOCK_001","reverse",35,8705,8960,256,25200,"SOURCE_1","core/BLOCK_001/index/reverse_stripes/reverse_00035.tif",2286338,NA
"BLOCK_001","reverse",36,8961,9216,256,25200,"SOURCE_1","core/BLOCK_001/index/reverse_stripes/reverse_00036.tif",2265194,NA
"BLOCK_001","reverse",37,9217,9472,256,25200,"SOURCE_1","core/BLOCK_001/index/reverse_stripes/reverse_00037.tif",2239142,NA
"BLOCK_001","reverse",38,9473,9728,256,25200,"SOURCE_1","core/BLOCK_001/index/reverse_stripes/reverse_00038.tif",2228950,NA
"BLOCK_001","reverse",39,9729,9984,256,25200,"SOURCE_1","core/BLOCK_001/index/reverse_stripes/reverse_00039.tif",2199410,NA
"BLOCK_001","reverse",40,9985,10240,256,25200,"SOURCE_1","core/BLOCK_001/index/reverse_stripes/reverse_00040.tif",2197058,NA
"BLOCK_001","reverse",41,10241,10496,256,25200,"SOURCE_1","core/BLOCK_001/index/reverse_stripes/reverse_00041.tif",2151860,NA
"BLOCK_001","reverse",42,10497,10752,256,25200,"SOURCE_1","core/BLOCK_001/index/reverse_stripes/reverse_00042.tif",2133534,NA
"BLOCK_001","reverse",43,10753,11008,256,25200,"SOURCE_1","core/BLOCK_001/index/reverse_stripes/reverse_00043.tif",1630386,NA
"BLOCK_001","reverse",44,11009,11264,256,25200,"SOURCE_1","core/BLOCK_001/index/reverse_stripes/reverse_00044.tif",1472090,NA
"BLOCK_001","reverse",45,11265,11520,256,25200,"SOURCE_1","core/BLOCK_001/index/reverse_stripes/reverse_00045.tif",1461494,NA
"BLOCK_001","reverse",46,11521,11776,256,25200,"SOURCE_1","core/BLOCK_001/index/reverse_stripes/reverse_00046.tif",1464086,NA
"BLOCK_001","reverse",47,11777,12032,256,25200,"SOURCE_1","core/BLOCK_001/index/reverse_stripes/reverse_00047.tif",1462644,NA
"BLOCK_001","reverse",48,12033,12288,256,25200,"SOURCE_1","core/BLOCK_001/index/reverse_stripes/reverse_00048.tif",1431128,NA
"BLOCK_001","reverse",49,12289,12544,256,25200,"SOURCE_1","core/BLOCK_001/index/reverse_stripes/reverse_00049.tif",1427512,NA
"BLOCK_001","reverse",50,12545,12800,256,25200,"SOURCE_1","core/BLOCK_001/index/reverse_stripes/reverse_00050.tif",1409790,NA
"BLOCK_001","reverse",51,12801,13056,256,25200,"SOURCE_1","core/BLOCK_001/index/reverse_stripes/reverse_00051.tif",1373944,NA
"BLOCK_001","reverse",52,13057,13312,256,25200,"SOURCE_1","core/BLOCK_001/index/reverse_stripes/reverse_00052.tif",1339230,NA
"BLOCK_001","reverse",53,13313,13568,256,25200,"SOURCE_1","core/BLOCK_001/index/reverse_stripes/reverse_00053.tif",1335354,NA
"BLOCK_001","reverse",54,13569,13824,256,25200,"SOURCE_1","core/BLOCK_001/index/reverse_stripes/reverse_00054.tif",1306872,NA
"BLOCK_001","reverse",55,13825,14080,256,25200,"SOURCE_1","core/BLOCK_001/index/reverse_stripes/reverse_00055.tif",1309618,NA
"BLOCK_001","reverse",56,14081,14336,256,25200,"SOURCE_1","core/BLOCK_001/index/reverse_stripes/reverse_00056.tif",1305742,NA
"BLOCK_001","reverse",57,14337,14592,256,25200,"SOURCE_1","core/BLOCK_001/index/reverse_stripes/reverse_00057.tif",1076692,NA
"BLOCK_001","reverse",58,14593,14848,256,25200,"SOURCE_1","core/BLOCK_001/index/reverse_stripes/reverse_00058.tif",995786,NA
"BLOCK_001","reverse",59,14849,15104,256,25200,"SOURCE_1","core/BLOCK_001/index/reverse_stripes/reverse_00059.tif",970720,NA
"BLOCK_001","reverse",60,15105,15360,256,25200,"SOURCE_1","core/BLOCK_001/index/reverse_stripes/reverse_00060.tif",962488,NA
"BLOCK_001","reverse",61,15361,15616,256,25200,"SOURCE_1","core/BLOCK_001/index/reverse_stripes/reverse_00061.tif",953734,NA
"BLOCK_001","reverse",62,15617,15872,256,25200,"SOURCE_1","core/BLOCK_001/index/reverse_stripes/reverse_00062.tif",948948,NA
"BLOCK_001","reverse",63,15873,16128,256,25200,"SOURCE_1","core/BLOCK_001/index/reverse_stripes/reverse_00063.tif",940478,NA
"BLOCK_001","reverse",64,16129,16384,256,25200,"SOURCE_1","core/BLOCK_001/index/reverse_stripes/reverse_00064.tif",938578,NA
"BLOCK_001","reverse",65,16385,16640,256,25200,"SOURCE_1","core/BLOCK_001/index/reverse_stripes/reverse_00065.tif",940312,NA
"BLOCK_001","reverse",66,16641,16896,256,25200,"SOURCE_1","core/BLOCK_001/index/reverse_stripes/reverse_00066.tif",966842,NA
"BLOCK_001","reverse",67,16897,17152,256,25200,"SOURCE_1","core/BLOCK_001/index/reverse_stripes/reverse_00067.tif",953370,NA
"BLOCK_001","reverse",68,17153,17408,256,25200,"SOURCE_1","core/BLOCK_001/index/reverse_stripes/reverse_00068.tif",933494,NA
"BLOCK_001","reverse",69,17409,17664,256,25200,"SOURCE_1","core/BLOCK_001/index/reverse_stripes/reverse_00069.tif",931762,NA
"BLOCK_001","reverse",70,17665,17920,256,25200,"SOURCE_1","core/BLOCK_001/index/reverse_stripes/reverse_00070.tif",902766,NA
"BLOCK_001","reverse",71,17921,18000,80,25200,"SOURCE_1","core/BLOCK_001/index/reverse_stripes/reverse_00071.tif",307754,NA
"BLOCK_001","run_info",NA,NA,NA,NA,NA,"SOURCE_1","core/BLOCK_001/run_info.csv",1244,NA
"BLOCK_001","stream",1,1,256,256,25200,"SOURCE_1","core/BLOCK_001/index/stream_stripes/stream_00001.tif",47860,NA
"BLOCK_001","stream",2,257,512,256,25200,"SOURCE_1","core/BLOCK_001/index/stream_stripes/stream_00002.tif",53022,NA
"BLOCK_001","stream",3,513,768,256,25200,"SOURCE_1","core/BLOCK_001/index/stream_stripes/stream_00003.tif",48042,NA
"BLOCK_001","stream",4,769,1024,256,25200,"SOURCE_1","core/BLOCK_001/index/stream_stripes/stream_00004.tif",53148,NA
"BLOCK_001","stream",5,1025,1280,256,25200,"SOURCE_1","core/BLOCK_001/index/stream_stripes/stream_00005.tif",51614,NA
"BLOCK_001","stream",6,1281,1536,256,25200,"SOURCE_1","core/BLOCK_001/index/stream_stripes/stream_00006.tif",50692,NA
"BLOCK_001","stream",7,1537,1792,256,25200,"SOURCE_1","core/BLOCK_001/index/stream_stripes/stream_00007.tif",47124,NA
"BLOCK_001","stream",8,1793,2048,256,25200,"SOURCE_1","core/BLOCK_001/index/stream_stripes/stream_00008.tif",49068,NA
"BLOCK_001","stream",9,2049,2304,256,25200,"SOURCE_1","core/BLOCK_001/index/stream_stripes/stream_00009.tif",45480,NA
"BLOCK_001","stream",10,2305,2560,256,25200,"SOURCE_1","core/BLOCK_001/index/stream_stripes/stream_00010.tif",52934,NA
"BLOCK_001","stream",11,2561,2816,256,25200,"SOURCE_1","core/BLOCK_001/index/stream_stripes/stream_00011.tif",48952,NA
"BLOCK_001","stream",12,2817,3072,256,25200,"SOURCE_1","core/BLOCK_001/index/stream_stripes/stream_00012.tif",50294,NA
"BLOCK_001","stream",13,3073,3328,256,25200,"SOURCE_1","core/BLOCK_001/index/stream_stripes/stream_00013.tif",50582,NA
"BLOCK_001","stream",14,3329,3584,256,25200,"SOURCE_1","core/BLOCK_001/index/stream_stripes/stream_00014.tif",47042,NA
"BLOCK_001","stream",15,3585,3840,256,25200,"SOURCE_1","core/BLOCK_001/index/stream_stripes/stream_00015.tif",70204,NA
"BLOCK_001","stream",16,3841,4096,256,25200,"SOURCE_1","core/BLOCK_001/index/stream_stripes/stream_00016.tif",67224,NA
"BLOCK_001","stream",17,4097,4352,256,25200,"SOURCE_1","core/BLOCK_001/index/stream_stripes/stream_00017.tif",60430,NA
"BLOCK_001","stream",18,4353,4608,256,25200,"SOURCE_1","core/BLOCK_001/index/stream_stripes/stream_00018.tif",68580,NA
"BLOCK_001","stream",19,4609,4864,256,25200,"SOURCE_1","core/BLOCK_001/index/stream_stripes/stream_00019.tif",71904,NA
"BLOCK_001","stream",20,4865,5120,256,25200,"SOURCE_1","core/BLOCK_001/index/stream_stripes/stream_00020.tif",67166,NA
"BLOCK_001","stream",21,5121,5376,256,25200,"SOURCE_1","core/BLOCK_001/index/stream_stripes/stream_00021.tif",70330,NA
"BLOCK_001","stream",22,5377,5632,256,25200,"SOURCE_1","core/BLOCK_001/index/stream_stripes/stream_00022.tif",62020,NA
"BLOCK_001","stream",23,5633,5888,256,25200,"SOURCE_1","core/BLOCK_001/index/stream_stripes/stream_00023.tif",72298,NA
"BLOCK_001","stream",24,5889,6144,256,25200,"SOURCE_1","core/BLOCK_001/index/stream_stripes/stream_00024.tif",67080,NA
"BLOCK_001","stream",25,6145,6400,256,25200,"SOURCE_1","core/BLOCK_001/index/stream_stripes/stream_00025.tif",62038,NA
"BLOCK_001","stream",26,6401,6656,256,25200,"SOURCE_1","core/BLOCK_001/index/stream_stripes/stream_00026.tif",71002,NA
"BLOCK_001","stream",27,6657,6912,256,25200,"SOURCE_1","core/BLOCK_001/index/stream_stripes/stream_00027.tif",71916,NA
"BLOCK_001","stream",28,6913,7168,256,25200,"SOURCE_1","core/BLOCK_001/index/stream_stripes/stream_00028.tif",65098,NA
"BLOCK_001","stream",29,7169,7424,256,25200,"SOURCE_1","core/BLOCK_001/index/stream_stripes/stream_00029.tif",59212,NA
"BLOCK_001","stream",30,7425,7680,256,25200,"SOURCE_1","core/BLOCK_001/index/stream_stripes/stream_00030.tif",56288,NA
"BLOCK_001","stream",31,7681,7936,256,25200,"SOURCE_1","core/BLOCK_001/index/stream_stripes/stream_00031.tif",57976,NA
"BLOCK_001","stream",32,7937,8192,256,25200,"SOURCE_1","core/BLOCK_001/index/stream_stripes/stream_00032.tif",58082,NA
"BLOCK_001","stream",33,8193,8448,256,25200,"SOURCE_1","core/BLOCK_001/index/stream_stripes/stream_00033.tif",58924,NA
"BLOCK_001","stream",34,8449,8704,256,25200,"SOURCE_1","core/BLOCK_001/index/stream_stripes/stream_00034.tif",61030,NA
"BLOCK_001","stream",35,8705,8960,256,25200,"SOURCE_1","core/BLOCK_001/index/stream_stripes/stream_00035.tif",60644,NA
"BLOCK_001","stream",36,8961,9216,256,25200,"SOURCE_1","core/BLOCK_001/index/stream_stripes/stream_00036.tif",62274,NA
"BLOCK_001","stream",37,9217,9472,256,25200,"SOURCE_1","core/BLOCK_001/index/stream_stripes/stream_00037.tif",67344,NA
"BLOCK_001","stream",38,9473,9728,256,25200,"SOURCE_1","core/BLOCK_001/index/stream_stripes/stream_00038.tif",63388,NA
"BLOCK_001","stream",39,9729,9984,256,25200,"SOURCE_1","core/BLOCK_001/index/stream_stripes/stream_00039.tif",62330,NA
"BLOCK_001","stream",40,9985,10240,256,25200,"SOURCE_1","core/BLOCK_001/index/stream_stripes/stream_00040.tif",63230,NA
"BLOCK_001","stream",41,10241,10496,256,25200,"SOURCE_1","core/BLOCK_001/index/stream_stripes/stream_00041.tif",62936,NA
"BLOCK_001","stream",42,10497,10752,256,25200,"SOURCE_1","core/BLOCK_001/index/stream_stripes/stream_00042.tif",59778,NA
"BLOCK_001","stream",43,10753,11008,256,25200,"SOURCE_1","core/BLOCK_001/index/stream_stripes/stream_00043.tif",50880,NA
"BLOCK_001","stream",44,11009,11264,256,25200,"SOURCE_1","core/BLOCK_001/index/stream_stripes/stream_00044.tif",44926,NA
"BLOCK_001","stream",45,11265,11520,256,25200,"SOURCE_1","core/BLOCK_001/index/stream_stripes/stream_00045.tif",47946,NA
"BLOCK_001","stream",46,11521,11776,256,25200,"SOURCE_1","core/BLOCK_001/index/stream_stripes/stream_00046.tif",49586,NA
"BLOCK_001","stream",47,11777,12032,256,25200,"SOURCE_1","core/BLOCK_001/index/stream_stripes/stream_00047.tif",46152,NA
"BLOCK_001","stream",48,12033,12288,256,25200,"SOURCE_1","core/BLOCK_001/index/stream_stripes/stream_00048.tif",46642,NA
"BLOCK_001","stream",49,12289,12544,256,25200,"SOURCE_1","core/BLOCK_001/index/stream_stripes/stream_00049.tif",47164,NA
"BLOCK_001","stream",50,12545,12800,256,25200,"SOURCE_1","core/BLOCK_001/index/stream_stripes/stream_00050.tif",43274,NA
"BLOCK_001","stream",51,12801,13056,256,25200,"SOURCE_1","core/BLOCK_001/index/stream_stripes/stream_00051.tif",44208,NA
"BLOCK_001","stream",52,13057,13312,256,25200,"SOURCE_1","core/BLOCK_001/index/stream_stripes/stream_00052.tif",46878,NA
"BLOCK_001","stream",53,13313,13568,256,25200,"SOURCE_1","core/BLOCK_001/index/stream_stripes/stream_00053.tif",40804,NA
"BLOCK_001","stream",54,13569,13824,256,25200,"SOURCE_1","core/BLOCK_001/index/stream_stripes/stream_00054.tif",40320,NA
"BLOCK_001","stream",55,13825,14080,256,25200,"SOURCE_1","core/BLOCK_001/index/stream_stripes/stream_00055.tif",40012,NA
"BLOCK_001","stream",56,14081,14336,256,25200,"SOURCE_1","core/BLOCK_001/index/stream_stripes/stream_00056.tif",42104,NA
"BLOCK_001","stream",57,14337,14592,256,25200,"SOURCE_1","core/BLOCK_001/index/stream_stripes/stream_00057.tif",32696,NA
"BLOCK_001","stream",58,14593,14848,256,25200,"SOURCE_1","core/BLOCK_001/index/stream_stripes/stream_00058.tif",34230,NA
"BLOCK_001","stream",59,14849,15104,256,25200,"SOURCE_1","core/BLOCK_001/index/stream_stripes/stream_00059.tif",31602,NA
"BLOCK_001","stream",60,15105,15360,256,25200,"SOURCE_1","core/BLOCK_001/index/stream_stripes/stream_00060.tif",34018,NA
"BLOCK_001","stream",61,15361,15616,256,25200,"SOURCE_1","core/BLOCK_001/index/stream_stripes/stream_00061.tif",36164,NA
"BLOCK_001","stream",62,15617,15872,256,25200,"SOURCE_1","core/BLOCK_001/index/stream_stripes/stream_00062.tif",33454,NA
"BLOCK_001","stream",63,15873,16128,256,25200,"SOURCE_1","core/BLOCK_001/index/stream_stripes/stream_00063.tif",32150,NA
"BLOCK_001","stream",64,16129,16384,256,25200,"SOURCE_1","core/BLOCK_001/index/stream_stripes/stream_00064.tif",31078,NA
"BLOCK_001","stream",65,16385,16640,256,25200,"SOURCE_1","core/BLOCK_001/index/stream_stripes/stream_00065.tif",34474,NA
"BLOCK_001","stream",66,16641,16896,256,25200,"SOURCE_1","core/BLOCK_001/index/stream_stripes/stream_00066.tif",28882,NA
"BLOCK_001","stream",67,16897,17152,256,25200,"SOURCE_1","core/BLOCK_001/index/stream_stripes/stream_00067.tif",33112,NA
"BLOCK_001","stream",68,17153,17408,256,25200,"SOURCE_1","core/BLOCK_001/index/stream_stripes/stream_00068.tif",36182,NA
"BLOCK_001","stream",69,17409,17664,256,25200,"SOURCE_1","core/BLOCK_001/index/stream_stripes/stream_00069.tif",34234,NA
"BLOCK_001","stream",70,17665,17920,256,25200,"SOURCE_1","core/BLOCK_001/index/stream_stripes/stream_00070.tif",35136,NA
"BLOCK_001","stream",71,17921,18000,80,25200,"SOURCE_1","core/BLOCK_001/index/stream_stripes/stream_00071.tif",16200,NA
"BLOCK_002","index_metadata",NA,NA,NA,NA,NA,"SOURCE_1","core/BLOCK_002/index/index_metadata.rds",1358,NA
"BLOCK_002","reverse",1,1,256,256,21600,"SOURCE_1","core/BLOCK_002/index/reverse_stripes/reverse_00001.tif",1686576,NA
"BLOCK_002","reverse",2,257,512,256,21600,"SOURCE_1","core/BLOCK_002/index/reverse_stripes/reverse_00002.tif",1688938,NA
"BLOCK_002","reverse",3,513,768,256,21600,"SOURCE_1","core/BLOCK_002/index/reverse_stripes/reverse_00003.tif",1689736,NA
"BLOCK_002","reverse",4,769,1024,256,21600,"SOURCE_1","core/BLOCK_002/index/reverse_stripes/reverse_00004.tif",1688600,NA
"BLOCK_002","reverse",5,1025,1280,256,21600,"SOURCE_1","core/BLOCK_002/index/reverse_stripes/reverse_00005.tif",1690664,NA
"BLOCK_002","reverse",6,1281,1536,256,21600,"SOURCE_1","core/BLOCK_002/index/reverse_stripes/reverse_00006.tif",1683780,NA
"BLOCK_002","reverse",7,1537,1792,256,21600,"SOURCE_1","core/BLOCK_002/index/reverse_stripes/reverse_00007.tif",1685942,NA
"BLOCK_002","reverse",8,1793,2048,256,21600,"SOURCE_1","core/BLOCK_002/index/reverse_stripes/reverse_00008.tif",1684228,NA
"BLOCK_002","reverse",9,2049,2304,256,21600,"SOURCE_1","core/BLOCK_002/index/reverse_stripes/reverse_00009.tif",1677076,NA
"BLOCK_002","reverse",10,2305,2560,256,21600,"SOURCE_1","core/BLOCK_002/index/reverse_stripes/reverse_00010.tif",1676094,NA
"BLOCK_002","reverse",11,2561,2816,256,21600,"SOURCE_1","core/BLOCK_002/index/reverse_stripes/reverse_00011.tif",1677522,NA
"BLOCK_002","reverse",12,2817,3072,256,21600,"SOURCE_1","core/BLOCK_002/index/reverse_stripes/reverse_00012.tif",1659354,NA
"BLOCK_002","reverse",13,3073,3328,256,21600,"SOURCE_1","core/BLOCK_002/index/reverse_stripes/reverse_00013.tif",1669362,NA
"BLOCK_002","reverse",14,3329,3584,256,21600,"SOURCE_1","core/BLOCK_002/index/reverse_stripes/reverse_00014.tif",1660674,NA
"BLOCK_002","reverse",15,3585,3840,256,21600,"SOURCE_1","core/BLOCK_002/index/reverse_stripes/reverse_00015.tif",2035198,NA
"BLOCK_002","reverse",16,3841,4096,256,21600,"SOURCE_1","core/BLOCK_002/index/reverse_stripes/reverse_00016.tif",2070436,NA
"BLOCK_002","reverse",17,4097,4352,256,21600,"SOURCE_1","core/BLOCK_002/index/reverse_stripes/reverse_00017.tif",2084062,NA
"BLOCK_002","reverse",18,4353,4608,256,21600,"SOURCE_1","core/BLOCK_002/index/reverse_stripes/reverse_00018.tif",2090730,NA
"BLOCK_002","reverse",19,4609,4864,256,21600,"SOURCE_1","core/BLOCK_002/index/reverse_stripes/reverse_00019.tif",2093142,NA
"BLOCK_002","reverse",20,4865,5120,256,21600,"SOURCE_1","core/BLOCK_002/index/reverse_stripes/reverse_00020.tif",2089424,NA
"BLOCK_002","reverse",21,5121,5376,256,21600,"SOURCE_1","core/BLOCK_002/index/reverse_stripes/reverse_00021.tif",2077684,NA
"BLOCK_002","reverse",22,5377,5632,256,21600,"SOURCE_1","core/BLOCK_002/index/reverse_stripes/reverse_00022.tif",2084570,NA
"BLOCK_002","reverse",23,5633,5888,256,21600,"SOURCE_1","core/BLOCK_002/index/reverse_stripes/reverse_00023.tif",2070984,NA
"BLOCK_002","reverse",24,5889,6144,256,21600,"SOURCE_1","core/BLOCK_002/index/reverse_stripes/reverse_00024.tif",2073482,NA
"BLOCK_002","reverse",25,6145,6400,256,21600,"SOURCE_1","core/BLOCK_002/index/reverse_stripes/reverse_00025.tif",2069736,NA
"BLOCK_002","reverse",26,6401,6656,256,21600,"SOURCE_1","core/BLOCK_002/index/reverse_stripes/reverse_00026.tif",2066802,NA
"BLOCK_002","reverse",27,6657,6912,256,21600,"SOURCE_1","core/BLOCK_002/index/reverse_stripes/reverse_00027.tif",2066396,NA
"BLOCK_002","reverse",28,6913,7168,256,21600,"SOURCE_1","core/BLOCK_002/index/reverse_stripes/reverse_00028.tif",2064378,NA
"BLOCK_002","reverse",29,7169,7424,256,21600,"SOURCE_1","core/BLOCK_002/index/reverse_stripes/reverse_00029.tif",2429292,NA
"BLOCK_002","reverse",30,7425,7680,256,21600,"SOURCE_1","core/BLOCK_002/index/reverse_stripes/reverse_00030.tif",2483216,NA
"BLOCK_002","reverse",31,7681,7936,256,21600,"SOURCE_1","core/BLOCK_002/index/reverse_stripes/reverse_00031.tif",2481542,NA
"BLOCK_002","reverse",32,7937,8192,256,21600,"SOURCE_1","core/BLOCK_002/index/reverse_stripes/reverse_00032.tif",2483926,NA
"BLOCK_002","reverse",33,8193,8448,256,21600,"SOURCE_1","core/BLOCK_002/index/reverse_stripes/reverse_00033.tif",2485014,NA
"BLOCK_002","reverse",34,8449,8704,256,21600,"SOURCE_1","core/BLOCK_002/index/reverse_stripes/reverse_00034.tif",2494018,NA
"BLOCK_002","reverse",35,8705,8960,256,21600,"SOURCE_1","core/BLOCK_002/index/reverse_stripes/reverse_00035.tif",2498584,NA
"BLOCK_002","reverse",36,8961,9216,256,21600,"SOURCE_1","core/BLOCK_002/index/reverse_stripes/reverse_00036.tif",2507454,NA
"BLOCK_002","reverse",37,9217,9472,256,21600,"SOURCE_1","core/BLOCK_002/index/reverse_stripes/reverse_00037.tif",2490594,NA
"BLOCK_002","reverse",38,9473,9728,256,21600,"SOURCE_1","core/BLOCK_002/index/reverse_stripes/reverse_00038.tif",2484738,NA
"BLOCK_002","reverse",39,9729,9984,256,21600,"SOURCE_1","core/BLOCK_002/index/reverse_stripes/reverse_00039.tif",2494642,NA
"BLOCK_002","reverse",40,9985,10240,256,21600,"SOURCE_1","core/BLOCK_002/index/reverse_stripes/reverse_00040.tif",2506246,NA
"BLOCK_002","reverse",41,10241,10496,256,21600,"SOURCE_1","core/BLOCK_002/index/reverse_stripes/reverse_00041.tif",2504024,NA
"BLOCK_002","reverse",42,10497,10752,256,21600,"SOURCE_1","core/BLOCK_002/index/reverse_stripes/reverse_00042.tif",2496926,NA
"BLOCK_002","reverse",43,10753,11008,256,21600,"SOURCE_1","core/BLOCK_002/index/reverse_stripes/reverse_00043.tif",2154956,NA
"BLOCK_002","reverse",44,11009,11264,256,21600,"SOURCE_1","core/BLOCK_002/index/reverse_stripes/reverse_00044.tif",2071080,NA
"BLOCK_002","reverse",45,11265,11520,256,21600,"SOURCE_1","core/BLOCK_002/index/reverse_stripes/reverse_00045.tif",2071246,NA
"BLOCK_002","reverse",46,11521,11776,256,21600,"SOURCE_1","core/BLOCK_002/index/reverse_stripes/reverse_00046.tif",2055844,NA
"BLOCK_002","reverse",47,11777,12032,256,21600,"SOURCE_1","core/BLOCK_002/index/reverse_stripes/reverse_00047.tif",2043208,NA
"BLOCK_002","reverse",48,12033,12288,256,21600,"SOURCE_1","core/BLOCK_002/index/reverse_stripes/reverse_00048.tif",2077630,NA
"BLOCK_002","reverse",49,12289,12544,256,21600,"SOURCE_1","core/BLOCK_002/index/reverse_stripes/reverse_00049.tif",2062684,NA
"BLOCK_002","reverse",50,12545,12800,256,21600,"SOURCE_1","core/BLOCK_002/index/reverse_stripes/reverse_00050.tif",2072402,NA
"BLOCK_002","reverse",51,12801,13056,256,21600,"SOURCE_1","core/BLOCK_002/index/reverse_stripes/reverse_00051.tif",2061658,NA
"BLOCK_002","reverse",52,13057,13312,256,21600,"SOURCE_1","core/BLOCK_002/index/reverse_stripes/reverse_00052.tif",2060038,NA
"BLOCK_002","reverse",53,13313,13568,256,21600,"SOURCE_1","core/BLOCK_002/index/reverse_stripes/reverse_00053.tif",2075056,NA
"BLOCK_002","reverse",54,13569,13824,256,21600,"SOURCE_1","core/BLOCK_002/index/reverse_stripes/reverse_00054.tif",2052832,NA
"BLOCK_002","reverse",55,13825,14080,256,21600,"SOURCE_1","core/BLOCK_002/index/reverse_stripes/reverse_00055.tif",2051460,NA
"BLOCK_002","reverse",56,14081,14336,256,21600,"SOURCE_1","core/BLOCK_002/index/reverse_stripes/reverse_00056.tif",2017948,NA
"BLOCK_002","reverse",57,14337,14400,64,21600,"SOURCE_1","core/BLOCK_002/index/reverse_stripes/reverse_00057.tif",537552,NA
"BLOCK_002","run_info",NA,NA,NA,NA,NA,"SOURCE_1","core/BLOCK_002/run_info.csv",1109,NA
"BLOCK_002","stream",1,1,256,256,21600,"SOURCE_1","core/BLOCK_002/index/stream_stripes/stream_00001.tif",39096,NA
"BLOCK_002","stream",2,257,512,256,21600,"SOURCE_1","core/BLOCK_002/index/stream_stripes/stream_00002.tif",44176,NA
"BLOCK_002","stream",3,513,768,256,21600,"SOURCE_1","core/BLOCK_002/index/stream_stripes/stream_00003.tif",43436,NA
"BLOCK_002","stream",4,769,1024,256,21600,"SOURCE_1","core/BLOCK_002/index/stream_stripes/stream_00004.tif",41010,NA
"BLOCK_002","stream",5,1025,1280,256,21600,"SOURCE_1","core/BLOCK_002/index/stream_stripes/stream_00005.tif",39360,NA
"BLOCK_002","stream",6,1281,1536,256,21600,"SOURCE_1","core/BLOCK_002/index/stream_stripes/stream_00006.tif",44126,NA
"BLOCK_002","stream",7,1537,1792,256,21600,"SOURCE_1","core/BLOCK_002/index/stream_stripes/stream_00007.tif",41310,NA
"BLOCK_002","stream",8,1793,2048,256,21600,"SOURCE_1","core/BLOCK_002/index/stream_stripes/stream_00008.tif",41672,NA
"BLOCK_002","stream",9,2049,2304,256,21600,"SOURCE_1","core/BLOCK_002/index/stream_stripes/stream_00009.tif",42848,NA
"BLOCK_002","stream",10,2305,2560,256,21600,"SOURCE_1","core/BLOCK_002/index/stream_stripes/stream_00010.tif",44388,NA
"BLOCK_002","stream",11,2561,2816,256,21600,"SOURCE_1","core/BLOCK_002/index/stream_stripes/stream_00011.tif",42688,NA
"BLOCK_002","stream",12,2817,3072,256,21600,"SOURCE_1","core/BLOCK_002/index/stream_stripes/stream_00012.tif",43350,NA
"BLOCK_002","stream",13,3073,3328,256,21600,"SOURCE_1","core/BLOCK_002/index/stream_stripes/stream_00013.tif",43042,NA
"BLOCK_002","stream",14,3329,3584,256,21600,"SOURCE_1","core/BLOCK_002/index/stream_stripes/stream_00014.tif",39512,NA
"BLOCK_002","stream",15,3585,3840,256,21600,"SOURCE_1","core/BLOCK_002/index/stream_stripes/stream_00015.tif",51832,NA
"BLOCK_002","stream",16,3841,4096,256,21600,"SOURCE_1","core/BLOCK_002/index/stream_stripes/stream_00016.tif",60600,NA
"BLOCK_002","stream",17,4097,4352,256,21600,"SOURCE_1","core/BLOCK_002/index/stream_stripes/stream_00017.tif",53056,NA
"BLOCK_002","stream",18,4353,4608,256,21600,"SOURCE_1","core/BLOCK_002/index/stream_stripes/stream_00018.tif",49350,NA
"BLOCK_002","stream",19,4609,4864,256,21600,"SOURCE_1","core/BLOCK_002/index/stream_stripes/stream_00019.tif",54300,NA
"BLOCK_002","stream",20,4865,5120,256,21600,"SOURCE_1","core/BLOCK_002/index/stream_stripes/stream_00020.tif",49166,NA
"BLOCK_002","stream",21,5121,5376,256,21600,"SOURCE_1","core/BLOCK_002/index/stream_stripes/stream_00021.tif",51648,NA
"BLOCK_002","stream",22,5377,5632,256,21600,"SOURCE_1","core/BLOCK_002/index/stream_stripes/stream_00022.tif",52362,NA
"BLOCK_002","stream",23,5633,5888,256,21600,"SOURCE_1","core/BLOCK_002/index/stream_stripes/stream_00023.tif",53092,NA
"BLOCK_002","stream",24,5889,6144,256,21600,"SOURCE_1","core/BLOCK_002/index/stream_stripes/stream_00024.tif",53544,NA
"BLOCK_002","stream",25,6145,6400,256,21600,"SOURCE_1","core/BLOCK_002/index/stream_stripes/stream_00025.tif",51324,NA
"BLOCK_002","stream",26,6401,6656,256,21600,"SOURCE_1","core/BLOCK_002/index/stream_stripes/stream_00026.tif",49866,NA
"BLOCK_002","stream",27,6657,6912,256,21600,"SOURCE_1","core/BLOCK_002/index/stream_stripes/stream_00027.tif",52284,NA
"BLOCK_002","stream",28,6913,7168,256,21600,"SOURCE_1","core/BLOCK_002/index/stream_stripes/stream_00028.tif",51734,NA
"BLOCK_002","stream",29,7169,7424,256,21600,"SOURCE_1","core/BLOCK_002/index/stream_stripes/stream_00029.tif",58486,NA
"BLOCK_002","stream",30,7425,7680,256,21600,"SOURCE_1","core/BLOCK_002/index/stream_stripes/stream_00030.tif",63278,NA
"BLOCK_002","stream",31,7681,7936,256,21600,"SOURCE_1","core/BLOCK_002/index/stream_stripes/stream_00031.tif",58822,NA
"BLOCK_002","stream",32,7937,8192,256,21600,"SOURCE_1","core/BLOCK_002/index/stream_stripes/stream_00032.tif",61110,NA
"BLOCK_002","stream",33,8193,8448,256,21600,"SOURCE_1","core/BLOCK_002/index/stream_stripes/stream_00033.tif",58414,NA
"BLOCK_002","stream",34,8449,8704,256,21600,"SOURCE_1","core/BLOCK_002/index/stream_stripes/stream_00034.tif",61298,NA
"BLOCK_002","stream",35,8705,8960,256,21600,"SOURCE_1","core/BLOCK_002/index/stream_stripes/stream_00035.tif",51682,NA
"BLOCK_002","stream",36,8961,9216,256,21600,"SOURCE_1","core/BLOCK_002/index/stream_stripes/stream_00036.tif",57882,NA
"BLOCK_002","stream",37,9217,9472,256,21600,"SOURCE_1","core/BLOCK_002/index/stream_stripes/stream_00037.tif",58404,NA
"BLOCK_002","stream",38,9473,9728,256,21600,"SOURCE_1","core/BLOCK_002/index/stream_stripes/stream_00038.tif",58502,NA
"BLOCK_002","stream",39,9729,9984,256,21600,"SOURCE_1","core/BLOCK_002/index/stream_stripes/stream_00039.tif",60672,NA
"BLOCK_002","stream",40,9985,10240,256,21600,"SOURCE_1","core/BLOCK_002/index/stream_stripes/stream_00040.tif",49756,NA
"BLOCK_002","stream",41,10241,10496,256,21600,"SOURCE_1","core/BLOCK_002/index/stream_stripes/stream_00041.tif",58658,NA
"BLOCK_002","stream",42,10497,10752,256,21600,"SOURCE_1","core/BLOCK_002/index/stream_stripes/stream_00042.tif",55558,NA
"BLOCK_002","stream",43,10753,11008,256,21600,"SOURCE_1","core/BLOCK_002/index/stream_stripes/stream_00043.tif",56030,NA
"BLOCK_002","stream",44,11009,11264,256,21600,"SOURCE_1","core/BLOCK_002/index/stream_stripes/stream_00044.tif",52482,NA
"BLOCK_002","stream",45,11265,11520,256,21600,"SOURCE_1","core/BLOCK_002/index/stream_stripes/stream_00045.tif",42526,NA
"BLOCK_002","stream",46,11521,11776,256,21600,"SOURCE_1","core/BLOCK_002/index/stream_stripes/stream_00046.tif",49772,NA
"BLOCK_002","stream",47,11777,12032,256,21600,"SOURCE_1","core/BLOCK_002/index/stream_stripes/stream_00047.tif",58276,NA
"BLOCK_002","stream",48,12033,12288,256,21600,"SOURCE_1","core/BLOCK_002/index/stream_stripes/stream_00048.tif",49164,NA
"BLOCK_002","stream",49,12289,12544,256,21600,"SOURCE_1","core/BLOCK_002/index/stream_stripes/stream_00049.tif",52936,NA
"BLOCK_002","stream",50,12545,12800,256,21600,"SOURCE_1","core/BLOCK_002/index/stream_stripes/stream_00050.tif",47428,NA
"BLOCK_002","stream",51,12801,13056,256,21600,"SOURCE_1","core/BLOCK_002/index/stream_stripes/stream_00051.tif",51804,NA
"BLOCK_002","stream",52,13057,13312,256,21600,"SOURCE_1","core/BLOCK_002/index/stream_stripes/stream_00052.tif",51128,NA
"BLOCK_002","stream",53,13313,13568,256,21600,"SOURCE_1","core/BLOCK_002/index/stream_stripes/stream_00053.tif",44704,NA
"BLOCK_002","stream",54,13569,13824,256,21600,"SOURCE_1","core/BLOCK_002/index/stream_stripes/stream_00054.tif",53302,NA
"BLOCK_002","stream",55,13825,14080,256,21600,"SOURCE_1","core/BLOCK_002/index/stream_stripes/stream_00055.tif",54298,NA
"BLOCK_002","stream",56,14081,14336,256,21600,"SOURCE_1","core/BLOCK_002/index/stream_stripes/stream_00056.tif",48850,NA
"BLOCK_002","stream",57,14337,14400,64,21600,"SOURCE_1","core/BLOCK_002/index/stream_stripes/stream_00057.tif",15022,NA
"BLOCK_003","index_metadata",NA,NA,NA,NA,NA,"SOURCE_1","core/BLOCK_003/index/index_metadata.rds",1355,NA
"BLOCK_003","reverse",1,1,256,256,18000,"SOURCE_1","core/BLOCK_003/index/reverse_stripes/reverse_00001.tif",427396,NA
"BLOCK_003","reverse",2,257,512,256,18000,"SOURCE_1","core/BLOCK_003/index/reverse_stripes/reverse_00002.tif",425544,NA
"BLOCK_003","reverse",3,513,768,256,18000,"SOURCE_1","core/BLOCK_003/index/reverse_stripes/reverse_00003.tif",424988,NA
"BLOCK_003","reverse",4,769,1024,256,18000,"SOURCE_1","core/BLOCK_003/index/reverse_stripes/reverse_00004.tif",427102,NA
"BLOCK_003","reverse",5,1025,1280,256,18000,"SOURCE_1","core/BLOCK_003/index/reverse_stripes/reverse_00005.tif",426644,NA
"BLOCK_003","reverse",6,1281,1536,256,18000,"SOURCE_1","core/BLOCK_003/index/reverse_stripes/reverse_00006.tif",428330,NA
"BLOCK_003","reverse",7,1537,1792,256,18000,"SOURCE_1","core/BLOCK_003/index/reverse_stripes/reverse_00007.tif",417480,NA
"BLOCK_003","reverse",8,1793,2048,256,18000,"SOURCE_1","core/BLOCK_003/index/reverse_stripes/reverse_00008.tif",352570,NA
"BLOCK_003","reverse",9,2049,2304,256,18000,"SOURCE_1","core/BLOCK_003/index/reverse_stripes/reverse_00009.tif",340828,NA
"BLOCK_003","reverse",10,2305,2560,256,18000,"SOURCE_1","core/BLOCK_003/index/reverse_stripes/reverse_00010.tif",390044,NA
"BLOCK_003","reverse",11,2561,2816,256,18000,"SOURCE_1","core/BLOCK_003/index/reverse_stripes/reverse_00011.tif",393560,NA
"BLOCK_003","reverse",12,2817,3072,256,18000,"SOURCE_1","core/BLOCK_003/index/reverse_stripes/reverse_00012.tif",409706,NA
"BLOCK_003","reverse",13,3073,3328,256,18000,"SOURCE_1","core/BLOCK_003/index/reverse_stripes/reverse_00013.tif",421190,NA
"BLOCK_003","reverse",14,3329,3584,256,18000,"SOURCE_1","core/BLOCK_003/index/reverse_stripes/reverse_00014.tif",424596,NA
"BLOCK_003","reverse",15,3585,3840,256,18000,"SOURCE_1","core/BLOCK_003/index/reverse_stripes/reverse_00015.tif",1958474,NA
"BLOCK_003","reverse",16,3841,4096,256,18000,"SOURCE_1","core/BLOCK_003/index/reverse_stripes/reverse_00016.tif",2049372,NA
"BLOCK_003","reverse",17,4097,4352,256,18000,"SOURCE_1","core/BLOCK_003/index/reverse_stripes/reverse_00017.tif",2031748,NA
"BLOCK_003","reverse",18,4353,4608,256,18000,"SOURCE_1","core/BLOCK_003/index/reverse_stripes/reverse_00018.tif",2010372,NA
"BLOCK_003","reverse",19,4609,4864,256,18000,"SOURCE_1","core/BLOCK_003/index/reverse_stripes/reverse_00019.tif",2029326,NA
"BLOCK_003","reverse",20,4865,5120,256,18000,"SOURCE_1","core/BLOCK_003/index/reverse_stripes/reverse_00020.tif",2040616,NA
"BLOCK_003","reverse",21,5121,5376,256,18000,"SOURCE_1","core/BLOCK_003/index/reverse_stripes/reverse_00021.tif",2016646,NA
"BLOCK_003","reverse",22,5377,5632,256,18000,"SOURCE_1","core/BLOCK_003/index/reverse_stripes/reverse_00022.tif",2010374,NA
"BLOCK_003","reverse",23,5633,5888,256,18000,"SOURCE_1","core/BLOCK_003/index/reverse_stripes/reverse_00023.tif",2042652,NA
"BLOCK_003","reverse",24,5889,6144,256,18000,"SOURCE_1","core/BLOCK_003/index/reverse_stripes/reverse_00024.tif",2045264,NA
"BLOCK_003","reverse",25,6145,6400,256,18000,"SOURCE_1","core/BLOCK_003/index/reverse_stripes/reverse_00025.tif",2065200,NA
"BLOCK_003","reverse",26,6401,6656,256,18000,"SOURCE_1","core/BLOCK_003/index/reverse_stripes/reverse_00026.tif",2062050,NA
"BLOCK_003","reverse",27,6657,6912,256,18000,"SOURCE_1","core/BLOCK_003/index/reverse_stripes/reverse_00027.tif",2054504,NA
"BLOCK_003","reverse",28,6913,7168,256,18000,"SOURCE_1","core/BLOCK_003/index/reverse_stripes/reverse_00028.tif",2070686,NA
"BLOCK_003","reverse",29,7169,7424,256,18000,"SOURCE_1","core/BLOCK_003/index/reverse_stripes/reverse_00029.tif",2066776,NA
"BLOCK_003","reverse",30,7425,7680,256,18000,"SOURCE_1","core/BLOCK_003/index/reverse_stripes/reverse_00030.tif",2075536,NA
"BLOCK_003","reverse",31,7681,7936,256,18000,"SOURCE_1","core/BLOCK_003/index/reverse_stripes/reverse_00031.tif",2082158,NA
"BLOCK_003","reverse",32,7937,8192,256,18000,"SOURCE_1","core/BLOCK_003/index/reverse_stripes/reverse_00032.tif",2080038,NA
"BLOCK_003","reverse",33,8193,8448,256,18000,"SOURCE_1","core/BLOCK_003/index/reverse_stripes/reverse_00033.tif",2086406,NA
"BLOCK_003","reverse",34,8449,8704,256,18000,"SOURCE_1","core/BLOCK_003/index/reverse_stripes/reverse_00034.tif",2078040,NA
"BLOCK_003","reverse",35,8705,8960,256,18000,"SOURCE_1","core/BLOCK_003/index/reverse_stripes/reverse_00035.tif",2079232,NA
"BLOCK_003","reverse",36,8961,9216,256,18000,"SOURCE_1","core/BLOCK_003/index/reverse_stripes/reverse_00036.tif",2078246,NA
"BLOCK_003","reverse",37,9217,9472,256,18000,"SOURCE_1","core/BLOCK_003/index/reverse_stripes/reverse_00037.tif",2080578,NA
"BLOCK_003","reverse",38,9473,9728,256,18000,"SOURCE_1","core/BLOCK_003/index/reverse_stripes/reverse_00038.tif",2069428,NA
"BLOCK_003","reverse",39,9729,9984,256,18000,"SOURCE_1","core/BLOCK_003/index/reverse_stripes/reverse_00039.tif",2062690,NA
"BLOCK_003","reverse",40,9985,10240,256,18000,"SOURCE_1","core/BLOCK_003/index/reverse_stripes/reverse_00040.tif",2055664,NA
"BLOCK_003","reverse",41,10241,10496,256,18000,"SOURCE_1","core/BLOCK_003/index/reverse_stripes/reverse_00041.tif",2057766,NA
"BLOCK_003","reverse",42,10497,10752,256,18000,"SOURCE_1","core/BLOCK_003/index/reverse_stripes/reverse_00042.tif",2047410,NA
"BLOCK_003","reverse",43,10753,11008,256,18000,"SOURCE_1","core/BLOCK_003/index/reverse_stripes/reverse_00043.tif",1715468,NA
"BLOCK_003","reverse",44,11009,11264,256,18000,"SOURCE_1","core/BLOCK_003/index/reverse_stripes/reverse_00044.tif",1631000,NA
"BLOCK_003","reverse",45,11265,11520,256,18000,"SOURCE_1","core/BLOCK_003/index/reverse_stripes/reverse_00045.tif",1635492,NA
"BLOCK_003","reverse",46,11521,11776,256,18000,"SOURCE_1","core/BLOCK_003/index/reverse_stripes/reverse_00046.tif",1638426,NA
"BLOCK_003","reverse",47,11777,12032,256,18000,"SOURCE_1","core/BLOCK_003/index/reverse_stripes/reverse_00047.tif",1639622,NA
"BLOCK_003","reverse",48,12033,12288,256,18000,"SOURCE_1","core/BLOCK_003/index/reverse_stripes/reverse_00048.tif",1636518,NA
"BLOCK_003","reverse",49,12289,12544,256,18000,"SOURCE_1","core/BLOCK_003/index/reverse_stripes/reverse_00049.tif",1637466,NA
"BLOCK_003","reverse",50,12545,12800,256,18000,"SOURCE_1","core/BLOCK_003/index/reverse_stripes/reverse_00050.tif",1634034,NA
"BLOCK_003","reverse",51,12801,13056,256,18000,"SOURCE_1","core/BLOCK_003/index/reverse_stripes/reverse_00051.tif",1633590,NA
"BLOCK_003","reverse",52,13057,13312,256,18000,"SOURCE_1","core/BLOCK_003/index/reverse_stripes/reverse_00052.tif",1631890,NA
"BLOCK_003","reverse",53,13313,13568,256,18000,"SOURCE_1","core/BLOCK_003/index/reverse_stripes/reverse_00053.tif",1630984,NA
"BLOCK_003","reverse",54,13569,13824,256,18000,"SOURCE_1","core/BLOCK_003/index/reverse_stripes/reverse_00054.tif",1629322,NA
"BLOCK_003","reverse",55,13825,14080,256,18000,"SOURCE_1","core/BLOCK_003/index/reverse_stripes/reverse_00055.tif",1631268,NA
"BLOCK_003","reverse",56,14081,14336,256,18000,"SOURCE_1","core/BLOCK_003/index/reverse_stripes/reverse_00056.tif",1631324,NA
"BLOCK_003","reverse",57,14337,14592,256,18000,"SOURCE_1","core/BLOCK_003/index/reverse_stripes/reverse_00057.tif",1329146,NA
"BLOCK_003","reverse",58,14593,14848,256,18000,"SOURCE_1","core/BLOCK_003/index/reverse_stripes/reverse_00058.tif",1215570,NA
"BLOCK_003","reverse",59,14849,15104,256,18000,"SOURCE_1","core/BLOCK_003/index/reverse_stripes/reverse_00059.tif",1221304,NA
"BLOCK_003","reverse",60,15105,15360,256,18000,"SOURCE_1","core/BLOCK_003/index/reverse_stripes/reverse_00060.tif",1220088,NA
"BLOCK_003","reverse",61,15361,15616,256,18000,"SOURCE_1","core/BLOCK_003/index/reverse_stripes/reverse_00061.tif",1215742,NA
"BLOCK_003","reverse",62,15617,15872,256,18000,"SOURCE_1","core/BLOCK_003/index/reverse_stripes/reverse_00062.tif",1217534,NA
"BLOCK_003","reverse",63,15873,16128,256,18000,"SOURCE_1","core/BLOCK_003/index/reverse_stripes/reverse_00063.tif",1217000,NA
"BLOCK_003","reverse",64,16129,16384,256,18000,"SOURCE_1","core/BLOCK_003/index/reverse_stripes/reverse_00064.tif",1218132,NA
"BLOCK_003","reverse",65,16385,16640,256,18000,"SOURCE_1","core/BLOCK_003/index/reverse_stripes/reverse_00065.tif",1222624,NA
"BLOCK_003","reverse",66,16641,16896,256,18000,"SOURCE_1","core/BLOCK_003/index/reverse_stripes/reverse_00066.tif",1212990,NA
"BLOCK_003","reverse",67,16897,17152,256,18000,"SOURCE_1","core/BLOCK_003/index/reverse_stripes/reverse_00067.tif",1204720,NA
"BLOCK_003","reverse",68,17153,17408,256,18000,"SOURCE_1","core/BLOCK_003/index/reverse_stripes/reverse_00068.tif",1210684,NA
"BLOCK_003","reverse",69,17409,17664,256,18000,"SOURCE_1","core/BLOCK_003/index/reverse_stripes/reverse_00069.tif",1209196,NA
"BLOCK_003","reverse",70,17665,17920,256,18000,"SOURCE_1","core/BLOCK_003/index/reverse_stripes/reverse_00070.tif",1207454,NA
"BLOCK_003","reverse",71,17921,18000,80,18000,"SOURCE_1","core/BLOCK_003/index/reverse_stripes/reverse_00071.tif",404750,NA
"BLOCK_003","run_info",NA,NA,NA,NA,NA,"SOURCE_1","core/BLOCK_003/run_info.csv",1055,NA
"BLOCK_003","stream",1,1,256,256,18000,"SOURCE_1","core/BLOCK_003/index/stream_stripes/stream_00001.tif",15904,NA
"BLOCK_003","stream",2,257,512,256,18000,"SOURCE_1","core/BLOCK_003/index/stream_stripes/stream_00002.tif",16860,NA
"BLOCK_003","stream",3,513,768,256,18000,"SOURCE_1","core/BLOCK_003/index/stream_stripes/stream_00003.tif",16764,NA
"BLOCK_003","stream",4,769,1024,256,18000,"SOURCE_1","core/BLOCK_003/index/stream_stripes/stream_00004.tif",15322,NA
"BLOCK_003","stream",5,1025,1280,256,18000,"SOURCE_1","core/BLOCK_003/index/stream_stripes/stream_00005.tif",15894,NA
"BLOCK_003","stream",6,1281,1536,256,18000,"SOURCE_1","core/BLOCK_003/index/stream_stripes/stream_00006.tif",14616,NA
"BLOCK_003","stream",7,1537,1792,256,18000,"SOURCE_1","core/BLOCK_003/index/stream_stripes/stream_00007.tif",16032,NA
"BLOCK_003","stream",8,1793,2048,256,18000,"SOURCE_1","core/BLOCK_003/index/stream_stripes/stream_00008.tif",17564,NA
"BLOCK_003","stream",9,2049,2304,256,18000,"SOURCE_1","core/BLOCK_003/index/stream_stripes/stream_00009.tif",19292,NA
"BLOCK_003","stream",10,2305,2560,256,18000,"SOURCE_1","core/BLOCK_003/index/stream_stripes/stream_00010.tif",17254,NA
"BLOCK_003","stream",11,2561,2816,256,18000,"SOURCE_1","core/BLOCK_003/index/stream_stripes/stream_00011.tif",18334,NA
"BLOCK_003","stream",12,2817,3072,256,18000,"SOURCE_1","core/BLOCK_003/index/stream_stripes/stream_00012.tif",16410,NA
"BLOCK_003","stream",13,3073,3328,256,18000,"SOURCE_1","core/BLOCK_003/index/stream_stripes/stream_00013.tif",16640,NA
"BLOCK_003","stream",14,3329,3584,256,18000,"SOURCE_1","core/BLOCK_003/index/stream_stripes/stream_00014.tif",15972,NA
"BLOCK_003","stream",15,3585,3840,256,18000,"SOURCE_1","core/BLOCK_003/index/stream_stripes/stream_00015.tif",44108,NA
"BLOCK_003","stream",16,3841,4096,256,18000,"SOURCE_1","core/BLOCK_003/index/stream_stripes/stream_00016.tif",49096,NA
"BLOCK_003","stream",17,4097,4352,256,18000,"SOURCE_1","core/BLOCK_003/index/stream_stripes/stream_00017.tif",53122,NA
"BLOCK_003","stream",18,4353,4608,256,18000,"SOURCE_1","core/BLOCK_003/index/stream_stripes/stream_00018.tif",51884,NA
"BLOCK_003","stream",19,4609,4864,256,18000,"SOURCE_1","core/BLOCK_003/index/stream_stripes/stream_00019.tif",48452,NA
"BLOCK_003","stream",20,4865,5120,256,18000,"SOURCE_1","core/BLOCK_003/index/stream_stripes/stream_00020.tif",49658,NA
"BLOCK_003","stream",21,5121,5376,256,18000,"SOURCE_1","core/BLOCK_003/index/stream_stripes/stream_00021.tif",51714,NA
"BLOCK_003","stream",22,5377,5632,256,18000,"SOURCE_1","core/BLOCK_003/index/stream_stripes/stream_00022.tif",51018,NA
"BLOCK_003","stream",23,5633,5888,256,18000,"SOURCE_1","core/BLOCK_003/index/stream_stripes/stream_00023.tif",49634,NA
"BLOCK_003","stream",24,5889,6144,256,18000,"SOURCE_1","core/BLOCK_003/index/stream_stripes/stream_00024.tif",50032,NA
"BLOCK_003","stream",25,6145,6400,256,18000,"SOURCE_1","core/BLOCK_003/index/stream_stripes/stream_00025.tif",49584,NA
"BLOCK_003","stream",26,6401,6656,256,18000,"SOURCE_1","core/BLOCK_003/index/stream_stripes/stream_00026.tif",47916,NA
"BLOCK_003","stream",27,6657,6912,256,18000,"SOURCE_1","core/BLOCK_003/index/stream_stripes/stream_00027.tif",49990,NA
"BLOCK_003","stream",28,6913,7168,256,18000,"SOURCE_1","core/BLOCK_003/index/stream_stripes/stream_00028.tif",49170,NA
"BLOCK_003","stream",29,7169,7424,256,18000,"SOURCE_1","core/BLOCK_003/index/stream_stripes/stream_00029.tif",47696,NA
"BLOCK_003","stream",30,7425,7680,256,18000,"SOURCE_1","core/BLOCK_003/index/stream_stripes/stream_00030.tif",49530,NA
"BLOCK_003","stream",31,7681,7936,256,18000,"SOURCE_1","core/BLOCK_003/index/stream_stripes/stream_00031.tif",48268,NA
"BLOCK_003","stream",32,7937,8192,256,18000,"SOURCE_1","core/BLOCK_003/index/stream_stripes/stream_00032.tif",50938,NA
"BLOCK_003","stream",33,8193,8448,256,18000,"SOURCE_1","core/BLOCK_003/index/stream_stripes/stream_00033.tif",49462,NA
"BLOCK_003","stream",34,8449,8704,256,18000,"SOURCE_1","core/BLOCK_003/index/stream_stripes/stream_00034.tif",49880,NA
"BLOCK_003","stream",35,8705,8960,256,18000,"SOURCE_1","core/BLOCK_003/index/stream_stripes/stream_00035.tif",46090,NA
"BLOCK_003","stream",36,8961,9216,256,18000,"SOURCE_1","core/BLOCK_003/index/stream_stripes/stream_00036.tif",50856,NA
"BLOCK_003","stream",37,9217,9472,256,18000,"SOURCE_1","core/BLOCK_003/index/stream_stripes/stream_00037.tif",45858,NA
"BLOCK_003","stream",38,9473,9728,256,18000,"SOURCE_1","core/BLOCK_003/index/stream_stripes/stream_00038.tif",49620,NA
"BLOCK_003","stream",39,9729,9984,256,18000,"SOURCE_1","core/BLOCK_003/index/stream_stripes/stream_00039.tif",47510,NA
"BLOCK_003","stream",40,9985,10240,256,18000,"SOURCE_1","core/BLOCK_003/index/stream_stripes/stream_00040.tif",49832,NA
"BLOCK_003","stream",41,10241,10496,256,18000,"SOURCE_1","core/BLOCK_003/index/stream_stripes/stream_00041.tif",51410,NA
"BLOCK_003","stream",42,10497,10752,256,18000,"SOURCE_1","core/BLOCK_003/index/stream_stripes/stream_00042.tif",46158,NA
"BLOCK_003","stream",43,10753,11008,256,18000,"SOURCE_1","core/BLOCK_003/index/stream_stripes/stream_00043.tif",44820,NA
"BLOCK_003","stream",44,11009,11264,256,18000,"SOURCE_1","core/BLOCK_003/index/stream_stripes/stream_00044.tif",44402,NA
"BLOCK_003","stream",45,11265,11520,256,18000,"SOURCE_1","core/BLOCK_003/index/stream_stripes/stream_00045.tif",43308,NA
"BLOCK_003","stream",46,11521,11776,256,18000,"SOURCE_1","core/BLOCK_003/index/stream_stripes/stream_00046.tif",39692,NA
"BLOCK_003","stream",47,11777,12032,256,18000,"SOURCE_1","core/BLOCK_003/index/stream_stripes/stream_00047.tif",43662,NA
"BLOCK_003","stream",48,12033,12288,256,18000,"SOURCE_1","core/BLOCK_003/index/stream_stripes/stream_00048.tif",42212,NA
"BLOCK_003","stream",49,12289,12544,256,18000,"SOURCE_1","core/BLOCK_003/index/stream_stripes/stream_00049.tif",41120,NA
"BLOCK_003","stream",50,12545,12800,256,18000,"SOURCE_1","core/BLOCK_003/index/stream_stripes/stream_00050.tif",44916,NA
"BLOCK_003","stream",51,12801,13056,256,18000,"SOURCE_1","core/BLOCK_003/index/stream_stripes/stream_00051.tif",43052,NA
"BLOCK_003","stream",52,13057,13312,256,18000,"SOURCE_1","core/BLOCK_003/index/stream_stripes/stream_00052.tif",40160,NA
"BLOCK_003","stream",53,13313,13568,256,18000,"SOURCE_1","core/BLOCK_003/index/stream_stripes/stream_00053.tif",43180,NA
"BLOCK_003","stream",54,13569,13824,256,18000,"SOURCE_1","core/BLOCK_003/index/stream_stripes/stream_00054.tif",42098,NA
"BLOCK_003","stream",55,13825,14080,256,18000,"SOURCE_1","core/BLOCK_003/index/stream_stripes/stream_00055.tif",42400,NA
"BLOCK_003","stream",56,14081,14336,256,18000,"SOURCE_1","core/BLOCK_003/index/stream_stripes/stream_00056.tif",41018,NA
"BLOCK_003","stream",57,14337,14592,256,18000,"SOURCE_1","core/BLOCK_003/index/stream_stripes/stream_00057.tif",32824,NA
"BLOCK_003","stream",58,14593,14848,256,18000,"SOURCE_1","core/BLOCK_003/index/stream_stripes/stream_00058.tif",35510,NA
"BLOCK_003","stream",59,14849,15104,256,18000,"SOURCE_1","core/BLOCK_003/index/stream_stripes/stream_00059.tif",32700,NA
"BLOCK_003","stream",60,15105,15360,256,18000,"SOURCE_1","core/BLOCK_003/index/stream_stripes/stream_00060.tif",31980,NA
"BLOCK_003","stream",61,15361,15616,256,18000,"SOURCE_1","core/BLOCK_003/index/stream_stripes/stream_00061.tif",36828,NA
"BLOCK_003","stream",62,15617,15872,256,18000,"SOURCE_1","core/BLOCK_003/index/stream_stripes/stream_00062.tif",32608,NA
"BLOCK_003","stream",63,15873,16128,256,18000,"SOURCE_1","core/BLOCK_003/index/stream_stripes/stream_00063.tif",29946,NA
"BLOCK_003","stream",64,16129,16384,256,18000,"SOURCE_1","core/BLOCK_003/index/stream_stripes/stream_00064.tif",33058,NA
"BLOCK_003","stream",65,16385,16640,256,18000,"SOURCE_1","core/BLOCK_003/index/stream_stripes/stream_00065.tif",38584,NA
"BLOCK_003","stream",66,16641,16896,256,18000,"SOURCE_1","core/BLOCK_003/index/stream_stripes/stream_00066.tif",30836,NA
"BLOCK_003","stream",67,16897,17152,256,18000,"SOURCE_1","core/BLOCK_003/index/stream_stripes/stream_00067.tif",36062,NA
"BLOCK_003","stream",68,17153,17408,256,18000,"SOURCE_1","core/BLOCK_003/index/stream_stripes/stream_00068.tif",27998,NA
"BLOCK_003","stream",69,17409,17664,256,18000,"SOURCE_1","core/BLOCK_003/index/stream_stripes/stream_00069.tif",36756,NA
"BLOCK_003","stream",70,17665,17920,256,18000,"SOURCE_1","core/BLOCK_003/index/stream_stripes/stream_00070.tif",31970,NA
"BLOCK_003","stream",71,17921,18000,80,18000,"SOURCE_1","core/BLOCK_003/index/stream_stripes/stream_00071.tif",11438,NA
"BLOCK_004","index_metadata",NA,NA,NA,NA,NA,"SOURCE_1","core/BLOCK_004/index/index_metadata.rds",1340,NA
"BLOCK_004","reverse",1,1,256,256,46800,"SOURCE_1","core/BLOCK_004/index/reverse_stripes/reverse_00001.tif",750582,NA
"BLOCK_004","reverse",2,257,512,256,46800,"SOURCE_1","core/BLOCK_004/index/reverse_stripes/reverse_00002.tif",733422,NA
"BLOCK_004","reverse",3,513,768,256,46800,"SOURCE_1","core/BLOCK_004/index/reverse_stripes/reverse_00003.tif",735662,NA
"BLOCK_004","reverse",4,769,1024,256,46800,"SOURCE_1","core/BLOCK_004/index/reverse_stripes/reverse_00004.tif",735818,NA
"BLOCK_004","reverse",5,1025,1280,256,46800,"SOURCE_1","core/BLOCK_004/index/reverse_stripes/reverse_00005.tif",728800,NA
"BLOCK_004","reverse",6,1281,1536,256,46800,"SOURCE_1","core/BLOCK_004/index/reverse_stripes/reverse_00006.tif",717248,NA
"BLOCK_004","reverse",7,1537,1792,256,46800,"SOURCE_1","core/BLOCK_004/index/reverse_stripes/reverse_00007.tif",710852,NA
"BLOCK_004","reverse",8,1793,2048,256,46800,"SOURCE_1","core/BLOCK_004/index/reverse_stripes/reverse_00008.tif",708012,NA
"BLOCK_004","reverse",9,2049,2304,256,46800,"SOURCE_1","core/BLOCK_004/index/reverse_stripes/reverse_00009.tif",707874,NA
"BLOCK_004","reverse",10,2305,2560,256,46800,"SOURCE_1","core/BLOCK_004/index/reverse_stripes/reverse_00010.tif",711868,NA
"BLOCK_004","reverse",11,2561,2816,256,46800,"SOURCE_1","core/BLOCK_004/index/reverse_stripes/reverse_00011.tif",713968,NA
"BLOCK_004","reverse",12,2817,3072,256,46800,"SOURCE_1","core/BLOCK_004/index/reverse_stripes/reverse_00012.tif",712390,NA
"BLOCK_004","reverse",13,3073,3328,256,46800,"SOURCE_1","core/BLOCK_004/index/reverse_stripes/reverse_00013.tif",723792,NA
"BLOCK_004","reverse",14,3329,3584,256,46800,"SOURCE_1","core/BLOCK_004/index/reverse_stripes/reverse_00014.tif",740394,NA
"BLOCK_004","reverse",15,3585,3840,256,46800,"SOURCE_1","core/BLOCK_004/index/reverse_stripes/reverse_00015.tif",1918312,NA
"BLOCK_004","reverse",16,3841,4096,256,46800,"SOURCE_1","core/BLOCK_004/index/reverse_stripes/reverse_00016.tif",1996482,NA
"BLOCK_004","reverse",17,4097,4352,256,46800,"SOURCE_1","core/BLOCK_004/index/reverse_stripes/reverse_00017.tif",1987808,NA
"BLOCK_004","reverse",18,4353,4608,256,46800,"SOURCE_1","core/BLOCK_004/index/reverse_stripes/reverse_00018.tif",1995096,NA
"BLOCK_004","reverse",19,4609,4864,256,46800,"SOURCE_1","core/BLOCK_004/index/reverse_stripes/reverse_00019.tif",1998810,NA
"BLOCK_004","reverse",20,4865,5120,256,46800,"SOURCE_1","core/BLOCK_004/index/reverse_stripes/reverse_00020.tif",1985268,NA
"BLOCK_004","reverse",21,5121,5376,256,46800,"SOURCE_1","core/BLOCK_004/index/reverse_stripes/reverse_00021.tif",1968016,NA
"BLOCK_004","reverse",22,5377,5632,256,46800,"SOURCE_1","core/BLOCK_004/index/reverse_stripes/reverse_00022.tif",1964510,NA
"BLOCK_004","reverse",23,5633,5888,256,46800,"SOURCE_1","core/BLOCK_004/index/reverse_stripes/reverse_00023.tif",1957076,NA
"BLOCK_004","reverse",24,5889,6144,256,46800,"SOURCE_1","core/BLOCK_004/index/reverse_stripes/reverse_00024.tif",1975254,NA
"BLOCK_004","reverse",25,6145,6400,256,46800,"SOURCE_1","core/BLOCK_004/index/reverse_stripes/reverse_00025.tif",1991194,NA
"BLOCK_004","reverse",26,6401,6656,256,46800,"SOURCE_1","core/BLOCK_004/index/reverse_stripes/reverse_00026.tif",1987778,NA
"BLOCK_004","reverse",27,6657,6912,256,46800,"SOURCE_1","core/BLOCK_004/index/reverse_stripes/reverse_00027.tif",1993240,NA
"BLOCK_004","reverse",28,6913,7168,256,46800,"SOURCE_1","core/BLOCK_004/index/reverse_stripes/reverse_00028.tif",1989510,NA
"BLOCK_004","reverse",29,7169,7424,256,46800,"SOURCE_1","core/BLOCK_004/index/reverse_stripes/reverse_00029.tif",2712868,NA
"BLOCK_004","reverse",30,7425,7680,256,46800,"SOURCE_1","core/BLOCK_004/index/reverse_stripes/reverse_00030.tif",2787118,NA
"BLOCK_004","reverse",31,7681,7936,256,46800,"SOURCE_1","core/BLOCK_004/index/reverse_stripes/reverse_00031.tif",2806926,NA
"BLOCK_004","reverse",32,7937,8192,256,46800,"SOURCE_1","core/BLOCK_004/index/reverse_stripes/reverse_00032.tif",2804880,NA
"BLOCK_004","reverse",33,8193,8448,256,46800,"SOURCE_1","core/BLOCK_004/index/reverse_stripes/reverse_00033.tif",2812458,NA
"BLOCK_004","reverse",34,8449,8704,256,46800,"SOURCE_1","core/BLOCK_004/index/reverse_stripes/reverse_00034.tif",2795138,NA
"BLOCK_004","reverse",35,8705,8960,256,46800,"SOURCE_1","core/BLOCK_004/index/reverse_stripes/reverse_00035.tif",2769220,NA
"BLOCK_004","reverse",36,8961,9216,256,46800,"SOURCE_1","core/BLOCK_004/index/reverse_stripes/reverse_00036.tif",2763556,NA
"BLOCK_004","reverse",37,9217,9472,256,46800,"SOURCE_1","core/BLOCK_004/index/reverse_stripes/reverse_00037.tif",2776114,NA
"BLOCK_004","reverse",38,9473,9728,256,46800,"SOURCE_1","core/BLOCK_004/index/reverse_stripes/reverse_00038.tif",2810188,NA
"BLOCK_004","reverse",39,9729,9984,256,46800,"SOURCE_1","core/BLOCK_004/index/reverse_stripes/reverse_00039.tif",2821534,NA
"BLOCK_004","reverse",40,9985,10240,256,46800,"SOURCE_1","core/BLOCK_004/index/reverse_stripes/reverse_00040.tif",2821174,NA
"BLOCK_004","reverse",41,10241,10496,256,46800,"SOURCE_1","core/BLOCK_004/index/reverse_stripes/reverse_00041.tif",2818218,NA
"BLOCK_004","reverse",42,10497,10752,256,46800,"SOURCE_1","core/BLOCK_004/index/reverse_stripes/reverse_00042.tif",2814160,NA
"BLOCK_004","reverse",43,10753,11008,256,46800,"SOURCE_1","core/BLOCK_004/index/reverse_stripes/reverse_00043.tif",3487798,NA
"BLOCK_004","reverse",44,11009,11264,256,46800,"SOURCE_1","core/BLOCK_004/index/reverse_stripes/reverse_00044.tif",3658060,NA
"BLOCK_004","reverse",45,11265,11520,256,46800,"SOURCE_1","core/BLOCK_004/index/reverse_stripes/reverse_00045.tif",3654238,NA
"BLOCK_004","reverse",46,11521,11776,256,46800,"SOURCE_1","core/BLOCK_004/index/reverse_stripes/reverse_00046.tif",3654876,NA
"BLOCK_004","reverse",47,11777,12032,256,46800,"SOURCE_1","core/BLOCK_004/index/reverse_stripes/reverse_00047.tif",3679934,NA
"BLOCK_004","reverse",48,12033,12288,256,46800,"SOURCE_1","core/BLOCK_004/index/reverse_stripes/reverse_00048.tif",3656744,NA
"BLOCK_004","reverse",49,12289,12544,256,46800,"SOURCE_1","core/BLOCK_004/index/reverse_stripes/reverse_00049.tif",3629990,NA
"BLOCK_004","reverse",50,12545,12800,256,46800,"SOURCE_1","core/BLOCK_004/index/reverse_stripes/reverse_00050.tif",3662460,NA
"BLOCK_004","reverse",51,12801,13056,256,46800,"SOURCE_1","core/BLOCK_004/index/reverse_stripes/reverse_00051.tif",3666692,NA
"BLOCK_004","reverse",52,13057,13312,256,46800,"SOURCE_1","core/BLOCK_004/index/reverse_stripes/reverse_00052.tif",3682108,NA
"BLOCK_004","reverse",53,13313,13568,256,46800,"SOURCE_1","core/BLOCK_004/index/reverse_stripes/reverse_00053.tif",3677998,NA
"BLOCK_004","reverse",54,13569,13824,256,46800,"SOURCE_1","core/BLOCK_004/index/reverse_stripes/reverse_00054.tif",3676016,NA
"BLOCK_004","reverse",55,13825,14080,256,46800,"SOURCE_1","core/BLOCK_004/index/reverse_stripes/reverse_00055.tif",3684038,NA
"BLOCK_004","reverse",56,14081,14336,256,46800,"SOURCE_1","core/BLOCK_004/index/reverse_stripes/reverse_00056.tif",3688330,NA
"BLOCK_004","reverse",57,14337,14592,256,46800,"SOURCE_1","core/BLOCK_004/index/reverse_stripes/reverse_00057.tif",4602864,NA
"BLOCK_004","reverse",58,14593,14848,256,46800,"SOURCE_1","core/BLOCK_004/index/reverse_stripes/reverse_00058.tif",4900702,NA
"BLOCK_004","reverse",59,14849,15104,256,46800,"SOURCE_1","core/BLOCK_004/index/reverse_stripes/reverse_00059.tif",4871668,NA
"BLOCK_004","reverse",60,15105,15360,256,46800,"SOURCE_1","core/BLOCK_004/index/reverse_stripes/reverse_00060.tif",4862074,NA
"BLOCK_004","reverse",61,15361,15616,256,46800,"SOURCE_1","core/BLOCK_004/index/reverse_stripes/reverse_00061.tif",4823502,NA
"BLOCK_004","reverse",62,15617,15872,256,46800,"SOURCE_1","core/BLOCK_004/index/reverse_stripes/reverse_00062.tif",4810656,NA
"BLOCK_004","reverse",63,15873,16128,256,46800,"SOURCE_1","core/BLOCK_004/index/reverse_stripes/reverse_00063.tif",4823848,NA
"BLOCK_004","reverse",64,16129,16384,256,46800,"SOURCE_1","core/BLOCK_004/index/reverse_stripes/reverse_00064.tif",4849142,NA
"BLOCK_004","reverse",65,16385,16640,256,46800,"SOURCE_1","core/BLOCK_004/index/reverse_stripes/reverse_00065.tif",4856118,NA
"BLOCK_004","reverse",66,16641,16896,256,46800,"SOURCE_1","core/BLOCK_004/index/reverse_stripes/reverse_00066.tif",4837744,NA
"BLOCK_004","reverse",67,16897,17152,256,46800,"SOURCE_1","core/BLOCK_004/index/reverse_stripes/reverse_00067.tif",4827336,NA
"BLOCK_004","reverse",68,17153,17408,256,46800,"SOURCE_1","core/BLOCK_004/index/reverse_stripes/reverse_00068.tif",4846496,NA
"BLOCK_004","reverse",69,17409,17664,256,46800,"SOURCE_1","core/BLOCK_004/index/reverse_stripes/reverse_00069.tif",4814944,NA
"BLOCK_004","reverse",70,17665,17920,256,46800,"SOURCE_1","core/BLOCK_004/index/reverse_stripes/reverse_00070.tif",4792326,NA
"BLOCK_004","reverse",71,17921,18176,256,46800,"SOURCE_1","core/BLOCK_004/index/reverse_stripes/reverse_00071.tif",5088896,NA
"BLOCK_004","reverse",72,18177,18432,256,46800,"SOURCE_1","core/BLOCK_004/index/reverse_stripes/reverse_00072.tif",5252554,NA
"BLOCK_004","reverse",73,18433,18688,256,46800,"SOURCE_1","core/BLOCK_004/index/reverse_stripes/reverse_00073.tif",5275976,NA
"BLOCK_004","reverse",74,18689,18944,256,46800,"SOURCE_1","core/BLOCK_004/index/reverse_stripes/reverse_00074.tif",5305558,NA
"BLOCK_004","reverse",75,18945,19200,256,46800,"SOURCE_1","core/BLOCK_004/index/reverse_stripes/reverse_00075.tif",5280452,NA
"BLOCK_004","reverse",76,19201,19456,256,46800,"SOURCE_1","core/BLOCK_004/index/reverse_stripes/reverse_00076.tif",5208746,NA
"BLOCK_004","reverse",77,19457,19712,256,46800,"SOURCE_1","core/BLOCK_004/index/reverse_stripes/reverse_00077.tif",5181790,NA
"BLOCK_004","reverse",78,19713,19968,256,46800,"SOURCE_1","core/BLOCK_004/index/reverse_stripes/reverse_00078.tif",5239478,NA
"BLOCK_004","reverse",79,19969,20224,256,46800,"SOURCE_1","core/BLOCK_004/index/reverse_stripes/reverse_00079.tif",5288056,NA
"BLOCK_004","reverse",80,20225,20480,256,46800,"SOURCE_1","core/BLOCK_004/index/reverse_stripes/reverse_00080.tif",5308934,NA
"BLOCK_004","reverse",81,20481,20736,256,46800,"SOURCE_1","core/BLOCK_004/index/reverse_stripes/reverse_00081.tif",5301670,NA
"BLOCK_004","reverse",82,20737,20992,256,46800,"SOURCE_1","core/BLOCK_004/index/reverse_stripes/reverse_00082.tif",5264922,NA
"BLOCK_004","reverse",83,20993,21248,256,46800,"SOURCE_1","core/BLOCK_004/index/reverse_stripes/reverse_00083.tif",5196378,NA
"BLOCK_004","reverse",84,21249,21504,256,46800,"SOURCE_1","core/BLOCK_004/index/reverse_stripes/reverse_00084.tif",5231008,NA
"BLOCK_004","reverse",85,21505,21760,256,46800,"SOURCE_1","core/BLOCK_004/index/reverse_stripes/reverse_00085.tif",4756984,NA
"BLOCK_004","reverse",86,21761,22016,256,46800,"SOURCE_1","core/BLOCK_004/index/reverse_stripes/reverse_00086.tif",4418814,NA
"BLOCK_004","reverse",87,22017,22272,256,46800,"SOURCE_1","core/BLOCK_004/index/reverse_stripes/reverse_00087.tif",4383762,NA
"BLOCK_004","reverse",88,22273,22528,256,46800,"SOURCE_1","core/BLOCK_004/index/reverse_stripes/reverse_00088.tif",4394874,NA
"BLOCK_004","reverse",89,22529,22784,256,46800,"SOURCE_1","core/BLOCK_004/index/reverse_stripes/reverse_00089.tif",4396756,NA
"BLOCK_004","reverse",90,22785,23040,256,46800,"SOURCE_1","core/BLOCK_004/index/reverse_stripes/reverse_00090.tif",4389958,NA
"BLOCK_004","reverse",91,23041,23296,256,46800,"SOURCE_1","core/BLOCK_004/index/reverse_stripes/reverse_00091.tif",4413992,NA
"BLOCK_004","reverse",92,23297,23552,256,46800,"SOURCE_1","core/BLOCK_004/index/reverse_stripes/reverse_00092.tif",4396720,NA
"BLOCK_004","reverse",93,23553,23808,256,46800,"SOURCE_1","core/BLOCK_004/index/reverse_stripes/reverse_00093.tif",4411118,NA
"BLOCK_004","reverse",94,23809,24064,256,46800,"SOURCE_1","core/BLOCK_004/index/reverse_stripes/reverse_00094.tif",4409072,NA
"BLOCK_004","reverse",95,24065,24320,256,46800,"SOURCE_1","core/BLOCK_004/index/reverse_stripes/reverse_00095.tif",4395156,NA
"BLOCK_004","reverse",96,24321,24576,256,46800,"SOURCE_1","core/BLOCK_004/index/reverse_stripes/reverse_00096.tif",4389324,NA
"BLOCK_004","reverse",97,24577,24832,256,46800,"SOURCE_1","core/BLOCK_004/index/reverse_stripes/reverse_00097.tif",4405378,NA
"BLOCK_004","reverse",98,24833,25088,256,46800,"SOURCE_1","core/BLOCK_004/index/reverse_stripes/reverse_00098.tif",4420736,NA
"BLOCK_004","reverse",99,25089,25344,256,46800,"SOURCE_1","core/BLOCK_004/index/reverse_stripes/reverse_00099.tif",4389638,NA
"BLOCK_004","reverse",100,25345,25600,256,46800,"SOURCE_1","core/BLOCK_004/index/reverse_stripes/reverse_00100.tif",4402960,NA
"BLOCK_004","reverse",101,25601,25856,256,46800,"SOURCE_1","core/BLOCK_004/index/reverse_stripes/reverse_00101.tif",4412500,NA
"BLOCK_004","reverse",102,25857,26112,256,46800,"SOURCE_1","core/BLOCK_004/index/reverse_stripes/reverse_00102.tif",4409128,NA
"BLOCK_004","reverse",103,26113,26368,256,46800,"SOURCE_1","core/BLOCK_004/index/reverse_stripes/reverse_00103.tif",4405168,NA
"BLOCK_004","reverse",104,26369,26624,256,46800,"SOURCE_1","core/BLOCK_004/index/reverse_stripes/reverse_00104.tif",4395488,NA
"BLOCK_004","reverse",105,26625,26880,256,46800,"SOURCE_1","core/BLOCK_004/index/reverse_stripes/reverse_00105.tif",4378266,NA
"BLOCK_004","reverse",106,26881,27136,256,46800,"SOURCE_1","core/BLOCK_004/index/reverse_stripes/reverse_00106.tif",4353196,NA
"BLOCK_004","reverse",107,27137,27392,256,46800,"SOURCE_1","core/BLOCK_004/index/reverse_stripes/reverse_00107.tif",4356574,NA
"BLOCK_004","reverse",108,27393,27648,256,46800,"SOURCE_1","core/BLOCK_004/index/reverse_stripes/reverse_00108.tif",4366912,NA
"BLOCK_004","reverse",109,27649,27904,256,46800,"SOURCE_1","core/BLOCK_004/index/reverse_stripes/reverse_00109.tif",4388162,NA
"BLOCK_004","reverse",110,27905,28160,256,46800,"SOURCE_1","core/BLOCK_004/index/reverse_stripes/reverse_00110.tif",4378416,NA
"BLOCK_004","reverse",111,28161,28416,256,46800,"SOURCE_1","core/BLOCK_004/index/reverse_stripes/reverse_00111.tif",4366686,NA
"BLOCK_004","reverse",112,28417,28672,256,46800,"SOURCE_1","core/BLOCK_004/index/reverse_stripes/reverse_00112.tif",4350362,NA
"BLOCK_004","reverse",113,28673,28928,256,46800,"SOURCE_1","core/BLOCK_004/index/reverse_stripes/reverse_00113.tif",4128624,NA
"BLOCK_004","reverse",114,28929,29184,256,46800,"SOURCE_1","core/BLOCK_004/index/reverse_stripes/reverse_00114.tif",3903662,NA
"BLOCK_004","reverse",115,29185,29440,256,46800,"SOURCE_1","core/BLOCK_004/index/reverse_stripes/reverse_00115.tif",3900494,NA
"BLOCK_004","reverse",116,29441,29696,256,46800,"SOURCE_1","core/BLOCK_004/index/reverse_stripes/reverse_00116.tif",3902958,NA
"BLOCK_004","reverse",117,29697,29952,256,46800,"SOURCE_1","core/BLOCK_004/index/reverse_stripes/reverse_00117.tif",3880222,NA
"BLOCK_004","reverse",118,29953,30208,256,46800,"SOURCE_1","core/BLOCK_004/index/reverse_stripes/reverse_00118.tif",3861888,NA
"BLOCK_004","reverse",119,30209,30464,256,46800,"SOURCE_1","core/BLOCK_004/index/reverse_stripes/reverse_00119.tif",3871152,NA
"BLOCK_004","reverse",120,30465,30720,256,46800,"SOURCE_1","core/BLOCK_004/index/reverse_stripes/reverse_00120.tif",3879502,NA
"BLOCK_004","reverse",121,30721,30976,256,46800,"SOURCE_1","core/BLOCK_004/index/reverse_stripes/reverse_00121.tif",3869962,NA
"BLOCK_004","reverse",122,30977,31232,256,46800,"SOURCE_1","core/BLOCK_004/index/reverse_stripes/reverse_00122.tif",3858412,NA
"BLOCK_004","reverse",123,31233,31488,256,46800,"SOURCE_1","core/BLOCK_004/index/reverse_stripes/reverse_00123.tif",3856414,NA
"BLOCK_004","reverse",124,31489,31744,256,46800,"SOURCE_1","core/BLOCK_004/index/reverse_stripes/reverse_00124.tif",3826856,NA
"BLOCK_004","reverse",125,31745,32000,256,46800,"SOURCE_1","core/BLOCK_004/index/reverse_stripes/reverse_00125.tif",3829020,NA
"BLOCK_004","reverse",126,32001,32256,256,46800,"SOURCE_1","core/BLOCK_004/index/reverse_stripes/reverse_00126.tif",3807806,NA
"BLOCK_004","reverse",127,32257,32512,256,46800,"SOURCE_1","core/BLOCK_004/index/reverse_stripes/reverse_00127.tif",3498832,NA
"BLOCK_004","reverse",128,32513,32768,256,46800,"SOURCE_1","core/BLOCK_004/index/reverse_stripes/reverse_00128.tif",3091140,NA
"BLOCK_004","reverse",129,32769,33024,256,46800,"SOURCE_1","core/BLOCK_004/index/reverse_stripes/reverse_00129.tif",3084192,NA
"BLOCK_004","reverse",130,33025,33280,256,46800,"SOURCE_1","core/BLOCK_004/index/reverse_stripes/reverse_00130.tif",3068654,NA
"BLOCK_004","reverse",131,33281,33536,256,46800,"SOURCE_1","core/BLOCK_004/index/reverse_stripes/reverse_00131.tif",3065710,NA
"BLOCK_004","reverse",132,33537,33792,256,46800,"SOURCE_1","core/BLOCK_004/index/reverse_stripes/reverse_00132.tif",3077056,NA
"BLOCK_004","reverse",133,33793,34048,256,46800,"SOURCE_1","core/BLOCK_004/index/reverse_stripes/reverse_00133.tif",3072294,NA
"BLOCK_004","reverse",134,34049,34304,256,46800,"SOURCE_1","core/BLOCK_004/index/reverse_stripes/reverse_00134.tif",3081492,NA
"BLOCK_004","reverse",135,34305,34560,256,46800,"SOURCE_1","core/BLOCK_004/index/reverse_stripes/reverse_00135.tif",3093158,NA
"BLOCK_004","reverse",136,34561,34816,256,46800,"SOURCE_1","core/BLOCK_004/index/reverse_stripes/reverse_00136.tif",3069972,NA
"BLOCK_004","reverse",137,34817,35072,256,46800,"SOURCE_1","core/BLOCK_004/index/reverse_stripes/reverse_00137.tif",3079052,NA
"BLOCK_004","reverse",138,35073,35328,256,46800,"SOURCE_1","core/BLOCK_004/index/reverse_stripes/reverse_00138.tif",3070416,NA
"BLOCK_004","reverse",139,35329,35584,256,46800,"SOURCE_1","core/BLOCK_004/index/reverse_stripes/reverse_00139.tif",3069472,NA
"BLOCK_004","reverse",140,35585,35840,256,46800,"SOURCE_1","core/BLOCK_004/index/reverse_stripes/reverse_00140.tif",3068694,NA
"BLOCK_004","reverse",141,35841,36096,256,46800,"SOURCE_1","core/BLOCK_004/index/reverse_stripes/reverse_00141.tif",2924930,NA
"BLOCK_004","reverse",142,36097,36352,256,46800,"SOURCE_1","core/BLOCK_004/index/reverse_stripes/reverse_00142.tif",2650386,NA
"BLOCK_004","reverse",143,36353,36608,256,46800,"SOURCE_1","core/BLOCK_004/index/reverse_stripes/reverse_00143.tif",2646340,NA
"BLOCK_004","reverse",144,36609,36864,256,46800,"SOURCE_1","core/BLOCK_004/index/reverse_stripes/reverse_00144.tif",2635600,NA
"BLOCK_004","reverse",145,36865,37120,256,46800,"SOURCE_1","core/BLOCK_004/index/reverse_stripes/reverse_00145.tif",2621408,NA
"BLOCK_004","reverse",146,37121,37376,256,46800,"SOURCE_1","core/BLOCK_004/index/reverse_stripes/reverse_00146.tif",2621226,NA
"BLOCK_004","reverse",147,37377,37632,256,46800,"SOURCE_1","core/BLOCK_004/index/reverse_stripes/reverse_00147.tif",2598956,NA
"BLOCK_004","reverse",148,37633,37888,256,46800,"SOURCE_1","core/BLOCK_004/index/reverse_stripes/reverse_00148.tif",2592624,NA
"BLOCK_004","reverse",149,37889,38144,256,46800,"SOURCE_1","core/BLOCK_004/index/reverse_stripes/reverse_00149.tif",2577812,NA
"BLOCK_004","reverse",150,38145,38400,256,46800,"SOURCE_1","core/BLOCK_004/index/reverse_stripes/reverse_00150.tif",2568442,NA
"BLOCK_004","reverse",151,38401,38656,256,46800,"SOURCE_1","core/BLOCK_004/index/reverse_stripes/reverse_00151.tif",2562282,NA
"BLOCK_004","reverse",152,38657,38912,256,46800,"SOURCE_1","core/BLOCK_004/index/reverse_stripes/reverse_00152.tif",2556182,NA
"BLOCK_004","reverse",153,38913,39168,256,46800,"SOURCE_1","core/BLOCK_004/index/reverse_stripes/reverse_00153.tif",2533788,NA
"BLOCK_004","reverse",154,39169,39424,256,46800,"SOURCE_1","core/BLOCK_004/index/reverse_stripes/reverse_00154.tif",2514760,NA
"BLOCK_004","reverse",155,39425,39680,256,46800,"SOURCE_1","core/BLOCK_004/index/reverse_stripes/reverse_00155.tif",2436138,NA
"BLOCK_004","reverse",156,39681,39936,256,46800,"SOURCE_1","core/BLOCK_004/index/reverse_stripes/reverse_00156.tif",2303986,NA
"BLOCK_004","reverse",157,39937,40192,256,46800,"SOURCE_1","core/BLOCK_004/index/reverse_stripes/reverse_00157.tif",2283418,NA
"BLOCK_004","reverse",158,40193,40448,256,46800,"SOURCE_1","core/BLOCK_004/index/reverse_stripes/reverse_00158.tif",2279958,NA
"BLOCK_004","reverse",159,40449,40704,256,46800,"SOURCE_1","core/BLOCK_004/index/reverse_stripes/reverse_00159.tif",2253808,NA
"BLOCK_004","reverse",160,40705,40960,256,46800,"SOURCE_1","core/BLOCK_004/index/reverse_stripes/reverse_00160.tif",2231848,NA
"BLOCK_004","reverse",161,40961,41216,256,46800,"SOURCE_1","core/BLOCK_004/index/reverse_stripes/reverse_00161.tif",2207502,NA
"BLOCK_004","reverse",162,41217,41472,256,46800,"SOURCE_1","core/BLOCK_004/index/reverse_stripes/reverse_00162.tif",2211876,NA
"BLOCK_004","reverse",163,41473,41728,256,46800,"SOURCE_1","core/BLOCK_004/index/reverse_stripes/reverse_00163.tif",2212618,NA
"BLOCK_004","reverse",164,41729,41984,256,46800,"SOURCE_1","core/BLOCK_004/index/reverse_stripes/reverse_00164.tif",2207472,NA
"BLOCK_004","reverse",165,41985,42240,256,46800,"SOURCE_1","core/BLOCK_004/index/reverse_stripes/reverse_00165.tif",2194502,NA
"BLOCK_004","reverse",166,42241,42496,256,46800,"SOURCE_1","core/BLOCK_004/index/reverse_stripes/reverse_00166.tif",2190756,NA
"BLOCK_004","reverse",167,42497,42752,256,46800,"SOURCE_1","core/BLOCK_004/index/reverse_stripes/reverse_00167.tif",2172188,NA
"BLOCK_004","reverse",168,42753,43008,256,46800,"SOURCE_1","core/BLOCK_004/index/reverse_stripes/reverse_00168.tif",2197312,NA
"BLOCK_004","reverse",169,43009,43264,256,46800,"SOURCE_1","core/BLOCK_004/index/reverse_stripes/reverse_00169.tif",2193350,NA
"BLOCK_004","reverse",170,43265,43520,256,46800,"SOURCE_1","core/BLOCK_004/index/reverse_stripes/reverse_00170.tif",2190360,NA
"BLOCK_004","reverse",171,43521,43776,256,46800,"SOURCE_1","core/BLOCK_004/index/reverse_stripes/reverse_00171.tif",2184410,NA
"BLOCK_004","reverse",172,43777,44032,256,46800,"SOURCE_1","core/BLOCK_004/index/reverse_stripes/reverse_00172.tif",2168336,NA
"BLOCK_004","reverse",173,44033,44288,256,46800,"SOURCE_1","core/BLOCK_004/index/reverse_stripes/reverse_00173.tif",2172008,NA
"BLOCK_004","reverse",174,44289,44544,256,46800,"SOURCE_1","core/BLOCK_004/index/reverse_stripes/reverse_00174.tif",2169150,NA
"BLOCK_004","reverse",175,44545,44800,256,46800,"SOURCE_1","core/BLOCK_004/index/reverse_stripes/reverse_00175.tif",2163842,NA
"BLOCK_004","reverse",176,44801,45056,256,46800,"SOURCE_1","core/BLOCK_004/index/reverse_stripes/reverse_00176.tif",2153216,NA
"BLOCK_004","reverse",177,45057,45312,256,46800,"SOURCE_1","core/BLOCK_004/index/reverse_stripes/reverse_00177.tif",2132152,NA
"BLOCK_004","reverse",178,45313,45568,256,46800,"SOURCE_1","core/BLOCK_004/index/reverse_stripes/reverse_00178.tif",2118568,NA
"BLOCK_004","reverse",179,45569,45824,256,46800,"SOURCE_1","core/BLOCK_004/index/reverse_stripes/reverse_00179.tif",2079444,NA
"BLOCK_004","reverse",180,45825,46080,256,46800,"SOURCE_1","core/BLOCK_004/index/reverse_stripes/reverse_00180.tif",2053046,NA
"BLOCK_004","reverse",181,46081,46336,256,46800,"SOURCE_1","core/BLOCK_004/index/reverse_stripes/reverse_00181.tif",2023316,NA
"BLOCK_004","reverse",182,46337,46592,256,46800,"SOURCE_1","core/BLOCK_004/index/reverse_stripes/reverse_00182.tif",2025182,NA
"BLOCK_004","reverse",183,46593,46848,256,46800,"SOURCE_1","core/BLOCK_004/index/reverse_stripes/reverse_00183.tif",1969302,NA
"BLOCK_004","reverse",184,46849,47104,256,46800,"SOURCE_1","core/BLOCK_004/index/reverse_stripes/reverse_00184.tif",1792828,NA
"BLOCK_004","reverse",185,47105,47360,256,46800,"SOURCE_1","core/BLOCK_004/index/reverse_stripes/reverse_00185.tif",1800690,NA
"BLOCK_004","reverse",186,47361,47616,256,46800,"SOURCE_1","core/BLOCK_004/index/reverse_stripes/reverse_00186.tif",1795292,NA
"BLOCK_004","reverse",187,47617,47872,256,46800,"SOURCE_1","core/BLOCK_004/index/reverse_stripes/reverse_00187.tif",1772730,NA
"BLOCK_004","reverse",188,47873,48128,256,46800,"SOURCE_1","core/BLOCK_004/index/reverse_stripes/reverse_00188.tif",1767852,NA
"BLOCK_004","reverse",189,48129,48384,256,46800,"SOURCE_1","core/BLOCK_004/index/reverse_stripes/reverse_00189.tif",1753560,NA
"BLOCK_004","reverse",190,48385,48640,256,46800,"SOURCE_1","core/BLOCK_004/index/reverse_stripes/reverse_00190.tif",1746540,NA
"BLOCK_004","reverse",191,48641,48896,256,46800,"SOURCE_1","core/BLOCK_004/index/reverse_stripes/reverse_00191.tif",1745784,NA
"BLOCK_004","reverse",192,48897,49152,256,46800,"SOURCE_1","core/BLOCK_004/index/reverse_stripes/reverse_00192.tif",1727262,NA
"BLOCK_004","reverse",193,49153,49408,256,46800,"SOURCE_1","core/BLOCK_004/index/reverse_stripes/reverse_00193.tif",1713846,NA
"BLOCK_004","reverse",194,49409,49664,256,46800,"SOURCE_1","core/BLOCK_004/index/reverse_stripes/reverse_00194.tif",1715020,NA
"BLOCK_004","reverse",195,49665,49920,256,46800,"SOURCE_1","core/BLOCK_004/index/reverse_stripes/reverse_00195.tif",1701288,NA
"BLOCK_004","reverse",196,49921,50176,256,46800,"SOURCE_1","core/BLOCK_004/index/reverse_stripes/reverse_00196.tif",1687266,NA
"BLOCK_004","reverse",197,50177,50432,256,46800,"SOURCE_1","core/BLOCK_004/index/reverse_stripes/reverse_00197.tif",1683068,NA
"BLOCK_004","reverse",198,50433,50688,256,46800,"SOURCE_1","core/BLOCK_004/index/reverse_stripes/reverse_00198.tif",1750978,NA
"BLOCK_004","reverse",199,50689,50944,256,46800,"SOURCE_1","core/BLOCK_004/index/reverse_stripes/reverse_00199.tif",1742098,NA
"BLOCK_004","reverse",200,50945,51200,256,46800,"SOURCE_1","core/BLOCK_004/index/reverse_stripes/reverse_00200.tif",1717332,NA
"BLOCK_004","reverse",201,51201,51456,256,46800,"SOURCE_1","core/BLOCK_004/index/reverse_stripes/reverse_00201.tif",1652630,NA
"BLOCK_004","reverse",202,51457,51712,256,46800,"SOURCE_1","core/BLOCK_004/index/reverse_stripes/reverse_00202.tif",1650900,NA
"BLOCK_004","reverse",203,51713,51968,256,46800,"SOURCE_1","core/BLOCK_004/index/reverse_stripes/reverse_00203.tif",1617208,NA
"BLOCK_004","reverse",204,51969,52224,256,46800,"SOURCE_1","core/BLOCK_004/index/reverse_stripes/reverse_00204.tif",1598896,NA
"BLOCK_004","reverse",205,52225,52480,256,46800,"SOURCE_1","core/BLOCK_004/index/reverse_stripes/reverse_00205.tif",1579496,NA
"BLOCK_004","reverse",206,52481,52736,256,46800,"SOURCE_1","core/BLOCK_004/index/reverse_stripes/reverse_00206.tif",1589482,NA
"BLOCK_004","reverse",207,52737,52992,256,46800,"SOURCE_1","core/BLOCK_004/index/reverse_stripes/reverse_00207.tif",1598346,NA
"BLOCK_004","reverse",208,52993,53248,256,46800,"SOURCE_1","core/BLOCK_004/index/reverse_stripes/reverse_00208.tif",1607240,NA
"BLOCK_004","reverse",209,53249,53504,256,46800,"SOURCE_1","core/BLOCK_004/index/reverse_stripes/reverse_00209.tif",1597266,NA
"BLOCK_004","reverse",210,53505,53760,256,46800,"SOURCE_1","core/BLOCK_004/index/reverse_stripes/reverse_00210.tif",1581284,NA
"BLOCK_004","reverse",211,53761,54016,256,46800,"SOURCE_1","core/BLOCK_004/index/reverse_stripes/reverse_00211.tif",1601234,NA
"BLOCK_004","reverse",212,54017,54272,256,46800,"SOURCE_1","core/BLOCK_004/index/reverse_stripes/reverse_00212.tif",1942410,NA
"BLOCK_004","reverse",213,54273,54528,256,46800,"SOURCE_1","core/BLOCK_004/index/reverse_stripes/reverse_00213.tif",1903802,NA
"BLOCK_004","reverse",214,54529,54784,256,46800,"SOURCE_1","core/BLOCK_004/index/reverse_stripes/reverse_00214.tif",1875208,NA
"BLOCK_004","reverse",215,54785,55040,256,46800,"SOURCE_1","core/BLOCK_004/index/reverse_stripes/reverse_00215.tif",1860550,NA
"BLOCK_004","reverse",216,55041,55296,256,46800,"SOURCE_1","core/BLOCK_004/index/reverse_stripes/reverse_00216.tif",1841908,NA
"BLOCK_004","reverse",217,55297,55552,256,46800,"SOURCE_1","core/BLOCK_004/index/reverse_stripes/reverse_00217.tif",1826230,NA
"BLOCK_004","reverse",218,55553,55808,256,46800,"SOURCE_1","core/BLOCK_004/index/reverse_stripes/reverse_00218.tif",1827338,NA
"BLOCK_004","reverse",219,55809,56064,256,46800,"SOURCE_1","core/BLOCK_004/index/reverse_stripes/reverse_00219.tif",1834198,NA
"BLOCK_004","reverse",220,56065,56320,256,46800,"SOURCE_1","core/BLOCK_004/index/reverse_stripes/reverse_00220.tif",1811410,NA
"BLOCK_004","reverse",221,56321,56576,256,46800,"SOURCE_1","core/BLOCK_004/index/reverse_stripes/reverse_00221.tif",1814942,NA
"BLOCK_004","reverse",222,56577,56832,256,46800,"SOURCE_1","core/BLOCK_004/index/reverse_stripes/reverse_00222.tif",1824242,NA
"BLOCK_004","reverse",223,56833,57088,256,46800,"SOURCE_1","core/BLOCK_004/index/reverse_stripes/reverse_00223.tif",1830506,NA
"BLOCK_004","reverse",224,57089,57344,256,46800,"SOURCE_1","core/BLOCK_004/index/reverse_stripes/reverse_00224.tif",1840642,NA
"BLOCK_004","reverse",225,57345,57600,256,46800,"SOURCE_1","core/BLOCK_004/index/reverse_stripes/reverse_00225.tif",1840252,NA
"BLOCK_004","reverse",226,57601,57856,256,46800,"SOURCE_1","core/BLOCK_004/index/reverse_stripes/reverse_00226.tif",1494502,NA
"BLOCK_004","reverse",227,57857,58112,256,46800,"SOURCE_1","core/BLOCK_004/index/reverse_stripes/reverse_00227.tif",1493430,NA
"BLOCK_004","reverse",228,58113,58368,256,46800,"SOURCE_1","core/BLOCK_004/index/reverse_stripes/reverse_00228.tif",1484626,NA
"BLOCK_004","reverse",229,58369,58624,256,46800,"SOURCE_1","core/BLOCK_004/index/reverse_stripes/reverse_00229.tif",1498964,NA
"BLOCK_004","reverse",230,58625,58880,256,46800,"SOURCE_1","core/BLOCK_004/index/reverse_stripes/reverse_00230.tif",1509674,NA
"BLOCK_004","reverse",231,58881,59136,256,46800,"SOURCE_1","core/BLOCK_004/index/reverse_stripes/reverse_00231.tif",1521460,NA
"BLOCK_004","reverse",232,59137,59392,256,46800,"SOURCE_1","core/BLOCK_004/index/reverse_stripes/reverse_00232.tif",1498784,NA
"BLOCK_004","reverse",233,59393,59648,256,46800,"SOURCE_1","core/BLOCK_004/index/reverse_stripes/reverse_00233.tif",1506924,NA
"BLOCK_004","reverse",234,59649,59904,256,46800,"SOURCE_1","core/BLOCK_004/index/reverse_stripes/reverse_00234.tif",1533660,NA
"BLOCK_004","reverse",235,59905,60160,256,46800,"SOURCE_1","core/BLOCK_004/index/reverse_stripes/reverse_00235.tif",1539710,NA
"BLOCK_004","reverse",236,60161,60416,256,46800,"SOURCE_1","core/BLOCK_004/index/reverse_stripes/reverse_00236.tif",1533910,NA
"BLOCK_004","reverse",237,60417,60672,256,46800,"SOURCE_1","core/BLOCK_004/index/reverse_stripes/reverse_00237.tif",1520064,NA
"BLOCK_004","reverse",238,60673,60928,256,46800,"SOURCE_1","core/BLOCK_004/index/reverse_stripes/reverse_00238.tif",1517254,NA
"BLOCK_004","reverse",239,60929,61184,256,46800,"SOURCE_1","core/BLOCK_004/index/reverse_stripes/reverse_00239.tif",1531072,NA
"BLOCK_004","reverse",240,61185,61440,256,46800,"SOURCE_1","core/BLOCK_004/index/reverse_stripes/reverse_00240.tif",971512,NA
"BLOCK_004","reverse",241,61441,61696,256,46800,"SOURCE_1","core/BLOCK_004/index/reverse_stripes/reverse_00241.tif",910852,NA
"BLOCK_004","reverse",242,61697,61952,256,46800,"SOURCE_1","core/BLOCK_004/index/reverse_stripes/reverse_00242.tif",912340,NA
"BLOCK_004","reverse",243,61953,62208,256,46800,"SOURCE_1","core/BLOCK_004/index/reverse_stripes/reverse_00243.tif",941406,NA
"BLOCK_004","reverse",244,62209,62464,256,46800,"SOURCE_1","core/BLOCK_004/index/reverse_stripes/reverse_00244.tif",914800,NA
"BLOCK_004","reverse",245,62465,62720,256,46800,"SOURCE_1","core/BLOCK_004/index/reverse_stripes/reverse_00245.tif",919740,NA
"BLOCK_004","reverse",246,62721,62976,256,46800,"SOURCE_1","core/BLOCK_004/index/reverse_stripes/reverse_00246.tif",926192,NA
"BLOCK_004","reverse",247,62977,63232,256,46800,"SOURCE_1","core/BLOCK_004/index/reverse_stripes/reverse_00247.tif",906302,NA
"BLOCK_004","reverse",248,63233,63488,256,46800,"SOURCE_1","core/BLOCK_004/index/reverse_stripes/reverse_00248.tif",891384,NA
"BLOCK_004","reverse",249,63489,63744,256,46800,"SOURCE_1","core/BLOCK_004/index/reverse_stripes/reverse_00249.tif",901686,NA
"BLOCK_004","reverse",250,63745,64000,256,46800,"SOURCE_1","core/BLOCK_004/index/reverse_stripes/reverse_00250.tif",871794,NA
"BLOCK_004","reverse",251,64001,64256,256,46800,"SOURCE_1","core/BLOCK_004/index/reverse_stripes/reverse_00251.tif",896550,NA
"BLOCK_004","reverse",252,64257,64512,256,46800,"SOURCE_1","core/BLOCK_004/index/reverse_stripes/reverse_00252.tif",897926,NA
"BLOCK_004","reverse",253,64513,64768,256,46800,"SOURCE_1","core/BLOCK_004/index/reverse_stripes/reverse_00253.tif",910036,NA
"BLOCK_004","reverse",254,64769,64800,32,46800,"SOURCE_1","core/BLOCK_004/index/reverse_stripes/reverse_00254.tif",146460,NA
"BLOCK_004","run_info",NA,NA,NA,NA,NA,"SOURCE_1","core/BLOCK_004/run_info.csv",4449,NA
"BLOCK_004","stream",1,1,256,256,46800,"SOURCE_1","core/BLOCK_004/index/stream_stripes/stream_00001.tif",32530,NA
"BLOCK_004","stream",2,257,512,256,46800,"SOURCE_1","core/BLOCK_004/index/stream_stripes/stream_00002.tif",39424,NA
"BLOCK_004","stream",3,513,768,256,46800,"SOURCE_1","core/BLOCK_004/index/stream_stripes/stream_00003.tif",36310,NA
"BLOCK_004","stream",4,769,1024,256,46800,"SOURCE_1","core/BLOCK_004/index/stream_stripes/stream_00004.tif",36920,NA
"BLOCK_004","stream",5,1025,1280,256,46800,"SOURCE_1","core/BLOCK_004/index/stream_stripes/stream_00005.tif",37304,NA
"BLOCK_004","stream",6,1281,1536,256,46800,"SOURCE_1","core/BLOCK_004/index/stream_stripes/stream_00006.tif",35912,NA
"BLOCK_004","stream",7,1537,1792,256,46800,"SOURCE_1","core/BLOCK_004/index/stream_stripes/stream_00007.tif",35178,NA
"BLOCK_004","stream",8,1793,2048,256,46800,"SOURCE_1","core/BLOCK_004/index/stream_stripes/stream_00008.tif",38460,NA
"BLOCK_004","stream",9,2049,2304,256,46800,"SOURCE_1","core/BLOCK_004/index/stream_stripes/stream_00009.tif",35834,NA
"BLOCK_004","stream",10,2305,2560,256,46800,"SOURCE_1","core/BLOCK_004/index/stream_stripes/stream_00010.tif",35854,NA
"BLOCK_004","stream",11,2561,2816,256,46800,"SOURCE_1","core/BLOCK_004/index/stream_stripes/stream_00011.tif",34332,NA
"BLOCK_004","stream",12,2817,3072,256,46800,"SOURCE_1","core/BLOCK_004/index/stream_stripes/stream_00012.tif",35384,NA
"BLOCK_004","stream",13,3073,3328,256,46800,"SOURCE_1","core/BLOCK_004/index/stream_stripes/stream_00013.tif",36082,NA
"BLOCK_004","stream",14,3329,3584,256,46800,"SOURCE_1","core/BLOCK_004/index/stream_stripes/stream_00014.tif",37684,NA
"BLOCK_004","stream",15,3585,3840,256,46800,"SOURCE_1","core/BLOCK_004/index/stream_stripes/stream_00015.tif",53954,NA
"BLOCK_004","stream",16,3841,4096,256,46800,"SOURCE_1","core/BLOCK_004/index/stream_stripes/stream_00016.tif",64388,NA
"BLOCK_004","stream",17,4097,4352,256,46800,"SOURCE_1","core/BLOCK_004/index/stream_stripes/stream_00017.tif",68100,NA
"BLOCK_004","stream",18,4353,4608,256,46800,"SOURCE_1","core/BLOCK_004/index/stream_stripes/stream_00018.tif",65010,NA
"BLOCK_004","stream",19,4609,4864,256,46800,"SOURCE_1","core/BLOCK_004/index/stream_stripes/stream_00019.tif",68066,NA
"BLOCK_004","stream",20,4865,5120,256,46800,"SOURCE_1","core/BLOCK_004/index/stream_stripes/stream_00020.tif",65286,NA
"BLOCK_004","stream",21,5121,5376,256,46800,"SOURCE_1","core/BLOCK_004/index/stream_stripes/stream_00021.tif",66158,NA
"BLOCK_004","stream",22,5377,5632,256,46800,"SOURCE_1","core/BLOCK_004/index/stream_stripes/stream_00022.tif",67048,NA
"BLOCK_004","stream",23,5633,5888,256,46800,"SOURCE_1","core/BLOCK_004/index/stream_stripes/stream_00023.tif",65792,NA
"BLOCK_004","stream",24,5889,6144,256,46800,"SOURCE_1","core/BLOCK_004/index/stream_stripes/stream_00024.tif",63880,NA
"BLOCK_004","stream",25,6145,6400,256,46800,"SOURCE_1","core/BLOCK_004/index/stream_stripes/stream_00025.tif",66160,NA
"BLOCK_004","stream",26,6401,6656,256,46800,"SOURCE_1","core/BLOCK_004/index/stream_stripes/stream_00026.tif",63608,NA
"BLOCK_004","stream",27,6657,6912,256,46800,"SOURCE_1","core/BLOCK_004/index/stream_stripes/stream_00027.tif",59500,NA
"BLOCK_004","stream",28,6913,7168,256,46800,"SOURCE_1","core/BLOCK_004/index/stream_stripes/stream_00028.tif",65270,NA
"BLOCK_004","stream",29,7169,7424,256,46800,"SOURCE_1","core/BLOCK_004/index/stream_stripes/stream_00029.tif",76654,NA
"BLOCK_004","stream",30,7425,7680,256,46800,"SOURCE_1","core/BLOCK_004/index/stream_stripes/stream_00030.tif",86982,NA
"BLOCK_004","stream",31,7681,7936,256,46800,"SOURCE_1","core/BLOCK_004/index/stream_stripes/stream_00031.tif",81432,NA
"BLOCK_004","stream",32,7937,8192,256,46800,"SOURCE_1","core/BLOCK_004/index/stream_stripes/stream_00032.tif",86052,NA
"BLOCK_004","stream",33,8193,8448,256,46800,"SOURCE_1","core/BLOCK_004/index/stream_stripes/stream_00033.tif",81484,NA
"BLOCK_004","stream",34,8449,8704,256,46800,"SOURCE_1","core/BLOCK_004/index/stream_stripes/stream_00034.tif",85306,NA
"BLOCK_004","stream",35,8705,8960,256,46800,"SOURCE_1","core/BLOCK_004/index/stream_stripes/stream_00035.tif",78310,NA
"BLOCK_004","stream",36,8961,9216,256,46800,"SOURCE_1","core/BLOCK_004/index/stream_stripes/stream_00036.tif",81622,NA
"BLOCK_004","stream",37,9217,9472,256,46800,"SOURCE_1","core/BLOCK_004/index/stream_stripes/stream_00037.tif",77724,NA
"BLOCK_004","stream",38,9473,9728,256,46800,"SOURCE_1","core/BLOCK_004/index/stream_stripes/stream_00038.tif",80186,NA
"BLOCK_004","stream",39,9729,9984,256,46800,"SOURCE_1","core/BLOCK_004/index/stream_stripes/stream_00039.tif",81604,NA
"BLOCK_004","stream",40,9985,10240,256,46800,"SOURCE_1","core/BLOCK_004/index/stream_stripes/stream_00040.tif",82676,NA
"BLOCK_004","stream",41,10241,10496,256,46800,"SOURCE_1","core/BLOCK_004/index/stream_stripes/stream_00041.tif",80324,NA
"BLOCK_004","stream",42,10497,10752,256,46800,"SOURCE_1","core/BLOCK_004/index/stream_stripes/stream_00042.tif",78864,NA
"BLOCK_004","stream",43,10753,11008,256,46800,"SOURCE_1","core/BLOCK_004/index/stream_stripes/stream_00043.tif",95534,NA
"BLOCK_004","stream",44,11009,11264,256,46800,"SOURCE_1","core/BLOCK_004/index/stream_stripes/stream_00044.tif",95866,NA
"BLOCK_004","stream",45,11265,11520,256,46800,"SOURCE_1","core/BLOCK_004/index/stream_stripes/stream_00045.tif",96474,NA
"BLOCK_004","stream",46,11521,11776,256,46800,"SOURCE_1","core/BLOCK_004/index/stream_stripes/stream_00046.tif",101046,NA
"BLOCK_004","stream",47,11777,12032,256,46800,"SOURCE_1","core/BLOCK_004/index/stream_stripes/stream_00047.tif",104536,NA
"BLOCK_004","stream",48,12033,12288,256,46800,"SOURCE_1","core/BLOCK_004/index/stream_stripes/stream_00048.tif",96394,NA
"BLOCK_004","stream",49,12289,12544,256,46800,"SOURCE_1","core/BLOCK_004/index/stream_stripes/stream_00049.tif",99560,NA
"BLOCK_004","stream",50,12545,12800,256,46800,"SOURCE_1","core/BLOCK_004/index/stream_stripes/stream_00050.tif",101612,NA
"BLOCK_004","stream",51,12801,13056,256,46800,"SOURCE_1","core/BLOCK_004/index/stream_stripes/stream_00051.tif",107884,NA
"BLOCK_004","stream",52,13057,13312,256,46800,"SOURCE_1","core/BLOCK_004/index/stream_stripes/stream_00052.tif",105870,NA
"BLOCK_004","stream",53,13313,13568,256,46800,"SOURCE_1","core/BLOCK_004/index/stream_stripes/stream_00053.tif",93328,NA
"BLOCK_004","stream",54,13569,13824,256,46800,"SOURCE_1","core/BLOCK_004/index/stream_stripes/stream_00054.tif",100438,NA
"BLOCK_004","stream",55,13825,14080,256,46800,"SOURCE_1","core/BLOCK_004/index/stream_stripes/stream_00055.tif",98470,NA
"BLOCK_004","stream",56,14081,14336,256,46800,"SOURCE_1","core/BLOCK_004/index/stream_stripes/stream_00056.tif",97356,NA
"BLOCK_004","stream",57,14337,14592,256,46800,"SOURCE_1","core/BLOCK_004/index/stream_stripes/stream_00057.tif",115842,NA
"BLOCK_004","stream",58,14593,14848,256,46800,"SOURCE_1","core/BLOCK_004/index/stream_stripes/stream_00058.tif",129826,NA
"BLOCK_004","stream",59,14849,15104,256,46800,"SOURCE_1","core/BLOCK_004/index/stream_stripes/stream_00059.tif",134776,NA
"BLOCK_004","stream",60,15105,15360,256,46800,"SOURCE_1","core/BLOCK_004/index/stream_stripes/stream_00060.tif",129798,NA
"BLOCK_004","stream",61,15361,15616,256,46800,"SOURCE_1","core/BLOCK_004/index/stream_stripes/stream_00061.tif",127562,NA
"BLOCK_004","stream",62,15617,15872,256,46800,"SOURCE_1","core/BLOCK_004/index/stream_stripes/stream_00062.tif",129764,NA
"BLOCK_004","stream",63,15873,16128,256,46800,"SOURCE_1","core/BLOCK_004/index/stream_stripes/stream_00063.tif",123512,NA
"BLOCK_004","stream",64,16129,16384,256,46800,"SOURCE_1","core/BLOCK_004/index/stream_stripes/stream_00064.tif",126342,NA
"BLOCK_004","stream",65,16385,16640,256,46800,"SOURCE_1","core/BLOCK_004/index/stream_stripes/stream_00065.tif",124760,NA
"BLOCK_004","stream",66,16641,16896,256,46800,"SOURCE_1","core/BLOCK_004/index/stream_stripes/stream_00066.tif",116536,NA
"BLOCK_004","stream",67,16897,17152,256,46800,"SOURCE_1","core/BLOCK_004/index/stream_stripes/stream_00067.tif",131298,NA
"BLOCK_004","stream",68,17153,17408,256,46800,"SOURCE_1","core/BLOCK_004/index/stream_stripes/stream_00068.tif",117052,NA
"BLOCK_004","stream",69,17409,17664,256,46800,"SOURCE_1","core/BLOCK_004/index/stream_stripes/stream_00069.tif",127650,NA
"BLOCK_004","stream",70,17665,17920,256,46800,"SOURCE_1","core/BLOCK_004/index/stream_stripes/stream_00070.tif",126870,NA
"BLOCK_004","stream",71,17921,18176,256,46800,"SOURCE_1","core/BLOCK_004/index/stream_stripes/stream_00071.tif",128656,NA
"BLOCK_004","stream",72,18177,18432,256,46800,"SOURCE_1","core/BLOCK_004/index/stream_stripes/stream_00072.tif",132328,NA
"BLOCK_004","stream",73,18433,18688,256,46800,"SOURCE_1","core/BLOCK_004/index/stream_stripes/stream_00073.tif",137066,NA
"BLOCK_004","stream",74,18689,18944,256,46800,"SOURCE_1","core/BLOCK_004/index/stream_stripes/stream_00074.tif",135254,NA
"BLOCK_004","stream",75,18945,19200,256,46800,"SOURCE_1","core/BLOCK_004/index/stream_stripes/stream_00075.tif",135376,NA
"BLOCK_004","stream",76,19201,19456,256,46800,"SOURCE_1","core/BLOCK_004/index/stream_stripes/stream_00076.tif",134636,NA
"BLOCK_004","stream",77,19457,19712,256,46800,"SOURCE_1","core/BLOCK_004/index/stream_stripes/stream_00077.tif",136792,NA
"BLOCK_004","stream",78,19713,19968,256,46800,"SOURCE_1","core/BLOCK_004/index/stream_stripes/stream_00078.tif",128000,NA
"BLOCK_004","stream",79,19969,20224,256,46800,"SOURCE_1","core/BLOCK_004/index/stream_stripes/stream_00079.tif",132740,NA
"BLOCK_004","stream",80,20225,20480,256,46800,"SOURCE_1","core/BLOCK_004/index/stream_stripes/stream_00080.tif",138296,NA
"BLOCK_004","stream",81,20481,20736,256,46800,"SOURCE_1","core/BLOCK_004/index/stream_stripes/stream_00081.tif",122640,NA
"BLOCK_004","stream",82,20737,20992,256,46800,"SOURCE_1","core/BLOCK_004/index/stream_stripes/stream_00082.tif",136988,NA
"BLOCK_004","stream",83,20993,21248,256,46800,"SOURCE_1","core/BLOCK_004/index/stream_stripes/stream_00083.tif",137392,NA
"BLOCK_004","stream",84,21249,21504,256,46800,"SOURCE_1","core/BLOCK_004/index/stream_stripes/stream_00084.tif",143138,NA
"BLOCK_004","stream",85,21505,21760,256,46800,"SOURCE_1","core/BLOCK_004/index/stream_stripes/stream_00085.tif",118022,NA
"BLOCK_004","stream",86,21761,22016,256,46800,"SOURCE_1","core/BLOCK_004/index/stream_stripes/stream_00086.tif",116484,NA
"BLOCK_004","stream",87,22017,22272,256,46800,"SOURCE_1","core/BLOCK_004/index/stream_stripes/stream_00087.tif",119402,NA
"BLOCK_004","stream",88,22273,22528,256,46800,"SOURCE_1","core/BLOCK_004/index/stream_stripes/stream_00088.tif",123616,NA
"BLOCK_004","stream",89,22529,22784,256,46800,"SOURCE_1","core/BLOCK_004/index/stream_stripes/stream_00089.tif",118110,NA
"BLOCK_004","stream",90,22785,23040,256,46800,"SOURCE_1","core/BLOCK_004/index/stream_stripes/stream_00090.tif",124108,NA
"BLOCK_004","stream",91,23041,23296,256,46800,"SOURCE_1","core/BLOCK_004/index/stream_stripes/stream_00091.tif",124626,NA
"BLOCK_004","stream",92,23297,23552,256,46800,"SOURCE_1","core/BLOCK_004/index/stream_stripes/stream_00092.tif",124946,NA
"BLOCK_004","stream",93,23553,23808,256,46800,"SOURCE_1","core/BLOCK_004/index/stream_stripes/stream_00093.tif",122492,NA
"BLOCK_004","stream",94,23809,24064,256,46800,"SOURCE_1","core/BLOCK_004/index/stream_stripes/stream_00094.tif",121210,NA
"BLOCK_004","stream",95,24065,24320,256,46800,"SOURCE_1","core/BLOCK_004/index/stream_stripes/stream_00095.tif",119126,NA
"BLOCK_004","stream",96,24321,24576,256,46800,"SOURCE_1","core/BLOCK_004/index/stream_stripes/stream_00096.tif",124816,NA
"BLOCK_004","stream",97,24577,24832,256,46800,"SOURCE_1","core/BLOCK_004/index/stream_stripes/stream_00097.tif",121850,NA
"BLOCK_004","stream",98,24833,25088,256,46800,"SOURCE_1","core/BLOCK_004/index/stream_stripes/stream_00098.tif",116876,NA
"BLOCK_004","stream",99,25089,25344,256,46800,"SOURCE_1","core/BLOCK_004/index/stream_stripes/stream_00099.tif",120658,NA
"BLOCK_004","stream",100,25345,25600,256,46800,"SOURCE_1","core/BLOCK_004/index/stream_stripes/stream_00100.tif",120340,NA
"BLOCK_004","stream",101,25601,25856,256,46800,"SOURCE_1","core/BLOCK_004/index/stream_stripes/stream_00101.tif",120392,NA
"BLOCK_004","stream",102,25857,26112,256,46800,"SOURCE_1","core/BLOCK_004/index/stream_stripes/stream_00102.tif",124960,NA
"BLOCK_004","stream",103,26113,26368,256,46800,"SOURCE_1","core/BLOCK_004/index/stream_stripes/stream_00103.tif",121984,NA
"BLOCK_004","stream",104,26369,26624,256,46800,"SOURCE_1","core/BLOCK_004/index/stream_stripes/stream_00104.tif",120410,NA
"BLOCK_004","stream",105,26625,26880,256,46800,"SOURCE_1","core/BLOCK_004/index/stream_stripes/stream_00105.tif",115718,NA
"BLOCK_004","stream",106,26881,27136,256,46800,"SOURCE_1","core/BLOCK_004/index/stream_stripes/stream_00106.tif",120772,NA
"BLOCK_004","stream",107,27137,27392,256,46800,"SOURCE_1","core/BLOCK_004/index/stream_stripes/stream_00107.tif",114266,NA
"BLOCK_004","stream",108,27393,27648,256,46800,"SOURCE_1","core/BLOCK_004/index/stream_stripes/stream_00108.tif",116590,NA
"BLOCK_004","stream",109,27649,27904,256,46800,"SOURCE_1","core/BLOCK_004/index/stream_stripes/stream_00109.tif",118632,NA
"BLOCK_004","stream",110,27905,28160,256,46800,"SOURCE_1","core/BLOCK_004/index/stream_stripes/stream_00110.tif",117622,NA
"BLOCK_004","stream",111,28161,28416,256,46800,"SOURCE_1","core/BLOCK_004/index/stream_stripes/stream_00111.tif",119868,NA
"BLOCK_004","stream",112,28417,28672,256,46800,"SOURCE_1","core/BLOCK_004/index/stream_stripes/stream_00112.tif",120830,NA
"BLOCK_004","stream",113,28673,28928,256,46800,"SOURCE_1","core/BLOCK_004/index/stream_stripes/stream_00113.tif",103344,NA
"BLOCK_004","stream",114,28929,29184,256,46800,"SOURCE_1","core/BLOCK_004/index/stream_stripes/stream_00114.tif",106142,NA
"BLOCK_004","stream",115,29185,29440,256,46800,"SOURCE_1","core/BLOCK_004/index/stream_stripes/stream_00115.tif",104692,NA
"BLOCK_004","stream",116,29441,29696,256,46800,"SOURCE_1","core/BLOCK_004/index/stream_stripes/stream_00116.tif",102926,NA
"BLOCK_004","stream",117,29697,29952,256,46800,"SOURCE_1","core/BLOCK_004/index/stream_stripes/stream_00117.tif",103184,NA
"BLOCK_004","stream",118,29953,30208,256,46800,"SOURCE_1","core/BLOCK_004/index/stream_stripes/stream_00118.tif",106132,NA
"BLOCK_004","stream",119,30209,30464,256,46800,"SOURCE_1","core/BLOCK_004/index/stream_stripes/stream_00119.tif",104662,NA
"BLOCK_004","stream",120,30465,30720,256,46800,"SOURCE_1","core/BLOCK_004/index/stream_stripes/stream_00120.tif",106084,NA
"BLOCK_004","stream",121,30721,30976,256,46800,"SOURCE_1","core/BLOCK_004/index/stream_stripes/stream_00121.tif",102176,NA
"BLOCK_004","stream",122,30977,31232,256,46800,"SOURCE_1","core/BLOCK_004/index/stream_stripes/stream_00122.tif",101058,NA
"BLOCK_004","stream",123,31233,31488,256,46800,"SOURCE_1","core/BLOCK_004/index/stream_stripes/stream_00123.tif",110496,NA
"BLOCK_004","stream",124,31489,31744,256,46800,"SOURCE_1","core/BLOCK_004/index/stream_stripes/stream_00124.tif",108012,NA
"BLOCK_004","stream",125,31745,32000,256,46800,"SOURCE_1","core/BLOCK_004/index/stream_stripes/stream_00125.tif",104326,NA
"BLOCK_004","stream",126,32001,32256,256,46800,"SOURCE_1","core/BLOCK_004/index/stream_stripes/stream_00126.tif",106490,NA
"BLOCK_004","stream",127,32257,32512,256,46800,"SOURCE_1","core/BLOCK_004/index/stream_stripes/stream_00127.tif",92380,NA
"BLOCK_004","stream",128,32513,32768,256,46800,"SOURCE_1","core/BLOCK_004/index/stream_stripes/stream_00128.tif",91286,NA
"BLOCK_004","stream",129,32769,33024,256,46800,"SOURCE_1","core/BLOCK_004/index/stream_stripes/stream_00129.tif",91446,NA
"BLOCK_004","stream",130,33025,33280,256,46800,"SOURCE_1","core/BLOCK_004/index/stream_stripes/stream_00130.tif",90690,NA
"BLOCK_004","stream",131,33281,33536,256,46800,"SOURCE_1","core/BLOCK_004/index/stream_stripes/stream_00131.tif",87640,NA
"BLOCK_004","stream",132,33537,33792,256,46800,"SOURCE_1","core/BLOCK_004/index/stream_stripes/stream_00132.tif",88584,NA
"BLOCK_004","stream",133,33793,34048,256,46800,"SOURCE_1","core/BLOCK_004/index/stream_stripes/stream_00133.tif",89280,NA
"BLOCK_004","stream",134,34049,34304,256,46800,"SOURCE_1","core/BLOCK_004/index/stream_stripes/stream_00134.tif",92444,NA
"BLOCK_004","stream",135,34305,34560,256,46800,"SOURCE_1","core/BLOCK_004/index/stream_stripes/stream_00135.tif",93340,NA
"BLOCK_004","stream",136,34561,34816,256,46800,"SOURCE_1","core/BLOCK_004/index/stream_stripes/stream_00136.tif",88886,NA
"BLOCK_004","stream",137,34817,35072,256,46800,"SOURCE_1","core/BLOCK_004/index/stream_stripes/stream_00137.tif",89996,NA
"BLOCK_004","stream",138,35073,35328,256,46800,"SOURCE_1","core/BLOCK_004/index/stream_stripes/stream_00138.tif",88710,NA
"BLOCK_004","stream",139,35329,35584,256,46800,"SOURCE_1","core/BLOCK_004/index/stream_stripes/stream_00139.tif",89996,NA
"BLOCK_004","stream",140,35585,35840,256,46800,"SOURCE_1","core/BLOCK_004/index/stream_stripes/stream_00140.tif",88820,NA
"BLOCK_004","stream",141,35841,36096,256,46800,"SOURCE_1","core/BLOCK_004/index/stream_stripes/stream_00141.tif",83674,NA
"BLOCK_004","stream",142,36097,36352,256,46800,"SOURCE_1","core/BLOCK_004/index/stream_stripes/stream_00142.tif",74132,NA
"BLOCK_004","stream",143,36353,36608,256,46800,"SOURCE_1","core/BLOCK_004/index/stream_stripes/stream_00143.tif",77212,NA
"BLOCK_004","stream",144,36609,36864,256,46800,"SOURCE_1","core/BLOCK_004/index/stream_stripes/stream_00144.tif",82408,NA
"BLOCK_004","stream",145,36865,37120,256,46800,"SOURCE_1","core/BLOCK_004/index/stream_stripes/stream_00145.tif",79294,NA
"BLOCK_004","stream",146,37121,37376,256,46800,"SOURCE_1","core/BLOCK_004/index/stream_stripes/stream_00146.tif",80676,NA
"BLOCK_004","stream",147,37377,37632,256,46800,"SOURCE_1","core/BLOCK_004/index/stream_stripes/stream_00147.tif",78556,NA
"BLOCK_004","stream",148,37633,37888,256,46800,"SOURCE_1","core/BLOCK_004/index/stream_stripes/stream_00148.tif",79326,NA
"BLOCK_004","stream",149,37889,38144,256,46800,"SOURCE_1","core/BLOCK_004/index/stream_stripes/stream_00149.tif",75722,NA
"BLOCK_004","stream",150,38145,38400,256,46800,"SOURCE_1","core/BLOCK_004/index/stream_stripes/stream_00150.tif",85974,NA
"BLOCK_004","stream",151,38401,38656,256,46800,"SOURCE_1","core/BLOCK_004/index/stream_stripes/stream_00151.tif",69682,NA
"BLOCK_004","stream",152,38657,38912,256,46800,"SOURCE_1","core/BLOCK_004/index/stream_stripes/stream_00152.tif",76984,NA
"BLOCK_004","stream",153,38913,39168,256,46800,"SOURCE_1","core/BLOCK_004/index/stream_stripes/stream_00153.tif",75618,NA
"BLOCK_004","stream",154,39169,39424,256,46800,"SOURCE_1","core/BLOCK_004/index/stream_stripes/stream_00154.tif",77212,NA
"BLOCK_004","stream",155,39425,39680,256,46800,"SOURCE_1","core/BLOCK_004/index/stream_stripes/stream_00155.tif",77336,NA
"BLOCK_004","stream",156,39681,39936,256,46800,"SOURCE_1","core/BLOCK_004/index/stream_stripes/stream_00156.tif",74850,NA
"BLOCK_004","stream",157,39937,40192,256,46800,"SOURCE_1","core/BLOCK_004/index/stream_stripes/stream_00157.tif",71454,NA
"BLOCK_004","stream",158,40193,40448,256,46800,"SOURCE_1","core/BLOCK_004/index/stream_stripes/stream_00158.tif",70598,NA
"BLOCK_004","stream",159,40449,40704,256,46800,"SOURCE_1","core/BLOCK_004/index/stream_stripes/stream_00159.tif",71886,NA
"BLOCK_004","stream",160,40705,40960,256,46800,"SOURCE_1","core/BLOCK_004/index/stream_stripes/stream_00160.tif",71130,NA
"BLOCK_004","stream",161,40961,41216,256,46800,"SOURCE_1","core/BLOCK_004/index/stream_stripes/stream_00161.tif",69560,NA
"BLOCK_004","stream",162,41217,41472,256,46800,"SOURCE_1","core/BLOCK_004/index/stream_stripes/stream_00162.tif",71466,NA
"BLOCK_004","stream",163,41473,41728,256,46800,"SOURCE_1","core/BLOCK_004/index/stream_stripes/stream_00163.tif",72478,NA
"BLOCK_004","stream",164,41729,41984,256,46800,"SOURCE_1","core/BLOCK_004/index/stream_stripes/stream_00164.tif",67238,NA
"BLOCK_004","stream",165,41985,42240,256,46800,"SOURCE_1","core/BLOCK_004/index/stream_stripes/stream_00165.tif",67196,NA
"BLOCK_004","stream",166,42241,42496,256,46800,"SOURCE_1","core/BLOCK_004/index/stream_stripes/stream_00166.tif",69032,NA
"BLOCK_004","stream",167,42497,42752,256,46800,"SOURCE_1","core/BLOCK_004/index/stream_stripes/stream_00167.tif",72598,NA
"BLOCK_004","stream",168,42753,43008,256,46800,"SOURCE_1","core/BLOCK_004/index/stream_stripes/stream_00168.tif",69228,NA
"BLOCK_004","stream",169,43009,43264,256,46800,"SOURCE_1","core/BLOCK_004/index/stream_stripes/stream_00169.tif",67852,NA
"BLOCK_004","stream",170,43265,43520,256,46800,"SOURCE_1","core/BLOCK_004/index/stream_stripes/stream_00170.tif",71292,NA
"BLOCK_004","stream",171,43521,43776,256,46800,"SOURCE_1","core/BLOCK_004/index/stream_stripes/stream_00171.tif",71092,NA
"BLOCK_004","stream",172,43777,44032,256,46800,"SOURCE_1","core/BLOCK_004/index/stream_stripes/stream_00172.tif",66862,NA
"BLOCK_004","stream",173,44033,44288,256,46800,"SOURCE_1","core/BLOCK_004/index/stream_stripes/stream_00173.tif",68718,NA
"BLOCK_004","stream",174,44289,44544,256,46800,"SOURCE_1","core/BLOCK_004/index/stream_stripes/stream_00174.tif",72138,NA
"BLOCK_004","stream",175,44545,44800,256,46800,"SOURCE_1","core/BLOCK_004/index/stream_stripes/stream_00175.tif",67194,NA
"BLOCK_004","stream",176,44801,45056,256,46800,"SOURCE_1","core/BLOCK_004/index/stream_stripes/stream_00176.tif",65386,NA
"BLOCK_004","stream",177,45057,45312,256,46800,"SOURCE_1","core/BLOCK_004/index/stream_stripes/stream_00177.tif",70652,NA
"BLOCK_004","stream",178,45313,45568,256,46800,"SOURCE_1","core/BLOCK_004/index/stream_stripes/stream_00178.tif",72362,NA
"BLOCK_004","stream",179,45569,45824,256,46800,"SOURCE_1","core/BLOCK_004/index/stream_stripes/stream_00179.tif",61252,NA
"BLOCK_004","stream",180,45825,46080,256,46800,"SOURCE_1","core/BLOCK_004/index/stream_stripes/stream_00180.tif",64250,NA
"BLOCK_004","stream",181,46081,46336,256,46800,"SOURCE_1","core/BLOCK_004/index/stream_stripes/stream_00181.tif",63920,NA
"BLOCK_004","stream",182,46337,46592,256,46800,"SOURCE_1","core/BLOCK_004/index/stream_stripes/stream_00182.tif",72240,NA
"BLOCK_004","stream",183,46593,46848,256,46800,"SOURCE_1","core/BLOCK_004/index/stream_stripes/stream_00183.tif",65266,NA
"BLOCK_004","stream",184,46849,47104,256,46800,"SOURCE_1","core/BLOCK_004/index/stream_stripes/stream_00184.tif",61040,NA
"BLOCK_004","stream",185,47105,47360,256,46800,"SOURCE_1","core/BLOCK_004/index/stream_stripes/stream_00185.tif",60708,NA
"BLOCK_004","stream",186,47361,47616,256,46800,"SOURCE_1","core/BLOCK_004/index/stream_stripes/stream_00186.tif",61320,NA
"BLOCK_004","stream",187,47617,47872,256,46800,"SOURCE_1","core/BLOCK_004/index/stream_stripes/stream_00187.tif",59986,NA
"BLOCK_004","stream",188,47873,48128,256,46800,"SOURCE_1","core/BLOCK_004/index/stream_stripes/stream_00188.tif",57146,NA
"BLOCK_004","stream",189,48129,48384,256,46800,"SOURCE_1","core/BLOCK_004/index/stream_stripes/stream_00189.tif",62670,NA
"BLOCK_004","stream",190,48385,48640,256,46800,"SOURCE_1","core/BLOCK_004/index/stream_stripes/stream_00190.tif",59844,NA
"BLOCK_004","stream",191,48641,48896,256,46800,"SOURCE_1","core/BLOCK_004/index/stream_stripes/stream_00191.tif",57446,NA
"BLOCK_004","stream",192,48897,49152,256,46800,"SOURCE_1","core/BLOCK_004/index/stream_stripes/stream_00192.tif",57966,NA
"BLOCK_004","stream",193,49153,49408,256,46800,"SOURCE_1","core/BLOCK_004/index/stream_stripes/stream_00193.tif",60272,NA
"BLOCK_004","stream",194,49409,49664,256,46800,"SOURCE_1","core/BLOCK_004/index/stream_stripes/stream_00194.tif",57516,NA
"BLOCK_004","stream",195,49665,49920,256,46800,"SOURCE_1","core/BLOCK_004/index/stream_stripes/stream_00195.tif",61766,NA
"BLOCK_004","stream",196,49921,50176,256,46800,"SOURCE_1","core/BLOCK_004/index/stream_stripes/stream_00196.tif",57052,NA
"BLOCK_004","stream",197,50177,50432,256,46800,"SOURCE_1","core/BLOCK_004/index/stream_stripes/stream_00197.tif",59176,NA
"BLOCK_004","stream",198,50433,50688,256,46800,"SOURCE_1","core/BLOCK_004/index/stream_stripes/stream_00198.tif",59864,NA
"BLOCK_004","stream",199,50689,50944,256,46800,"SOURCE_1","core/BLOCK_004/index/stream_stripes/stream_00199.tif",60784,NA
"BLOCK_004","stream",200,50945,51200,256,46800,"SOURCE_1","core/BLOCK_004/index/stream_stripes/stream_00200.tif",58544,NA
"BLOCK_004","stream",201,51201,51456,256,46800,"SOURCE_1","core/BLOCK_004/index/stream_stripes/stream_00201.tif",59510,NA
"BLOCK_004","stream",202,51457,51712,256,46800,"SOURCE_1","core/BLOCK_004/index/stream_stripes/stream_00202.tif",57052,NA
"BLOCK_004","stream",203,51713,51968,256,46800,"SOURCE_1","core/BLOCK_004/index/stream_stripes/stream_00203.tif",57418,NA
"BLOCK_004","stream",204,51969,52224,256,46800,"SOURCE_1","core/BLOCK_004/index/stream_stripes/stream_00204.tif",53990,NA
"BLOCK_004","stream",205,52225,52480,256,46800,"SOURCE_1","core/BLOCK_004/index/stream_stripes/stream_00205.tif",56144,NA
"BLOCK_004","stream",206,52481,52736,256,46800,"SOURCE_1","core/BLOCK_004/index/stream_stripes/stream_00206.tif",57194,NA
"BLOCK_004","stream",207,52737,52992,256,46800,"SOURCE_1","core/BLOCK_004/index/stream_stripes/stream_00207.tif",57218,NA
"BLOCK_004","stream",208,52993,53248,256,46800,"SOURCE_1","core/BLOCK_004/index/stream_stripes/stream_00208.tif",59624,NA
"BLOCK_004","stream",209,53249,53504,256,46800,"SOURCE_1","core/BLOCK_004/index/stream_stripes/stream_00209.tif",54416,NA
"BLOCK_004","stream",210,53505,53760,256,46800,"SOURCE_1","core/BLOCK_004/index/stream_stripes/stream_00210.tif",56776,NA
"BLOCK_004","stream",211,53761,54016,256,46800,"SOURCE_1","core/BLOCK_004/index/stream_stripes/stream_00211.tif",55188,NA
"BLOCK_004","stream",212,54017,54272,256,46800,"SOURCE_1","core/BLOCK_004/index/stream_stripes/stream_00212.tif",68536,NA
"BLOCK_004","stream",213,54273,54528,256,46800,"SOURCE_1","core/BLOCK_004/index/stream_stripes/stream_00213.tif",62666,NA
"BLOCK_004","stream",214,54529,54784,256,46800,"SOURCE_1","core/BLOCK_004/index/stream_stripes/stream_00214.tif",61326,NA
"BLOCK_004","stream",215,54785,55040,256,46800,"SOURCE_1","core/BLOCK_004/index/stream_stripes/stream_00215.tif",65140,NA
"BLOCK_004","stream",216,55041,55296,256,46800,"SOURCE_1","core/BLOCK_004/index/stream_stripes/stream_00216.tif",65100,NA
"BLOCK_004","stream",217,55297,55552,256,46800,"SOURCE_1","core/BLOCK_004/index/stream_stripes/stream_00217.tif",61302,NA
"BLOCK_004","stream",218,55553,55808,256,46800,"SOURCE_1","core/BLOCK_004/index/stream_stripes/stream_00218.tif",62618,NA
"BLOCK_004","stream",219,55809,56064,256,46800,"SOURCE_1","core/BLOCK_004/index/stream_stripes/stream_00219.tif",61254,NA
"BLOCK_004","stream",220,56065,56320,256,46800,"SOURCE_1","core/BLOCK_004/index/stream_stripes/stream_00220.tif",62726,NA
"BLOCK_004","stream",221,56321,56576,256,46800,"SOURCE_1","core/BLOCK_004/index/stream_stripes/stream_00221.tif",62326,NA
"BLOCK_004","stream",222,56577,56832,256,46800,"SOURCE_1","core/BLOCK_004/index/stream_stripes/stream_00222.tif",60134,NA
"BLOCK_004","stream",223,56833,57088,256,46800,"SOURCE_1","core/BLOCK_004/index/stream_stripes/stream_00223.tif",64176,NA
"BLOCK_004","stream",224,57089,57344,256,46800,"SOURCE_1","core/BLOCK_004/index/stream_stripes/stream_00224.tif",63656,NA
"BLOCK_004","stream",225,57345,57600,256,46800,"SOURCE_1","core/BLOCK_004/index/stream_stripes/stream_00225.tif",65294,NA
"BLOCK_004","stream",226,57601,57856,256,46800,"SOURCE_1","core/BLOCK_004/index/stream_stripes/stream_00226.tif",55780,NA
"BLOCK_004","stream",227,57857,58112,256,46800,"SOURCE_1","core/BLOCK_004/index/stream_stripes/stream_00227.tif",55168,NA
"BLOCK_004","stream",228,58113,58368,256,46800,"SOURCE_1","core/BLOCK_004/index/stream_stripes/stream_00228.tif",54526,NA
"BLOCK_004","stream",229,58369,58624,256,46800,"SOURCE_1","core/BLOCK_004/index/stream_stripes/stream_00229.tif",59226,NA
"BLOCK_004","stream",230,58625,58880,256,46800,"SOURCE_1","core/BLOCK_004/index/stream_stripes/stream_00230.tif",61016,NA
"BLOCK_004","stream",231,58881,59136,256,46800,"SOURCE_1","core/BLOCK_004/index/stream_stripes/stream_00231.tif",57226,NA
"BLOCK_004","stream",232,59137,59392,256,46800,"SOURCE_1","core/BLOCK_004/index/stream_stripes/stream_00232.tif",55380,NA
"BLOCK_004","stream",233,59393,59648,256,46800,"SOURCE_1","core/BLOCK_004/index/stream_stripes/stream_00233.tif",54710,NA
"BLOCK_004","stream",234,59649,59904,256,46800,"SOURCE_1","core/BLOCK_004/index/stream_stripes/stream_00234.tif",57072,NA
"BLOCK_004","stream",235,59905,60160,256,46800,"SOURCE_1","core/BLOCK_004/index/stream_stripes/stream_00235.tif",55786,NA
"BLOCK_004","stream",236,60161,60416,256,46800,"SOURCE_1","core/BLOCK_004/index/stream_stripes/stream_00236.tif",62632,NA
"BLOCK_004","stream",237,60417,60672,256,46800,"SOURCE_1","core/BLOCK_004/index/stream_stripes/stream_00237.tif",58738,NA
"BLOCK_004","stream",238,60673,60928,256,46800,"SOURCE_1","core/BLOCK_004/index/stream_stripes/stream_00238.tif",62016,NA
"BLOCK_004","stream",239,60929,61184,256,46800,"SOURCE_1","core/BLOCK_004/index/stream_stripes/stream_00239.tif",61282,NA
"BLOCK_004","stream",240,61185,61440,256,46800,"SOURCE_1","core/BLOCK_004/index/stream_stripes/stream_00240.tif",41176,NA
"BLOCK_004","stream",241,61441,61696,256,46800,"SOURCE_1","core/BLOCK_004/index/stream_stripes/stream_00241.tif",40806,NA
"BLOCK_004","stream",242,61697,61952,256,46800,"SOURCE_1","core/BLOCK_004/index/stream_stripes/stream_00242.tif",42516,NA
"BLOCK_004","stream",243,61953,62208,256,46800,"SOURCE_1","core/BLOCK_004/index/stream_stripes/stream_00243.tif",44394,NA
"BLOCK_004","stream",244,62209,62464,256,46800,"SOURCE_1","core/BLOCK_004/index/stream_stripes/stream_00244.tif",41118,NA
"BLOCK_004","stream",245,62465,62720,256,46800,"SOURCE_1","core/BLOCK_004/index/stream_stripes/stream_00245.tif",42678,NA
"BLOCK_004","stream",246,62721,62976,256,46800,"SOURCE_1","core/BLOCK_004/index/stream_stripes/stream_00246.tif",42780,NA
"BLOCK_004","stream",247,62977,63232,256,46800,"SOURCE_1","core/BLOCK_004/index/stream_stripes/stream_00247.tif",44184,NA
"BLOCK_004","stream",248,63233,63488,256,46800,"SOURCE_1","core/BLOCK_004/index/stream_stripes/stream_00248.tif",42602,NA
"BLOCK_004","stream",249,63489,63744,256,46800,"SOURCE_1","core/BLOCK_004/index/stream_stripes/stream_00249.tif",46134,NA
"BLOCK_004","stream",250,63745,64000,256,46800,"SOURCE_1","core/BLOCK_004/index/stream_stripes/stream_00250.tif",40850,NA
"BLOCK_004","stream",251,64001,64256,256,46800,"SOURCE_1","core/BLOCK_004/index/stream_stripes/stream_00251.tif",43594,NA
"BLOCK_004","stream",252,64257,64512,256,46800,"SOURCE_1","core/BLOCK_004/index/stream_stripes/stream_00252.tif",42420,NA
"BLOCK_004","stream",253,64513,64768,256,46800,"SOURCE_1","core/BLOCK_004/index/stream_stripes/stream_00253.tif",40620,NA
"BLOCK_004","stream",254,64769,64800,32,46800,"SOURCE_1","core/BLOCK_004/index/stream_stripes/stream_00254.tif",22182,NA
"BLOCK_005","index_metadata",NA,NA,NA,NA,NA,"SOURCE_1","core/BLOCK_005/index/index_metadata.rds",1344,NA
"BLOCK_005","reverse",1,1,256,256,10800,"SOURCE_1","core/BLOCK_005/index/reverse_stripes/reverse_00001.tif",296692,NA
"BLOCK_005","reverse",2,257,512,256,10800,"SOURCE_1","core/BLOCK_005/index/reverse_stripes/reverse_00002.tif",301148,NA
"BLOCK_005","reverse",3,513,768,256,10800,"SOURCE_1","core/BLOCK_005/index/reverse_stripes/reverse_00003.tif",329938,NA
"BLOCK_005","reverse",4,769,1024,256,10800,"SOURCE_1","core/BLOCK_005/index/reverse_stripes/reverse_00004.tif",360408,NA
"BLOCK_005","reverse",5,1025,1280,256,10800,"SOURCE_1","core/BLOCK_005/index/reverse_stripes/reverse_00005.tif",391378,NA
"BLOCK_005","reverse",6,1281,1536,256,10800,"SOURCE_1","core/BLOCK_005/index/reverse_stripes/reverse_00006.tif",422690,NA
"BLOCK_005","reverse",7,1537,1792,256,10800,"SOURCE_1","core/BLOCK_005/index/reverse_stripes/reverse_00007.tif",460196,NA
"BLOCK_005","reverse",8,1793,2048,256,10800,"SOURCE_1","core/BLOCK_005/index/reverse_stripes/reverse_00008.tif",540574,NA
"BLOCK_005","reverse",9,2049,2304,256,10800,"SOURCE_1","core/BLOCK_005/index/reverse_stripes/reverse_00009.tif",571802,NA
"BLOCK_005","reverse",10,2305,2560,256,10800,"SOURCE_1","core/BLOCK_005/index/reverse_stripes/reverse_00010.tif",628980,NA
"BLOCK_005","reverse",11,2561,2816,256,10800,"SOURCE_1","core/BLOCK_005/index/reverse_stripes/reverse_00011.tif",671078,NA
"BLOCK_005","reverse",12,2817,3072,256,10800,"SOURCE_1","core/BLOCK_005/index/reverse_stripes/reverse_00012.tif",670408,NA
"BLOCK_005","reverse",13,3073,3328,256,10800,"SOURCE_1","core/BLOCK_005/index/reverse_stripes/reverse_00013.tif",655974,NA
"BLOCK_005","reverse",14,3329,3584,256,10800,"SOURCE_1","core/BLOCK_005/index/reverse_stripes/reverse_00014.tif",691114,NA
"BLOCK_005","reverse",15,3585,3840,256,10800,"SOURCE_1","core/BLOCK_005/index/reverse_stripes/reverse_00015.tif",717734,NA
"BLOCK_005","reverse",16,3841,4096,256,10800,"SOURCE_1","core/BLOCK_005/index/reverse_stripes/reverse_00016.tif",734768,NA
"BLOCK_005","reverse",17,4097,4352,256,10800,"SOURCE_1","core/BLOCK_005/index/reverse_stripes/reverse_00017.tif",758354,NA
"BLOCK_005","reverse",18,4353,4608,256,10800,"SOURCE_1","core/BLOCK_005/index/reverse_stripes/reverse_00018.tif",796958,NA
"BLOCK_005","reverse",19,4609,4864,256,10800,"SOURCE_1","core/BLOCK_005/index/reverse_stripes/reverse_00019.tif",820454,NA
"BLOCK_005","reverse",20,4865,5120,256,10800,"SOURCE_1","core/BLOCK_005/index/reverse_stripes/reverse_00020.tif",829364,NA
"BLOCK_005","reverse",21,5121,5376,256,10800,"SOURCE_1","core/BLOCK_005/index/reverse_stripes/reverse_00021.tif",841664,NA
"BLOCK_005","reverse",22,5377,5632,256,10800,"SOURCE_1","core/BLOCK_005/index/reverse_stripes/reverse_00022.tif",828374,NA
"BLOCK_005","reverse",23,5633,5888,256,10800,"SOURCE_1","core/BLOCK_005/index/reverse_stripes/reverse_00023.tif",816608,NA
"BLOCK_005","reverse",24,5889,6144,256,10800,"SOURCE_1","core/BLOCK_005/index/reverse_stripes/reverse_00024.tif",807732,NA
"BLOCK_005","reverse",25,6145,6400,256,10800,"SOURCE_1","core/BLOCK_005/index/reverse_stripes/reverse_00025.tif",786734,NA
"BLOCK_005","reverse",26,6401,6656,256,10800,"SOURCE_1","core/BLOCK_005/index/reverse_stripes/reverse_00026.tif",776898,NA
"BLOCK_005","reverse",27,6657,6912,256,10800,"SOURCE_1","core/BLOCK_005/index/reverse_stripes/reverse_00027.tif",758556,NA
"BLOCK_005","reverse",28,6913,7168,256,10800,"SOURCE_1","core/BLOCK_005/index/reverse_stripes/reverse_00028.tif",735082,NA
"BLOCK_005","reverse",29,7169,7424,256,10800,"SOURCE_1","core/BLOCK_005/index/reverse_stripes/reverse_00029.tif",691860,NA
"BLOCK_005","reverse",30,7425,7680,256,10800,"SOURCE_1","core/BLOCK_005/index/reverse_stripes/reverse_00030.tif",735512,NA
"BLOCK_005","reverse",31,7681,7936,256,10800,"SOURCE_1","core/BLOCK_005/index/reverse_stripes/reverse_00031.tif",760606,NA
"BLOCK_005","reverse",32,7937,8192,256,10800,"SOURCE_1","core/BLOCK_005/index/reverse_stripes/reverse_00032.tif",765204,NA
"BLOCK_005","reverse",33,8193,8448,256,10800,"SOURCE_1","core/BLOCK_005/index/reverse_stripes/reverse_00033.tif",733536,NA
"BLOCK_005","reverse",34,8449,8704,256,10800,"SOURCE_1","core/BLOCK_005/index/reverse_stripes/reverse_00034.tif",693784,NA
"BLOCK_005","reverse",35,8705,8960,256,10800,"SOURCE_1","core/BLOCK_005/index/reverse_stripes/reverse_00035.tif",665658,NA
"BLOCK_005","reverse",36,8961,9216,256,10800,"SOURCE_1","core/BLOCK_005/index/reverse_stripes/reverse_00036.tif",644610,NA
"BLOCK_005","reverse",37,9217,9472,256,10800,"SOURCE_1","core/BLOCK_005/index/reverse_stripes/reverse_00037.tif",649780,NA
"BLOCK_005","reverse",38,9473,9728,256,10800,"SOURCE_1","core/BLOCK_005/index/reverse_stripes/reverse_00038.tif",632376,NA
"BLOCK_005","reverse",39,9729,9984,256,10800,"SOURCE_1","core/BLOCK_005/index/reverse_stripes/reverse_00039.tif",619966,NA
"BLOCK_005","reverse",40,9985,10240,256,10800,"SOURCE_1","core/BLOCK_005/index/reverse_stripes/reverse_00040.tif",674804,NA
"BLOCK_005","reverse",41,10241,10496,256,10800,"SOURCE_1","core/BLOCK_005/index/reverse_stripes/reverse_00041.tif",754070,NA
"BLOCK_005","reverse",42,10497,10752,256,10800,"SOURCE_1","core/BLOCK_005/index/reverse_stripes/reverse_00042.tif",773862,NA
"BLOCK_005","reverse",43,10753,10800,48,10800,"SOURCE_1","core/BLOCK_005/index/reverse_stripes/reverse_00043.tif",158728,NA
"BLOCK_005","run_info",NA,NA,NA,NA,NA,"SOURCE_1","core/BLOCK_005/run_info.csv",777,NA
"BLOCK_005","stream",1,1,256,256,10800,"SOURCE_1","core/BLOCK_005/index/stream_stripes/stream_00001.tif",15972,NA
"BLOCK_005","stream",2,257,512,256,10800,"SOURCE_1","core/BLOCK_005/index/stream_stripes/stream_00002.tif",15678,NA
"BLOCK_005","stream",3,513,768,256,10800,"SOURCE_1","core/BLOCK_005/index/stream_stripes/stream_00003.tif",14574,NA
"BLOCK_005","stream",4,769,1024,256,10800,"SOURCE_1","core/BLOCK_005/index/stream_stripes/stream_00004.tif",17546,NA
"BLOCK_005","stream",5,1025,1280,256,10800,"SOURCE_1","core/BLOCK_005/index/stream_stripes/stream_00005.tif",17872,NA
"BLOCK_005","stream",6,1281,1536,256,10800,"SOURCE_1","core/BLOCK_005/index/stream_stripes/stream_00006.tif",18132,NA
"BLOCK_005","stream",7,1537,1792,256,10800,"SOURCE_1","core/BLOCK_005/index/stream_stripes/stream_00007.tif",17640,NA
"BLOCK_005","stream",8,1793,2048,256,10800,"SOURCE_1","core/BLOCK_005/index/stream_stripes/stream_00008.tif",17710,NA
"BLOCK_005","stream",9,2049,2304,256,10800,"SOURCE_1","core/BLOCK_005/index/stream_stripes/stream_00009.tif",15840,NA
"BLOCK_005","stream",10,2305,2560,256,10800,"SOURCE_1","core/BLOCK_005/index/stream_stripes/stream_00010.tif",19330,NA
"BLOCK_005","stream",11,2561,2816,256,10800,"SOURCE_1","core/BLOCK_005/index/stream_stripes/stream_00011.tif",17840,NA
"BLOCK_005","stream",12,2817,3072,256,10800,"SOURCE_1","core/BLOCK_005/index/stream_stripes/stream_00012.tif",21384,NA
"BLOCK_005","stream",13,3073,3328,256,10800,"SOURCE_1","core/BLOCK_005/index/stream_stripes/stream_00013.tif",21854,NA
"BLOCK_005","stream",14,3329,3584,256,10800,"SOURCE_1","core/BLOCK_005/index/stream_stripes/stream_00014.tif",19230,NA
"BLOCK_005","stream",15,3585,3840,256,10800,"SOURCE_1","core/BLOCK_005/index/stream_stripes/stream_00015.tif",24910,NA
"BLOCK_005","stream",16,3841,4096,256,10800,"SOURCE_1","core/BLOCK_005/index/stream_stripes/stream_00016.tif",20744,NA
"BLOCK_005","stream",17,4097,4352,256,10800,"SOURCE_1","core/BLOCK_005/index/stream_stripes/stream_00017.tif",23406,NA
"BLOCK_005","stream",18,4353,4608,256,10800,"SOURCE_1","core/BLOCK_005/index/stream_stripes/stream_00018.tif",21582,NA
"BLOCK_005","stream",19,4609,4864,256,10800,"SOURCE_1","core/BLOCK_005/index/stream_stripes/stream_00019.tif",21646,NA
"BLOCK_005","stream",20,4865,5120,256,10800,"SOURCE_1","core/BLOCK_005/index/stream_stripes/stream_00020.tif",26642,NA
"BLOCK_005","stream",21,5121,5376,256,10800,"SOURCE_1","core/BLOCK_005/index/stream_stripes/stream_00021.tif",25116,NA
"BLOCK_005","stream",22,5377,5632,256,10800,"SOURCE_1","core/BLOCK_005/index/stream_stripes/stream_00022.tif",24988,NA
"BLOCK_005","stream",23,5633,5888,256,10800,"SOURCE_1","core/BLOCK_005/index/stream_stripes/stream_00023.tif",21742,NA
"BLOCK_005","stream",24,5889,6144,256,10800,"SOURCE_1","core/BLOCK_005/index/stream_stripes/stream_00024.tif",22806,NA
"BLOCK_005","stream",25,6145,6400,256,10800,"SOURCE_1","core/BLOCK_005/index/stream_stripes/stream_00025.tif",23878,NA
"BLOCK_005","stream",26,6401,6656,256,10800,"SOURCE_1","core/BLOCK_005/index/stream_stripes/stream_00026.tif",26092,NA
"BLOCK_005","stream",27,6657,6912,256,10800,"SOURCE_1","core/BLOCK_005/index/stream_stripes/stream_00027.tif",25310,NA
"BLOCK_005","stream",28,6913,7168,256,10800,"SOURCE_1","core/BLOCK_005/index/stream_stripes/stream_00028.tif",22582,NA
"BLOCK_005","stream",29,7169,7424,256,10800,"SOURCE_1","core/BLOCK_005/index/stream_stripes/stream_00029.tif",21748,NA
"BLOCK_005","stream",30,7425,7680,256,10800,"SOURCE_1","core/BLOCK_005/index/stream_stripes/stream_00030.tif",22386,NA
"BLOCK_005","stream",31,7681,7936,256,10800,"SOURCE_1","core/BLOCK_005/index/stream_stripes/stream_00031.tif",22298,NA
"BLOCK_005","stream",32,7937,8192,256,10800,"SOURCE_1","core/BLOCK_005/index/stream_stripes/stream_00032.tif",22068,NA
"BLOCK_005","stream",33,8193,8448,256,10800,"SOURCE_1","core/BLOCK_005/index/stream_stripes/stream_00033.tif",23544,NA
"BLOCK_005","stream",34,8449,8704,256,10800,"SOURCE_1","core/BLOCK_005/index/stream_stripes/stream_00034.tif",23462,NA
"BLOCK_005","stream",35,8705,8960,256,10800,"SOURCE_1","core/BLOCK_005/index/stream_stripes/stream_00035.tif",21874,NA
"BLOCK_005","stream",36,8961,9216,256,10800,"SOURCE_1","core/BLOCK_005/index/stream_stripes/stream_00036.tif",20684,NA
"BLOCK_005","stream",37,9217,9472,256,10800,"SOURCE_1","core/BLOCK_005/index/stream_stripes/stream_00037.tif",20296,NA
"BLOCK_005","stream",38,9473,9728,256,10800,"SOURCE_1","core/BLOCK_005/index/stream_stripes/stream_00038.tif",21450,NA
"BLOCK_005","stream",39,9729,9984,256,10800,"SOURCE_1","core/BLOCK_005/index/stream_stripes/stream_00039.tif",22546,NA
"BLOCK_005","stream",40,9985,10240,256,10800,"SOURCE_1","core/BLOCK_005/index/stream_stripes/stream_00040.tif",23560,NA
"BLOCK_005","stream",41,10241,10496,256,10800,"SOURCE_1","core/BLOCK_005/index/stream_stripes/stream_00041.tif",26762,NA
"BLOCK_005","stream",42,10497,10752,256,10800,"SOURCE_1","core/BLOCK_005/index/stream_stripes/stream_00042.tif",20404,NA
"BLOCK_005","stream",43,10753,10800,48,10800,"SOURCE_1","core/BLOCK_005/index/stream_stripes/stream_00043.tif",7688,NA
"BLOCK_006","index_metadata",NA,NA,NA,NA,NA,"SOURCE_1","core/BLOCK_006/index/index_metadata.rds",1347,NA
"BLOCK_006","reverse",1,1,256,256,7200,"SOURCE_1","core/BLOCK_006/index/reverse_stripes/reverse_00001.tif",651884,NA
"BLOCK_006","reverse",2,257,512,256,7200,"SOURCE_1","core/BLOCK_006/index/reverse_stripes/reverse_00002.tif",631258,NA
"BLOCK_006","reverse",3,513,768,256,7200,"SOURCE_1","core/BLOCK_006/index/reverse_stripes/reverse_00003.tif",629342,NA
"BLOCK_006","reverse",4,769,1024,256,7200,"SOURCE_1","core/BLOCK_006/index/reverse_stripes/reverse_00004.tif",620556,NA
"BLOCK_006","reverse",5,1025,1280,256,7200,"SOURCE_1","core/BLOCK_006/index/reverse_stripes/reverse_00005.tif",607312,NA
"BLOCK_006","reverse",6,1281,1536,256,7200,"SOURCE_1","core/BLOCK_006/index/reverse_stripes/reverse_00006.tif",610716,NA
"BLOCK_006","reverse",7,1537,1792,256,7200,"SOURCE_1","core/BLOCK_006/index/reverse_stripes/reverse_00007.tif",607092,NA
"BLOCK_006","reverse",8,1793,2048,256,7200,"SOURCE_1","core/BLOCK_006/index/reverse_stripes/reverse_00008.tif",616356,NA
"BLOCK_006","reverse",9,2049,2304,256,7200,"SOURCE_1","core/BLOCK_006/index/reverse_stripes/reverse_00009.tif",622470,NA
"BLOCK_006","reverse",10,2305,2560,256,7200,"SOURCE_1","core/BLOCK_006/index/reverse_stripes/reverse_00010.tif",617828,NA
"BLOCK_006","reverse",11,2561,2816,256,7200,"SOURCE_1","core/BLOCK_006/index/reverse_stripes/reverse_00011.tif",612288,NA
"BLOCK_006","reverse",12,2817,3072,256,7200,"SOURCE_1","core/BLOCK_006/index/reverse_stripes/reverse_00012.tif",613522,NA
"BLOCK_006","reverse",13,3073,3328,256,7200,"SOURCE_1","core/BLOCK_006/index/reverse_stripes/reverse_00013.tif",612248,NA
"BLOCK_006","reverse",14,3329,3584,256,7200,"SOURCE_1","core/BLOCK_006/index/reverse_stripes/reverse_00014.tif",617968,NA
"BLOCK_006","reverse",15,3585,3840,256,7200,"SOURCE_1","core/BLOCK_006/index/reverse_stripes/reverse_00015.tif",621906,NA
"BLOCK_006","reverse",16,3841,4096,256,7200,"SOURCE_1","core/BLOCK_006/index/reverse_stripes/reverse_00016.tif",616540,NA
"BLOCK_006","reverse",17,4097,4352,256,7200,"SOURCE_1","core/BLOCK_006/index/reverse_stripes/reverse_00017.tif",612636,NA
"BLOCK_006","reverse",18,4353,4608,256,7200,"SOURCE_1","core/BLOCK_006/index/reverse_stripes/reverse_00018.tif",600416,NA
"BLOCK_006","reverse",19,4609,4864,256,7200,"SOURCE_1","core/BLOCK_006/index/reverse_stripes/reverse_00019.tif",595920,NA
"BLOCK_006","reverse",20,4865,5120,256,7200,"SOURCE_1","core/BLOCK_006/index/reverse_stripes/reverse_00020.tif",581412,NA
"BLOCK_006","reverse",21,5121,5376,256,7200,"SOURCE_1","core/BLOCK_006/index/reverse_stripes/reverse_00021.tif",585262,NA
"BLOCK_006","reverse",22,5377,5632,256,7200,"SOURCE_1","core/BLOCK_006/index/reverse_stripes/reverse_00022.tif",555454,NA
"BLOCK_006","reverse",23,5633,5888,256,7200,"SOURCE_1","core/BLOCK_006/index/reverse_stripes/reverse_00023.tif",536926,NA
"BLOCK_006","reverse",24,5889,6144,256,7200,"SOURCE_1","core/BLOCK_006/index/reverse_stripes/reverse_00024.tif",534282,NA
"BLOCK_006","reverse",25,6145,6400,256,7200,"SOURCE_1","core/BLOCK_006/index/reverse_stripes/reverse_00025.tif",535610,NA
"BLOCK_006","reverse",26,6401,6656,256,7200,"SOURCE_1","core/BLOCK_006/index/reverse_stripes/reverse_00026.tif",525404,NA
"BLOCK_006","reverse",27,6657,6912,256,7200,"SOURCE_1","core/BLOCK_006/index/reverse_stripes/reverse_00027.tif",508250,NA
"BLOCK_006","reverse",28,6913,7168,256,7200,"SOURCE_1","core/BLOCK_006/index/reverse_stripes/reverse_00028.tif",495570,NA
"BLOCK_006","reverse",29,7169,7424,256,7200,"SOURCE_1","core/BLOCK_006/index/reverse_stripes/reverse_00029.tif",506578,NA
"BLOCK_006","reverse",30,7425,7680,256,7200,"SOURCE_1","core/BLOCK_006/index/reverse_stripes/reverse_00030.tif",493536,NA
"BLOCK_006","reverse",31,7681,7936,256,7200,"SOURCE_1","core/BLOCK_006/index/reverse_stripes/reverse_00031.tif",482680,NA
"BLOCK_006","reverse",32,7937,8192,256,7200,"SOURCE_1","core/BLOCK_006/index/reverse_stripes/reverse_00032.tif",464062,NA
"BLOCK_006","reverse",33,8193,8448,256,7200,"SOURCE_1","core/BLOCK_006/index/reverse_stripes/reverse_00033.tif",455796,NA
"BLOCK_006","reverse",34,8449,8704,256,7200,"SOURCE_1","core/BLOCK_006/index/reverse_stripes/reverse_00034.tif",431452,NA
"BLOCK_006","reverse",35,8705,8960,256,7200,"SOURCE_1","core/BLOCK_006/index/reverse_stripes/reverse_00035.tif",422216,NA
"BLOCK_006","reverse",36,8961,9216,256,7200,"SOURCE_1","core/BLOCK_006/index/reverse_stripes/reverse_00036.tif",429454,NA
"BLOCK_006","reverse",37,9217,9472,256,7200,"SOURCE_1","core/BLOCK_006/index/reverse_stripes/reverse_00037.tif",424382,NA
"BLOCK_006","reverse",38,9473,9728,256,7200,"SOURCE_1","core/BLOCK_006/index/reverse_stripes/reverse_00038.tif",404982,NA
"BLOCK_006","reverse",39,9729,9984,256,7200,"SOURCE_1","core/BLOCK_006/index/reverse_stripes/reverse_00039.tif",387244,NA
"BLOCK_006","reverse",40,9985,10240,256,7200,"SOURCE_1","core/BLOCK_006/index/reverse_stripes/reverse_00040.tif",371860,NA
"BLOCK_006","reverse",41,10241,10496,256,7200,"SOURCE_1","core/BLOCK_006/index/reverse_stripes/reverse_00041.tif",377978,NA
"BLOCK_006","reverse",42,10497,10752,256,7200,"SOURCE_1","core/BLOCK_006/index/reverse_stripes/reverse_00042.tif",373362,NA
"BLOCK_006","reverse",43,10753,11008,256,7200,"SOURCE_1","core/BLOCK_006/index/reverse_stripes/reverse_00043.tif",361264,NA
"BLOCK_006","reverse",44,11009,11264,256,7200,"SOURCE_1","core/BLOCK_006/index/reverse_stripes/reverse_00044.tif",361614,NA
"BLOCK_006","reverse",45,11265,11520,256,7200,"SOURCE_1","core/BLOCK_006/index/reverse_stripes/reverse_00045.tif",350338,NA
"BLOCK_006","reverse",46,11521,11776,256,7200,"SOURCE_1","core/BLOCK_006/index/reverse_stripes/reverse_00046.tif",329068,NA
"BLOCK_006","reverse",47,11777,12032,256,7200,"SOURCE_1","core/BLOCK_006/index/reverse_stripes/reverse_00047.tif",327910,NA
"BLOCK_006","reverse",48,12033,12288,256,7200,"SOURCE_1","core/BLOCK_006/index/reverse_stripes/reverse_00048.tif",310514,NA
"BLOCK_006","reverse",49,12289,12544,256,7200,"SOURCE_1","core/BLOCK_006/index/reverse_stripes/reverse_00049.tif",305872,NA
"BLOCK_006","reverse",50,12545,12800,256,7200,"SOURCE_1","core/BLOCK_006/index/reverse_stripes/reverse_00050.tif",291852,NA
"BLOCK_006","reverse",51,12801,13056,256,7200,"SOURCE_1","core/BLOCK_006/index/reverse_stripes/reverse_00051.tif",281120,NA
"BLOCK_006","reverse",52,13057,13312,256,7200,"SOURCE_1","core/BLOCK_006/index/reverse_stripes/reverse_00052.tif",262352,NA
"BLOCK_006","reverse",53,13313,13568,256,7200,"SOURCE_1","core/BLOCK_006/index/reverse_stripes/reverse_00053.tif",241596,NA
"BLOCK_006","reverse",54,13569,13824,256,7200,"SOURCE_1","core/BLOCK_006/index/reverse_stripes/reverse_00054.tif",230344,NA
"BLOCK_006","reverse",55,13825,14080,256,7200,"SOURCE_1","core/BLOCK_006/index/reverse_stripes/reverse_00055.tif",225812,NA
"BLOCK_006","reverse",56,14081,14336,256,7200,"SOURCE_1","core/BLOCK_006/index/reverse_stripes/reverse_00056.tif",220434,NA
"BLOCK_006","reverse",57,14337,14400,64,7200,"SOURCE_1","core/BLOCK_006/index/reverse_stripes/reverse_00057.tif",60046,NA
"BLOCK_006","run_info",NA,NA,NA,NA,NA,"SOURCE_1","core/BLOCK_006/run_info.csv",1109,NA
"BLOCK_006","stream",1,1,256,256,7200,"SOURCE_1","core/BLOCK_006/index/stream_stripes/stream_00001.tif",15060,NA
"BLOCK_006","stream",2,257,512,256,7200,"SOURCE_1","core/BLOCK_006/index/stream_stripes/stream_00002.tif",17104,NA
"BLOCK_006","stream",3,513,768,256,7200,"SOURCE_1","core/BLOCK_006/index/stream_stripes/stream_00003.tif",19234,NA
"BLOCK_006","stream",4,769,1024,256,7200,"SOURCE_1","core/BLOCK_006/index/stream_stripes/stream_00004.tif",17096,NA
"BLOCK_006","stream",5,1025,1280,256,7200,"SOURCE_1","core/BLOCK_006/index/stream_stripes/stream_00005.tif",19002,NA
"BLOCK_006","stream",6,1281,1536,256,7200,"SOURCE_1","core/BLOCK_006/index/stream_stripes/stream_00006.tif",16398,NA
"BLOCK_006","stream",7,1537,1792,256,7200,"SOURCE_1","core/BLOCK_006/index/stream_stripes/stream_00007.tif",18016,NA
"BLOCK_006","stream",8,1793,2048,256,7200,"SOURCE_1","core/BLOCK_006/index/stream_stripes/stream_00008.tif",19750,NA
"BLOCK_006","stream",9,2049,2304,256,7200,"SOURCE_1","core/BLOCK_006/index/stream_stripes/stream_00009.tif",18430,NA
"BLOCK_006","stream",10,2305,2560,256,7200,"SOURCE_1","core/BLOCK_006/index/stream_stripes/stream_00010.tif",17758,NA
"BLOCK_006","stream",11,2561,2816,256,7200,"SOURCE_1","core/BLOCK_006/index/stream_stripes/stream_00011.tif",18992,NA
"BLOCK_006","stream",12,2817,3072,256,7200,"SOURCE_1","core/BLOCK_006/index/stream_stripes/stream_00012.tif",17924,NA
"BLOCK_006","stream",13,3073,3328,256,7200,"SOURCE_1","core/BLOCK_006/index/stream_stripes/stream_00013.tif",17344,NA
"BLOCK_006","stream",14,3329,3584,256,7200,"SOURCE_1","core/BLOCK_006/index/stream_stripes/stream_00014.tif",17786,NA
"BLOCK_006","stream",15,3585,3840,256,7200,"SOURCE_1","core/BLOCK_006/index/stream_stripes/stream_00015.tif",16326,NA
"BLOCK_006","stream",16,3841,4096,256,7200,"SOURCE_1","core/BLOCK_006/index/stream_stripes/stream_00016.tif",17858,NA
"BLOCK_006","stream",17,4097,4352,256,7200,"SOURCE_1","core/BLOCK_006/index/stream_stripes/stream_00017.tif",18128,NA
"BLOCK_006","stream",18,4353,4608,256,7200,"SOURCE_1","core/BLOCK_006/index/stream_stripes/stream_00018.tif",17638,NA
"BLOCK_006","stream",19,4609,4864,256,7200,"SOURCE_1","core/BLOCK_006/index/stream_stripes/stream_00019.tif",16056,NA
"BLOCK_006","stream",20,4865,5120,256,7200,"SOURCE_1","core/BLOCK_006/index/stream_stripes/stream_00020.tif",15854,NA
"BLOCK_006","stream",21,5121,5376,256,7200,"SOURCE_1","core/BLOCK_006/index/stream_stripes/stream_00021.tif",15604,NA
"BLOCK_006","stream",22,5377,5632,256,7200,"SOURCE_1","core/BLOCK_006/index/stream_stripes/stream_00022.tif",17332,NA
"BLOCK_006","stream",23,5633,5888,256,7200,"SOURCE_1","core/BLOCK_006/index/stream_stripes/stream_00023.tif",16898,NA
"BLOCK_006","stream",24,5889,6144,256,7200,"SOURCE_1","core/BLOCK_006/index/stream_stripes/stream_00024.tif",15732,NA
"BLOCK_006","stream",25,6145,6400,256,7200,"SOURCE_1","core/BLOCK_006/index/stream_stripes/stream_00025.tif",16512,NA
"BLOCK_006","stream",26,6401,6656,256,7200,"SOURCE_1","core/BLOCK_006/index/stream_stripes/stream_00026.tif",14796,NA
"BLOCK_006","stream",27,6657,6912,256,7200,"SOURCE_1","core/BLOCK_006/index/stream_stripes/stream_00027.tif",14506,NA
"BLOCK_006","stream",28,6913,7168,256,7200,"SOURCE_1","core/BLOCK_006/index/stream_stripes/stream_00028.tif",16332,NA
"BLOCK_006","stream",29,7169,7424,256,7200,"SOURCE_1","core/BLOCK_006/index/stream_stripes/stream_00029.tif",14576,NA
"BLOCK_006","stream",30,7425,7680,256,7200,"SOURCE_1","core/BLOCK_006/index/stream_stripes/stream_00030.tif",15574,NA
"BLOCK_006","stream",31,7681,7936,256,7200,"SOURCE_1","core/BLOCK_006/index/stream_stripes/stream_00031.tif",14680,NA
"BLOCK_006","stream",32,7937,8192,256,7200,"SOURCE_1","core/BLOCK_006/index/stream_stripes/stream_00032.tif",13102,NA
"BLOCK_006","stream",33,8193,8448,256,7200,"SOURCE_1","core/BLOCK_006/index/stream_stripes/stream_00033.tif",15542,NA
"BLOCK_006","stream",34,8449,8704,256,7200,"SOURCE_1","core/BLOCK_006/index/stream_stripes/stream_00034.tif",13716,NA
"BLOCK_006","stream",35,8705,8960,256,7200,"SOURCE_1","core/BLOCK_006/index/stream_stripes/stream_00035.tif",14188,NA
"BLOCK_006","stream",36,8961,9216,256,7200,"SOURCE_1","core/BLOCK_006/index/stream_stripes/stream_00036.tif",15432,NA
"BLOCK_006","stream",37,9217,9472,256,7200,"SOURCE_1","core/BLOCK_006/index/stream_stripes/stream_00037.tif",11694,NA
"BLOCK_006","stream",38,9473,9728,256,7200,"SOURCE_1","core/BLOCK_006/index/stream_stripes/stream_00038.tif",12556,NA
"BLOCK_006","stream",39,9729,9984,256,7200,"SOURCE_1","core/BLOCK_006/index/stream_stripes/stream_00039.tif",13984,NA
"BLOCK_006","stream",40,9985,10240,256,7200,"SOURCE_1","core/BLOCK_006/index/stream_stripes/stream_00040.tif",12214,NA
"BLOCK_006","stream",41,10241,10496,256,7200,"SOURCE_1","core/BLOCK_006/index/stream_stripes/stream_00041.tif",11686,NA
"BLOCK_006","stream",42,10497,10752,256,7200,"SOURCE_1","core/BLOCK_006/index/stream_stripes/stream_00042.tif",12262,NA
"BLOCK_006","stream",43,10753,11008,256,7200,"SOURCE_1","core/BLOCK_006/index/stream_stripes/stream_00043.tif",12382,NA
"BLOCK_006","stream",44,11009,11264,256,7200,"SOURCE_1","core/BLOCK_006/index/stream_stripes/stream_00044.tif",13442,NA
"BLOCK_006","stream",45,11265,11520,256,7200,"SOURCE_1","core/BLOCK_006/index/stream_stripes/stream_00045.tif",12124,NA
"BLOCK_006","stream",46,11521,11776,256,7200,"SOURCE_1","core/BLOCK_006/index/stream_stripes/stream_00046.tif",11570,NA
"BLOCK_006","stream",47,11777,12032,256,7200,"SOURCE_1","core/BLOCK_006/index/stream_stripes/stream_00047.tif",11588,NA
"BLOCK_006","stream",48,12033,12288,256,7200,"SOURCE_1","core/BLOCK_006/index/stream_stripes/stream_00048.tif",11790,NA
"BLOCK_006","stream",49,12289,12544,256,7200,"SOURCE_1","core/BLOCK_006/index/stream_stripes/stream_00049.tif",11674,NA
"BLOCK_006","stream",50,12545,12800,256,7200,"SOURCE_1","core/BLOCK_006/index/stream_stripes/stream_00050.tif",11536,NA
"BLOCK_006","stream",51,12801,13056,256,7200,"SOURCE_1","core/BLOCK_006/index/stream_stripes/stream_00051.tif",13132,NA
"BLOCK_006","stream",52,13057,13312,256,7200,"SOURCE_1","core/BLOCK_006/index/stream_stripes/stream_00052.tif",11580,NA
"BLOCK_006","stream",53,13313,13568,256,7200,"SOURCE_1","core/BLOCK_006/index/stream_stripes/stream_00053.tif",10954,NA
"BLOCK_006","stream",54,13569,13824,256,7200,"SOURCE_1","core/BLOCK_006/index/stream_stripes/stream_00054.tif",12014,NA
"BLOCK_006","stream",55,13825,14080,256,7200,"SOURCE_1","core/BLOCK_006/index/stream_stripes/stream_00055.tif",12770,NA
"BLOCK_006","stream",56,14081,14336,256,7200,"SOURCE_1","core/BLOCK_006/index/stream_stripes/stream_00056.tif",11452,NA
"BLOCK_006","stream",57,14337,14400,64,7200,"SOURCE_1","core/BLOCK_006/index/stream_stripes/stream_00057.tif",5956,NA
"BLOCK_007","index_metadata",NA,NA,NA,NA,NA,"SOURCE_1","core/BLOCK_007/index/index_metadata.rds",1337,NA
"BLOCK_007","reverse",1,1,256,256,10800,"SOURCE_1","core/BLOCK_007/index/reverse_stripes/reverse_00001.tif",807068,NA
"BLOCK_007","reverse",2,257,512,256,10800,"SOURCE_1","core/BLOCK_007/index/reverse_stripes/reverse_00002.tif",821580,NA
"BLOCK_007","reverse",3,513,768,256,10800,"SOURCE_1","core/BLOCK_007/index/reverse_stripes/reverse_00003.tif",816982,NA
"BLOCK_007","reverse",4,769,1024,256,10800,"SOURCE_1","core/BLOCK_007/index/reverse_stripes/reverse_00004.tif",813434,NA
"BLOCK_007","reverse",5,1025,1280,256,10800,"SOURCE_1","core/BLOCK_007/index/reverse_stripes/reverse_00005.tif",790392,NA
"BLOCK_007","reverse",6,1281,1536,256,10800,"SOURCE_1","core/BLOCK_007/index/reverse_stripes/reverse_00006.tif",753414,NA
"BLOCK_007","reverse",7,1537,1792,256,10800,"SOURCE_1","core/BLOCK_007/index/reverse_stripes/reverse_00007.tif",717636,NA
"BLOCK_007","reverse",8,1793,2048,256,10800,"SOURCE_1","core/BLOCK_007/index/reverse_stripes/reverse_00008.tif",705908,NA
"BLOCK_007","reverse",9,2049,2304,256,10800,"SOURCE_1","core/BLOCK_007/index/reverse_stripes/reverse_00009.tif",678422,NA
"BLOCK_007","reverse",10,2305,2560,256,10800,"SOURCE_1","core/BLOCK_007/index/reverse_stripes/reverse_00010.tif",653684,NA
"BLOCK_007","reverse",11,2561,2816,256,10800,"SOURCE_1","core/BLOCK_007/index/reverse_stripes/reverse_00011.tif",636668,NA
"BLOCK_007","reverse",12,2817,3072,256,10800,"SOURCE_1","core/BLOCK_007/index/reverse_stripes/reverse_00012.tif",659096,NA
"BLOCK_007","reverse",13,3073,3328,256,10800,"SOURCE_1","core/BLOCK_007/index/reverse_stripes/reverse_00013.tif",664092,NA
"BLOCK_007","reverse",14,3329,3584,256,10800,"SOURCE_1","core/BLOCK_007/index/reverse_stripes/reverse_00014.tif",658718,NA
"BLOCK_007","reverse",15,3585,3840,256,10800,"SOURCE_1","core/BLOCK_007/index/reverse_stripes/reverse_00015.tif",673696,NA
"BLOCK_007","reverse",16,3841,4096,256,10800,"SOURCE_1","core/BLOCK_007/index/reverse_stripes/reverse_00016.tif",652488,NA
"BLOCK_007","reverse",17,4097,4352,256,10800,"SOURCE_1","core/BLOCK_007/index/reverse_stripes/reverse_00017.tif",622216,NA
"BLOCK_007","reverse",18,4353,4608,256,10800,"SOURCE_1","core/BLOCK_007/index/reverse_stripes/reverse_00018.tif",577740,NA
"BLOCK_007","reverse",19,4609,4864,256,10800,"SOURCE_1","core/BLOCK_007/index/reverse_stripes/reverse_00019.tif",557382,NA
"BLOCK_007","reverse",20,4865,5120,256,10800,"SOURCE_1","core/BLOCK_007/index/reverse_stripes/reverse_00020.tif",531562,NA
"BLOCK_007","reverse",21,5121,5376,256,10800,"SOURCE_1","core/BLOCK_007/index/reverse_stripes/reverse_00021.tif",531892,NA
"BLOCK_007","reverse",22,5377,5632,256,10800,"SOURCE_1","core/BLOCK_007/index/reverse_stripes/reverse_00022.tif",528854,NA
"BLOCK_007","reverse",23,5633,5888,256,10800,"SOURCE_1","core/BLOCK_007/index/reverse_stripes/reverse_00023.tif",506990,NA
"BLOCK_007","reverse",24,5889,6144,256,10800,"SOURCE_1","core/BLOCK_007/index/reverse_stripes/reverse_00024.tif",489362,NA
"BLOCK_007","reverse",25,6145,6400,256,10800,"SOURCE_1","core/BLOCK_007/index/reverse_stripes/reverse_00025.tif",497900,NA
"BLOCK_007","reverse",26,6401,6656,256,10800,"SOURCE_1","core/BLOCK_007/index/reverse_stripes/reverse_00026.tif",485158,NA
"BLOCK_007","reverse",27,6657,6912,256,10800,"SOURCE_1","core/BLOCK_007/index/reverse_stripes/reverse_00027.tif",468902,NA
"BLOCK_007","reverse",28,6913,7168,256,10800,"SOURCE_1","core/BLOCK_007/index/reverse_stripes/reverse_00028.tif",464784,NA
"BLOCK_007","reverse",29,7169,7424,256,10800,"SOURCE_1","core/BLOCK_007/index/reverse_stripes/reverse_00029.tif",446838,NA
"BLOCK_007","reverse",30,7425,7680,256,10800,"SOURCE_1","core/BLOCK_007/index/reverse_stripes/reverse_00030.tif",427574,NA
"BLOCK_007","reverse",31,7681,7936,256,10800,"SOURCE_1","core/BLOCK_007/index/reverse_stripes/reverse_00031.tif",417796,NA
"BLOCK_007","reverse",32,7937,8192,256,10800,"SOURCE_1","core/BLOCK_007/index/reverse_stripes/reverse_00032.tif",393042,NA
"BLOCK_007","reverse",33,8193,8448,256,10800,"SOURCE_1","core/BLOCK_007/index/reverse_stripes/reverse_00033.tif",382944,NA
"BLOCK_007","reverse",34,8449,8704,256,10800,"SOURCE_1","core/BLOCK_007/index/reverse_stripes/reverse_00034.tif",370042,NA
"BLOCK_007","reverse",35,8705,8960,256,10800,"SOURCE_1","core/BLOCK_007/index/reverse_stripes/reverse_00035.tif",367620,NA
"BLOCK_007","reverse",36,8961,9216,256,10800,"SOURCE_1","core/BLOCK_007/index/reverse_stripes/reverse_00036.tif",364528,NA
"BLOCK_007","reverse",37,9217,9472,256,10800,"SOURCE_1","core/BLOCK_007/index/reverse_stripes/reverse_00037.tif",366668,NA
"BLOCK_007","reverse",38,9473,9728,256,10800,"SOURCE_1","core/BLOCK_007/index/reverse_stripes/reverse_00038.tif",365304,NA
"BLOCK_007","reverse",39,9729,9984,256,10800,"SOURCE_1","core/BLOCK_007/index/reverse_stripes/reverse_00039.tif",387028,NA
"BLOCK_007","reverse",40,9985,10240,256,10800,"SOURCE_1","core/BLOCK_007/index/reverse_stripes/reverse_00040.tif",432682,NA
"BLOCK_007","reverse",41,10241,10496,256,10800,"SOURCE_1","core/BLOCK_007/index/reverse_stripes/reverse_00041.tif",457012,NA
"BLOCK_007","reverse",42,10497,10752,256,10800,"SOURCE_1","core/BLOCK_007/index/reverse_stripes/reverse_00042.tif",415210,NA
"BLOCK_007","reverse",43,10753,10800,48,10800,"SOURCE_1","core/BLOCK_007/index/reverse_stripes/reverse_00043.tif",90194,NA
"BLOCK_007","run_info",NA,NA,NA,NA,NA,"SOURCE_1","core/BLOCK_007/run_info.csv",1111,NA
"BLOCK_007","stream",1,1,256,256,10800,"SOURCE_1","core/BLOCK_007/index/stream_stripes/stream_00001.tif",22230,NA
"BLOCK_007","stream",2,257,512,256,10800,"SOURCE_1","core/BLOCK_007/index/stream_stripes/stream_00002.tif",25236,NA
"BLOCK_007","stream",3,513,768,256,10800,"SOURCE_1","core/BLOCK_007/index/stream_stripes/stream_00003.tif",25060,NA
"BLOCK_007","stream",4,769,1024,256,10800,"SOURCE_1","core/BLOCK_007/index/stream_stripes/stream_00004.tif",25646,NA
"BLOCK_007","stream",5,1025,1280,256,10800,"SOURCE_1","core/BLOCK_007/index/stream_stripes/stream_00005.tif",21774,NA
"BLOCK_007","stream",6,1281,1536,256,10800,"SOURCE_1","core/BLOCK_007/index/stream_stripes/stream_00006.tif",25428,NA
"BLOCK_007","stream",7,1537,1792,256,10800,"SOURCE_1","core/BLOCK_007/index/stream_stripes/stream_00007.tif",23064,NA
"BLOCK_007","stream",8,1793,2048,256,10800,"SOURCE_1","core/BLOCK_007/index/stream_stripes/stream_00008.tif",20794,NA
"BLOCK_007","stream",9,2049,2304,256,10800,"SOURCE_1","core/BLOCK_007/index/stream_stripes/stream_00009.tif",21038,NA
"BLOCK_007","stream",10,2305,2560,256,10800,"SOURCE_1","core/BLOCK_007/index/stream_stripes/stream_00010.tif",20972,NA
"BLOCK_007","stream",11,2561,2816,256,10800,"SOURCE_1","core/BLOCK_007/index/stream_stripes/stream_00011.tif",20856,NA
"BLOCK_007","stream",12,2817,3072,256,10800,"SOURCE_1","core/BLOCK_007/index/stream_stripes/stream_00012.tif",21162,NA
"BLOCK_007","stream",13,3073,3328,256,10800,"SOURCE_1","core/BLOCK_007/index/stream_stripes/stream_00013.tif",20632,NA
"BLOCK_007","stream",14,3329,3584,256,10800,"SOURCE_1","core/BLOCK_007/index/stream_stripes/stream_00014.tif",19572,NA
"BLOCK_007","stream",15,3585,3840,256,10800,"SOURCE_1","core/BLOCK_007/index/stream_stripes/stream_00015.tif",21186,NA
"BLOCK_007","stream",16,3841,4096,256,10800,"SOURCE_1","core/BLOCK_007/index/stream_stripes/stream_00016.tif",21762,NA
"BLOCK_007","stream",17,4097,4352,256,10800,"SOURCE_1","core/BLOCK_007/index/stream_stripes/stream_00017.tif",19674,NA
"BLOCK_007","stream",18,4353,4608,256,10800,"SOURCE_1","core/BLOCK_007/index/stream_stripes/stream_00018.tif",20924,NA
"BLOCK_007","stream",19,4609,4864,256,10800,"SOURCE_1","core/BLOCK_007/index/stream_stripes/stream_00019.tif",20024,NA
"BLOCK_007","stream",20,4865,5120,256,10800,"SOURCE_1","core/BLOCK_007/index/stream_stripes/stream_00020.tif",21032,NA
"BLOCK_007","stream",21,5121,5376,256,10800,"SOURCE_1","core/BLOCK_007/index/stream_stripes/stream_00021.tif",18542,NA
"BLOCK_007","stream",22,5377,5632,256,10800,"SOURCE_1","core/BLOCK_007/index/stream_stripes/stream_00022.tif",20928,NA
"BLOCK_007","stream",23,5633,5888,256,10800,"SOURCE_1","core/BLOCK_007/index/stream_stripes/stream_00023.tif",18162,NA
"BLOCK_007","stream",24,5889,6144,256,10800,"SOURCE_1","core/BLOCK_007/index/stream_stripes/stream_00024.tif",18868,NA
"BLOCK_007","stream",25,6145,6400,256,10800,"SOURCE_1","core/BLOCK_007/index/stream_stripes/stream_00025.tif",18892,NA
"BLOCK_007","stream",26,6401,6656,256,10800,"SOURCE_1","core/BLOCK_007/index/stream_stripes/stream_00026.tif",18824,NA
"BLOCK_007","stream",27,6657,6912,256,10800,"SOURCE_1","core/BLOCK_007/index/stream_stripes/stream_00027.tif",17980,NA
"BLOCK_007","stream",28,6913,7168,256,10800,"SOURCE_1","core/BLOCK_007/index/stream_stripes/stream_00028.tif",18692,NA
"BLOCK_007","stream",29,7169,7424,256,10800,"SOURCE_1","core/BLOCK_007/index/stream_stripes/stream_00029.tif",15380,NA
"BLOCK_007","stream",30,7425,7680,256,10800,"SOURCE_1","core/BLOCK_007/index/stream_stripes/stream_00030.tif",15250,NA
"BLOCK_007","stream",31,7681,7936,256,10800,"SOURCE_1","core/BLOCK_007/index/stream_stripes/stream_00031.tif",14288,NA
"BLOCK_007","stream",32,7937,8192,256,10800,"SOURCE_1","core/BLOCK_007/index/stream_stripes/stream_00032.tif",15666,NA
"BLOCK_007","stream",33,8193,8448,256,10800,"SOURCE_1","core/BLOCK_007/index/stream_stripes/stream_00033.tif",16434,NA
"BLOCK_007","stream",34,8449,8704,256,10800,"SOURCE_1","core/BLOCK_007/index/stream_stripes/stream_00034.tif",15548,NA
"BLOCK_007","stream",35,8705,8960,256,10800,"SOURCE_1","core/BLOCK_007/index/stream_stripes/stream_00035.tif",14632,NA
"BLOCK_007","stream",36,8961,9216,256,10800,"SOURCE_1","core/BLOCK_007/index/stream_stripes/stream_00036.tif",15272,NA
"BLOCK_007","stream",37,9217,9472,256,10800,"SOURCE_1","core/BLOCK_007/index/stream_stripes/stream_00037.tif",14790,NA
"BLOCK_007","stream",38,9473,9728,256,10800,"SOURCE_1","core/BLOCK_007/index/stream_stripes/stream_00038.tif",14666,NA
"BLOCK_007","stream",39,9729,9984,256,10800,"SOURCE_1","core/BLOCK_007/index/stream_stripes/stream_00039.tif",15070,NA
"BLOCK_007","stream",40,9985,10240,256,10800,"SOURCE_1","core/BLOCK_007/index/stream_stripes/stream_00040.tif",19360,NA
"BLOCK_007","stream",41,10241,10496,256,10800,"SOURCE_1","core/BLOCK_007/index/stream_stripes/stream_00041.tif",18064,NA
"BLOCK_007","stream",42,10497,10752,256,10800,"SOURCE_1","core/BLOCK_007/index/stream_stripes/stream_00042.tif",14922,NA
"BLOCK_007","stream",43,10753,10800,48,10800,"SOURCE_1","core/BLOCK_007/index/stream_stripes/stream_00043.tif",7308,NA
"BLOCK_008","index_metadata",NA,NA,NA,NA,NA,"SOURCE_1","core/BLOCK_008/index/index_metadata.rds",1331,NA
"BLOCK_008","reverse",1,1,256,256,10800,"SOURCE_1","core/BLOCK_008/index/reverse_stripes/reverse_00001.tif",597212,NA
"BLOCK_008","reverse",2,257,512,256,10800,"SOURCE_1","core/BLOCK_008/index/reverse_stripes/reverse_00002.tif",596536,NA
"BLOCK_008","reverse",3,513,768,256,10800,"SOURCE_1","core/BLOCK_008/index/reverse_stripes/reverse_00003.tif",601362,NA
"BLOCK_008","reverse",4,769,1024,256,10800,"SOURCE_1","core/BLOCK_008/index/reverse_stripes/reverse_00004.tif",600852,NA
"BLOCK_008","reverse",5,1025,1280,256,10800,"SOURCE_1","core/BLOCK_008/index/reverse_stripes/reverse_00005.tif",595466,NA
"BLOCK_008","reverse",6,1281,1536,256,10800,"SOURCE_1","core/BLOCK_008/index/reverse_stripes/reverse_00006.tif",600448,NA
"BLOCK_008","reverse",7,1537,1792,256,10800,"SOURCE_1","core/BLOCK_008/index/reverse_stripes/reverse_00007.tif",611544,NA
"BLOCK_008","reverse",8,1793,2048,256,10800,"SOURCE_1","core/BLOCK_008/index/reverse_stripes/reverse_00008.tif",611898,NA
"BLOCK_008","reverse",9,2049,2304,256,10800,"SOURCE_1","core/BLOCK_008/index/reverse_stripes/reverse_00009.tif",602246,NA
"BLOCK_008","reverse",10,2305,2560,256,10800,"SOURCE_1","core/BLOCK_008/index/reverse_stripes/reverse_00010.tif",599776,NA
"BLOCK_008","reverse",11,2561,2816,256,10800,"SOURCE_1","core/BLOCK_008/index/reverse_stripes/reverse_00011.tif",602084,NA
"BLOCK_008","reverse",12,2817,3072,256,10800,"SOURCE_1","core/BLOCK_008/index/reverse_stripes/reverse_00012.tif",615666,NA
"BLOCK_008","reverse",13,3073,3328,256,10800,"SOURCE_1","core/BLOCK_008/index/reverse_stripes/reverse_00013.tif",616994,NA
"BLOCK_008","reverse",14,3329,3584,256,10800,"SOURCE_1","core/BLOCK_008/index/reverse_stripes/reverse_00014.tif",612828,NA
"BLOCK_008","reverse",15,3585,3840,256,10800,"SOURCE_1","core/BLOCK_008/index/reverse_stripes/reverse_00015.tif",900718,NA
"BLOCK_008","reverse",16,3841,4096,256,10800,"SOURCE_1","core/BLOCK_008/index/reverse_stripes/reverse_00016.tif",906246,NA
"BLOCK_008","reverse",17,4097,4352,256,10800,"SOURCE_1","core/BLOCK_008/index/reverse_stripes/reverse_00017.tif",899014,NA
"BLOCK_008","reverse",18,4353,4608,256,10800,"SOURCE_1","core/BLOCK_008/index/reverse_stripes/reverse_00018.tif",901436,NA
"BLOCK_008","reverse",19,4609,4864,256,10800,"SOURCE_1","core/BLOCK_008/index/reverse_stripes/reverse_00019.tif",897884,NA
"BLOCK_008","reverse",20,4865,5120,256,10800,"SOURCE_1","core/BLOCK_008/index/reverse_stripes/reverse_00020.tif",906238,NA
"BLOCK_008","reverse",21,5121,5376,256,10800,"SOURCE_1","core/BLOCK_008/index/reverse_stripes/reverse_00021.tif",896922,NA
"BLOCK_008","reverse",22,5377,5632,256,10800,"SOURCE_1","core/BLOCK_008/index/reverse_stripes/reverse_00022.tif",920772,NA
"BLOCK_008","reverse",23,5633,5888,256,10800,"SOURCE_1","core/BLOCK_008/index/reverse_stripes/reverse_00023.tif",922408,NA
"BLOCK_008","reverse",24,5889,6144,256,10800,"SOURCE_1","core/BLOCK_008/index/reverse_stripes/reverse_00024.tif",902756,NA
"BLOCK_008","reverse",25,6145,6400,256,10800,"SOURCE_1","core/BLOCK_008/index/reverse_stripes/reverse_00025.tif",856846,NA
"BLOCK_008","reverse",26,6401,6656,256,10800,"SOURCE_1","core/BLOCK_008/index/reverse_stripes/reverse_00026.tif",833338,NA
"BLOCK_008","reverse",27,6657,6912,256,10800,"SOURCE_1","core/BLOCK_008/index/reverse_stripes/reverse_00027.tif",796998,NA
"BLOCK_008","reverse",28,6913,7168,256,10800,"SOURCE_1","core/BLOCK_008/index/reverse_stripes/reverse_00028.tif",770128,NA
"BLOCK_008","reverse",29,7169,7424,256,10800,"SOURCE_1","core/BLOCK_008/index/reverse_stripes/reverse_00029.tif",764012,NA
"BLOCK_008","reverse",30,7425,7680,256,10800,"SOURCE_1","core/BLOCK_008/index/reverse_stripes/reverse_00030.tif",770470,NA
"BLOCK_008","reverse",31,7681,7936,256,10800,"SOURCE_1","core/BLOCK_008/index/reverse_stripes/reverse_00031.tif",709910,NA
"BLOCK_008","reverse",32,7937,8192,256,10800,"SOURCE_1","core/BLOCK_008/index/reverse_stripes/reverse_00032.tif",678424,NA
"BLOCK_008","reverse",33,8193,8448,256,10800,"SOURCE_1","core/BLOCK_008/index/reverse_stripes/reverse_00033.tif",626088,NA
"BLOCK_008","reverse",34,8449,8704,256,10800,"SOURCE_1","core/BLOCK_008/index/reverse_stripes/reverse_00034.tif",643968,NA
"BLOCK_008","reverse",35,8705,8960,256,10800,"SOURCE_1","core/BLOCK_008/index/reverse_stripes/reverse_00035.tif",605384,NA
"BLOCK_008","reverse",36,8961,9216,256,10800,"SOURCE_1","core/BLOCK_008/index/reverse_stripes/reverse_00036.tif",588396,NA
"BLOCK_008","reverse",37,9217,9472,256,10800,"SOURCE_1","core/BLOCK_008/index/reverse_stripes/reverse_00037.tif",532634,NA
"BLOCK_008","reverse",38,9473,9728,256,10800,"SOURCE_1","core/BLOCK_008/index/reverse_stripes/reverse_00038.tif",511248,NA
"BLOCK_008","reverse",39,9729,9984,256,10800,"SOURCE_1","core/BLOCK_008/index/reverse_stripes/reverse_00039.tif",472532,NA
"BLOCK_008","reverse",40,9985,10240,256,10800,"SOURCE_1","core/BLOCK_008/index/reverse_stripes/reverse_00040.tif",470612,NA
"BLOCK_008","reverse",41,10241,10496,256,10800,"SOURCE_1","core/BLOCK_008/index/reverse_stripes/reverse_00041.tif",426522,NA
"BLOCK_008","reverse",42,10497,10752,256,10800,"SOURCE_1","core/BLOCK_008/index/reverse_stripes/reverse_00042.tif",374574,NA
"BLOCK_008","reverse",43,10753,10800,48,10800,"SOURCE_1","core/BLOCK_008/index/reverse_stripes/reverse_00043.tif",76366,NA
"BLOCK_008","run_info",NA,NA,NA,NA,NA,"SOURCE_1","core/BLOCK_008/run_info.csv",1111,NA
"BLOCK_008","stream",1,1,256,256,10800,"SOURCE_1","core/BLOCK_008/index/stream_stripes/stream_00001.tif",16940,NA
"BLOCK_008","stream",2,257,512,256,10800,"SOURCE_1","core/BLOCK_008/index/stream_stripes/stream_00002.tif",19708,NA
"BLOCK_008","stream",3,513,768,256,10800,"SOURCE_1","core/BLOCK_008/index/stream_stripes/stream_00003.tif",19560,NA
"BLOCK_008","stream",4,769,1024,256,10800,"SOURCE_1","core/BLOCK_008/index/stream_stripes/stream_00004.tif",19952,NA
"BLOCK_008","stream",5,1025,1280,256,10800,"SOURCE_1","core/BLOCK_008/index/stream_stripes/stream_00005.tif",19698,NA
"BLOCK_008","stream",6,1281,1536,256,10800,"SOURCE_1","core/BLOCK_008/index/stream_stripes/stream_00006.tif",17978,NA
"BLOCK_008","stream",7,1537,1792,256,10800,"SOURCE_1","core/BLOCK_008/index/stream_stripes/stream_00007.tif",19796,NA
"BLOCK_008","stream",8,1793,2048,256,10800,"SOURCE_1","core/BLOCK_008/index/stream_stripes/stream_00008.tif",19362,NA
"BLOCK_008","stream",9,2049,2304,256,10800,"SOURCE_1","core/BLOCK_008/index/stream_stripes/stream_00009.tif",21278,NA
"BLOCK_008","stream",10,2305,2560,256,10800,"SOURCE_1","core/BLOCK_008/index/stream_stripes/stream_00010.tif",17056,NA
"BLOCK_008","stream",11,2561,2816,256,10800,"SOURCE_1","core/BLOCK_008/index/stream_stripes/stream_00011.tif",19278,NA
"BLOCK_008","stream",12,2817,3072,256,10800,"SOURCE_1","core/BLOCK_008/index/stream_stripes/stream_00012.tif",22150,NA
"BLOCK_008","stream",13,3073,3328,256,10800,"SOURCE_1","core/BLOCK_008/index/stream_stripes/stream_00013.tif",20752,NA
"BLOCK_008","stream",14,3329,3584,256,10800,"SOURCE_1","core/BLOCK_008/index/stream_stripes/stream_00014.tif",20458,NA
"BLOCK_008","stream",15,3585,3840,256,10800,"SOURCE_1","core/BLOCK_008/index/stream_stripes/stream_00015.tif",27238,NA
"BLOCK_008","stream",16,3841,4096,256,10800,"SOURCE_1","core/BLOCK_008/index/stream_stripes/stream_00016.tif",27700,NA
"BLOCK_008","stream",17,4097,4352,256,10800,"SOURCE_1","core/BLOCK_008/index/stream_stripes/stream_00017.tif",27318,NA
"BLOCK_008","stream",18,4353,4608,256,10800,"SOURCE_1","core/BLOCK_008/index/stream_stripes/stream_00018.tif",29696,NA
"BLOCK_008","stream",19,4609,4864,256,10800,"SOURCE_1","core/BLOCK_008/index/stream_stripes/stream_00019.tif",27370,NA
"BLOCK_008","stream",20,4865,5120,256,10800,"SOURCE_1","core/BLOCK_008/index/stream_stripes/stream_00020.tif",27222,NA
"BLOCK_008","stream",21,5121,5376,256,10800,"SOURCE_1","core/BLOCK_008/index/stream_stripes/stream_00021.tif",28190,NA
"BLOCK_008","stream",22,5377,5632,256,10800,"SOURCE_1","core/BLOCK_008/index/stream_stripes/stream_00022.tif",28990,NA
"BLOCK_008","stream",23,5633,5888,256,10800,"SOURCE_1","core/BLOCK_008/index/stream_stripes/stream_00023.tif",27270,NA
"BLOCK_008","stream",24,5889,6144,256,10800,"SOURCE_1","core/BLOCK_008/index/stream_stripes/stream_00024.tif",27516,NA
"BLOCK_008","stream",25,6145,6400,256,10800,"SOURCE_1","core/BLOCK_008/index/stream_stripes/stream_00025.tif",27002,NA
"BLOCK_008","stream",26,6401,6656,256,10800,"SOURCE_1","core/BLOCK_008/index/stream_stripes/stream_00026.tif",31058,NA
"BLOCK_008","stream",27,6657,6912,256,10800,"SOURCE_1","core/BLOCK_008/index/stream_stripes/stream_00027.tif",25932,NA
"BLOCK_008","stream",28,6913,7168,256,10800,"SOURCE_1","core/BLOCK_008/index/stream_stripes/stream_00028.tif",28560,NA
"BLOCK_008","stream",29,7169,7424,256,10800,"SOURCE_1","core/BLOCK_008/index/stream_stripes/stream_00029.tif",23220,NA
"BLOCK_008","stream",30,7425,7680,256,10800,"SOURCE_1","core/BLOCK_008/index/stream_stripes/stream_00030.tif",23264,NA
"BLOCK_008","stream",31,7681,7936,256,10800,"SOURCE_1","core/BLOCK_008/index/stream_stripes/stream_00031.tif",21898,NA
"BLOCK_008","stream",32,7937,8192,256,10800,"SOURCE_1","core/BLOCK_008/index/stream_stripes/stream_00032.tif",22638,NA
"BLOCK_008","stream",33,8193,8448,256,10800,"SOURCE_1","core/BLOCK_008/index/stream_stripes/stream_00033.tif",19766,NA
"BLOCK_008","stream",34,8449,8704,256,10800,"SOURCE_1","core/BLOCK_008/index/stream_stripes/stream_00034.tif",21280,NA
"BLOCK_008","stream",35,8705,8960,256,10800,"SOURCE_1","core/BLOCK_008/index/stream_stripes/stream_00035.tif",21274,NA
"BLOCK_008","stream",36,8961,9216,256,10800,"SOURCE_1","core/BLOCK_008/index/stream_stripes/stream_00036.tif",21464,NA
"BLOCK_008","stream",37,9217,9472,256,10800,"SOURCE_1","core/BLOCK_008/index/stream_stripes/stream_00037.tif",20842,NA
"BLOCK_008","stream",38,9473,9728,256,10800,"SOURCE_1","core/BLOCK_008/index/stream_stripes/stream_00038.tif",23242,NA
"BLOCK_008","stream",39,9729,9984,256,10800,"SOURCE_1","core/BLOCK_008/index/stream_stripes/stream_00039.tif",21204,NA
"BLOCK_008","stream",40,9985,10240,256,10800,"SOURCE_1","core/BLOCK_008/index/stream_stripes/stream_00040.tif",18604,NA
"BLOCK_008","stream",41,10241,10496,256,10800,"SOURCE_1","core/BLOCK_008/index/stream_stripes/stream_00041.tif",17482,NA
"BLOCK_008","stream",42,10497,10752,256,10800,"SOURCE_1","core/BLOCK_008/index/stream_stripes/stream_00042.tif",19006,NA
"BLOCK_008","stream",43,10753,10800,48,10800,"SOURCE_1","core/BLOCK_008/index/stream_stripes/stream_00043.tif",8218,NA
"BLOCK_009","index_metadata",NA,NA,NA,NA,NA,"SOURCE_1","core/BLOCK_009/index/index_metadata.rds",1345,NA
"BLOCK_009","reverse",1,1,256,256,14400,"SOURCE_1","core/BLOCK_009/index/reverse_stripes/reverse_00001.tif",584140,NA
"BLOCK_009","reverse",2,257,512,256,14400,"SOURCE_1","core/BLOCK_009/index/reverse_stripes/reverse_00002.tif",589008,NA
"BLOCK_009","reverse",3,513,768,256,14400,"SOURCE_1","core/BLOCK_009/index/reverse_stripes/reverse_00003.tif",590588,NA
"BLOCK_009","reverse",4,769,1024,256,14400,"SOURCE_1","core/BLOCK_009/index/reverse_stripes/reverse_00004.tif",599492,NA
"BLOCK_009","reverse",5,1025,1280,256,14400,"SOURCE_1","core/BLOCK_009/index/reverse_stripes/reverse_00005.tif",597400,NA
"BLOCK_009","reverse",6,1281,1536,256,14400,"SOURCE_1","core/BLOCK_009/index/reverse_stripes/reverse_00006.tif",610370,NA
"BLOCK_009","reverse",7,1537,1792,256,14400,"SOURCE_1","core/BLOCK_009/index/reverse_stripes/reverse_00007.tif",607002,NA
"BLOCK_009","reverse",8,1793,2048,256,14400,"SOURCE_1","core/BLOCK_009/index/reverse_stripes/reverse_00008.tif",600650,NA
"BLOCK_009","reverse",9,2049,2304,256,14400,"SOURCE_1","core/BLOCK_009/index/reverse_stripes/reverse_00009.tif",613628,NA
"BLOCK_009","reverse",10,2305,2560,256,14400,"SOURCE_1","core/BLOCK_009/index/reverse_stripes/reverse_00010.tif",608706,NA
"BLOCK_009","reverse",11,2561,2816,256,14400,"SOURCE_1","core/BLOCK_009/index/reverse_stripes/reverse_00011.tif",598008,NA
"BLOCK_009","reverse",12,2817,3072,256,14400,"SOURCE_1","core/BLOCK_009/index/reverse_stripes/reverse_00012.tif",601034,NA
"BLOCK_009","reverse",13,3073,3328,256,14400,"SOURCE_1","core/BLOCK_009/index/reverse_stripes/reverse_00013.tif",596264,NA
"BLOCK_009","reverse",14,3329,3584,256,14400,"SOURCE_1","core/BLOCK_009/index/reverse_stripes/reverse_00014.tif",612790,NA
"BLOCK_009","reverse",15,3585,3840,256,14400,"SOURCE_1","core/BLOCK_009/index/reverse_stripes/reverse_00015.tif",1192254,NA
"BLOCK_009","reverse",16,3841,4096,256,14400,"SOURCE_1","core/BLOCK_009/index/reverse_stripes/reverse_00016.tif",1208254,NA
"BLOCK_009","reverse",17,4097,4352,256,14400,"SOURCE_1","core/BLOCK_009/index/reverse_stripes/reverse_00017.tif",1197848,NA
"BLOCK_009","reverse",18,4353,4608,256,14400,"SOURCE_1","core/BLOCK_009/index/reverse_stripes/reverse_00018.tif",1202668,NA
"BLOCK_009","reverse",19,4609,4864,256,14400,"SOURCE_1","core/BLOCK_009/index/reverse_stripes/reverse_00019.tif",1156748,NA
"BLOCK_009","reverse",20,4865,5120,256,14400,"SOURCE_1","core/BLOCK_009/index/reverse_stripes/reverse_00020.tif",1186200,NA
"BLOCK_009","reverse",21,5121,5376,256,14400,"SOURCE_1","core/BLOCK_009/index/reverse_stripes/reverse_00021.tif",1193538,NA
"BLOCK_009","reverse",22,5377,5632,256,14400,"SOURCE_1","core/BLOCK_009/index/reverse_stripes/reverse_00022.tif",1185948,NA
"BLOCK_009","reverse",23,5633,5888,256,14400,"SOURCE_1","core/BLOCK_009/index/reverse_stripes/reverse_00023.tif",1171556,NA
"BLOCK_009","reverse",24,5889,6144,256,14400,"SOURCE_1","core/BLOCK_009/index/reverse_stripes/reverse_00024.tif",1193700,NA
"BLOCK_009","reverse",25,6145,6400,256,14400,"SOURCE_1","core/BLOCK_009/index/reverse_stripes/reverse_00025.tif",1170216,NA
"BLOCK_009","reverse",26,6401,6656,256,14400,"SOURCE_1","core/BLOCK_009/index/reverse_stripes/reverse_00026.tif",1207806,NA
"BLOCK_009","reverse",27,6657,6912,256,14400,"SOURCE_1","core/BLOCK_009/index/reverse_stripes/reverse_00027.tif",1234060,NA
"BLOCK_009","reverse",28,6913,7168,256,14400,"SOURCE_1","core/BLOCK_009/index/reverse_stripes/reverse_00028.tif",1242220,NA
"BLOCK_009","reverse",29,7169,7424,256,14400,"SOURCE_1","core/BLOCK_009/index/reverse_stripes/reverse_00029.tif",762292,NA
"BLOCK_009","reverse",30,7425,7680,256,14400,"SOURCE_1","core/BLOCK_009/index/reverse_stripes/reverse_00030.tif",641660,NA
"BLOCK_009","reverse",31,7681,7936,256,14400,"SOURCE_1","core/BLOCK_009/index/reverse_stripes/reverse_00031.tif",599326,NA
"BLOCK_009","reverse",32,7937,8192,256,14400,"SOURCE_1","core/BLOCK_009/index/reverse_stripes/reverse_00032.tif",532052,NA
"BLOCK_009","reverse",33,8193,8448,256,14400,"SOURCE_1","core/BLOCK_009/index/reverse_stripes/reverse_00033.tif",456812,NA
"BLOCK_009","reverse",34,8449,8704,256,14400,"SOURCE_1","core/BLOCK_009/index/reverse_stripes/reverse_00034.tif",426554,NA
"BLOCK_009","reverse",35,8705,8960,256,14400,"SOURCE_1","core/BLOCK_009/index/reverse_stripes/reverse_00035.tif",374076,NA
"BLOCK_009","reverse",36,8961,9216,256,14400,"SOURCE_1","core/BLOCK_009/index/reverse_stripes/reverse_00036.tif",329090,NA
"BLOCK_009","reverse",37,9217,9472,256,14400,"SOURCE_1","core/BLOCK_009/index/reverse_stripes/reverse_00037.tif",275392,NA
"BLOCK_009","reverse",38,9473,9728,256,14400,"SOURCE_1","core/BLOCK_009/index/reverse_stripes/reverse_00038.tif",210880,NA
"BLOCK_009","reverse",39,9729,9984,256,14400,"SOURCE_1","core/BLOCK_009/index/reverse_stripes/reverse_00039.tif",139842,NA
"BLOCK_009","reverse",40,9985,10240,256,14400,"SOURCE_1","core/BLOCK_009/index/reverse_stripes/reverse_00040.tif",113460,NA
"BLOCK_009","reverse",41,10241,10496,256,14400,"SOURCE_1","core/BLOCK_009/index/reverse_stripes/reverse_00041.tif",99998,NA
"BLOCK_009","reverse",42,10497,10752,256,14400,"SOURCE_1","core/BLOCK_009/index/reverse_stripes/reverse_00042.tif",59536,NA
"BLOCK_009","reverse",43,10753,10800,48,14400,"SOURCE_1","core/BLOCK_009/index/reverse_stripes/reverse_00043.tif",15228,NA
"BLOCK_009","run_info",NA,NA,NA,NA,NA,"SOURCE_1","core/BLOCK_009/run_info.csv",1109,NA
"BLOCK_009","stream",1,1,256,256,14400,"SOURCE_1","core/BLOCK_009/index/stream_stripes/stream_00001.tif",20500,NA
"BLOCK_009","stream",2,257,512,256,14400,"SOURCE_1","core/BLOCK_009/index/stream_stripes/stream_00002.tif",21014,NA
"BLOCK_009","stream",3,513,768,256,14400,"SOURCE_1","core/BLOCK_009/index/stream_stripes/stream_00003.tif",21954,NA
"BLOCK_009","stream",4,769,1024,256,14400,"SOURCE_1","core/BLOCK_009/index/stream_stripes/stream_00004.tif",22804,NA
"BLOCK_009","stream",5,1025,1280,256,14400,"SOURCE_1","core/BLOCK_009/index/stream_stripes/stream_00005.tif",23036,NA
"BLOCK_009","stream",6,1281,1536,256,14400,"SOURCE_1","core/BLOCK_009/index/stream_stripes/stream_00006.tif",22722,NA
"BLOCK_009","stream",7,1537,1792,256,14400,"SOURCE_1","core/BLOCK_009/index/stream_stripes/stream_00007.tif",20574,NA
"BLOCK_009","stream",8,1793,2048,256,14400,"SOURCE_1","core/BLOCK_009/index/stream_stripes/stream_00008.tif",21216,NA
"BLOCK_009","stream",9,2049,2304,256,14400,"SOURCE_1","core/BLOCK_009/index/stream_stripes/stream_00009.tif",20706,NA
"BLOCK_009","stream",10,2305,2560,256,14400,"SOURCE_1","core/BLOCK_009/index/stream_stripes/stream_00010.tif",20382,NA
"BLOCK_009","stream",11,2561,2816,256,14400,"SOURCE_1","core/BLOCK_009/index/stream_stripes/stream_00011.tif",19864,NA
"BLOCK_009","stream",12,2817,3072,256,14400,"SOURCE_1","core/BLOCK_009/index/stream_stripes/stream_00012.tif",20502,NA
"BLOCK_009","stream",13,3073,3328,256,14400,"SOURCE_1","core/BLOCK_009/index/stream_stripes/stream_00013.tif",20478,NA
"BLOCK_009","stream",14,3329,3584,256,14400,"SOURCE_1","core/BLOCK_009/index/stream_stripes/stream_00014.tif",21382,NA
"BLOCK_009","stream",15,3585,3840,256,14400,"SOURCE_1","core/BLOCK_009/index/stream_stripes/stream_00015.tif",32486,NA
"BLOCK_009","stream",16,3841,4096,256,14400,"SOURCE_1","core/BLOCK_009/index/stream_stripes/stream_00016.tif",35676,NA
"BLOCK_009","stream",17,4097,4352,256,14400,"SOURCE_1","core/BLOCK_009/index/stream_stripes/stream_00017.tif",36602,NA
"BLOCK_009","stream",18,4353,4608,256,14400,"SOURCE_1","core/BLOCK_009/index/stream_stripes/stream_00018.tif",39190,NA
"BLOCK_009","stream",19,4609,4864,256,14400,"SOURCE_1","core/BLOCK_009/index/stream_stripes/stream_00019.tif",34850,NA
"BLOCK_009","stream",20,4865,5120,256,14400,"SOURCE_1","core/BLOCK_009/index/stream_stripes/stream_00020.tif",35850,NA
"BLOCK_009","stream",21,5121,5376,256,14400,"SOURCE_1","core/BLOCK_009/index/stream_stripes/stream_00021.tif",37022,NA
"BLOCK_009","stream",22,5377,5632,256,14400,"SOURCE_1","core/BLOCK_009/index/stream_stripes/stream_00022.tif",38980,NA
"BLOCK_009","stream",23,5633,5888,256,14400,"SOURCE_1","core/BLOCK_009/index/stream_stripes/stream_00023.tif",37268,NA
"BLOCK_009","stream",24,5889,6144,256,14400,"SOURCE_1","core/BLOCK_009/index/stream_stripes/stream_00024.tif",43546,NA
"BLOCK_009","stream",25,6145,6400,256,14400,"SOURCE_1","core/BLOCK_009/index/stream_stripes/stream_00025.tif",37162,NA
"BLOCK_009","stream",26,6401,6656,256,14400,"SOURCE_1","core/BLOCK_009/index/stream_stripes/stream_00026.tif",35640,NA
"BLOCK_009","stream",27,6657,6912,256,14400,"SOURCE_1","core/BLOCK_009/index/stream_stripes/stream_00027.tif",35932,NA
"BLOCK_009","stream",28,6913,7168,256,14400,"SOURCE_1","core/BLOCK_009/index/stream_stripes/stream_00028.tif",35064,NA
"BLOCK_009","stream",29,7169,7424,256,14400,"SOURCE_1","core/BLOCK_009/index/stream_stripes/stream_00029.tif",23604,NA
"BLOCK_009","stream",30,7425,7680,256,14400,"SOURCE_1","core/BLOCK_009/index/stream_stripes/stream_00030.tif",23882,NA
"BLOCK_009","stream",31,7681,7936,256,14400,"SOURCE_1","core/BLOCK_009/index/stream_stripes/stream_00031.tif",25012,NA
"BLOCK_009","stream",32,7937,8192,256,14400,"SOURCE_1","core/BLOCK_009/index/stream_stripes/stream_00032.tif",23262,NA
"BLOCK_009","stream",33,8193,8448,256,14400,"SOURCE_1","core/BLOCK_009/index/stream_stripes/stream_00033.tif",22000,NA
"BLOCK_009","stream",34,8449,8704,256,14400,"SOURCE_1","core/BLOCK_009/index/stream_stripes/stream_00034.tif",20652,NA
"BLOCK_009","stream",35,8705,8960,256,14400,"SOURCE_1","core/BLOCK_009/index/stream_stripes/stream_00035.tif",20624,NA
"BLOCK_009","stream",36,8961,9216,256,14400,"SOURCE_1","core/BLOCK_009/index/stream_stripes/stream_00036.tif",19396,NA
"BLOCK_009","stream",37,9217,9472,256,14400,"SOURCE_1","core/BLOCK_009/index/stream_stripes/stream_00037.tif",18326,NA
"BLOCK_009","stream",38,9473,9728,256,14400,"SOURCE_1","core/BLOCK_009/index/stream_stripes/stream_00038.tif",16684,NA
"BLOCK_009","stream",39,9729,9984,256,14400,"SOURCE_1","core/BLOCK_009/index/stream_stripes/stream_00039.tif",13234,NA
"BLOCK_009","stream",40,9985,10240,256,14400,"SOURCE_1","core/BLOCK_009/index/stream_stripes/stream_00040.tif",13724,NA
"BLOCK_009","stream",41,10241,10496,256,14400,"SOURCE_1","core/BLOCK_009/index/stream_stripes/stream_00041.tif",13198,NA
"BLOCK_009","stream",42,10497,10752,256,14400,"SOURCE_1","core/BLOCK_009/index/stream_stripes/stream_00042.tif",13926,NA
"BLOCK_009","stream",43,10753,10800,48,14400,"SOURCE_1","core/BLOCK_009/index/stream_stripes/stream_00043.tif",8530,NA
"BLOCK_010","index_metadata",NA,NA,NA,NA,NA,"SOURCE_1","core/BLOCK_010/index/index_metadata.rds",1347,NA
"BLOCK_010","reverse",1,1,256,256,14400,"SOURCE_1","core/BLOCK_010/index/reverse_stripes/reverse_00001.tif",912640,NA
"BLOCK_010","reverse",2,257,512,256,14400,"SOURCE_1","core/BLOCK_010/index/reverse_stripes/reverse_00002.tif",896562,NA
"BLOCK_010","reverse",3,513,768,256,14400,"SOURCE_1","core/BLOCK_010/index/reverse_stripes/reverse_00003.tif",900884,NA
"BLOCK_010","reverse",4,769,1024,256,14400,"SOURCE_1","core/BLOCK_010/index/reverse_stripes/reverse_00004.tif",922426,NA
"BLOCK_010","reverse",5,1025,1280,256,14400,"SOURCE_1","core/BLOCK_010/index/reverse_stripes/reverse_00005.tif",898402,NA
"BLOCK_010","reverse",6,1281,1536,256,14400,"SOURCE_1","core/BLOCK_010/index/reverse_stripes/reverse_00006.tif",901322,NA
"BLOCK_010","reverse",7,1537,1792,256,14400,"SOURCE_1","core/BLOCK_010/index/reverse_stripes/reverse_00007.tif",910422,NA
"BLOCK_010","reverse",8,1793,2048,256,14400,"SOURCE_1","core/BLOCK_010/index/reverse_stripes/reverse_00008.tif",889576,NA
"BLOCK_010","reverse",9,2049,2304,256,14400,"SOURCE_1","core/BLOCK_010/index/reverse_stripes/reverse_00009.tif",875734,NA
"BLOCK_010","reverse",10,2305,2560,256,14400,"SOURCE_1","core/BLOCK_010/index/reverse_stripes/reverse_00010.tif",883632,NA
"BLOCK_010","reverse",11,2561,2816,256,14400,"SOURCE_1","core/BLOCK_010/index/reverse_stripes/reverse_00011.tif",854488,NA
"BLOCK_010","reverse",12,2817,3072,256,14400,"SOURCE_1","core/BLOCK_010/index/reverse_stripes/reverse_00012.tif",878342,NA
"BLOCK_010","reverse",13,3073,3328,256,14400,"SOURCE_1","core/BLOCK_010/index/reverse_stripes/reverse_00013.tif",886006,NA
"BLOCK_010","reverse",14,3329,3584,256,14400,"SOURCE_1","core/BLOCK_010/index/reverse_stripes/reverse_00014.tif",898240,NA
"BLOCK_010","reverse",15,3585,3840,256,14400,"SOURCE_1","core/BLOCK_010/index/reverse_stripes/reverse_00015.tif",1108252,NA
"BLOCK_010","reverse",16,3841,4096,256,14400,"SOURCE_1","core/BLOCK_010/index/reverse_stripes/reverse_00016.tif",1135348,NA
"BLOCK_010","reverse",17,4097,4352,256,14400,"SOURCE_1","core/BLOCK_010/index/reverse_stripes/reverse_00017.tif",1119744,NA
"BLOCK_010","reverse",18,4353,4608,256,14400,"SOURCE_1","core/BLOCK_010/index/reverse_stripes/reverse_00018.tif",1161522,NA
"BLOCK_010","reverse",19,4609,4864,256,14400,"SOURCE_1","core/BLOCK_010/index/reverse_stripes/reverse_00019.tif",1173708,NA
"BLOCK_010","reverse",20,4865,5120,256,14400,"SOURCE_1","core/BLOCK_010/index/reverse_stripes/reverse_00020.tif",1160820,NA
"BLOCK_010","reverse",21,5121,5376,256,14400,"SOURCE_1","core/BLOCK_010/index/reverse_stripes/reverse_00021.tif",1199490,NA
"BLOCK_010","reverse",22,5377,5632,256,14400,"SOURCE_1","core/BLOCK_010/index/reverse_stripes/reverse_00022.tif",1198440,NA
"BLOCK_010","reverse",23,5633,5888,256,14400,"SOURCE_1","core/BLOCK_010/index/reverse_stripes/reverse_00023.tif",1148734,NA
"BLOCK_010","reverse",24,5889,6144,256,14400,"SOURCE_1","core/BLOCK_010/index/reverse_stripes/reverse_00024.tif",1069914,NA
"BLOCK_010","reverse",25,6145,6400,256,14400,"SOURCE_1","core/BLOCK_010/index/reverse_stripes/reverse_00025.tif",994102,NA
"BLOCK_010","reverse",26,6401,6656,256,14400,"SOURCE_1","core/BLOCK_010/index/reverse_stripes/reverse_00026.tif",985856,NA
"BLOCK_010","reverse",27,6657,6912,256,14400,"SOURCE_1","core/BLOCK_010/index/reverse_stripes/reverse_00027.tif",963704,NA
"BLOCK_010","reverse",28,6913,7168,256,14400,"SOURCE_1","core/BLOCK_010/index/reverse_stripes/reverse_00028.tif",937412,NA
"BLOCK_010","reverse",29,7169,7424,256,14400,"SOURCE_1","core/BLOCK_010/index/reverse_stripes/reverse_00029.tif",434608,NA
"BLOCK_010","reverse",30,7425,7680,256,14400,"SOURCE_1","core/BLOCK_010/index/reverse_stripes/reverse_00030.tif",330788,NA
"BLOCK_010","reverse",31,7681,7936,256,14400,"SOURCE_1","core/BLOCK_010/index/reverse_stripes/reverse_00031.tif",289674,NA
"BLOCK_010","reverse",32,7937,8192,256,14400,"SOURCE_1","core/BLOCK_010/index/reverse_stripes/reverse_00032.tif",212786,NA
"BLOCK_010","reverse",33,8193,8448,256,14400,"SOURCE_1","core/BLOCK_010/index/reverse_stripes/reverse_00033.tif",167516,NA
"BLOCK_010","reverse",34,8449,8704,256,14400,"SOURCE_1","core/BLOCK_010/index/reverse_stripes/reverse_00034.tif",141424,NA
"BLOCK_010","reverse",35,8705,8960,256,14400,"SOURCE_1","core/BLOCK_010/index/reverse_stripes/reverse_00035.tif",141856,NA
"BLOCK_010","reverse",36,8961,9216,256,14400,"SOURCE_1","core/BLOCK_010/index/reverse_stripes/reverse_00036.tif",133406,NA
"BLOCK_010","reverse",37,9217,9472,256,14400,"SOURCE_1","core/BLOCK_010/index/reverse_stripes/reverse_00037.tif",123090,NA
"BLOCK_010","reverse",38,9473,9728,256,14400,"SOURCE_1","core/BLOCK_010/index/reverse_stripes/reverse_00038.tif",126776,NA
"BLOCK_010","reverse",39,9729,9984,256,14400,"SOURCE_1","core/BLOCK_010/index/reverse_stripes/reverse_00039.tif",83256,NA
"BLOCK_010","reverse",40,9985,10240,256,14400,"SOURCE_1","core/BLOCK_010/index/reverse_stripes/reverse_00040.tif",59398,NA
"BLOCK_010","reverse",41,10241,10496,256,14400,"SOURCE_1","core/BLOCK_010/index/reverse_stripes/reverse_00041.tif",25748,NA
"BLOCK_010","reverse",42,10497,10752,256,14400,"SOURCE_1","core/BLOCK_010/index/reverse_stripes/reverse_00042.tif",8871,NA
"BLOCK_010","reverse",43,10753,10800,48,14400,"SOURCE_1","core/BLOCK_010/index/reverse_stripes/reverse_00043.tif",7417,NA
"BLOCK_010","run_info",NA,NA,NA,NA,NA,"SOURCE_1","core/BLOCK_010/run_info.csv",1111,NA
"BLOCK_010","stream",1,1,256,256,14400,"SOURCE_1","core/BLOCK_010/index/stream_stripes/stream_00001.tif",24832,NA
"BLOCK_010","stream",2,257,512,256,14400,"SOURCE_1","core/BLOCK_010/index/stream_stripes/stream_00002.tif",27840,NA
"BLOCK_010","stream",3,513,768,256,14400,"SOURCE_1","core/BLOCK_010/index/stream_stripes/stream_00003.tif",29424,NA
"BLOCK_010","stream",4,769,1024,256,14400,"SOURCE_1","core/BLOCK_010/index/stream_stripes/stream_00004.tif",30754,NA
"BLOCK_010","stream",5,1025,1280,256,14400,"SOURCE_1","core/BLOCK_010/index/stream_stripes/stream_00005.tif",28170,NA
"BLOCK_010","stream",6,1281,1536,256,14400,"SOURCE_1","core/BLOCK_010/index/stream_stripes/stream_00006.tif",29414,NA
"BLOCK_010","stream",7,1537,1792,256,14400,"SOURCE_1","core/BLOCK_010/index/stream_stripes/stream_00007.tif",29988,NA
"BLOCK_010","stream",8,1793,2048,256,14400,"SOURCE_1","core/BLOCK_010/index/stream_stripes/stream_00008.tif",30482,NA
"BLOCK_010","stream",9,2049,2304,256,14400,"SOURCE_1","core/BLOCK_010/index/stream_stripes/stream_00009.tif",29202,NA
"BLOCK_010","stream",10,2305,2560,256,14400,"SOURCE_1","core/BLOCK_010/index/stream_stripes/stream_00010.tif",32576,NA
"BLOCK_010","stream",11,2561,2816,256,14400,"SOURCE_1","core/BLOCK_010/index/stream_stripes/stream_00011.tif",27682,NA
"BLOCK_010","stream",12,2817,3072,256,14400,"SOURCE_1","core/BLOCK_010/index/stream_stripes/stream_00012.tif",30070,NA
"BLOCK_010","stream",13,3073,3328,256,14400,"SOURCE_1","core/BLOCK_010/index/stream_stripes/stream_00013.tif",29426,NA
"BLOCK_010","stream",14,3329,3584,256,14400,"SOURCE_1","core/BLOCK_010/index/stream_stripes/stream_00014.tif",28462,NA
"BLOCK_010","stream",15,3585,3840,256,14400,"SOURCE_1","core/BLOCK_010/index/stream_stripes/stream_00015.tif",33868,NA
"BLOCK_010","stream",16,3841,4096,256,14400,"SOURCE_1","core/BLOCK_010/index/stream_stripes/stream_00016.tif",38556,NA
"BLOCK_010","stream",17,4097,4352,256,14400,"SOURCE_1","core/BLOCK_010/index/stream_stripes/stream_00017.tif",37330,NA
"BLOCK_010","stream",18,4353,4608,256,14400,"SOURCE_1","core/BLOCK_010/index/stream_stripes/stream_00018.tif",36790,NA
"BLOCK_010","stream",19,4609,4864,256,14400,"SOURCE_1","core/BLOCK_010/index/stream_stripes/stream_00019.tif",38094,NA
"BLOCK_010","stream",20,4865,5120,256,14400,"SOURCE_1","core/BLOCK_010/index/stream_stripes/stream_00020.tif",41170,NA
"BLOCK_010","stream",21,5121,5376,256,14400,"SOURCE_1","core/BLOCK_010/index/stream_stripes/stream_00021.tif",39788,NA
"BLOCK_010","stream",22,5377,5632,256,14400,"SOURCE_1","core/BLOCK_010/index/stream_stripes/stream_00022.tif",37910,NA
"BLOCK_010","stream",23,5633,5888,256,14400,"SOURCE_1","core/BLOCK_010/index/stream_stripes/stream_00023.tif",36638,NA
"BLOCK_010","stream",24,5889,6144,256,14400,"SOURCE_1","core/BLOCK_010/index/stream_stripes/stream_00024.tif",37500,NA
"BLOCK_010","stream",25,6145,6400,256,14400,"SOURCE_1","core/BLOCK_010/index/stream_stripes/stream_00025.tif",36150,NA
"BLOCK_010","stream",26,6401,6656,256,14400,"SOURCE_1","core/BLOCK_010/index/stream_stripes/stream_00026.tif",32962,NA
"BLOCK_010","stream",27,6657,6912,256,14400,"SOURCE_1","core/BLOCK_010/index/stream_stripes/stream_00027.tif",31974,NA
"BLOCK_010","stream",28,6913,7168,256,14400,"SOURCE_1","core/BLOCK_010/index/stream_stripes/stream_00028.tif",31642,NA
"BLOCK_010","stream",29,7169,7424,256,14400,"SOURCE_1","core/BLOCK_010/index/stream_stripes/stream_00029.tif",16226,NA
"BLOCK_010","stream",30,7425,7680,256,14400,"SOURCE_1","core/BLOCK_010/index/stream_stripes/stream_00030.tif",14080,NA
"BLOCK_010","stream",31,7681,7936,256,14400,"SOURCE_1","core/BLOCK_010/index/stream_stripes/stream_00031.tif",13330,NA
"BLOCK_010","stream",32,7937,8192,256,14400,"SOURCE_1","core/BLOCK_010/index/stream_stripes/stream_00032.tif",12386,NA
"BLOCK_010","stream",33,8193,8448,256,14400,"SOURCE_1","core/BLOCK_010/index/stream_stripes/stream_00033.tif",11104,NA
"BLOCK_010","stream",34,8449,8704,256,14400,"SOURCE_1","core/BLOCK_010/index/stream_stripes/stream_00034.tif",9532,NA
"BLOCK_010","stream",35,8705,8960,256,14400,"SOURCE_1","core/BLOCK_010/index/stream_stripes/stream_00035.tif",9586,NA
"BLOCK_010","stream",36,8961,9216,256,14400,"SOURCE_1","core/BLOCK_010/index/stream_stripes/stream_00036.tif",9968,NA
"BLOCK_010","stream",37,9217,9472,256,14400,"SOURCE_1","core/BLOCK_010/index/stream_stripes/stream_00037.tif",10732,NA
"BLOCK_010","stream",38,9473,9728,256,14400,"SOURCE_1","core/BLOCK_010/index/stream_stripes/stream_00038.tif",9422,NA
"BLOCK_010","stream",39,9729,9984,256,14400,"SOURCE_1","core/BLOCK_010/index/stream_stripes/stream_00039.tif",9048,NA
"BLOCK_010","stream",40,9985,10240,256,14400,"SOURCE_1","core/BLOCK_010/index/stream_stripes/stream_00040.tif",9022,NA
"BLOCK_010","stream",41,10241,10496,256,14400,"SOURCE_1","core/BLOCK_010/index/stream_stripes/stream_00041.tif",8198,NA
"BLOCK_010","stream",42,10497,10752,256,14400,"SOURCE_1","core/BLOCK_010/index/stream_stripes/stream_00042.tif",7544,NA
"BLOCK_010","stream",43,10753,10800,48,14400,"SOURCE_1","core/BLOCK_010/index/stream_stripes/stream_00043.tif",7078,NA
"BLOCK_011","index_metadata",NA,NA,NA,NA,NA,"SOURCE_1","core/BLOCK_011/index/index_metadata.rds",1334,NA
"BLOCK_011","reverse",1,1,256,256,7200,"SOURCE_1","core/BLOCK_011/index/reverse_stripes/reverse_00001.tif",443588,NA
"BLOCK_011","reverse",2,257,512,256,7200,"SOURCE_1","core/BLOCK_011/index/reverse_stripes/reverse_00002.tif",425938,NA
"BLOCK_011","reverse",3,513,768,256,7200,"SOURCE_1","core/BLOCK_011/index/reverse_stripes/reverse_00003.tif",414394,NA
"BLOCK_011","reverse",4,769,1024,256,7200,"SOURCE_1","core/BLOCK_011/index/reverse_stripes/reverse_00004.tif",390052,NA
"BLOCK_011","reverse",5,1025,1280,256,7200,"SOURCE_1","core/BLOCK_011/index/reverse_stripes/reverse_00005.tif",380022,NA
"BLOCK_011","reverse",6,1281,1536,256,7200,"SOURCE_1","core/BLOCK_011/index/reverse_stripes/reverse_00006.tif",368946,NA
"BLOCK_011","reverse",7,1537,1792,256,7200,"SOURCE_1","core/BLOCK_011/index/reverse_stripes/reverse_00007.tif",364578,NA
"BLOCK_011","reverse",8,1793,2048,256,7200,"SOURCE_1","core/BLOCK_011/index/reverse_stripes/reverse_00008.tif",362630,NA
"BLOCK_011","reverse",9,2049,2304,256,7200,"SOURCE_1","core/BLOCK_011/index/reverse_stripes/reverse_00009.tif",364688,NA
"BLOCK_011","reverse",10,2305,2560,256,7200,"SOURCE_1","core/BLOCK_011/index/reverse_stripes/reverse_00010.tif",364402,NA
"BLOCK_011","reverse",11,2561,2816,256,7200,"SOURCE_1","core/BLOCK_011/index/reverse_stripes/reverse_00011.tif",387610,NA
"BLOCK_011","reverse",12,2817,3072,256,7200,"SOURCE_1","core/BLOCK_011/index/reverse_stripes/reverse_00012.tif",436870,NA
"BLOCK_011","reverse",13,3073,3328,256,7200,"SOURCE_1","core/BLOCK_011/index/reverse_stripes/reverse_00013.tif",451138,NA
"BLOCK_011","reverse",14,3329,3584,256,7200,"SOURCE_1","core/BLOCK_011/index/reverse_stripes/reverse_00014.tif",411994,NA
"BLOCK_011","reverse",15,3585,3840,256,7200,"SOURCE_1","core/BLOCK_011/index/reverse_stripes/reverse_00015.tif",420900,NA
"BLOCK_011","reverse",16,3841,4096,256,7200,"SOURCE_1","core/BLOCK_011/index/reverse_stripes/reverse_00016.tif",428492,NA
"BLOCK_011","reverse",17,4097,4352,256,7200,"SOURCE_1","core/BLOCK_011/index/reverse_stripes/reverse_00017.tif",399800,NA
"BLOCK_011","reverse",18,4353,4608,256,7200,"SOURCE_1","core/BLOCK_011/index/reverse_stripes/reverse_00018.tif",369350,NA
"BLOCK_011","reverse",19,4609,4864,256,7200,"SOURCE_1","core/BLOCK_011/index/reverse_stripes/reverse_00019.tif",360742,NA
"BLOCK_011","reverse",20,4865,5120,256,7200,"SOURCE_1","core/BLOCK_011/index/reverse_stripes/reverse_00020.tif",353138,NA
"BLOCK_011","reverse",21,5121,5376,256,7200,"SOURCE_1","core/BLOCK_011/index/reverse_stripes/reverse_00021.tif",319430,NA
"BLOCK_011","reverse",22,5377,5632,256,7200,"SOURCE_1","core/BLOCK_011/index/reverse_stripes/reverse_00022.tif",331280,NA
"BLOCK_011","reverse",23,5633,5888,256,7200,"SOURCE_1","core/BLOCK_011/index/reverse_stripes/reverse_00023.tif",322632,NA
"BLOCK_011","reverse",24,5889,6144,256,7200,"SOURCE_1","core/BLOCK_011/index/reverse_stripes/reverse_00024.tif",309218,NA
"BLOCK_011","reverse",25,6145,6400,256,7200,"SOURCE_1","core/BLOCK_011/index/reverse_stripes/reverse_00025.tif",261406,NA
"BLOCK_011","reverse",26,6401,6656,256,7200,"SOURCE_1","core/BLOCK_011/index/reverse_stripes/reverse_00026.tif",233324,NA
"BLOCK_011","reverse",27,6657,6912,256,7200,"SOURCE_1","core/BLOCK_011/index/reverse_stripes/reverse_00027.tif",191810,NA
"BLOCK_011","reverse",28,6913,7168,256,7200,"SOURCE_1","core/BLOCK_011/index/reverse_stripes/reverse_00028.tif",158812,NA
"BLOCK_011","reverse",29,7169,7200,32,7200,"SOURCE_1","core/BLOCK_011/index/reverse_stripes/reverse_00029.tif",25310,NA
"BLOCK_011","run_info",NA,NA,NA,NA,NA,"SOURCE_1","core/BLOCK_011/run_info.csv",1000,NA
"BLOCK_011","stream",1,1,256,256,7200,"SOURCE_1","core/BLOCK_011/index/stream_stripes/stream_00001.tif",12702,NA
"BLOCK_011","stream",2,257,512,256,7200,"SOURCE_1","core/BLOCK_011/index/stream_stripes/stream_00002.tif",14118,NA
"BLOCK_011","stream",3,513,768,256,7200,"SOURCE_1","core/BLOCK_011/index/stream_stripes/stream_00003.tif",13626,NA
"BLOCK_011","stream",4,769,1024,256,7200,"SOURCE_1","core/BLOCK_011/index/stream_stripes/stream_00004.tif",14474,NA
"BLOCK_011","stream",5,1025,1280,256,7200,"SOURCE_1","core/BLOCK_011/index/stream_stripes/stream_00005.tif",14720,NA
"BLOCK_011","stream",6,1281,1536,256,7200,"SOURCE_1","core/BLOCK_011/index/stream_stripes/stream_00006.tif",13694,NA
"BLOCK_011","stream",7,1537,1792,256,7200,"SOURCE_1","core/BLOCK_011/index/stream_stripes/stream_00007.tif",12736,NA
"BLOCK_011","stream",8,1793,2048,256,7200,"SOURCE_1","core/BLOCK_011/index/stream_stripes/stream_00008.tif",14068,NA
"BLOCK_011","stream",9,2049,2304,256,7200,"SOURCE_1","core/BLOCK_011/index/stream_stripes/stream_00009.tif",12734,NA
"BLOCK_011","stream",10,2305,2560,256,7200,"SOURCE_1","core/BLOCK_011/index/stream_stripes/stream_00010.tif",12224,NA
"BLOCK_011","stream",11,2561,2816,256,7200,"SOURCE_1","core/BLOCK_011/index/stream_stripes/stream_00011.tif",13084,NA
"BLOCK_011","stream",12,2817,3072,256,7200,"SOURCE_1","core/BLOCK_011/index/stream_stripes/stream_00012.tif",17568,NA
"BLOCK_011","stream",13,3073,3328,256,7200,"SOURCE_1","core/BLOCK_011/index/stream_stripes/stream_00013.tif",15620,NA
"BLOCK_011","stream",14,3329,3584,256,7200,"SOURCE_1","core/BLOCK_011/index/stream_stripes/stream_00014.tif",13598,NA
"BLOCK_011","stream",15,3585,3840,256,7200,"SOURCE_1","core/BLOCK_011/index/stream_stripes/stream_00015.tif",13070,NA
"BLOCK_011","stream",16,3841,4096,256,7200,"SOURCE_1","core/BLOCK_011/index/stream_stripes/stream_00016.tif",14398,NA
"BLOCK_011","stream",17,4097,4352,256,7200,"SOURCE_1","core/BLOCK_011/index/stream_stripes/stream_00017.tif",13184,NA
"BLOCK_011","stream",18,4353,4608,256,7200,"SOURCE_1","core/BLOCK_011/index/stream_stripes/stream_00018.tif",13240,NA
"BLOCK_011","stream",19,4609,4864,256,7200,"SOURCE_1","core/BLOCK_011/index/stream_stripes/stream_00019.tif",13534,NA
"BLOCK_011","stream",20,4865,5120,256,7200,"SOURCE_1","core/BLOCK_011/index/stream_stripes/stream_00020.tif",11894,NA
"BLOCK_011","stream",21,5121,5376,256,7200,"SOURCE_1","core/BLOCK_011/index/stream_stripes/stream_00021.tif",13612,NA
"BLOCK_011","stream",22,5377,5632,256,7200,"SOURCE_1","core/BLOCK_011/index/stream_stripes/stream_00022.tif",13350,NA
"BLOCK_011","stream",23,5633,5888,256,7200,"SOURCE_1","core/BLOCK_011/index/stream_stripes/stream_00023.tif",11936,NA
"BLOCK_011","stream",24,5889,6144,256,7200,"SOURCE_1","core/BLOCK_011/index/stream_stripes/stream_00024.tif",12754,NA
"BLOCK_011","stream",25,6145,6400,256,7200,"SOURCE_1","core/BLOCK_011/index/stream_stripes/stream_00025.tif",10892,NA
"BLOCK_011","stream",26,6401,6656,256,7200,"SOURCE_1","core/BLOCK_011/index/stream_stripes/stream_00026.tif",12600,NA
"BLOCK_011","stream",27,6657,6912,256,7200,"SOURCE_1","core/BLOCK_011/index/stream_stripes/stream_00027.tif",10934,NA
"BLOCK_011","stream",28,6913,7168,256,7200,"SOURCE_1","core/BLOCK_011/index/stream_stripes/stream_00028.tif",9910,NA
"BLOCK_011","stream",29,7169,7200,32,7200,"SOURCE_1","core/BLOCK_011/index/stream_stripes/stream_00029.tif",4606,NA
"BLOCK_012","index_metadata",NA,NA,NA,NA,NA,"SOURCE_1","core/BLOCK_012/index/index_metadata.rds",1333,NA
"BLOCK_012","reverse",1,1,256,256,10800,"SOURCE_1","core/BLOCK_012/index/reverse_stripes/reverse_00001.tif",683298,NA
"BLOCK_012","reverse",2,257,512,256,10800,"SOURCE_1","core/BLOCK_012/index/reverse_stripes/reverse_00002.tif",695086,NA
"BLOCK_012","reverse",3,513,768,256,10800,"SOURCE_1","core/BLOCK_012/index/reverse_stripes/reverse_00003.tif",709254,NA
"BLOCK_012","reverse",4,769,1024,256,10800,"SOURCE_1","core/BLOCK_012/index/reverse_stripes/reverse_00004.tif",704004,NA
"BLOCK_012","reverse",5,1025,1280,256,10800,"SOURCE_1","core/BLOCK_012/index/reverse_stripes/reverse_00005.tif",701094,NA
"BLOCK_012","reverse",6,1281,1536,256,10800,"SOURCE_1","core/BLOCK_012/index/reverse_stripes/reverse_00006.tif",687752,NA
"BLOCK_012","reverse",7,1537,1792,256,10800,"SOURCE_1","core/BLOCK_012/index/reverse_stripes/reverse_00007.tif",661758,NA
"BLOCK_012","reverse",8,1793,2048,256,10800,"SOURCE_1","core/BLOCK_012/index/reverse_stripes/reverse_00008.tif",642094,NA
"BLOCK_012","reverse",9,2049,2304,256,10800,"SOURCE_1","core/BLOCK_012/index/reverse_stripes/reverse_00009.tif",647756,NA
"BLOCK_012","reverse",10,2305,2560,256,10800,"SOURCE_1","core/BLOCK_012/index/reverse_stripes/reverse_00010.tif",628824,NA
"BLOCK_012","reverse",11,2561,2816,256,10800,"SOURCE_1","core/BLOCK_012/index/reverse_stripes/reverse_00011.tif",618346,NA
"BLOCK_012","reverse",12,2817,3072,256,10800,"SOURCE_1","core/BLOCK_012/index/reverse_stripes/reverse_00012.tif",659218,NA
"BLOCK_012","reverse",13,3073,3328,256,10800,"SOURCE_1","core/BLOCK_012/index/reverse_stripes/reverse_00013.tif",704012,NA
"BLOCK_012","reverse",14,3329,3584,256,10800,"SOURCE_1","core/BLOCK_012/index/reverse_stripes/reverse_00014.tif",699786,NA
"BLOCK_012","reverse",15,3585,3840,256,10800,"SOURCE_1","core/BLOCK_012/index/reverse_stripes/reverse_00015.tif",957328,NA
"BLOCK_012","reverse",16,3841,4096,256,10800,"SOURCE_1","core/BLOCK_012/index/reverse_stripes/reverse_00016.tif",969758,NA
"BLOCK_012","reverse",17,4097,4352,256,10800,"SOURCE_1","core/BLOCK_012/index/reverse_stripes/reverse_00017.tif",918012,NA
"BLOCK_012","reverse",18,4353,4608,256,10800,"SOURCE_1","core/BLOCK_012/index/reverse_stripes/reverse_00018.tif",846522,NA
"BLOCK_012","reverse",19,4609,4864,256,10800,"SOURCE_1","core/BLOCK_012/index/reverse_stripes/reverse_00019.tif",734432,NA
"BLOCK_012","reverse",20,4865,5120,256,10800,"SOURCE_1","core/BLOCK_012/index/reverse_stripes/reverse_00020.tif",728376,NA
"BLOCK_012","reverse",21,5121,5376,256,10800,"SOURCE_1","core/BLOCK_012/index/reverse_stripes/reverse_00021.tif",745766,NA
"BLOCK_012","reverse",22,5377,5632,256,10800,"SOURCE_1","core/BLOCK_012/index/reverse_stripes/reverse_00022.tif",721928,NA
"BLOCK_012","reverse",23,5633,5888,256,10800,"SOURCE_1","core/BLOCK_012/index/reverse_stripes/reverse_00023.tif",696578,NA
"BLOCK_012","reverse",24,5889,6144,256,10800,"SOURCE_1","core/BLOCK_012/index/reverse_stripes/reverse_00024.tif",673848,NA
"BLOCK_012","reverse",25,6145,6400,256,10800,"SOURCE_1","core/BLOCK_012/index/reverse_stripes/reverse_00025.tif",653720,NA
"BLOCK_012","reverse",26,6401,6656,256,10800,"SOURCE_1","core/BLOCK_012/index/reverse_stripes/reverse_00026.tif",644556,NA
"BLOCK_012","reverse",27,6657,6912,256,10800,"SOURCE_1","core/BLOCK_012/index/reverse_stripes/reverse_00027.tif",629004,NA
"BLOCK_012","reverse",28,6913,7168,256,10800,"SOURCE_1","core/BLOCK_012/index/reverse_stripes/reverse_00028.tif",610368,NA
"BLOCK_012","reverse",29,7169,7424,256,10800,"SOURCE_1","core/BLOCK_012/index/reverse_stripes/reverse_00029.tif",584604,NA
"BLOCK_012","reverse",30,7425,7680,256,10800,"SOURCE_1","core/BLOCK_012/index/reverse_stripes/reverse_00030.tif",539190,NA
"BLOCK_012","reverse",31,7681,7936,256,10800,"SOURCE_1","core/BLOCK_012/index/reverse_stripes/reverse_00031.tif",529510,NA
"BLOCK_012","reverse",32,7937,8192,256,10800,"SOURCE_1","core/BLOCK_012/index/reverse_stripes/reverse_00032.tif",510992,NA
"BLOCK_012","reverse",33,8193,8448,256,10800,"SOURCE_1","core/BLOCK_012/index/reverse_stripes/reverse_00033.tif",499448,NA
"BLOCK_012","reverse",34,8449,8704,256,10800,"SOURCE_1","core/BLOCK_012/index/reverse_stripes/reverse_00034.tif",498736,NA
"BLOCK_012","reverse",35,8705,8960,256,10800,"SOURCE_1","core/BLOCK_012/index/reverse_stripes/reverse_00035.tif",500848,NA
"BLOCK_012","reverse",36,8961,9216,256,10800,"SOURCE_1","core/BLOCK_012/index/reverse_stripes/reverse_00036.tif",487624,NA
"BLOCK_012","reverse",37,9217,9472,256,10800,"SOURCE_1","core/BLOCK_012/index/reverse_stripes/reverse_00037.tif",493238,NA
"BLOCK_012","reverse",38,9473,9728,256,10800,"SOURCE_1","core/BLOCK_012/index/reverse_stripes/reverse_00038.tif",469594,NA
"BLOCK_012","reverse",39,9729,9984,256,10800,"SOURCE_1","core/BLOCK_012/index/reverse_stripes/reverse_00039.tif",455688,NA
"BLOCK_012","reverse",40,9985,10240,256,10800,"SOURCE_1","core/BLOCK_012/index/reverse_stripes/reverse_00040.tif",429882,NA
"BLOCK_012","reverse",41,10241,10496,256,10800,"SOURCE_1","core/BLOCK_012/index/reverse_stripes/reverse_00041.tif",412360,NA
"BLOCK_012","reverse",42,10497,10752,256,10800,"SOURCE_1","core/BLOCK_012/index/reverse_stripes/reverse_00042.tif",404954,NA
"BLOCK_012","reverse",43,10753,10800,48,10800,"SOURCE_1","core/BLOCK_012/index/reverse_stripes/reverse_00043.tif",85792,NA
"BLOCK_012","run_info",NA,NA,NA,NA,NA,"SOURCE_1","core/BLOCK_012/run_info.csv",1084,NA
"BLOCK_012","stream",1,1,256,256,10800,"SOURCE_1","core/BLOCK_012/index/stream_stripes/stream_00001.tif",18906,NA
"BLOCK_012","stream",2,257,512,256,10800,"SOURCE_1","core/BLOCK_012/index/stream_stripes/stream_00002.tif",21242,NA
"BLOCK_012","stream",3,513,768,256,10800,"SOURCE_1","core/BLOCK_012/index/stream_stripes/stream_00003.tif",21196,NA
"BLOCK_012","stream",4,769,1024,256,10800,"SOURCE_1","core/BLOCK_012/index/stream_stripes/stream_00004.tif",21514,NA
"BLOCK_012","stream",5,1025,1280,256,10800,"SOURCE_1","core/BLOCK_012/index/stream_stripes/stream_00005.tif",22152,NA
"BLOCK_012","stream",6,1281,1536,256,10800,"SOURCE_1","core/BLOCK_012/index/stream_stripes/stream_00006.tif",22886,NA
"BLOCK_012","stream",7,1537,1792,256,10800,"SOURCE_1","core/BLOCK_012/index/stream_stripes/stream_00007.tif",21178,NA
"BLOCK_012","stream",8,1793,2048,256,10800,"SOURCE_1","core/BLOCK_012/index/stream_stripes/stream_00008.tif",19974,NA
"BLOCK_012","stream",9,2049,2304,256,10800,"SOURCE_1","core/BLOCK_012/index/stream_stripes/stream_00009.tif",19180,NA
"BLOCK_012","stream",10,2305,2560,256,10800,"SOURCE_1","core/BLOCK_012/index/stream_stripes/stream_00010.tif",19940,NA
"BLOCK_012","stream",11,2561,2816,256,10800,"SOURCE_1","core/BLOCK_012/index/stream_stripes/stream_00011.tif",22390,NA
"BLOCK_012","stream",12,2817,3072,256,10800,"SOURCE_1","core/BLOCK_012/index/stream_stripes/stream_00012.tif",22796,NA
"BLOCK_012","stream",13,3073,3328,256,10800,"SOURCE_1","core/BLOCK_012/index/stream_stripes/stream_00013.tif",24906,NA
"BLOCK_012","stream",14,3329,3584,256,10800,"SOURCE_1","core/BLOCK_012/index/stream_stripes/stream_00014.tif",19474,NA
"BLOCK_012","stream",15,3585,3840,256,10800,"SOURCE_1","core/BLOCK_012/index/stream_stripes/stream_00015.tif",27506,NA
"BLOCK_012","stream",16,3841,4096,256,10800,"SOURCE_1","core/BLOCK_012/index/stream_stripes/stream_00016.tif",28344,NA
"BLOCK_012","stream",17,4097,4352,256,10800,"SOURCE_1","core/BLOCK_012/index/stream_stripes/stream_00017.tif",27514,NA
"BLOCK_012","stream",18,4353,4608,256,10800,"SOURCE_1","core/BLOCK_012/index/stream_stripes/stream_00018.tif",28208,NA
"BLOCK_012","stream",19,4609,4864,256,10800,"SOURCE_1","core/BLOCK_012/index/stream_stripes/stream_00019.tif",24660,NA
"BLOCK_012","stream",20,4865,5120,256,10800,"SOURCE_1","core/BLOCK_012/index/stream_stripes/stream_00020.tif",24558,NA
"BLOCK_012","stream",21,5121,5376,256,10800,"SOURCE_1","core/BLOCK_012/index/stream_stripes/stream_00021.tif",22774,NA
"BLOCK_012","stream",22,5377,5632,256,10800,"SOURCE_1","core/BLOCK_012/index/stream_stripes/stream_00022.tif",21860,NA
"BLOCK_012","stream",23,5633,5888,256,10800,"SOURCE_1","core/BLOCK_012/index/stream_stripes/stream_00023.tif",22754,NA
"BLOCK_012","stream",24,5889,6144,256,10800,"SOURCE_1","core/BLOCK_012/index/stream_stripes/stream_00024.tif",21928,NA
"BLOCK_012","stream",25,6145,6400,256,10800,"SOURCE_1","core/BLOCK_012/index/stream_stripes/stream_00025.tif",21456,NA
"BLOCK_012","stream",26,6401,6656,256,10800,"SOURCE_1","core/BLOCK_012/index/stream_stripes/stream_00026.tif",20032,NA
"BLOCK_012","stream",27,6657,6912,256,10800,"SOURCE_1","core/BLOCK_012/index/stream_stripes/stream_00027.tif",19080,NA
"BLOCK_012","stream",28,6913,7168,256,10800,"SOURCE_1","core/BLOCK_012/index/stream_stripes/stream_00028.tif",18244,NA
"BLOCK_012","stream",29,7169,7424,256,10800,"SOURCE_1","core/BLOCK_012/index/stream_stripes/stream_00029.tif",18274,NA
"BLOCK_012","stream",30,7425,7680,256,10800,"SOURCE_1","core/BLOCK_012/index/stream_stripes/stream_00030.tif",17678,NA
"BLOCK_012","stream",31,7681,7936,256,10800,"SOURCE_1","core/BLOCK_012/index/stream_stripes/stream_00031.tif",18134,NA
"BLOCK_012","stream",32,7937,8192,256,10800,"SOURCE_1","core/BLOCK_012/index/stream_stripes/stream_00032.tif",17332,NA
"BLOCK_012","stream",33,8193,8448,256,10800,"SOURCE_1","core/BLOCK_012/index/stream_stripes/stream_00033.tif",17580,NA
"BLOCK_012","stream",34,8449,8704,256,10800,"SOURCE_1","core/BLOCK_012/index/stream_stripes/stream_00034.tif",12796,NA
"BLOCK_012","stream",35,8705,8960,256,10800,"SOURCE_1","core/BLOCK_012/index/stream_stripes/stream_00035.tif",18294,NA
"BLOCK_012","stream",36,8961,9216,256,10800,"SOURCE_1","core/BLOCK_012/index/stream_stripes/stream_00036.tif",17088,NA
"BLOCK_012","stream",37,9217,9472,256,10800,"SOURCE_1","core/BLOCK_012/index/stream_stripes/stream_00037.tif",18050,NA
"BLOCK_012","stream",38,9473,9728,256,10800,"SOURCE_1","core/BLOCK_012/index/stream_stripes/stream_00038.tif",17362,NA
"BLOCK_012","stream",39,9729,9984,256,10800,"SOURCE_1","core/BLOCK_012/index/stream_stripes/stream_00039.tif",18356,NA
"BLOCK_012","stream",40,9985,10240,256,10800,"SOURCE_1","core/BLOCK_012/index/stream_stripes/stream_00040.tif",16842,NA
"BLOCK_012","stream",41,10241,10496,256,10800,"SOURCE_1","core/BLOCK_012/index/stream_stripes/stream_00041.tif",16218,NA
"BLOCK_012","stream",42,10497,10752,256,10800,"SOURCE_1","core/BLOCK_012/index/stream_stripes/stream_00042.tif",15902,NA
"BLOCK_012","stream",43,10753,10800,48,10800,"SOURCE_1","core/BLOCK_012/index/stream_stripes/stream_00043.tif",7714,NA
"BLOCK_013","index_metadata",NA,NA,NA,NA,NA,"SOURCE_1","core/BLOCK_013/index/index_metadata.rds",1327,NA
"BLOCK_013","reverse",1,1,256,256,7200,"SOURCE_1","core/BLOCK_013/index/reverse_stripes/reverse_00001.tif",377700,NA
"BLOCK_013","reverse",2,257,512,256,7200,"SOURCE_1","core/BLOCK_013/index/reverse_stripes/reverse_00002.tif",419294,NA
"BLOCK_013","reverse",3,513,768,256,7200,"SOURCE_1","core/BLOCK_013/index/reverse_stripes/reverse_00003.tif",434894,NA
"BLOCK_013","reverse",4,769,1024,256,7200,"SOURCE_1","core/BLOCK_013/index/reverse_stripes/reverse_00004.tif",434604,NA
"BLOCK_013","reverse",5,1025,1280,256,7200,"SOURCE_1","core/BLOCK_013/index/reverse_stripes/reverse_00005.tif",395472,NA
"BLOCK_013","reverse",6,1281,1536,256,7200,"SOURCE_1","core/BLOCK_013/index/reverse_stripes/reverse_00006.tif",364404,NA
"BLOCK_013","reverse",7,1537,1792,256,7200,"SOURCE_1","core/BLOCK_013/index/reverse_stripes/reverse_00007.tif",341264,NA
"BLOCK_013","reverse",8,1793,2048,256,7200,"SOURCE_1","core/BLOCK_013/index/reverse_stripes/reverse_00008.tif",326046,NA
"BLOCK_013","reverse",9,2049,2304,256,7200,"SOURCE_1","core/BLOCK_013/index/reverse_stripes/reverse_00009.tif",317370,NA
"BLOCK_013","reverse",10,2305,2560,256,7200,"SOURCE_1","core/BLOCK_013/index/reverse_stripes/reverse_00010.tif",296420,NA
"BLOCK_013","reverse",11,2561,2816,256,7200,"SOURCE_1","core/BLOCK_013/index/reverse_stripes/reverse_00011.tif",285982,NA
"BLOCK_013","reverse",12,2817,3072,256,7200,"SOURCE_1","core/BLOCK_013/index/reverse_stripes/reverse_00012.tif",349290,NA
"BLOCK_013","reverse",13,3073,3328,256,7200,"SOURCE_1","core/BLOCK_013/index/reverse_stripes/reverse_00013.tif",413638,NA
"BLOCK_013","reverse",14,3329,3584,256,7200,"SOURCE_1","core/BLOCK_013/index/reverse_stripes/reverse_00014.tif",422410,NA
"BLOCK_013","reverse",15,3585,3840,256,7200,"SOURCE_1","core/BLOCK_013/index/reverse_stripes/reverse_00015.tif",369718,NA
"BLOCK_013","reverse",16,3841,4096,256,7200,"SOURCE_1","core/BLOCK_013/index/reverse_stripes/reverse_00016.tif",338230,NA
"BLOCK_013","reverse",17,4097,4352,256,7200,"SOURCE_1","core/BLOCK_013/index/reverse_stripes/reverse_00017.tif",261648,NA
"BLOCK_013","reverse",18,4353,4608,256,7200,"SOURCE_1","core/BLOCK_013/index/reverse_stripes/reverse_00018.tif",201050,NA
"BLOCK_013","reverse",19,4609,4864,256,7200,"SOURCE_1","core/BLOCK_013/index/reverse_stripes/reverse_00019.tif",107788,NA
"BLOCK_013","reverse",20,4865,5120,256,7200,"SOURCE_1","core/BLOCK_013/index/reverse_stripes/reverse_00020.tif",94470,NA
"BLOCK_013","reverse",21,5121,5376,256,7200,"SOURCE_1","core/BLOCK_013/index/reverse_stripes/reverse_00021.tif",88712,NA
"BLOCK_013","reverse",22,5377,5632,256,7200,"SOURCE_1","core/BLOCK_013/index/reverse_stripes/reverse_00022.tif",69868,NA
"BLOCK_013","reverse",23,5633,5888,256,7200,"SOURCE_1","core/BLOCK_013/index/reverse_stripes/reverse_00023.tif",51930,NA
"BLOCK_013","reverse",24,5889,6144,256,7200,"SOURCE_1","core/BLOCK_013/index/reverse_stripes/reverse_00024.tif",33540,NA
"BLOCK_013","reverse",25,6145,6400,256,7200,"SOURCE_1","core/BLOCK_013/index/reverse_stripes/reverse_00025.tif",10158,NA
"BLOCK_013","reverse",26,6401,6656,256,7200,"SOURCE_1","core/BLOCK_013/index/reverse_stripes/reverse_00026.tif",6311,NA
"BLOCK_013","reverse",27,6657,6912,256,7200,"SOURCE_1","core/BLOCK_013/index/reverse_stripes/reverse_00027.tif",6420,NA
"BLOCK_013","reverse",28,6913,7168,256,7200,"SOURCE_1","core/BLOCK_013/index/reverse_stripes/reverse_00028.tif",8908,NA
"BLOCK_013","reverse",29,7169,7200,32,7200,"SOURCE_1","core/BLOCK_013/index/reverse_stripes/reverse_00029.tif",4537,NA
"BLOCK_013","run_info",NA,NA,NA,NA,NA,"SOURCE_1","core/BLOCK_013/run_info.csv",1000,NA
"BLOCK_013","stream",1,1,256,256,7200,"SOURCE_1","core/BLOCK_013/index/stream_stripes/stream_00001.tif",12338,NA
"BLOCK_013","stream",2,257,512,256,7200,"SOURCE_1","core/BLOCK_013/index/stream_stripes/stream_00002.tif",14978,NA
"BLOCK_013","stream",3,513,768,256,7200,"SOURCE_1","core/BLOCK_013/index/stream_stripes/stream_00003.tif",13304,NA
"BLOCK_013","stream",4,769,1024,256,7200,"SOURCE_1","core/BLOCK_013/index/stream_stripes/stream_00004.tif",13452,NA
"BLOCK_013","stream",5,1025,1280,256,7200,"SOURCE_1","core/BLOCK_013/index/stream_stripes/stream_00005.tif",14824,NA
"BLOCK_013","stream",6,1281,1536,256,7200,"SOURCE_1","core/BLOCK_013/index/stream_stripes/stream_00006.tif",13974,NA
"BLOCK_013","stream",7,1537,1792,256,7200,"SOURCE_1","core/BLOCK_013/index/stream_stripes/stream_00007.tif",13892,NA
"BLOCK_013","stream",8,1793,2048,256,7200,"SOURCE_1","core/BLOCK_013/index/stream_stripes/stream_00008.tif",13366,NA
"BLOCK_013","stream",9,2049,2304,256,7200,"SOURCE_1","core/BLOCK_013/index/stream_stripes/stream_00009.tif",12912,NA
"BLOCK_013","stream",10,2305,2560,256,7200,"SOURCE_1","core/BLOCK_013/index/stream_stripes/stream_00010.tif",13370,NA
"BLOCK_013","stream",11,2561,2816,256,7200,"SOURCE_1","core/BLOCK_013/index/stream_stripes/stream_00011.tif",14656,NA
"BLOCK_013","stream",12,2817,3072,256,7200,"SOURCE_1","core/BLOCK_013/index/stream_stripes/stream_00012.tif",15062,NA
"BLOCK_013","stream",13,3073,3328,256,7200,"SOURCE_1","core/BLOCK_013/index/stream_stripes/stream_00013.tif",15664,NA
"BLOCK_013","stream",14,3329,3584,256,7200,"SOURCE_1","core/BLOCK_013/index/stream_stripes/stream_00014.tif",11610,NA
"BLOCK_013","stream",15,3585,3840,256,7200,"SOURCE_1","core/BLOCK_013/index/stream_stripes/stream_00015.tif",12994,NA
"BLOCK_013","stream",16,3841,4096,256,7200,"SOURCE_1","core/BLOCK_013/index/stream_stripes/stream_00016.tif",13488,NA
"BLOCK_013","stream",17,4097,4352,256,7200,"SOURCE_1","core/BLOCK_013/index/stream_stripes/stream_00017.tif",13800,NA
"BLOCK_013","stream",18,4353,4608,256,7200,"SOURCE_1","core/BLOCK_013/index/stream_stripes/stream_00018.tif",11582,NA
"BLOCK_013","stream",19,4609,4864,256,7200,"SOURCE_1","core/BLOCK_013/index/stream_stripes/stream_00019.tif",8568,NA
"BLOCK_013","stream",20,4865,5120,256,7200,"SOURCE_1","core/BLOCK_013/index/stream_stripes/stream_00020.tif",8466,NA
"BLOCK_013","stream",21,5121,5376,256,7200,"SOURCE_1","core/BLOCK_013/index/stream_stripes/stream_00021.tif",7854,NA
"BLOCK_013","stream",22,5377,5632,256,7200,"SOURCE_1","core/BLOCK_013/index/stream_stripes/stream_00022.tif",6750,NA
"BLOCK_013","stream",23,5633,5888,256,7200,"SOURCE_1","core/BLOCK_013/index/stream_stripes/stream_00023.tif",6732,NA
"BLOCK_013","stream",24,5889,6144,256,7200,"SOURCE_1","core/BLOCK_013/index/stream_stripes/stream_00024.tif",6246,NA
"BLOCK_013","stream",25,6145,6400,256,7200,"SOURCE_1","core/BLOCK_013/index/stream_stripes/stream_00025.tif",5286,NA
"BLOCK_013","stream",26,6401,6656,256,7200,"SOURCE_1","core/BLOCK_013/index/stream_stripes/stream_00026.tif",5662,NA
"BLOCK_013","stream",27,6657,6912,256,7200,"SOURCE_1","core/BLOCK_013/index/stream_stripes/stream_00027.tif",5158,NA
"BLOCK_013","stream",28,6913,7168,256,7200,"SOURCE_1","core/BLOCK_013/index/stream_stripes/stream_00028.tif",5554,NA
"BLOCK_013","stream",29,7169,7200,32,7200,"SOURCE_1","core/BLOCK_013/index/stream_stripes/stream_00029.tif",4354,NA
"BLOCK_014","index_metadata",NA,NA,NA,NA,NA,"SOURCE_1","core/BLOCK_014/index/index_metadata.rds",1352,NA
"BLOCK_014","reverse",1,1,256,256,14400,"SOURCE_1","core/BLOCK_014/index/reverse_stripes/reverse_00001.tif",331776,NA
"BLOCK_014","reverse",2,257,512,256,14400,"SOURCE_1","core/BLOCK_014/index/reverse_stripes/reverse_00002.tif",317282,NA
"BLOCK_014","reverse",3,513,768,256,14400,"SOURCE_1","core/BLOCK_014/index/reverse_stripes/reverse_00003.tif",318764,NA
"BLOCK_014","reverse",4,769,1024,256,14400,"SOURCE_1","core/BLOCK_014/index/reverse_stripes/reverse_00004.tif",310224,NA
"BLOCK_014","reverse",5,1025,1280,256,14400,"SOURCE_1","core/BLOCK_014/index/reverse_stripes/reverse_00005.tif",305794,NA
"BLOCK_014","reverse",6,1281,1536,256,14400,"SOURCE_1","core/BLOCK_014/index/reverse_stripes/reverse_00006.tif",310628,NA
"BLOCK_014","reverse",7,1537,1792,256,14400,"SOURCE_1","core/BLOCK_014/index/reverse_stripes/reverse_00007.tif",315466,NA
"BLOCK_014","reverse",8,1793,2048,256,14400,"SOURCE_1","core/BLOCK_014/index/reverse_stripes/reverse_00008.tif",321444,NA
"BLOCK_014","reverse",9,2049,2304,256,14400,"SOURCE_1","core/BLOCK_014/index/reverse_stripes/reverse_00009.tif",327840,NA
"BLOCK_014","reverse",10,2305,2560,256,14400,"SOURCE_1","core/BLOCK_014/index/reverse_stripes/reverse_00010.tif",322830,NA
"BLOCK_014","reverse",11,2561,2816,256,14400,"SOURCE_1","core/BLOCK_014/index/reverse_stripes/reverse_00011.tif",318444,NA
"BLOCK_014","reverse",12,2817,3072,256,14400,"SOURCE_1","core/BLOCK_014/index/reverse_stripes/reverse_00012.tif",314362,NA
"BLOCK_014","reverse",13,3073,3328,256,14400,"SOURCE_1","core/BLOCK_014/index/reverse_stripes/reverse_00013.tif",311832,NA
"BLOCK_014","reverse",14,3329,3584,256,14400,"SOURCE_1","core/BLOCK_014/index/reverse_stripes/reverse_00014.tif",317674,NA
"BLOCK_014","reverse",15,3585,3840,256,14400,"SOURCE_1","core/BLOCK_014/index/reverse_stripes/reverse_00015.tif",379222,NA
"BLOCK_014","reverse",16,3841,4096,256,14400,"SOURCE_1","core/BLOCK_014/index/reverse_stripes/reverse_00016.tif",351908,NA
"BLOCK_014","reverse",17,4097,4352,256,14400,"SOURCE_1","core/BLOCK_014/index/reverse_stripes/reverse_00017.tif",329686,NA
"BLOCK_014","reverse",18,4353,4608,256,14400,"SOURCE_1","core/BLOCK_014/index/reverse_stripes/reverse_00018.tif",312416,NA
"BLOCK_014","reverse",19,4609,4864,256,14400,"SOURCE_1","core/BLOCK_014/index/reverse_stripes/reverse_00019.tif",298734,NA
"BLOCK_014","reverse",20,4865,5120,256,14400,"SOURCE_1","core/BLOCK_014/index/reverse_stripes/reverse_00020.tif",285840,NA
"BLOCK_014","reverse",21,5121,5376,256,14400,"SOURCE_1","core/BLOCK_014/index/reverse_stripes/reverse_00021.tif",293748,NA
"BLOCK_014","reverse",22,5377,5632,256,14400,"SOURCE_1","core/BLOCK_014/index/reverse_stripes/reverse_00022.tif",270924,NA
"BLOCK_014","reverse",23,5633,5888,256,14400,"SOURCE_1","core/BLOCK_014/index/reverse_stripes/reverse_00023.tif",251996,NA
"BLOCK_014","reverse",24,5889,6144,256,14400,"SOURCE_1","core/BLOCK_014/index/reverse_stripes/reverse_00024.tif",243416,NA
"BLOCK_014","reverse",25,6145,6400,256,14400,"SOURCE_1","core/BLOCK_014/index/reverse_stripes/reverse_00025.tif",247536,NA
"BLOCK_014","reverse",26,6401,6656,256,14400,"SOURCE_1","core/BLOCK_014/index/reverse_stripes/reverse_00026.tif",235634,NA
"BLOCK_014","reverse",27,6657,6912,256,14400,"SOURCE_1","core/BLOCK_014/index/reverse_stripes/reverse_00027.tif",222774,NA
"BLOCK_014","reverse",28,6913,7168,256,14400,"SOURCE_1","core/BLOCK_014/index/reverse_stripes/reverse_00028.tif",215696,NA
"BLOCK_014","reverse",29,7169,7424,256,14400,"SOURCE_1","core/BLOCK_014/index/reverse_stripes/reverse_00029.tif",296554,NA
"BLOCK_014","reverse",30,7425,7680,256,14400,"SOURCE_1","core/BLOCK_014/index/reverse_stripes/reverse_00030.tif",304350,NA
"BLOCK_014","reverse",31,7681,7936,256,14400,"SOURCE_1","core/BLOCK_014/index/reverse_stripes/reverse_00031.tif",302332,NA
"BLOCK_014","reverse",32,7937,8192,256,14400,"SOURCE_1","core/BLOCK_014/index/reverse_stripes/reverse_00032.tif",301272,NA
"BLOCK_014","reverse",33,8193,8448,256,14400,"SOURCE_1","core/BLOCK_014/index/reverse_stripes/reverse_00033.tif",293328,NA
"BLOCK_014","reverse",34,8449,8704,256,14400,"SOURCE_1","core/BLOCK_014/index/reverse_stripes/reverse_00034.tif",288392,NA
"BLOCK_014","reverse",35,8705,8960,256,14400,"SOURCE_1","core/BLOCK_014/index/reverse_stripes/reverse_00035.tif",292554,NA
"BLOCK_014","reverse",36,8961,9216,256,14400,"SOURCE_1","core/BLOCK_014/index/reverse_stripes/reverse_00036.tif",303020,NA
"BLOCK_014","reverse",37,9217,9472,256,14400,"SOURCE_1","core/BLOCK_014/index/reverse_stripes/reverse_00037.tif",299802,NA
"BLOCK_014","reverse",38,9473,9728,256,14400,"SOURCE_1","core/BLOCK_014/index/reverse_stripes/reverse_00038.tif",294440,NA
"BLOCK_014","reverse",39,9729,9984,256,14400,"SOURCE_1","core/BLOCK_014/index/reverse_stripes/reverse_00039.tif",294908,NA
"BLOCK_014","reverse",40,9985,10240,256,14400,"SOURCE_1","core/BLOCK_014/index/reverse_stripes/reverse_00040.tif",292564,NA
"BLOCK_014","reverse",41,10241,10496,256,14400,"SOURCE_1","core/BLOCK_014/index/reverse_stripes/reverse_00041.tif",295646,NA
"BLOCK_014","reverse",42,10497,10752,256,14400,"SOURCE_1","core/BLOCK_014/index/reverse_stripes/reverse_00042.tif",296404,NA
"BLOCK_014","reverse",43,10753,11008,256,14400,"SOURCE_1","core/BLOCK_014/index/reverse_stripes/reverse_00043.tif",552544,NA
"BLOCK_014","reverse",44,11009,11264,256,14400,"SOURCE_1","core/BLOCK_014/index/reverse_stripes/reverse_00044.tif",609692,NA
"BLOCK_014","reverse",45,11265,11520,256,14400,"SOURCE_1","core/BLOCK_014/index/reverse_stripes/reverse_00045.tif",598482,NA
"BLOCK_014","reverse",46,11521,11776,256,14400,"SOURCE_1","core/BLOCK_014/index/reverse_stripes/reverse_00046.tif",598840,NA
"BLOCK_014","reverse",47,11777,12032,256,14400,"SOURCE_1","core/BLOCK_014/index/reverse_stripes/reverse_00047.tif",603574,NA
"BLOCK_014","reverse",48,12033,12288,256,14400,"SOURCE_1","core/BLOCK_014/index/reverse_stripes/reverse_00048.tif",605526,NA
"BLOCK_014","reverse",49,12289,12544,256,14400,"SOURCE_1","core/BLOCK_014/index/reverse_stripes/reverse_00049.tif",611224,NA
"BLOCK_014","reverse",50,12545,12800,256,14400,"SOURCE_1","core/BLOCK_014/index/reverse_stripes/reverse_00050.tif",603238,NA
"BLOCK_014","reverse",51,12801,13056,256,14400,"SOURCE_1","core/BLOCK_014/index/reverse_stripes/reverse_00051.tif",597520,NA
"BLOCK_014","reverse",52,13057,13312,256,14400,"SOURCE_1","core/BLOCK_014/index/reverse_stripes/reverse_00052.tif",572958,NA
"BLOCK_014","reverse",53,13313,13568,256,14400,"SOURCE_1","core/BLOCK_014/index/reverse_stripes/reverse_00053.tif",552414,NA
"BLOCK_014","reverse",54,13569,13824,256,14400,"SOURCE_1","core/BLOCK_014/index/reverse_stripes/reverse_00054.tif",527086,NA
"BLOCK_014","reverse",55,13825,14080,256,14400,"SOURCE_1","core/BLOCK_014/index/reverse_stripes/reverse_00055.tif",510492,NA
"BLOCK_014","reverse",56,14081,14336,256,14400,"SOURCE_1","core/BLOCK_014/index/reverse_stripes/reverse_00056.tif",521290,NA
"BLOCK_014","reverse",57,14337,14592,256,14400,"SOURCE_1","core/BLOCK_014/index/reverse_stripes/reverse_00057.tif",471128,NA
"BLOCK_014","reverse",58,14593,14848,256,14400,"SOURCE_1","core/BLOCK_014/index/reverse_stripes/reverse_00058.tif",478688,NA
"BLOCK_014","reverse",59,14849,15104,256,14400,"SOURCE_1","core/BLOCK_014/index/reverse_stripes/reverse_00059.tif",503288,NA
"BLOCK_014","reverse",60,15105,15360,256,14400,"SOURCE_1","core/BLOCK_014/index/reverse_stripes/reverse_00060.tif",516500,NA
"BLOCK_014","reverse",61,15361,15616,256,14400,"SOURCE_1","core/BLOCK_014/index/reverse_stripes/reverse_00061.tif",502752,NA
"BLOCK_014","reverse",62,15617,15872,256,14400,"SOURCE_1","core/BLOCK_014/index/reverse_stripes/reverse_00062.tif",476468,NA
"BLOCK_014","reverse",63,15873,16128,256,14400,"SOURCE_1","core/BLOCK_014/index/reverse_stripes/reverse_00063.tif",441810,NA
"BLOCK_014","reverse",64,16129,16384,256,14400,"SOURCE_1","core/BLOCK_014/index/reverse_stripes/reverse_00064.tif",417420,NA
"BLOCK_014","reverse",65,16385,16640,256,14400,"SOURCE_1","core/BLOCK_014/index/reverse_stripes/reverse_00065.tif",394434,NA
"BLOCK_014","reverse",66,16641,16896,256,14400,"SOURCE_1","core/BLOCK_014/index/reverse_stripes/reverse_00066.tif",364902,NA
"BLOCK_014","reverse",67,16897,17152,256,14400,"SOURCE_1","core/BLOCK_014/index/reverse_stripes/reverse_00067.tif",352774,NA
"BLOCK_014","reverse",68,17153,17408,256,14400,"SOURCE_1","core/BLOCK_014/index/reverse_stripes/reverse_00068.tif",356524,NA
"BLOCK_014","reverse",69,17409,17664,256,14400,"SOURCE_1","core/BLOCK_014/index/reverse_stripes/reverse_00069.tif",356804,NA
"BLOCK_014","reverse",70,17665,17920,256,14400,"SOURCE_1","core/BLOCK_014/index/reverse_stripes/reverse_00070.tif",356668,NA
"BLOCK_014","reverse",71,17921,18000,80,14400,"SOURCE_1","core/BLOCK_014/index/reverse_stripes/reverse_00071.tif",121448,NA
"BLOCK_014","run_info",NA,NA,NA,NA,NA,"SOURCE_1","core/BLOCK_014/run_info.csv",1109,NA
"BLOCK_014","stream",1,1,256,256,14400,"SOURCE_1","core/BLOCK_014/index/stream_stripes/stream_00001.tif",11660,NA
"BLOCK_014","stream",2,257,512,256,14400,"SOURCE_1","core/BLOCK_014/index/stream_stripes/stream_00002.tif",13704,NA
"BLOCK_014","stream",3,513,768,256,14400,"SOURCE_1","core/BLOCK_014/index/stream_stripes/stream_00003.tif",13544,NA
"BLOCK_014","stream",4,769,1024,256,14400,"SOURCE_1","core/BLOCK_014/index/stream_stripes/stream_00004.tif",14634,NA
"BLOCK_014","stream",5,1025,1280,256,14400,"SOURCE_1","core/BLOCK_014/index/stream_stripes/stream_00005.tif",14074,NA
"BLOCK_014","stream",6,1281,1536,256,14400,"SOURCE_1","core/BLOCK_014/index/stream_stripes/stream_00006.tif",11188,NA
"BLOCK_014","stream",7,1537,1792,256,14400,"SOURCE_1","core/BLOCK_014/index/stream_stripes/stream_00007.tif",15152,NA
"BLOCK_014","stream",8,1793,2048,256,14400,"SOURCE_1","core/BLOCK_014/index/stream_stripes/stream_00008.tif",15284,NA
"BLOCK_014","stream",9,2049,2304,256,14400,"SOURCE_1","core/BLOCK_014/index/stream_stripes/stream_00009.tif",14384,NA
"BLOCK_014","stream",10,2305,2560,256,14400,"SOURCE_1","core/BLOCK_014/index/stream_stripes/stream_00010.tif",14788,NA
"BLOCK_014","stream",11,2561,2816,256,14400,"SOURCE_1","core/BLOCK_014/index/stream_stripes/stream_00011.tif",14382,NA
"BLOCK_014","stream",12,2817,3072,256,14400,"SOURCE_1","core/BLOCK_014/index/stream_stripes/stream_00012.tif",13990,NA
"BLOCK_014","stream",13,3073,3328,256,14400,"SOURCE_1","core/BLOCK_014/index/stream_stripes/stream_00013.tif",12654,NA
"BLOCK_014","stream",14,3329,3584,256,14400,"SOURCE_1","core/BLOCK_014/index/stream_stripes/stream_00014.tif",14092,NA
"BLOCK_014","stream",15,3585,3840,256,14400,"SOURCE_1","core/BLOCK_014/index/stream_stripes/stream_00015.tif",14936,NA
"BLOCK_014","stream",16,3841,4096,256,14400,"SOURCE_1","core/BLOCK_014/index/stream_stripes/stream_00016.tif",14260,NA
"BLOCK_014","stream",17,4097,4352,256,14400,"SOURCE_1","core/BLOCK_014/index/stream_stripes/stream_00017.tif",14858,NA
"BLOCK_014","stream",18,4353,4608,256,14400,"SOURCE_1","core/BLOCK_014/index/stream_stripes/stream_00018.tif",14010,NA
"BLOCK_014","stream",19,4609,4864,256,14400,"SOURCE_1","core/BLOCK_014/index/stream_stripes/stream_00019.tif",13630,NA
"BLOCK_014","stream",20,4865,5120,256,14400,"SOURCE_1","core/BLOCK_014/index/stream_stripes/stream_00020.tif",13670,NA
"BLOCK_014","stream",21,5121,5376,256,14400,"SOURCE_1","core/BLOCK_014/index/stream_stripes/stream_00021.tif",13956,NA
"BLOCK_014","stream",22,5377,5632,256,14400,"SOURCE_1","core/BLOCK_014/index/stream_stripes/stream_00022.tif",12766,NA
"BLOCK_014","stream",23,5633,5888,256,14400,"SOURCE_1","core/BLOCK_014/index/stream_stripes/stream_00023.tif",12730,NA
"BLOCK_014","stream",24,5889,6144,256,14400,"SOURCE_1","core/BLOCK_014/index/stream_stripes/stream_00024.tif",13306,NA
"BLOCK_014","stream",25,6145,6400,256,14400,"SOURCE_1","core/BLOCK_014/index/stream_stripes/stream_00025.tif",13216,NA
"BLOCK_014","stream",26,6401,6656,256,14400,"SOURCE_1","core/BLOCK_014/index/stream_stripes/stream_00026.tif",11734,NA
"BLOCK_014","stream",27,6657,6912,256,14400,"SOURCE_1","core/BLOCK_014/index/stream_stripes/stream_00027.tif",12668,NA
"BLOCK_014","stream",28,6913,7168,256,14400,"SOURCE_1","core/BLOCK_014/index/stream_stripes/stream_00028.tif",12740,NA
"BLOCK_014","stream",29,7169,7424,256,14400,"SOURCE_1","core/BLOCK_014/index/stream_stripes/stream_00029.tif",12630,NA
"BLOCK_014","stream",30,7425,7680,256,14400,"SOURCE_1","core/BLOCK_014/index/stream_stripes/stream_00030.tif",13032,NA
"BLOCK_014","stream",31,7681,7936,256,14400,"SOURCE_1","core/BLOCK_014/index/stream_stripes/stream_00031.tif",12378,NA
"BLOCK_014","stream",32,7937,8192,256,14400,"SOURCE_1","core/BLOCK_014/index/stream_stripes/stream_00032.tif",12706,NA
"BLOCK_014","stream",33,8193,8448,256,14400,"SOURCE_1","core/BLOCK_014/index/stream_stripes/stream_00033.tif",14348,NA
"BLOCK_014","stream",34,8449,8704,256,14400,"SOURCE_1","core/BLOCK_014/index/stream_stripes/stream_00034.tif",13222,NA
"BLOCK_014","stream",35,8705,8960,256,14400,"SOURCE_1","core/BLOCK_014/index/stream_stripes/stream_00035.tif",13340,NA
"BLOCK_014","stream",36,8961,9216,256,14400,"SOURCE_1","core/BLOCK_014/index/stream_stripes/stream_00036.tif",14354,NA
"BLOCK_014","stream",37,9217,9472,256,14400,"SOURCE_1","core/BLOCK_014/index/stream_stripes/stream_00037.tif",12974,NA
"BLOCK_014","stream",38,9473,9728,256,14400,"SOURCE_1","core/BLOCK_014/index/stream_stripes/stream_00038.tif",12688,NA
"BLOCK_014","stream",39,9729,9984,256,14400,"SOURCE_1","core/BLOCK_014/index/stream_stripes/stream_00039.tif",14420,NA
"BLOCK_014","stream",40,9985,10240,256,14400,"SOURCE_1","core/BLOCK_014/index/stream_stripes/stream_00040.tif",13326,NA
"BLOCK_014","stream",41,10241,10496,256,14400,"SOURCE_1","core/BLOCK_014/index/stream_stripes/stream_00041.tif",12584,NA
"BLOCK_014","stream",42,10497,10752,256,14400,"SOURCE_1","core/BLOCK_014/index/stream_stripes/stream_00042.tif",13328,NA
"BLOCK_014","stream",43,10753,11008,256,14400,"SOURCE_1","core/BLOCK_014/index/stream_stripes/stream_00043.tif",19192,NA
"BLOCK_014","stream",44,11009,11264,256,14400,"SOURCE_1","core/BLOCK_014/index/stream_stripes/stream_00044.tif",20608,NA
"BLOCK_014","stream",45,11265,11520,256,14400,"SOURCE_1","core/BLOCK_014/index/stream_stripes/stream_00045.tif",22178,NA
"BLOCK_014","stream",46,11521,11776,256,14400,"SOURCE_1","core/BLOCK_014/index/stream_stripes/stream_00046.tif",21486,NA
"BLOCK_014","stream",47,11777,12032,256,14400,"SOURCE_1","core/BLOCK_014/index/stream_stripes/stream_00047.tif",20634,NA
"BLOCK_014","stream",48,12033,12288,256,14400,"SOURCE_1","core/BLOCK_014/index/stream_stripes/stream_00048.tif",20284,NA
"BLOCK_014","stream",49,12289,12544,256,14400,"SOURCE_1","core/BLOCK_014/index/stream_stripes/stream_00049.tif",20042,NA
"BLOCK_014","stream",50,12545,12800,256,14400,"SOURCE_1","core/BLOCK_014/index/stream_stripes/stream_00050.tif",20806,NA
"BLOCK_014","stream",51,12801,13056,256,14400,"SOURCE_1","core/BLOCK_014/index/stream_stripes/stream_00051.tif",20948,NA
"BLOCK_014","stream",52,13057,13312,256,14400,"SOURCE_1","core/BLOCK_014/index/stream_stripes/stream_00052.tif",19770,NA
"BLOCK_014","stream",53,13313,13568,256,14400,"SOURCE_1","core/BLOCK_014/index/stream_stripes/stream_00053.tif",17552,NA
"BLOCK_014","stream",54,13569,13824,256,14400,"SOURCE_1","core/BLOCK_014/index/stream_stripes/stream_00054.tif",19056,NA
"BLOCK_014","stream",55,13825,14080,256,14400,"SOURCE_1","core/BLOCK_014/index/stream_stripes/stream_00055.tif",21880,NA
"BLOCK_014","stream",56,14081,14336,256,14400,"SOURCE_1","core/BLOCK_014/index/stream_stripes/stream_00056.tif",20716,NA
"BLOCK_014","stream",57,14337,14592,256,14400,"SOURCE_1","core/BLOCK_014/index/stream_stripes/stream_00057.tif",16666,NA
"BLOCK_014","stream",58,14593,14848,256,14400,"SOURCE_1","core/BLOCK_014/index/stream_stripes/stream_00058.tif",18636,NA
"BLOCK_014","stream",59,14849,15104,256,14400,"SOURCE_1","core/BLOCK_014/index/stream_stripes/stream_00059.tif",19118,NA
"BLOCK_014","stream",60,15105,15360,256,14400,"SOURCE_1","core/BLOCK_014/index/stream_stripes/stream_00060.tif",18420,NA
"BLOCK_014","stream",61,15361,15616,256,14400,"SOURCE_1","core/BLOCK_014/index/stream_stripes/stream_00061.tif",17786,NA
"BLOCK_014","stream",62,15617,15872,256,14400,"SOURCE_1","core/BLOCK_014/index/stream_stripes/stream_00062.tif",18792,NA
"BLOCK_014","stream",63,15873,16128,256,14400,"SOURCE_1","core/BLOCK_014/index/stream_stripes/stream_00063.tif",16882,NA
"BLOCK_014","stream",64,16129,16384,256,14400,"SOURCE_1","core/BLOCK_014/index/stream_stripes/stream_00064.tif",16272,NA
"BLOCK_014","stream",65,16385,16640,256,14400,"SOURCE_1","core/BLOCK_014/index/stream_stripes/stream_00065.tif",16764,NA
"BLOCK_014","stream",66,16641,16896,256,14400,"SOURCE_1","core/BLOCK_014/index/stream_stripes/stream_00066.tif",17202,NA
"BLOCK_014","stream",67,16897,17152,256,14400,"SOURCE_1","core/BLOCK_014/index/stream_stripes/stream_00067.tif",15758,NA
"BLOCK_014","stream",68,17153,17408,256,14400,"SOURCE_1","core/BLOCK_014/index/stream_stripes/stream_00068.tif",16152,NA
"BLOCK_014","stream",69,17409,17664,256,14400,"SOURCE_1","core/BLOCK_014/index/stream_stripes/stream_00069.tif",16834,NA
"BLOCK_014","stream",70,17665,17920,256,14400,"SOURCE_1","core/BLOCK_014/index/stream_stripes/stream_00070.tif",16302,NA
"BLOCK_014","stream",71,17921,18000,80,14400,"SOURCE_1","core/BLOCK_014/index/stream_stripes/stream_00071.tif",9756,NA
"BLOCK_015","index_metadata",NA,NA,NA,NA,NA,"SOURCE_1","core/BLOCK_015/index/index_metadata.rds",1343,NA
"BLOCK_015","reverse",1,1,256,256,10800,"SOURCE_1","core/BLOCK_015/index/reverse_stripes/reverse_00001.tif",604330,NA
"BLOCK_015","reverse",2,257,512,256,10800,"SOURCE_1","core/BLOCK_015/index/reverse_stripes/reverse_00002.tif",606804,NA
"BLOCK_015","reverse",3,513,768,256,10800,"SOURCE_1","core/BLOCK_015/index/reverse_stripes/reverse_00003.tif",592918,NA
"BLOCK_015","reverse",4,769,1024,256,10800,"SOURCE_1","core/BLOCK_015/index/reverse_stripes/reverse_00004.tif",596272,NA
"BLOCK_015","reverse",5,1025,1280,256,10800,"SOURCE_1","core/BLOCK_015/index/reverse_stripes/reverse_00005.tif",581190,NA
"BLOCK_015","reverse",6,1281,1536,256,10800,"SOURCE_1","core/BLOCK_015/index/reverse_stripes/reverse_00006.tif",572516,NA
"BLOCK_015","reverse",7,1537,1792,256,10800,"SOURCE_1","core/BLOCK_015/index/reverse_stripes/reverse_00007.tif",614386,NA
"BLOCK_015","reverse",8,1793,2048,256,10800,"SOURCE_1","core/BLOCK_015/index/reverse_stripes/reverse_00008.tif",610378,NA
"BLOCK_015","reverse",9,2049,2304,256,10800,"SOURCE_1","core/BLOCK_015/index/reverse_stripes/reverse_00009.tif",599330,NA
"BLOCK_015","reverse",10,2305,2560,256,10800,"SOURCE_1","core/BLOCK_015/index/reverse_stripes/reverse_00010.tif",593586,NA
"BLOCK_015","reverse",11,2561,2816,256,10800,"SOURCE_1","core/BLOCK_015/index/reverse_stripes/reverse_00011.tif",584712,NA
"BLOCK_015","reverse",12,2817,3072,256,10800,"SOURCE_1","core/BLOCK_015/index/reverse_stripes/reverse_00012.tif",605054,NA
"BLOCK_015","reverse",13,3073,3328,256,10800,"SOURCE_1","core/BLOCK_015/index/reverse_stripes/reverse_00013.tif",606218,NA
"BLOCK_015","reverse",14,3329,3584,256,10800,"SOURCE_1","core/BLOCK_015/index/reverse_stripes/reverse_00014.tif",620940,NA
"BLOCK_015","reverse",15,3585,3840,256,10800,"SOURCE_1","core/BLOCK_015/index/reverse_stripes/reverse_00015.tif",878684,NA
"BLOCK_015","reverse",16,3841,4096,256,10800,"SOURCE_1","core/BLOCK_015/index/reverse_stripes/reverse_00016.tif",845936,NA
"BLOCK_015","reverse",17,4097,4352,256,10800,"SOURCE_1","core/BLOCK_015/index/reverse_stripes/reverse_00017.tif",838910,NA
"BLOCK_015","reverse",18,4353,4608,256,10800,"SOURCE_1","core/BLOCK_015/index/reverse_stripes/reverse_00018.tif",793444,NA
"BLOCK_015","reverse",19,4609,4864,256,10800,"SOURCE_1","core/BLOCK_015/index/reverse_stripes/reverse_00019.tif",764880,NA
"BLOCK_015","reverse",20,4865,5120,256,10800,"SOURCE_1","core/BLOCK_015/index/reverse_stripes/reverse_00020.tif",760262,NA
"BLOCK_015","reverse",21,5121,5376,256,10800,"SOURCE_1","core/BLOCK_015/index/reverse_stripes/reverse_00021.tif",780016,NA
"BLOCK_015","reverse",22,5377,5632,256,10800,"SOURCE_1","core/BLOCK_015/index/reverse_stripes/reverse_00022.tif",793438,NA
"BLOCK_015","reverse",23,5633,5888,256,10800,"SOURCE_1","core/BLOCK_015/index/reverse_stripes/reverse_00023.tif",752602,NA
"BLOCK_015","reverse",24,5889,6144,256,10800,"SOURCE_1","core/BLOCK_015/index/reverse_stripes/reverse_00024.tif",751418,NA
"BLOCK_015","reverse",25,6145,6400,256,10800,"SOURCE_1","core/BLOCK_015/index/reverse_stripes/reverse_00025.tif",697200,NA
"BLOCK_015","reverse",26,6401,6656,256,10800,"SOURCE_1","core/BLOCK_015/index/reverse_stripes/reverse_00026.tif",635406,NA
"BLOCK_015","reverse",27,6657,6912,256,10800,"SOURCE_1","core/BLOCK_015/index/reverse_stripes/reverse_00027.tif",599622,NA
"BLOCK_015","reverse",28,6913,7168,256,10800,"SOURCE_1","core/BLOCK_015/index/reverse_stripes/reverse_00028.tif",564716,NA
"BLOCK_015","reverse",29,7169,7424,256,10800,"SOURCE_1","core/BLOCK_015/index/reverse_stripes/reverse_00029.tif",529916,NA
"BLOCK_015","reverse",30,7425,7680,256,10800,"SOURCE_1","core/BLOCK_015/index/reverse_stripes/reverse_00030.tif",507484,NA
"BLOCK_015","reverse",31,7681,7936,256,10800,"SOURCE_1","core/BLOCK_015/index/reverse_stripes/reverse_00031.tif",487612,NA
"BLOCK_015","reverse",32,7937,8192,256,10800,"SOURCE_1","core/BLOCK_015/index/reverse_stripes/reverse_00032.tif",427286,NA
"BLOCK_015","reverse",33,8193,8448,256,10800,"SOURCE_1","core/BLOCK_015/index/reverse_stripes/reverse_00033.tif",407706,NA
"BLOCK_015","reverse",34,8449,8704,256,10800,"SOURCE_1","core/BLOCK_015/index/reverse_stripes/reverse_00034.tif",410866,NA
"BLOCK_015","reverse",35,8705,8960,256,10800,"SOURCE_1","core/BLOCK_015/index/reverse_stripes/reverse_00035.tif",400154,NA
"BLOCK_015","reverse",36,8961,9216,256,10800,"SOURCE_1","core/BLOCK_015/index/reverse_stripes/reverse_00036.tif",403210,NA
"BLOCK_015","reverse",37,9217,9472,256,10800,"SOURCE_1","core/BLOCK_015/index/reverse_stripes/reverse_00037.tif",403894,NA
"BLOCK_015","reverse",38,9473,9728,256,10800,"SOURCE_1","core/BLOCK_015/index/reverse_stripes/reverse_00038.tif",403790,NA
"BLOCK_015","reverse",39,9729,9984,256,10800,"SOURCE_1","core/BLOCK_015/index/reverse_stripes/reverse_00039.tif",391922,NA
"BLOCK_015","reverse",40,9985,10240,256,10800,"SOURCE_1","core/BLOCK_015/index/reverse_stripes/reverse_00040.tif",377892,NA
"BLOCK_015","reverse",41,10241,10496,256,10800,"SOURCE_1","core/BLOCK_015/index/reverse_stripes/reverse_00041.tif",367760,NA
"BLOCK_015","reverse",42,10497,10752,256,10800,"SOURCE_1","core/BLOCK_015/index/reverse_stripes/reverse_00042.tif",384784,NA
"BLOCK_015","reverse",43,10753,10800,48,10800,"SOURCE_1","core/BLOCK_015/index/reverse_stripes/reverse_00043.tif",78812,NA
"BLOCK_015","run_info",NA,NA,NA,NA,NA,"SOURCE_1","core/BLOCK_015/run_info.csv",1084,NA
"BLOCK_015","stream",1,1,256,256,10800,"SOURCE_1","core/BLOCK_015/index/stream_stripes/stream_00001.tif",15570,NA
"BLOCK_015","stream",2,257,512,256,10800,"SOURCE_1","core/BLOCK_015/index/stream_stripes/stream_00002.tif",21032,NA
"BLOCK_015","stream",3,513,768,256,10800,"SOURCE_1","core/BLOCK_015/index/stream_stripes/stream_00003.tif",19860,NA
"BLOCK_015","stream",4,769,1024,256,10800,"SOURCE_1","core/BLOCK_015/index/stream_stripes/stream_00004.tif",18440,NA
"BLOCK_015","stream",5,1025,1280,256,10800,"SOURCE_1","core/BLOCK_015/index/stream_stripes/stream_00005.tif",19258,NA
"BLOCK_015","stream",6,1281,1536,256,10800,"SOURCE_1","core/BLOCK_015/index/stream_stripes/stream_00006.tif",22724,NA
"BLOCK_015","stream",7,1537,1792,256,10800,"SOURCE_1","core/BLOCK_015/index/stream_stripes/stream_00007.tif",20542,NA
"BLOCK_015","stream",8,1793,2048,256,10800,"SOURCE_1","core/BLOCK_015/index/stream_stripes/stream_00008.tif",20836,NA
"BLOCK_015","stream",9,2049,2304,256,10800,"SOURCE_1","core/BLOCK_015/index/stream_stripes/stream_00009.tif",18106,NA
"BLOCK_015","stream",10,2305,2560,256,10800,"SOURCE_1","core/BLOCK_015/index/stream_stripes/stream_00010.tif",21998,NA
"BLOCK_015","stream",11,2561,2816,256,10800,"SOURCE_1","core/BLOCK_015/index/stream_stripes/stream_00011.tif",22684,NA
"BLOCK_015","stream",12,2817,3072,256,10800,"SOURCE_1","core/BLOCK_015/index/stream_stripes/stream_00012.tif",20234,NA
"BLOCK_015","stream",13,3073,3328,256,10800,"SOURCE_1","core/BLOCK_015/index/stream_stripes/stream_00013.tif",20172,NA
"BLOCK_015","stream",14,3329,3584,256,10800,"SOURCE_1","core/BLOCK_015/index/stream_stripes/stream_00014.tif",21842,NA
"BLOCK_015","stream",15,3585,3840,256,10800,"SOURCE_1","core/BLOCK_015/index/stream_stripes/stream_00015.tif",27118,NA
"BLOCK_015","stream",16,3841,4096,256,10800,"SOURCE_1","core/BLOCK_015/index/stream_stripes/stream_00016.tif",24850,NA
"BLOCK_015","stream",17,4097,4352,256,10800,"SOURCE_1","core/BLOCK_015/index/stream_stripes/stream_00017.tif",25536,NA
"BLOCK_015","stream",18,4353,4608,256,10800,"SOURCE_1","core/BLOCK_015/index/stream_stripes/stream_00018.tif",26350,NA
"BLOCK_015","stream",19,4609,4864,256,10800,"SOURCE_1","core/BLOCK_015/index/stream_stripes/stream_00019.tif",25564,NA
"BLOCK_015","stream",20,4865,5120,256,10800,"SOURCE_1","core/BLOCK_015/index/stream_stripes/stream_00020.tif",24972,NA
"BLOCK_015","stream",21,5121,5376,256,10800,"SOURCE_1","core/BLOCK_015/index/stream_stripes/stream_00021.tif",25312,NA
"BLOCK_015","stream",22,5377,5632,256,10800,"SOURCE_1","core/BLOCK_015/index/stream_stripes/stream_00022.tif",25804,NA
"BLOCK_015","stream",23,5633,5888,256,10800,"SOURCE_1","core/BLOCK_015/index/stream_stripes/stream_00023.tif",24050,NA
"BLOCK_015","stream",24,5889,6144,256,10800,"SOURCE_1","core/BLOCK_015/index/stream_stripes/stream_00024.tif",25262,NA
"BLOCK_015","stream",25,6145,6400,256,10800,"SOURCE_1","core/BLOCK_015/index/stream_stripes/stream_00025.tif",22558,NA
"BLOCK_015","stream",26,6401,6656,256,10800,"SOURCE_1","core/BLOCK_015/index/stream_stripes/stream_00026.tif",24574,NA
"BLOCK_015","stream",27,6657,6912,256,10800,"SOURCE_1","core/BLOCK_015/index/stream_stripes/stream_00027.tif",26422,NA
"BLOCK_015","stream",28,6913,7168,256,10800,"SOURCE_1","core/BLOCK_015/index/stream_stripes/stream_00028.tif",25210,NA
"BLOCK_015","stream",29,7169,7424,256,10800,"SOURCE_1","core/BLOCK_015/index/stream_stripes/stream_00029.tif",22658,NA
"BLOCK_015","stream",30,7425,7680,256,10800,"SOURCE_1","core/BLOCK_015/index/stream_stripes/stream_00030.tif",17400,NA
"BLOCK_015","stream",31,7681,7936,256,10800,"SOURCE_1","core/BLOCK_015/index/stream_stripes/stream_00031.tif",21924,NA
"BLOCK_015","stream",32,7937,8192,256,10800,"SOURCE_1","core/BLOCK_015/index/stream_stripes/stream_00032.tif",18392,NA
"BLOCK_015","stream",33,8193,8448,256,10800,"SOURCE_1","core/BLOCK_015/index/stream_stripes/stream_00033.tif",18046,NA
"BLOCK_015","stream",34,8449,8704,256,10800,"SOURCE_1","core/BLOCK_015/index/stream_stripes/stream_00034.tif",17186,NA
"BLOCK_015","stream",35,8705,8960,256,10800,"SOURCE_1","core/BLOCK_015/index/stream_stripes/stream_00035.tif",16512,NA
"BLOCK_015","stream",36,8961,9216,256,10800,"SOURCE_1","core/BLOCK_015/index/stream_stripes/stream_00036.tif",17068,NA
"BLOCK_015","stream",37,9217,9472,256,10800,"SOURCE_1","core/BLOCK_015/index/stream_stripes/stream_00037.tif",15822,NA
"BLOCK_015","stream",38,9473,9728,256,10800,"SOURCE_1","core/BLOCK_015/index/stream_stripes/stream_00038.tif",17056,NA
"BLOCK_015","stream",39,9729,9984,256,10800,"SOURCE_1","core/BLOCK_015/index/stream_stripes/stream_00039.tif",15280,NA
"BLOCK_015","stream",40,9985,10240,256,10800,"SOURCE_1","core/BLOCK_015/index/stream_stripes/stream_00040.tif",17396,NA
"BLOCK_015","stream",41,10241,10496,256,10800,"SOURCE_1","core/BLOCK_015/index/stream_stripes/stream_00041.tif",16786,NA
"BLOCK_015","stream",42,10497,10752,256,10800,"SOURCE_1","core/BLOCK_015/index/stream_stripes/stream_00042.tif",15168,NA
"BLOCK_015","stream",43,10753,10800,48,10800,"SOURCE_1","core/BLOCK_015/index/stream_stripes/stream_00043.tif",6012,NA
"BLOCK_016","index_metadata",NA,NA,NA,NA,NA,"SOURCE_1","core/BLOCK_016/index/index_metadata.rds",1341,NA
"BLOCK_016","reverse",1,1,256,256,7200,"SOURCE_1","core/BLOCK_016/index/reverse_stripes/reverse_00001.tif",634840,NA
"BLOCK_016","reverse",2,257,512,256,7200,"SOURCE_1","core/BLOCK_016/index/reverse_stripes/reverse_00002.tif",641004,NA
"BLOCK_016","reverse",3,513,768,256,7200,"SOURCE_1","core/BLOCK_016/index/reverse_stripes/reverse_00003.tif",628792,NA
"BLOCK_016","reverse",4,769,1024,256,7200,"SOURCE_1","core/BLOCK_016/index/reverse_stripes/reverse_00004.tif",618426,NA
"BLOCK_016","reverse",5,1025,1280,256,7200,"SOURCE_1","core/BLOCK_016/index/reverse_stripes/reverse_00005.tif",605688,NA
"BLOCK_016","reverse",6,1281,1536,256,7200,"SOURCE_1","core/BLOCK_016/index/reverse_stripes/reverse_00006.tif",607084,NA
"BLOCK_016","reverse",7,1537,1792,256,7200,"SOURCE_1","core/BLOCK_016/index/reverse_stripes/reverse_00007.tif",646894,NA
"BLOCK_016","reverse",8,1793,2048,256,7200,"SOURCE_1","core/BLOCK_016/index/reverse_stripes/reverse_00008.tif",627158,NA
"BLOCK_016","reverse",9,2049,2304,256,7200,"SOURCE_1","core/BLOCK_016/index/reverse_stripes/reverse_00009.tif",565230,NA
"BLOCK_016","reverse",10,2305,2560,256,7200,"SOURCE_1","core/BLOCK_016/index/reverse_stripes/reverse_00010.tif",498864,NA
"BLOCK_016","reverse",11,2561,2816,256,7200,"SOURCE_1","core/BLOCK_016/index/reverse_stripes/reverse_00011.tif",442092,NA
"BLOCK_016","reverse",12,2817,3072,256,7200,"SOURCE_1","core/BLOCK_016/index/reverse_stripes/reverse_00012.tif",430696,NA
"BLOCK_016","reverse",13,3073,3328,256,7200,"SOURCE_1","core/BLOCK_016/index/reverse_stripes/reverse_00013.tif",432188,NA
"BLOCK_016","reverse",14,3329,3584,256,7200,"SOURCE_1","core/BLOCK_016/index/reverse_stripes/reverse_00014.tif",399278,NA
"BLOCK_016","reverse",15,3585,3840,256,7200,"SOURCE_1","core/BLOCK_016/index/reverse_stripes/reverse_00015.tif",365166,NA
"BLOCK_016","reverse",16,3841,4096,256,7200,"SOURCE_1","core/BLOCK_016/index/reverse_stripes/reverse_00016.tif",325180,NA
"BLOCK_016","reverse",17,4097,4352,256,7200,"SOURCE_1","core/BLOCK_016/index/reverse_stripes/reverse_00017.tif",284388,NA
"BLOCK_016","reverse",18,4353,4608,256,7200,"SOURCE_1","core/BLOCK_016/index/reverse_stripes/reverse_00018.tif",205790,NA
"BLOCK_016","reverse",19,4609,4864,256,7200,"SOURCE_1","core/BLOCK_016/index/reverse_stripes/reverse_00019.tif",162958,NA
"BLOCK_016","reverse",20,4865,5120,256,7200,"SOURCE_1","core/BLOCK_016/index/reverse_stripes/reverse_00020.tif",138712,NA
"BLOCK_016","reverse",21,5121,5376,256,7200,"SOURCE_1","core/BLOCK_016/index/reverse_stripes/reverse_00021.tif",138380,NA
"BLOCK_016","reverse",22,5377,5632,256,7200,"SOURCE_1","core/BLOCK_016/index/reverse_stripes/reverse_00022.tif",130214,NA
"BLOCK_016","reverse",23,5633,5888,256,7200,"SOURCE_1","core/BLOCK_016/index/reverse_stripes/reverse_00023.tif",119494,NA
"BLOCK_016","reverse",24,5889,6144,256,7200,"SOURCE_1","core/BLOCK_016/index/reverse_stripes/reverse_00024.tif",122560,NA
"BLOCK_016","reverse",25,6145,6400,256,7200,"SOURCE_1","core/BLOCK_016/index/reverse_stripes/reverse_00025.tif",77746,NA
"BLOCK_016","reverse",26,6401,6656,256,7200,"SOURCE_1","core/BLOCK_016/index/reverse_stripes/reverse_00026.tif",54974,NA
"BLOCK_016","reverse",27,6657,6912,256,7200,"SOURCE_1","core/BLOCK_016/index/reverse_stripes/reverse_00027.tif",20446,NA
"BLOCK_016","reverse",28,6913,7168,256,7200,"SOURCE_1","core/BLOCK_016/index/reverse_stripes/reverse_00028.tif",6045,NA
"BLOCK_016","reverse",29,7169,7200,32,7200,"SOURCE_1","core/BLOCK_016/index/reverse_stripes/reverse_00029.tif",4499,NA
"BLOCK_016","run_info",NA,NA,NA,NA,NA,"SOURCE_1","core/BLOCK_016/run_info.csv",1000,NA
"BLOCK_016","stream",1,1,256,256,7200,"SOURCE_1","core/BLOCK_016/index/stream_stripes/stream_00001.tif",13698,NA
"BLOCK_016","stream",2,257,512,256,7200,"SOURCE_1","core/BLOCK_016/index/stream_stripes/stream_00002.tif",21130,NA
"BLOCK_016","stream",3,513,768,256,7200,"SOURCE_1","core/BLOCK_016/index/stream_stripes/stream_00003.tif",20622,NA
"BLOCK_016","stream",4,769,1024,256,7200,"SOURCE_1","core/BLOCK_016/index/stream_stripes/stream_00004.tif",20880,NA
"BLOCK_016","stream",5,1025,1280,256,7200,"SOURCE_1","core/BLOCK_016/index/stream_stripes/stream_00005.tif",22842,NA
"BLOCK_016","stream",6,1281,1536,256,7200,"SOURCE_1","core/BLOCK_016/index/stream_stripes/stream_00006.tif",23944,NA
"BLOCK_016","stream",7,1537,1792,256,7200,"SOURCE_1","core/BLOCK_016/index/stream_stripes/stream_00007.tif",24082,NA
"BLOCK_016","stream",8,1793,2048,256,7200,"SOURCE_1","core/BLOCK_016/index/stream_stripes/stream_00008.tif",21458,NA
"BLOCK_016","stream",9,2049,2304,256,7200,"SOURCE_1","core/BLOCK_016/index/stream_stripes/stream_00009.tif",19908,NA
"BLOCK_016","stream",10,2305,2560,256,7200,"SOURCE_1","core/BLOCK_016/index/stream_stripes/stream_00010.tif",19970,NA
"BLOCK_016","stream",11,2561,2816,256,7200,"SOURCE_1","core/BLOCK_016/index/stream_stripes/stream_00011.tif",15066,NA
"BLOCK_016","stream",12,2817,3072,256,7200,"SOURCE_1","core/BLOCK_016/index/stream_stripes/stream_00012.tif",14590,NA
"BLOCK_016","stream",13,3073,3328,256,7200,"SOURCE_1","core/BLOCK_016/index/stream_stripes/stream_00013.tif",15372,NA
"BLOCK_016","stream",14,3329,3584,256,7200,"SOURCE_1","core/BLOCK_016/index/stream_stripes/stream_00014.tif",14130,NA
"BLOCK_016","stream",15,3585,3840,256,7200,"SOURCE_1","core/BLOCK_016/index/stream_stripes/stream_00015.tif",12014,NA
"BLOCK_016","stream",16,3841,4096,256,7200,"SOURCE_1","core/BLOCK_016/index/stream_stripes/stream_00016.tif",11878,NA
"BLOCK_016","stream",17,4097,4352,256,7200,"SOURCE_1","core/BLOCK_016/index/stream_stripes/stream_00017.tif",11486,NA
"BLOCK_016","stream",18,4353,4608,256,7200,"SOURCE_1","core/BLOCK_016/index/stream_stripes/stream_00018.tif",10866,NA
"BLOCK_016","stream",19,4609,4864,256,7200,"SOURCE_1","core/BLOCK_016/index/stream_stripes/stream_00019.tif",10176,NA
"BLOCK_016","stream",20,4865,5120,256,7200,"SOURCE_1","core/BLOCK_016/index/stream_stripes/stream_00020.tif",9312,NA
"BLOCK_016","stream",21,5121,5376,256,7200,"SOURCE_1","core/BLOCK_016/index/stream_stripes/stream_00021.tif",9700,NA
"BLOCK_016","stream",22,5377,5632,256,7200,"SOURCE_1","core/BLOCK_016/index/stream_stripes/stream_00022.tif",9814,NA
"BLOCK_016","stream",23,5633,5888,256,7200,"SOURCE_1","core/BLOCK_016/index/stream_stripes/stream_00023.tif",10542,NA
"BLOCK_016","stream",24,5889,6144,256,7200,"SOURCE_1","core/BLOCK_016/index/stream_stripes/stream_00024.tif",9540,NA
"BLOCK_016","stream",25,6145,6400,256,7200,"SOURCE_1","core/BLOCK_016/index/stream_stripes/stream_00025.tif",9390,NA
"BLOCK_016","stream",26,6401,6656,256,7200,"SOURCE_1","core/BLOCK_016/index/stream_stripes/stream_00026.tif",9312,NA
"BLOCK_016","stream",27,6657,6912,256,7200,"SOURCE_1","core/BLOCK_016/index/stream_stripes/stream_00027.tif",8450,NA
"BLOCK_016","stream",28,6913,7168,256,7200,"SOURCE_1","core/BLOCK_016/index/stream_stripes/stream_00028.tif",7872,NA
"BLOCK_016","stream",29,7169,7200,32,7200,"SOURCE_1","core/BLOCK_016/index/stream_stripes/stream_00029.tif",4742,NA
"BLOCK_017","index_metadata",NA,NA,NA,NA,NA,"SOURCE_1","core/BLOCK_017/index/index_metadata.rds",1338,NA
"BLOCK_017","reverse",1,1,256,256,7200,"SOURCE_1","core/BLOCK_017/index/reverse_stripes/reverse_00001.tif",629700,NA
"BLOCK_017","reverse",2,257,512,256,7200,"SOURCE_1","core/BLOCK_017/index/reverse_stripes/reverse_00002.tif",643944,NA
"BLOCK_017","reverse",3,513,768,256,7200,"SOURCE_1","core/BLOCK_017/index/reverse_stripes/reverse_00003.tif",616162,NA
"BLOCK_017","reverse",4,769,1024,256,7200,"SOURCE_1","core/BLOCK_017/index/reverse_stripes/reverse_00004.tif",595658,NA
"BLOCK_017","reverse",5,1025,1280,256,7200,"SOURCE_1","core/BLOCK_017/index/reverse_stripes/reverse_00005.tif",571938,NA
"BLOCK_017","reverse",6,1281,1536,256,7200,"SOURCE_1","core/BLOCK_017/index/reverse_stripes/reverse_00006.tif",590870,NA
"BLOCK_017","reverse",7,1537,1792,256,7200,"SOURCE_1","core/BLOCK_017/index/reverse_stripes/reverse_00007.tif",591990,NA
"BLOCK_017","reverse",8,1793,2048,256,7200,"SOURCE_1","core/BLOCK_017/index/reverse_stripes/reverse_00008.tif",578236,NA
"BLOCK_017","reverse",9,2049,2304,256,7200,"SOURCE_1","core/BLOCK_017/index/reverse_stripes/reverse_00009.tif",528902,NA
"BLOCK_017","reverse",10,2305,2560,256,7200,"SOURCE_1","core/BLOCK_017/index/reverse_stripes/reverse_00010.tif",502898,NA
"BLOCK_017","reverse",11,2561,2816,256,7200,"SOURCE_1","core/BLOCK_017/index/reverse_stripes/reverse_00011.tif",469946,NA
"BLOCK_017","reverse",12,2817,3072,256,7200,"SOURCE_1","core/BLOCK_017/index/reverse_stripes/reverse_00012.tif",463782,NA
"BLOCK_017","reverse",13,3073,3328,256,7200,"SOURCE_1","core/BLOCK_017/index/reverse_stripes/reverse_00013.tif",418366,NA
"BLOCK_017","reverse",14,3329,3584,256,7200,"SOURCE_1","core/BLOCK_017/index/reverse_stripes/reverse_00014.tif",366914,NA
"BLOCK_017","reverse",15,3585,3840,256,7200,"SOURCE_1","core/BLOCK_017/index/reverse_stripes/reverse_00015.tif",347424,NA
"BLOCK_017","reverse",16,3841,4096,256,7200,"SOURCE_1","core/BLOCK_017/index/reverse_stripes/reverse_00016.tif",303444,NA
"BLOCK_017","reverse",17,4097,4352,256,7200,"SOURCE_1","core/BLOCK_017/index/reverse_stripes/reverse_00017.tif",264318,NA
"BLOCK_017","reverse",18,4353,4608,256,7200,"SOURCE_1","core/BLOCK_017/index/reverse_stripes/reverse_00018.tif",202064,NA
"BLOCK_017","reverse",19,4609,4864,256,7200,"SOURCE_1","core/BLOCK_017/index/reverse_stripes/reverse_00019.tif",130332,NA
"BLOCK_017","reverse",20,4865,5120,256,7200,"SOURCE_1","core/BLOCK_017/index/reverse_stripes/reverse_00020.tif",95692,NA
"BLOCK_017","reverse",21,5121,5376,256,7200,"SOURCE_1","core/BLOCK_017/index/reverse_stripes/reverse_00021.tif",39632,NA
"BLOCK_017","reverse",22,5377,5632,256,7200,"SOURCE_1","core/BLOCK_017/index/reverse_stripes/reverse_00022.tif",8410,NA
"BLOCK_017","reverse",23,5633,5888,256,7200,"SOURCE_1","core/BLOCK_017/index/reverse_stripes/reverse_00023.tif",6045,NA
"BLOCK_017","reverse",24,5889,6144,256,7200,"SOURCE_1","core/BLOCK_017/index/reverse_stripes/reverse_00024.tif",6045,NA
"BLOCK_017","reverse",25,6145,6400,256,7200,"SOURCE_1","core/BLOCK_017/index/reverse_stripes/reverse_00025.tif",6045,NA
"BLOCK_017","reverse",26,6401,6656,256,7200,"SOURCE_1","core/BLOCK_017/index/reverse_stripes/reverse_00026.tif",6045,NA
"BLOCK_017","reverse",27,6657,6912,256,7200,"SOURCE_1","core/BLOCK_017/index/reverse_stripes/reverse_00027.tif",6045,NA
"BLOCK_017","reverse",28,6913,7168,256,7200,"SOURCE_1","core/BLOCK_017/index/reverse_stripes/reverse_00028.tif",6045,NA
"BLOCK_017","reverse",29,7169,7200,32,7200,"SOURCE_1","core/BLOCK_017/index/reverse_stripes/reverse_00029.tif",4499,NA
"BLOCK_017","run_info",NA,NA,NA,NA,NA,"SOURCE_1","core/BLOCK_017/run_info.csv",1000,NA
"BLOCK_017","stream",1,1,256,256,7200,"SOURCE_1","core/BLOCK_017/index/stream_stripes/stream_00001.tif",15762,NA
"BLOCK_017","stream",2,257,512,256,7200,"SOURCE_1","core/BLOCK_017/index/stream_stripes/stream_00002.tif",18352,NA
"BLOCK_017","stream",3,513,768,256,7200,"SOURCE_1","core/BLOCK_017/index/stream_stripes/stream_00003.tif",18930,NA
"BLOCK_017","stream",4,769,1024,256,7200,"SOURCE_1","core/BLOCK_017/index/stream_stripes/stream_00004.tif",19350,NA
"BLOCK_017","stream",5,1025,1280,256,7200,"SOURCE_1","core/BLOCK_017/index/stream_stripes/stream_00005.tif",18058,NA
"BLOCK_017","stream",6,1281,1536,256,7200,"SOURCE_1","core/BLOCK_017/index/stream_stripes/stream_00006.tif",18824,NA
"BLOCK_017","stream",7,1537,1792,256,7200,"SOURCE_1","core/BLOCK_017/index/stream_stripes/stream_00007.tif",18518,NA
"BLOCK_017","stream",8,1793,2048,256,7200,"SOURCE_1","core/BLOCK_017/index/stream_stripes/stream_00008.tif",19310,NA
"BLOCK_017","stream",9,2049,2304,256,7200,"SOURCE_1","core/BLOCK_017/index/stream_stripes/stream_00009.tif",18378,NA
"BLOCK_017","stream",10,2305,2560,256,7200,"SOURCE_1","core/BLOCK_017/index/stream_stripes/stream_00010.tif",19790,NA
"BLOCK_017","stream",11,2561,2816,256,7200,"SOURCE_1","core/BLOCK_017/index/stream_stripes/stream_00011.tif",17018,NA
"BLOCK_017","stream",12,2817,3072,256,7200,"SOURCE_1","core/BLOCK_017/index/stream_stripes/stream_00012.tif",13320,NA
"BLOCK_017","stream",13,3073,3328,256,7200,"SOURCE_1","core/BLOCK_017/index/stream_stripes/stream_00013.tif",11650,NA
"BLOCK_017","stream",14,3329,3584,256,7200,"SOURCE_1","core/BLOCK_017/index/stream_stripes/stream_00014.tif",12678,NA
"BLOCK_017","stream",15,3585,3840,256,7200,"SOURCE_1","core/BLOCK_017/index/stream_stripes/stream_00015.tif",11548,NA
"BLOCK_017","stream",16,3841,4096,256,7200,"SOURCE_1","core/BLOCK_017/index/stream_stripes/stream_00016.tif",13246,NA
"BLOCK_017","stream",17,4097,4352,256,7200,"SOURCE_1","core/BLOCK_017/index/stream_stripes/stream_00017.tif",13776,NA
"BLOCK_017","stream",18,4353,4608,256,7200,"SOURCE_1","core/BLOCK_017/index/stream_stripes/stream_00018.tif",11072,NA
"BLOCK_017","stream",19,4609,4864,256,7200,"SOURCE_1","core/BLOCK_017/index/stream_stripes/stream_00019.tif",9064,NA
"BLOCK_017","stream",20,4865,5120,256,7200,"SOURCE_1","core/BLOCK_017/index/stream_stripes/stream_00020.tif",8464,NA
"BLOCK_017","stream",21,5121,5376,256,7200,"SOURCE_1","core/BLOCK_017/index/stream_stripes/stream_00021.tif",6070,NA
"BLOCK_017","stream",22,5377,5632,256,7200,"SOURCE_1","core/BLOCK_017/index/stream_stripes/stream_00022.tif",4798,NA
"BLOCK_017","stream",23,5633,5888,256,7200,"SOURCE_1","core/BLOCK_017/index/stream_stripes/stream_00023.tif",4650,NA
"BLOCK_017","stream",24,5889,6144,256,7200,"SOURCE_1","core/BLOCK_017/index/stream_stripes/stream_00024.tif",4650,NA
"BLOCK_017","stream",25,6145,6400,256,7200,"SOURCE_1","core/BLOCK_017/index/stream_stripes/stream_00025.tif",4650,NA
"BLOCK_017","stream",26,6401,6656,256,7200,"SOURCE_1","core/BLOCK_017/index/stream_stripes/stream_00026.tif",4650,NA
"BLOCK_017","stream",27,6657,6912,256,7200,"SOURCE_1","core/BLOCK_017/index/stream_stripes/stream_00027.tif",4650,NA
"BLOCK_017","stream",28,6913,7168,256,7200,"SOURCE_1","core/BLOCK_017/index/stream_stripes/stream_00028.tif",4650,NA
"BLOCK_017","stream",29,7169,7200,32,7200,"SOURCE_1","core/BLOCK_017/index/stream_stripes/stream_00029.tif",4224,NA
"BLOCK_018","index_metadata",NA,NA,NA,NA,NA,"SOURCE_1","core/BLOCK_018/index/index_metadata.rds",1343,NA
"BLOCK_018","reverse",1,1,256,256,7200,"SOURCE_1","core/BLOCK_018/index/reverse_stripes/reverse_00001.tif",580824,NA
"BLOCK_018","reverse",2,257,512,256,7200,"SOURCE_1","core/BLOCK_018/index/reverse_stripes/reverse_00002.tif",531634,NA
"BLOCK_018","reverse",3,513,768,256,7200,"SOURCE_1","core/BLOCK_018/index/reverse_stripes/reverse_00003.tif",530936,NA
"BLOCK_018","reverse",4,769,1024,256,7200,"SOURCE_1","core/BLOCK_018/index/reverse_stripes/reverse_00004.tif",507034,NA
"BLOCK_018","reverse",5,1025,1280,256,7200,"SOURCE_1","core/BLOCK_018/index/reverse_stripes/reverse_00005.tif",498214,NA
"BLOCK_018","reverse",6,1281,1536,256,7200,"SOURCE_1","core/BLOCK_018/index/reverse_stripes/reverse_00006.tif",499750,NA
"BLOCK_018","reverse",7,1537,1792,256,7200,"SOURCE_1","core/BLOCK_018/index/reverse_stripes/reverse_00007.tif",496974,NA
"BLOCK_018","reverse",8,1793,2048,256,7200,"SOURCE_1","core/BLOCK_018/index/reverse_stripes/reverse_00008.tif",486880,NA
"BLOCK_018","reverse",9,2049,2304,256,7200,"SOURCE_1","core/BLOCK_018/index/reverse_stripes/reverse_00009.tif",487940,NA
"BLOCK_018","reverse",10,2305,2560,256,7200,"SOURCE_1","core/BLOCK_018/index/reverse_stripes/reverse_00010.tif",465610,NA
"BLOCK_018","reverse",11,2561,2816,256,7200,"SOURCE_1","core/BLOCK_018/index/reverse_stripes/reverse_00011.tif",449472,NA
"BLOCK_018","reverse",12,2817,3072,256,7200,"SOURCE_1","core/BLOCK_018/index/reverse_stripes/reverse_00012.tif",425462,NA
"BLOCK_018","reverse",13,3073,3328,256,7200,"SOURCE_1","core/BLOCK_018/index/reverse_stripes/reverse_00013.tif",407664,NA
"BLOCK_018","reverse",14,3329,3584,256,7200,"SOURCE_1","core/BLOCK_018/index/reverse_stripes/reverse_00014.tif",402340,NA
"BLOCK_018","reverse",15,3585,3840,256,7200,"SOURCE_1","core/BLOCK_018/index/reverse_stripes/reverse_00015.tif",379234,NA
"BLOCK_018","reverse",16,3841,4096,256,7200,"SOURCE_1","core/BLOCK_018/index/reverse_stripes/reverse_00016.tif",347692,NA
"BLOCK_018","reverse",17,4097,4352,256,7200,"SOURCE_1","core/BLOCK_018/index/reverse_stripes/reverse_00017.tif",326334,NA
"BLOCK_018","reverse",18,4353,4608,256,7200,"SOURCE_1","core/BLOCK_018/index/reverse_stripes/reverse_00018.tif",309086,NA
"BLOCK_018","reverse",19,4609,4864,256,7200,"SOURCE_1","core/BLOCK_018/index/reverse_stripes/reverse_00019.tif",295876,NA
"BLOCK_018","reverse",20,4865,5120,256,7200,"SOURCE_1","core/BLOCK_018/index/reverse_stripes/reverse_00020.tif",283054,NA
"BLOCK_018","reverse",21,5121,5376,256,7200,"SOURCE_1","core/BLOCK_018/index/reverse_stripes/reverse_00021.tif",290278,NA
"BLOCK_018","reverse",22,5377,5632,256,7200,"SOURCE_1","core/BLOCK_018/index/reverse_stripes/reverse_00022.tif",267192,NA
"BLOCK_018","reverse",23,5633,5888,256,7200,"SOURCE_1","core/BLOCK_018/index/reverse_stripes/reverse_00023.tif",248702,NA
"BLOCK_018","reverse",24,5889,6144,256,7200,"SOURCE_1","core/BLOCK_018/index/reverse_stripes/reverse_00024.tif",239900,NA
"BLOCK_018","reverse",25,6145,6400,256,7200,"SOURCE_1","core/BLOCK_018/index/reverse_stripes/reverse_00025.tif",243920,NA
"BLOCK_018","reverse",26,6401,6656,256,7200,"SOURCE_1","core/BLOCK_018/index/reverse_stripes/reverse_00026.tif",232144,NA
"BLOCK_018","reverse",27,6657,6912,256,7200,"SOURCE_1","core/BLOCK_018/index/reverse_stripes/reverse_00027.tif",219354,NA
"BLOCK_018","reverse",28,6913,7168,256,7200,"SOURCE_1","core/BLOCK_018/index/reverse_stripes/reverse_00028.tif",212604,NA
"BLOCK_018","reverse",29,7169,7200,32,7200,"SOURCE_1","core/BLOCK_018/index/reverse_stripes/reverse_00029.tif",34240,NA
"BLOCK_018","run_info",NA,NA,NA,NA,NA,"SOURCE_1","core/BLOCK_018/run_info.csv",1000,NA
"BLOCK_018","stream",1,1,256,256,7200,"SOURCE_1","core/BLOCK_018/index/stream_stripes/stream_00001.tif",12918,NA
"BLOCK_018","stream",2,257,512,256,7200,"SOURCE_1","core/BLOCK_018/index/stream_stripes/stream_00002.tif",16398,NA
"BLOCK_018","stream",3,513,768,256,7200,"SOURCE_1","core/BLOCK_018/index/stream_stripes/stream_00003.tif",16718,NA
"BLOCK_018","stream",4,769,1024,256,7200,"SOURCE_1","core/BLOCK_018/index/stream_stripes/stream_00004.tif",16642,NA
"BLOCK_018","stream",5,1025,1280,256,7200,"SOURCE_1","core/BLOCK_018/index/stream_stripes/stream_00005.tif",15896,NA
"BLOCK_018","stream",6,1281,1536,256,7200,"SOURCE_1","core/BLOCK_018/index/stream_stripes/stream_00006.tif",11858,NA
"BLOCK_018","stream",7,1537,1792,256,7200,"SOURCE_1","core/BLOCK_018/index/stream_stripes/stream_00007.tif",17402,NA
"BLOCK_018","stream",8,1793,2048,256,7200,"SOURCE_1","core/BLOCK_018/index/stream_stripes/stream_00008.tif",15722,NA
"BLOCK_018","stream",9,2049,2304,256,7200,"SOURCE_1","core/BLOCK_018/index/stream_stripes/stream_00009.tif",15732,NA
"BLOCK_018","stream",10,2305,2560,256,7200,"SOURCE_1","core/BLOCK_018/index/stream_stripes/stream_00010.tif",15124,NA
"BLOCK_018","stream",11,2561,2816,256,7200,"SOURCE_1","core/BLOCK_018/index/stream_stripes/stream_00011.tif",16210,NA
"BLOCK_018","stream",12,2817,3072,256,7200,"SOURCE_1","core/BLOCK_018/index/stream_stripes/stream_00012.tif",14102,NA
"BLOCK_018","stream",13,3073,3328,256,7200,"SOURCE_1","core/BLOCK_018/index/stream_stripes/stream_00013.tif",13206,NA
"BLOCK_018","stream",14,3329,3584,256,7200,"SOURCE_1","core/BLOCK_018/index/stream_stripes/stream_00014.tif",13406,NA
"BLOCK_018","stream",15,3585,3840,256,7200,"SOURCE_1","core/BLOCK_018/index/stream_stripes/stream_00015.tif",12742,NA
"BLOCK_018","stream",16,3841,4096,256,7200,"SOURCE_1","core/BLOCK_018/index/stream_stripes/stream_00016.tif",11108,NA
"BLOCK_018","stream",17,4097,4352,256,7200,"SOURCE_1","core/BLOCK_018/index/stream_stripes/stream_00017.tif",12362,NA
"BLOCK_018","stream",18,4353,4608,256,7200,"SOURCE_1","core/BLOCK_018/index/stream_stripes/stream_00018.tif",12190,NA
"BLOCK_018","stream",19,4609,4864,256,7200,"SOURCE_1","core/BLOCK_018/index/stream_stripes/stream_00019.tif",11958,NA
"BLOCK_018","stream",20,4865,5120,256,7200,"SOURCE_1","core/BLOCK_018/index/stream_stripes/stream_00020.tif",12236,NA
"BLOCK_018","stream",21,5121,5376,256,7200,"SOURCE_1","core/BLOCK_018/index/stream_stripes/stream_00021.tif",12466,NA
"BLOCK_018","stream",22,5377,5632,256,7200,"SOURCE_1","core/BLOCK_018/index/stream_stripes/stream_00022.tif",11764,NA
"BLOCK_018","stream",23,5633,5888,256,7200,"SOURCE_1","core/BLOCK_018/index/stream_stripes/stream_00023.tif",11646,NA
"BLOCK_018","stream",24,5889,6144,256,7200,"SOURCE_1","core/BLOCK_018/index/stream_stripes/stream_00024.tif",12232,NA
"BLOCK_018","stream",25,6145,6400,256,7200,"SOURCE_1","core/BLOCK_018/index/stream_stripes/stream_00025.tif",12132,NA
"BLOCK_018","stream",26,6401,6656,256,7200,"SOURCE_1","core/BLOCK_018/index/stream_stripes/stream_00026.tif",10646,NA
"BLOCK_018","stream",27,6657,6912,256,7200,"SOURCE_1","core/BLOCK_018/index/stream_stripes/stream_00027.tif",11590,NA
"BLOCK_018","stream",28,6913,7168,256,7200,"SOURCE_1","core/BLOCK_018/index/stream_stripes/stream_00028.tif",11654,NA
"BLOCK_018","stream",29,7169,7200,32,7200,"SOURCE_1","core/BLOCK_018/index/stream_stripes/stream_00029.tif",4768,NA
"BLOCK_019","index_metadata",NA,NA,NA,NA,NA,"SOURCE_1","core/BLOCK_019/index/index_metadata.rds",1346,NA
"BLOCK_019","reverse",1,1,256,256,14400,"SOURCE_1","core/BLOCK_019/index/reverse_stripes/reverse_00001.tif",898094,NA
"BLOCK_019","reverse",2,257,512,256,14400,"SOURCE_1","core/BLOCK_019/index/reverse_stripes/reverse_00002.tif",892696,NA
"BLOCK_019","reverse",3,513,768,256,14400,"SOURCE_1","core/BLOCK_019/index/reverse_stripes/reverse_00003.tif",881918,NA
"BLOCK_019","reverse",4,769,1024,256,14400,"SOURCE_1","core/BLOCK_019/index/reverse_stripes/reverse_00004.tif",894244,NA
"BLOCK_019","reverse",5,1025,1280,256,14400,"SOURCE_1","core/BLOCK_019/index/reverse_stripes/reverse_00005.tif",845780,NA
"BLOCK_019","reverse",6,1281,1536,256,14400,"SOURCE_1","core/BLOCK_019/index/reverse_stripes/reverse_00006.tif",795572,NA
"BLOCK_019","reverse",7,1537,1792,256,14400,"SOURCE_1","core/BLOCK_019/index/reverse_stripes/reverse_00007.tif",773540,NA
"BLOCK_019","reverse",8,1793,2048,256,14400,"SOURCE_1","core/BLOCK_019/index/reverse_stripes/reverse_00008.tif",740022,NA
"BLOCK_019","reverse",9,2049,2304,256,14400,"SOURCE_1","core/BLOCK_019/index/reverse_stripes/reverse_00009.tif",739742,NA
"BLOCK_019","reverse",10,2305,2560,256,14400,"SOURCE_1","core/BLOCK_019/index/reverse_stripes/reverse_00010.tif",735860,NA
"BLOCK_019","reverse",11,2561,2816,256,14400,"SOURCE_1","core/BLOCK_019/index/reverse_stripes/reverse_00011.tif",631864,NA
"BLOCK_019","reverse",12,2817,3072,256,14400,"SOURCE_1","core/BLOCK_019/index/reverse_stripes/reverse_00012.tif",622604,NA
"BLOCK_019","reverse",13,3073,3328,256,14400,"SOURCE_1","core/BLOCK_019/index/reverse_stripes/reverse_00013.tif",645038,NA
"BLOCK_019","reverse",14,3329,3584,256,14400,"SOURCE_1","core/BLOCK_019/index/reverse_stripes/reverse_00014.tif",695824,NA
"BLOCK_019","reverse",15,3585,3840,256,14400,"SOURCE_1","core/BLOCK_019/index/reverse_stripes/reverse_00015.tif",733074,NA
"BLOCK_019","reverse",16,3841,4096,256,14400,"SOURCE_1","core/BLOCK_019/index/reverse_stripes/reverse_00016.tif",760758,NA
"BLOCK_019","reverse",17,4097,4352,256,14400,"SOURCE_1","core/BLOCK_019/index/reverse_stripes/reverse_00017.tif",749138,NA
"BLOCK_019","reverse",18,4353,4608,256,14400,"SOURCE_1","core/BLOCK_019/index/reverse_stripes/reverse_00018.tif",750746,NA
"BLOCK_019","reverse",19,4609,4864,256,14400,"SOURCE_1","core/BLOCK_019/index/reverse_stripes/reverse_00019.tif",777566,NA
"BLOCK_019","reverse",20,4865,5120,256,14400,"SOURCE_1","core/BLOCK_019/index/reverse_stripes/reverse_00020.tif",770706,NA
"BLOCK_019","reverse",21,5121,5376,256,14400,"SOURCE_1","core/BLOCK_019/index/reverse_stripes/reverse_00021.tif",839652,NA
"BLOCK_019","reverse",22,5377,5632,256,14400,"SOURCE_1","core/BLOCK_019/index/reverse_stripes/reverse_00022.tif",838560,NA
"BLOCK_019","reverse",23,5633,5888,256,14400,"SOURCE_1","core/BLOCK_019/index/reverse_stripes/reverse_00023.tif",870508,NA
"BLOCK_019","reverse",24,5889,6144,256,14400,"SOURCE_1","core/BLOCK_019/index/reverse_stripes/reverse_00024.tif",868260,NA
"BLOCK_019","reverse",25,6145,6400,256,14400,"SOURCE_1","core/BLOCK_019/index/reverse_stripes/reverse_00025.tif",847844,NA
"BLOCK_019","reverse",26,6401,6656,256,14400,"SOURCE_1","core/BLOCK_019/index/reverse_stripes/reverse_00026.tif",868672,NA
"BLOCK_019","reverse",27,6657,6912,256,14400,"SOURCE_1","core/BLOCK_019/index/reverse_stripes/reverse_00027.tif",849052,NA
"BLOCK_019","reverse",28,6913,7168,256,14400,"SOURCE_1","core/BLOCK_019/index/reverse_stripes/reverse_00028.tif",862930,NA
"BLOCK_019","reverse",29,7169,7424,256,14400,"SOURCE_1","core/BLOCK_019/index/reverse_stripes/reverse_00029.tif",591830,NA
"BLOCK_019","reverse",30,7425,7680,256,14400,"SOURCE_1","core/BLOCK_019/index/reverse_stripes/reverse_00030.tif",530528,NA
"BLOCK_019","reverse",31,7681,7936,256,14400,"SOURCE_1","core/BLOCK_019/index/reverse_stripes/reverse_00031.tif",557552,NA
"BLOCK_019","reverse",32,7937,8192,256,14400,"SOURCE_1","core/BLOCK_019/index/reverse_stripes/reverse_00032.tif",593888,NA
"BLOCK_019","reverse",33,8193,8448,256,14400,"SOURCE_1","core/BLOCK_019/index/reverse_stripes/reverse_00033.tif",610544,NA
"BLOCK_019","reverse",34,8449,8704,256,14400,"SOURCE_1","core/BLOCK_019/index/reverse_stripes/reverse_00034.tif",627752,NA
"BLOCK_019","reverse",35,8705,8960,256,14400,"SOURCE_1","core/BLOCK_019/index/reverse_stripes/reverse_00035.tif",648910,NA
"BLOCK_019","reverse",36,8961,9216,256,14400,"SOURCE_1","core/BLOCK_019/index/reverse_stripes/reverse_00036.tif",671102,NA
"BLOCK_019","reverse",37,9217,9472,256,14400,"SOURCE_1","core/BLOCK_019/index/reverse_stripes/reverse_00037.tif",643714,NA
"BLOCK_019","reverse",38,9473,9728,256,14400,"SOURCE_1","core/BLOCK_019/index/reverse_stripes/reverse_00038.tif",636078,NA
"BLOCK_019","reverse",39,9729,9984,256,14400,"SOURCE_1","core/BLOCK_019/index/reverse_stripes/reverse_00039.tif",628382,NA
"BLOCK_019","reverse",40,9985,10240,256,14400,"SOURCE_1","core/BLOCK_019/index/reverse_stripes/reverse_00040.tif",590930,NA
"BLOCK_019","reverse",41,10241,10496,256,14400,"SOURCE_1","core/BLOCK_019/index/reverse_stripes/reverse_00041.tif",586922,NA
"BLOCK_019","reverse",42,10497,10752,256,14400,"SOURCE_1","core/BLOCK_019/index/reverse_stripes/reverse_00042.tif",564904,NA
"BLOCK_019","reverse",43,10753,10800,48,14400,"SOURCE_1","core/BLOCK_019/index/reverse_stripes/reverse_00043.tif",120116,NA
"BLOCK_019","run_info",NA,NA,NA,NA,NA,"SOURCE_1","core/BLOCK_019/run_info.csv",1111,NA
"BLOCK_019","stream",1,1,256,256,14400,"SOURCE_1","core/BLOCK_019/index/stream_stripes/stream_00001.tif",25206,NA
"BLOCK_019","stream",2,257,512,256,14400,"SOURCE_1","core/BLOCK_019/index/stream_stripes/stream_00002.tif",26822,NA
"BLOCK_019","stream",3,513,768,256,14400,"SOURCE_1","core/BLOCK_019/index/stream_stripes/stream_00003.tif",28398,NA
"BLOCK_019","stream",4,769,1024,256,14400,"SOURCE_1","core/BLOCK_019/index/stream_stripes/stream_00004.tif",29216,NA
"BLOCK_019","stream",5,1025,1280,256,14400,"SOURCE_1","core/BLOCK_019/index/stream_stripes/stream_00005.tif",27416,NA
"BLOCK_019","stream",6,1281,1536,256,14400,"SOURCE_1","core/BLOCK_019/index/stream_stripes/stream_00006.tif",26456,NA
"BLOCK_019","stream",7,1537,1792,256,14400,"SOURCE_1","core/BLOCK_019/index/stream_stripes/stream_00007.tif",26544,NA
"BLOCK_019","stream",8,1793,2048,256,14400,"SOURCE_1","core/BLOCK_019/index/stream_stripes/stream_00008.tif",28250,NA
"BLOCK_019","stream",9,2049,2304,256,14400,"SOURCE_1","core/BLOCK_019/index/stream_stripes/stream_00009.tif",26120,NA
"BLOCK_019","stream",10,2305,2560,256,14400,"SOURCE_1","core/BLOCK_019/index/stream_stripes/stream_00010.tif",27326,NA
"BLOCK_019","stream",11,2561,2816,256,14400,"SOURCE_1","core/BLOCK_019/index/stream_stripes/stream_00011.tif",21812,NA
"BLOCK_019","stream",12,2817,3072,256,14400,"SOURCE_1","core/BLOCK_019/index/stream_stripes/stream_00012.tif",24248,NA
"BLOCK_019","stream",13,3073,3328,256,14400,"SOURCE_1","core/BLOCK_019/index/stream_stripes/stream_00013.tif",23098,NA
"BLOCK_019","stream",14,3329,3584,256,14400,"SOURCE_1","core/BLOCK_019/index/stream_stripes/stream_00014.tif",22942,NA
"BLOCK_019","stream",15,3585,3840,256,14400,"SOURCE_1","core/BLOCK_019/index/stream_stripes/stream_00015.tif",23308,NA
"BLOCK_019","stream",16,3841,4096,256,14400,"SOURCE_1","core/BLOCK_019/index/stream_stripes/stream_00016.tif",27524,NA
"BLOCK_019","stream",17,4097,4352,256,14400,"SOURCE_1","core/BLOCK_019/index/stream_stripes/stream_00017.tif",25522,NA
"BLOCK_019","stream",18,4353,4608,256,14400,"SOURCE_1","core/BLOCK_019/index/stream_stripes/stream_00018.tif",25700,NA
"BLOCK_019","stream",19,4609,4864,256,14400,"SOURCE_1","core/BLOCK_019/index/stream_stripes/stream_00019.tif",26348,NA
"BLOCK_019","stream",20,4865,5120,256,14400,"SOURCE_1","core/BLOCK_019/index/stream_stripes/stream_00020.tif",27358,NA
"BLOCK_019","stream",21,5121,5376,256,14400,"SOURCE_1","core/BLOCK_019/index/stream_stripes/stream_00021.tif",27930,NA
"BLOCK_019","stream",22,5377,5632,256,14400,"SOURCE_1","core/BLOCK_019/index/stream_stripes/stream_00022.tif",28388,NA
"BLOCK_019","stream",23,5633,5888,256,14400,"SOURCE_1","core/BLOCK_019/index/stream_stripes/stream_00023.tif",27558,NA
"BLOCK_019","stream",24,5889,6144,256,14400,"SOURCE_1","core/BLOCK_019/index/stream_stripes/stream_00024.tif",28278,NA
"BLOCK_019","stream",25,6145,6400,256,14400,"SOURCE_1","core/BLOCK_019/index/stream_stripes/stream_00025.tif",30846,NA
"BLOCK_019","stream",26,6401,6656,256,14400,"SOURCE_1","core/BLOCK_019/index/stream_stripes/stream_00026.tif",30600,NA
"BLOCK_019","stream",27,6657,6912,256,14400,"SOURCE_1","core/BLOCK_019/index/stream_stripes/stream_00027.tif",26098,NA
"BLOCK_019","stream",28,6913,7168,256,14400,"SOURCE_1","core/BLOCK_019/index/stream_stripes/stream_00028.tif",25590,NA
"BLOCK_019","stream",29,7169,7424,256,14400,"SOURCE_1","core/BLOCK_019/index/stream_stripes/stream_00029.tif",22212,NA
"BLOCK_019","stream",30,7425,7680,256,14400,"SOURCE_1","core/BLOCK_019/index/stream_stripes/stream_00030.tif",19388,NA
"BLOCK_019","stream",31,7681,7936,256,14400,"SOURCE_1","core/BLOCK_019/index/stream_stripes/stream_00031.tif",20052,NA
"BLOCK_019","stream",32,7937,8192,256,14400,"SOURCE_1","core/BLOCK_019/index/stream_stripes/stream_00032.tif",22324,NA
"BLOCK_019","stream",33,8193,8448,256,14400,"SOURCE_1","core/BLOCK_019/index/stream_stripes/stream_00033.tif",23022,NA
"BLOCK_019","stream",34,8449,8704,256,14400,"SOURCE_1","core/BLOCK_019/index/stream_stripes/stream_00034.tif",23488,NA
"BLOCK_019","stream",35,8705,8960,256,14400,"SOURCE_1","core/BLOCK_019/index/stream_stripes/stream_00035.tif",23920,NA
"BLOCK_019","stream",36,8961,9216,256,14400,"SOURCE_1","core/BLOCK_019/index/stream_stripes/stream_00036.tif",24400,NA
"BLOCK_019","stream",37,9217,9472,256,14400,"SOURCE_1","core/BLOCK_019/index/stream_stripes/stream_00037.tif",21422,NA
"BLOCK_019","stream",38,9473,9728,256,14400,"SOURCE_1","core/BLOCK_019/index/stream_stripes/stream_00038.tif",23788,NA
"BLOCK_019","stream",39,9729,9984,256,14400,"SOURCE_1","core/BLOCK_019/index/stream_stripes/stream_00039.tif",22218,NA
"BLOCK_019","stream",40,9985,10240,256,14400,"SOURCE_1","core/BLOCK_019/index/stream_stripes/stream_00040.tif",23556,NA
"BLOCK_019","stream",41,10241,10496,256,14400,"SOURCE_1","core/BLOCK_019/index/stream_stripes/stream_00041.tif",26126,NA
"BLOCK_019","stream",42,10497,10752,256,14400,"SOURCE_1","core/BLOCK_019/index/stream_stripes/stream_00042.tif",24304,NA
"BLOCK_019","stream",43,10753,10800,48,14400,"SOURCE_1","core/BLOCK_019/index/stream_stripes/stream_00043.tif",9908,NA
"BLOCK_020","index_metadata",NA,NA,NA,NA,NA,"SOURCE_1","core/BLOCK_020/index/index_metadata.rds",1340,NA
"BLOCK_020","reverse",1,1,256,256,10800,"SOURCE_1","core/BLOCK_020/index/reverse_stripes/reverse_00001.tif",930440,NA
"BLOCK_020","reverse",2,257,512,256,10800,"SOURCE_1","core/BLOCK_020/index/reverse_stripes/reverse_00002.tif",924802,NA
"BLOCK_020","reverse",3,513,768,256,10800,"SOURCE_1","core/BLOCK_020/index/reverse_stripes/reverse_00003.tif",910376,NA
"BLOCK_020","reverse",4,769,1024,256,10800,"SOURCE_1","core/BLOCK_020/index/reverse_stripes/reverse_00004.tif",915890,NA
"BLOCK_020","reverse",5,1025,1280,256,10800,"SOURCE_1","core/BLOCK_020/index/reverse_stripes/reverse_00005.tif",915138,NA
"BLOCK_020","reverse",6,1281,1536,256,10800,"SOURCE_1","core/BLOCK_020/index/reverse_stripes/reverse_00006.tif",924588,NA
"BLOCK_020","reverse",7,1537,1792,256,10800,"SOURCE_1","core/BLOCK_020/index/reverse_stripes/reverse_00007.tif",898180,NA
"BLOCK_020","reverse",8,1793,2048,256,10800,"SOURCE_1","core/BLOCK_020/index/reverse_stripes/reverse_00008.tif",906832,NA
"BLOCK_020","reverse",9,2049,2304,256,10800,"SOURCE_1","core/BLOCK_020/index/reverse_stripes/reverse_00009.tif",919720,NA
"BLOCK_020","reverse",10,2305,2560,256,10800,"SOURCE_1","core/BLOCK_020/index/reverse_stripes/reverse_00010.tif",936642,NA
"BLOCK_020","reverse",11,2561,2816,256,10800,"SOURCE_1","core/BLOCK_020/index/reverse_stripes/reverse_00011.tif",921008,NA
"BLOCK_020","reverse",12,2817,3072,256,10800,"SOURCE_1","core/BLOCK_020/index/reverse_stripes/reverse_00012.tif",895434,NA
"BLOCK_020","reverse",13,3073,3328,256,10800,"SOURCE_1","core/BLOCK_020/index/reverse_stripes/reverse_00013.tif",889838,NA
"BLOCK_020","reverse",14,3329,3584,256,10800,"SOURCE_1","core/BLOCK_020/index/reverse_stripes/reverse_00014.tif",877796,NA
"BLOCK_020","reverse",15,3585,3840,256,10800,"SOURCE_1","core/BLOCK_020/index/reverse_stripes/reverse_00015.tif",894564,NA
"BLOCK_020","reverse",16,3841,4096,256,10800,"SOURCE_1","core/BLOCK_020/index/reverse_stripes/reverse_00016.tif",892468,NA
"BLOCK_020","reverse",17,4097,4352,256,10800,"SOURCE_1","core/BLOCK_020/index/reverse_stripes/reverse_00017.tif",879794,NA
"BLOCK_020","reverse",18,4353,4608,256,10800,"SOURCE_1","core/BLOCK_020/index/reverse_stripes/reverse_00018.tif",894070,NA
"BLOCK_020","reverse",19,4609,4864,256,10800,"SOURCE_1","core/BLOCK_020/index/reverse_stripes/reverse_00019.tif",847588,NA
"BLOCK_020","reverse",20,4865,5120,256,10800,"SOURCE_1","core/BLOCK_020/index/reverse_stripes/reverse_00020.tif",797586,NA
"BLOCK_020","reverse",21,5121,5376,256,10800,"SOURCE_1","core/BLOCK_020/index/reverse_stripes/reverse_00021.tif",774654,NA
"BLOCK_020","reverse",22,5377,5632,256,10800,"SOURCE_1","core/BLOCK_020/index/reverse_stripes/reverse_00022.tif",741684,NA
"BLOCK_020","reverse",23,5633,5888,256,10800,"SOURCE_1","core/BLOCK_020/index/reverse_stripes/reverse_00023.tif",738202,NA
"BLOCK_020","reverse",24,5889,6144,256,10800,"SOURCE_1","core/BLOCK_020/index/reverse_stripes/reverse_00024.tif",739744,NA
"BLOCK_020","reverse",25,6145,6400,256,10800,"SOURCE_1","core/BLOCK_020/index/reverse_stripes/reverse_00025.tif",635438,NA
"BLOCK_020","reverse",26,6401,6656,256,10800,"SOURCE_1","core/BLOCK_020/index/reverse_stripes/reverse_00026.tif",624842,NA
"BLOCK_020","reverse",27,6657,6912,256,10800,"SOURCE_1","core/BLOCK_020/index/reverse_stripes/reverse_00027.tif",641010,NA
"BLOCK_020","reverse",28,6913,7168,256,10800,"SOURCE_1","core/BLOCK_020/index/reverse_stripes/reverse_00028.tif",691224,NA
"BLOCK_020","reverse",29,7169,7200,32,10800,"SOURCE_1","core/BLOCK_020/index/reverse_stripes/reverse_00029.tif",110306,NA
"BLOCK_020","run_info",NA,NA,NA,NA,NA,"SOURCE_1","core/BLOCK_020/run_info.csv",1053,NA
"BLOCK_020","stream",1,1,256,256,10800,"SOURCE_1","core/BLOCK_020/index/stream_stripes/stream_00001.tif",24454,NA
"BLOCK_020","stream",2,257,512,256,10800,"SOURCE_1","core/BLOCK_020/index/stream_stripes/stream_00002.tif",26974,NA
"BLOCK_020","stream",3,513,768,256,10800,"SOURCE_1","core/BLOCK_020/index/stream_stripes/stream_00003.tif",25196,NA
"BLOCK_020","stream",4,769,1024,256,10800,"SOURCE_1","core/BLOCK_020/index/stream_stripes/stream_00004.tif",27712,NA
"BLOCK_020","stream",5,1025,1280,256,10800,"SOURCE_1","core/BLOCK_020/index/stream_stripes/stream_00005.tif",29888,NA
"BLOCK_020","stream",6,1281,1536,256,10800,"SOURCE_1","core/BLOCK_020/index/stream_stripes/stream_00006.tif",27860,NA
"BLOCK_020","stream",7,1537,1792,256,10800,"SOURCE_1","core/BLOCK_020/index/stream_stripes/stream_00007.tif",26454,NA
"BLOCK_020","stream",8,1793,2048,256,10800,"SOURCE_1","core/BLOCK_020/index/stream_stripes/stream_00008.tif",25804,NA
"BLOCK_020","stream",9,2049,2304,256,10800,"SOURCE_1","core/BLOCK_020/index/stream_stripes/stream_00009.tif",26008,NA
"BLOCK_020","stream",10,2305,2560,256,10800,"SOURCE_1","core/BLOCK_020/index/stream_stripes/stream_00010.tif",25112,NA
"BLOCK_020","stream",11,2561,2816,256,10800,"SOURCE_1","core/BLOCK_020/index/stream_stripes/stream_00011.tif",30898,NA
"BLOCK_020","stream",12,2817,3072,256,10800,"SOURCE_1","core/BLOCK_020/index/stream_stripes/stream_00012.tif",28408,NA
"BLOCK_020","stream",13,3073,3328,256,10800,"SOURCE_1","core/BLOCK_020/index/stream_stripes/stream_00013.tif",32154,NA
"BLOCK_020","stream",14,3329,3584,256,10800,"SOURCE_1","core/BLOCK_020/index/stream_stripes/stream_00014.tif",30680,NA
"BLOCK_020","stream",15,3585,3840,256,10800,"SOURCE_1","core/BLOCK_020/index/stream_stripes/stream_00015.tif",27576,NA
"BLOCK_020","stream",16,3841,4096,256,10800,"SOURCE_1","core/BLOCK_020/index/stream_stripes/stream_00016.tif",25568,NA
"BLOCK_020","stream",17,4097,4352,256,10800,"SOURCE_1","core/BLOCK_020/index/stream_stripes/stream_00017.tif",27108,NA
"BLOCK_020","stream",18,4353,4608,256,10800,"SOURCE_1","core/BLOCK_020/index/stream_stripes/stream_00018.tif",27962,NA
"BLOCK_020","stream",19,4609,4864,256,10800,"SOURCE_1","core/BLOCK_020/index/stream_stripes/stream_00019.tif",26206,NA
"BLOCK_020","stream",20,4865,5120,256,10800,"SOURCE_1","core/BLOCK_020/index/stream_stripes/stream_00020.tif",25618,NA
"BLOCK_020","stream",21,5121,5376,256,10800,"SOURCE_1","core/BLOCK_020/index/stream_stripes/stream_00021.tif",26176,NA
"BLOCK_020","stream",22,5377,5632,256,10800,"SOURCE_1","core/BLOCK_020/index/stream_stripes/stream_00022.tif",27604,NA
"BLOCK_020","stream",23,5633,5888,256,10800,"SOURCE_1","core/BLOCK_020/index/stream_stripes/stream_00023.tif",25952,NA
"BLOCK_020","stream",24,5889,6144,256,10800,"SOURCE_1","core/BLOCK_020/index/stream_stripes/stream_00024.tif",27692,NA
"BLOCK_020","stream",25,6145,6400,256,10800,"SOURCE_1","core/BLOCK_020/index/stream_stripes/stream_00025.tif",20950,NA
"BLOCK_020","stream",26,6401,6656,256,10800,"SOURCE_1","core/BLOCK_020/index/stream_stripes/stream_00026.tif",23324,NA
"BLOCK_020","stream",27,6657,6912,256,10800,"SOURCE_1","core/BLOCK_020/index/stream_stripes/stream_00027.tif",22560,NA
"BLOCK_020","stream",28,6913,7168,256,10800,"SOURCE_1","core/BLOCK_020/index/stream_stripes/stream_00028.tif",21140,NA
"BLOCK_020","stream",29,7169,7200,32,10800,"SOURCE_1","core/BLOCK_020/index/stream_stripes/stream_00029.tif",7254,NA
"BLOCK_021","index_metadata",NA,NA,NA,NA,NA,"SOURCE_1","core/BLOCK_021/index/index_metadata.rds",1340,NA
"BLOCK_021","reverse",1,1,256,256,7200,"SOURCE_1","core/BLOCK_021/index/reverse_stripes/reverse_00001.tif",417154,NA
"BLOCK_021","reverse",2,257,512,256,7200,"SOURCE_1","core/BLOCK_021/index/reverse_stripes/reverse_00002.tif",456350,NA
"BLOCK_021","reverse",3,513,768,256,7200,"SOURCE_1","core/BLOCK_021/index/reverse_stripes/reverse_00003.tif",450792,NA
"BLOCK_021","reverse",4,769,1024,256,7200,"SOURCE_1","core/BLOCK_021/index/reverse_stripes/reverse_00004.tif",447518,NA
"BLOCK_021","reverse",5,1025,1280,256,7200,"SOURCE_1","core/BLOCK_021/index/reverse_stripes/reverse_00005.tif",477058,NA
"BLOCK_021","reverse",6,1281,1536,256,7200,"SOURCE_1","core/BLOCK_021/index/reverse_stripes/reverse_00006.tif",480414,NA
"BLOCK_021","reverse",7,1537,1792,256,7200,"SOURCE_1","core/BLOCK_021/index/reverse_stripes/reverse_00007.tif",541522,NA
"BLOCK_021","reverse",8,1793,2048,256,7200,"SOURCE_1","core/BLOCK_021/index/reverse_stripes/reverse_00008.tif",539544,NA
"BLOCK_021","reverse",9,2049,2304,256,7200,"SOURCE_1","core/BLOCK_021/index/reverse_stripes/reverse_00009.tif",576948,NA
"BLOCK_021","reverse",10,2305,2560,256,7200,"SOURCE_1","core/BLOCK_021/index/reverse_stripes/reverse_00010.tif",579362,NA
"BLOCK_021","reverse",11,2561,2816,256,7200,"SOURCE_1","core/BLOCK_021/index/reverse_stripes/reverse_00011.tif",575768,NA
"BLOCK_021","reverse",12,2817,3072,256,7200,"SOURCE_1","core/BLOCK_021/index/reverse_stripes/reverse_00012.tif",586034,NA
"BLOCK_021","reverse",13,3073,3328,256,7200,"SOURCE_1","core/BLOCK_021/index/reverse_stripes/reverse_00013.tif",582986,NA
"BLOCK_021","reverse",14,3329,3584,256,7200,"SOURCE_1","core/BLOCK_021/index/reverse_stripes/reverse_00014.tif",592490,NA
"BLOCK_021","reverse",15,3585,3840,256,7200,"SOURCE_1","core/BLOCK_021/index/reverse_stripes/reverse_00015.tif",566658,NA
"BLOCK_021","reverse",16,3841,4096,256,7200,"SOURCE_1","core/BLOCK_021/index/reverse_stripes/reverse_00016.tif",570660,NA
"BLOCK_021","reverse",17,4097,4352,256,7200,"SOURCE_1","core/BLOCK_021/index/reverse_stripes/reverse_00017.tif",601514,NA
"BLOCK_021","reverse",18,4353,4608,256,7200,"SOURCE_1","core/BLOCK_021/index/reverse_stripes/reverse_00018.tif",595476,NA
"BLOCK_021","reverse",19,4609,4864,256,7200,"SOURCE_1","core/BLOCK_021/index/reverse_stripes/reverse_00019.tif",623710,NA
"BLOCK_021","reverse",20,4865,5120,256,7200,"SOURCE_1","core/BLOCK_021/index/reverse_stripes/reverse_00020.tif",652246,NA
"BLOCK_021","reverse",21,5121,5376,256,7200,"SOURCE_1","core/BLOCK_021/index/reverse_stripes/reverse_00021.tif",666938,NA
"BLOCK_021","reverse",22,5377,5632,256,7200,"SOURCE_1","core/BLOCK_021/index/reverse_stripes/reverse_00022.tif",683380,NA
"BLOCK_021","reverse",23,5633,5888,256,7200,"SOURCE_1","core/BLOCK_021/index/reverse_stripes/reverse_00023.tif",675034,NA
"BLOCK_021","reverse",24,5889,6144,256,7200,"SOURCE_1","core/BLOCK_021/index/reverse_stripes/reverse_00024.tif",649892,NA
"BLOCK_021","reverse",25,6145,6400,256,7200,"SOURCE_1","core/BLOCK_021/index/reverse_stripes/reverse_00025.tif",614318,NA
"BLOCK_021","reverse",26,6401,6656,256,7200,"SOURCE_1","core/BLOCK_021/index/reverse_stripes/reverse_00026.tif",599864,NA
"BLOCK_021","reverse",27,6657,6912,256,7200,"SOURCE_1","core/BLOCK_021/index/reverse_stripes/reverse_00027.tif",607044,NA
"BLOCK_021","reverse",28,6913,7168,256,7200,"SOURCE_1","core/BLOCK_021/index/reverse_stripes/reverse_00028.tif",594988,NA
"BLOCK_021","reverse",29,7169,7200,32,7200,"SOURCE_1","core/BLOCK_021/index/reverse_stripes/reverse_00029.tif",84656,NA
"BLOCK_021","run_info",NA,NA,NA,NA,NA,"SOURCE_1","core/BLOCK_021/run_info.csv",1000,NA
"BLOCK_021","stream",1,1,256,256,7200,"SOURCE_1","core/BLOCK_021/index/stream_stripes/stream_00001.tif",15636,NA
"BLOCK_021","stream",2,257,512,256,7200,"SOURCE_1","core/BLOCK_021/index/stream_stripes/stream_00002.tif",18178,NA
"BLOCK_021","stream",3,513,768,256,7200,"SOURCE_1","core/BLOCK_021/index/stream_stripes/stream_00003.tif",16576,NA
"BLOCK_021","stream",4,769,1024,256,7200,"SOURCE_1","core/BLOCK_021/index/stream_stripes/stream_00004.tif",15926,NA
"BLOCK_021","stream",5,1025,1280,256,7200,"SOURCE_1","core/BLOCK_021/index/stream_stripes/stream_00005.tif",17232,NA
"BLOCK_021","stream",6,1281,1536,256,7200,"SOURCE_1","core/BLOCK_021/index/stream_stripes/stream_00006.tif",17094,NA
"BLOCK_021","stream",7,1537,1792,256,7200,"SOURCE_1","core/BLOCK_021/index/stream_stripes/stream_00007.tif",18316,NA
"BLOCK_021","stream",8,1793,2048,256,7200,"SOURCE_1","core/BLOCK_021/index/stream_stripes/stream_00008.tif",18134,NA
"BLOCK_021","stream",9,2049,2304,256,7200,"SOURCE_1","core/BLOCK_021/index/stream_stripes/stream_00009.tif",18634,NA
"BLOCK_021","stream",10,2305,2560,256,7200,"SOURCE_1","core/BLOCK_021/index/stream_stripes/stream_00010.tif",18324,NA
"BLOCK_021","stream",11,2561,2816,256,7200,"SOURCE_1","core/BLOCK_021/index/stream_stripes/stream_00011.tif",19668,NA
"BLOCK_021","stream",12,2817,3072,256,7200,"SOURCE_1","core/BLOCK_021/index/stream_stripes/stream_00012.tif",21636,NA
"BLOCK_021","stream",13,3073,3328,256,7200,"SOURCE_1","core/BLOCK_021/index/stream_stripes/stream_00013.tif",17758,NA
"BLOCK_021","stream",14,3329,3584,256,7200,"SOURCE_1","core/BLOCK_021/index/stream_stripes/stream_00014.tif",16432,NA
"BLOCK_021","stream",15,3585,3840,256,7200,"SOURCE_1","core/BLOCK_021/index/stream_stripes/stream_00015.tif",18722,NA
"BLOCK_021","stream",16,3841,4096,256,7200,"SOURCE_1","core/BLOCK_021/index/stream_stripes/stream_00016.tif",17198,NA
"BLOCK_021","stream",17,4097,4352,256,7200,"SOURCE_1","core/BLOCK_021/index/stream_stripes/stream_00017.tif",17928,NA
"BLOCK_021","stream",18,4353,4608,256,7200,"SOURCE_1","core/BLOCK_021/index/stream_stripes/stream_00018.tif",17910,NA
"BLOCK_021","stream",19,4609,4864,256,7200,"SOURCE_1","core/BLOCK_021/index/stream_stripes/stream_00019.tif",19600,NA
"BLOCK_021","stream",20,4865,5120,256,7200,"SOURCE_1","core/BLOCK_021/index/stream_stripes/stream_00020.tif",19714,NA
"BLOCK_021","stream",21,5121,5376,256,7200,"SOURCE_1","core/BLOCK_021/index/stream_stripes/stream_00021.tif",21510,NA
"BLOCK_021","stream",22,5377,5632,256,7200,"SOURCE_1","core/BLOCK_021/index/stream_stripes/stream_00022.tif",22758,NA
"BLOCK_021","stream",23,5633,5888,256,7200,"SOURCE_1","core/BLOCK_021/index/stream_stripes/stream_00023.tif",20912,NA
"BLOCK_021","stream",24,5889,6144,256,7200,"SOURCE_1","core/BLOCK_021/index/stream_stripes/stream_00024.tif",20248,NA
"BLOCK_021","stream",25,6145,6400,256,7200,"SOURCE_1","core/BLOCK_021/index/stream_stripes/stream_00025.tif",16764,NA
"BLOCK_021","stream",26,6401,6656,256,7200,"SOURCE_1","core/BLOCK_021/index/stream_stripes/stream_00026.tif",18478,NA
"BLOCK_021","stream",27,6657,6912,256,7200,"SOURCE_1","core/BLOCK_021/index/stream_stripes/stream_00027.tif",19800,NA
"BLOCK_021","stream",28,6913,7168,256,7200,"SOURCE_1","core/BLOCK_021/index/stream_stripes/stream_00028.tif",15726,NA
"BLOCK_021","stream",29,7169,7200,32,7200,"SOURCE_1","core/BLOCK_021/index/stream_stripes/stream_00029.tif",5020,NA
